Setpoint,ControllerOutput,PlantOutput
1.0,0.1701,-0.004474037326872349
1.0,0.163123198021,0.09016284843186378
1.0,0.142965106978289,0.1657954429961599
1.0,0.116990012643787,0.37542756730586685
1.0,0.0904479233522777,0.5349441046779998
1.0,0.0666627151588314,0.7161316071708951
1.0,0.0473742280840264,0.801464825760881
1.0,0.0331358632050521,0.8777974540349038
1.0,0.0237000995075146,0.9441440819552254
1.0,0.0183514103337071,0.9528084040638801
1.0,0.0161675911296097,1.0103561736696522
1.0,0.0162060921389443,0.9900950497407622
1.0,0.0176220167032256,0.9729084420089839
1.0,0.0197299130431912,0.9497517883866439
1.0,0.0220234608240295,0.9764143702599101
1.0,0.0241667284781294,0.9453008525551306
1.0,0.025968813284046,0.9524279782022659
1.0,0.027351137638097,0.9178898213107093
1.0,0.0283140148234391,0.8832024394192053
1.0,0.0289066732472834,0.9259134670479172
1.0,0.0292029337354378,0.9158962854729954
1.0,0.0292832402128392,0.9135070516494184
1.0,0.0292227349848425,0.8688038978657533
1.0,0.0290844798141147,0.9233103430226615
1.0,0.0289166630437181,0.9713001331145563
1.0,0.0287526067915135,0.9331583089745836
1.0,0.0286125107250415,0.9346215964682631
1.0,0.0285060693527475,0.9219425210175695
1.0,0.028435325107392,0.9112559902720001
1.0,0.0283973339316368,0.9337894053211077
1.0,0.0283864026545756,0.9615589258638707
1.0,0.0283957988994141,0.9108629467606536
1.0,0.0284189336451903,0.9458440518471121
1.0,0.0284500782172241,0.8933987151156845
1.0,0.0284847085079212,0.9434866652790797
1.0,0.0285195776239175,0.9399462781449158
1.0,0.0285526115244472,0.9555867605332552
1.0,0.0285827070373765,0.9093212047858986
1.0,0.0286094929331839,0.9176283063505964
1.0,0.0286330960306571,0.9099220444876076
1.0,0.0286539377900061,0.9068105352657893
1.0,0.0286725736214777,0.8958025801085626
1.0,0.0286895774992701,0.9640531194547549
1.0,0.0287054681870749,0.9442165986839501
1.0,0.0287206699148521,0.9398046278018664
1.0,0.0287354990331687,0.9747191086945272
1.0,0.0287501683479054,0.9543701455726705
1.0,0.0287648019184379,0.8942582160767291
1.0,0.0287794546170461,0.9580817594693991
1.0,0.0287941323543068,0.9776457568563375
1.0,0.0288088103514756,0.9675902703810895
1.0,0.0288234480632963,0.9540793568710618
1.0,0.0288380002765669,0.9809503574168216
1.0,0.0288524245373709,0.9478064214765343
1.0,0.0288666854313777,0.9574661226179735
1.0,0.0288807564107945,0.9595485530759291
1.0,0.0288946198853628,0.9588699582703698
1.0,0.0289082662256388,0.9594336139964148
1.0,0.0289216922080457,0.9423876743946262
1.0,0.0289348992955512,0.9597182910390177
1.0,0.0289478920175803,0.99673343825619
1.0,0.0289606766011286,0.9963683643263659
1.0,0.0289732599179677,0.9583906316115341
1.0,0.0289856487512294,0.9739742711877747
1.0,0.0289978493460417,0.9869702818066604
1.0,0.0290098671890602,0.9834635029450536
1.0,0.0290217069558873,0.9726841012732628
1.0,0.0290333725688856,0.949498312480983
1.0,0.0290448673167889,0.9617854508953845
1.0,0.029056193998733,0.979023461627763
1.0,0.0290673550666465,0.9864658491680289
1.0,0.0290783527500296,0.9417783960582975
1.0,0.0290891891552703,0.9543698903393789
1.0,0.0290998663375961,0.9350913241641229
1.0,0.0291103863476969,0.9598568597601064
1.0,0.0291207512572285,0.9569798457596037
1.0,0.029130963168289,1.001877390873954
1.0,0.0291410242119017,0.9667359715434254
1.0,0.0291509365399061,0.9726431262026971
1.0,0.0291607023137677,0.9596439860273387
1.0,0.0291703236928365,0.9758149960749385
1.0,0.0291798028236949,0.9514511128212318
1.0,0.0291891418314774,0.9967198662838725
1.0,0.0291983428134863,0.990742718252079
1.0,0.0292074078350271,0.980033914617981
1.0,0.0292163389271605,0.9456621201661322
1.0,0.0292251380859603,0.9500780157739737
1.0,0.0292338072728353,0.9507355921878212
1.0,0.0292423484155291,0.9435403435987151
1.0,0.0292507634094705,0.9832318591815689
1.0,0.0292590541192244,0.9882130815819273
1.0,0.0292672223798933,0.9634325078948921
1.0,0.0292752699983603,0.9868759350187338
1.0,0.0292831987543378,0.9963803642028621
1.0,0.0292910104012181,1.0422332590411967
1.0,0.0292987066667443,1.0192165372871669
1.0,0.0293062892535358,0.9564485599278694
1.0,0.0293137598395021,0.99500087625055
1.0,0.0293211200781849,0.9479277007429732
1.0,0.0293283715990531,0.9962042637454834
1.0,0.0293355160077795,0.975515150265396
1.0,0.0293425548865098,0.975876812232043
1.0,0.0293494897941362,0.976233132150467
1.0,0.0293563222665829,0.976584188926081
1.0,0.0293630538171015,0.976930060298734
1.0,0.0293696859365782,0.977270822860092
1.0,0.0293762200938463,0.977606552070695
1.0,0.0293826577360072,0.977937322276698
1.0,0.0293890002887514,0.978263206726324
1.0,0.0293952491566771,0.978584277586054
1.0,0.0294014057236125,0.978900605956564
1.0,0.0294074713529251,0.979212261888422
1.0,0.0294134473878331,0.97951931439756
1.0,0.0294193351517074,0.979821831480526
1.0,0.0294251359483699,0.98011988012951
1.0,0.0294308510623833,0.980413526347169
1.0,0.0294364817593393,0.980702835161231
1.0,0.0294420292861386,0.980987870638888
1.0,0.0294474948712664,0.981268695900988
1.0,0.0294528797250666,0.981545373136011
1.0,0.0294581850400057,0.981817963613846
1.0,0.02946341199094,0.982086527699367
1.0,0.0294685617353723,0.982351124865796
1.0,0.0294736354137091,0.982611813707882
1.0,0.0294786341495124,0.982868651954881
1.0,0.0294835590497486,0.983121696483336
1.0,0.0294884112050324,0.983371003329678
1.0,0.02949319168987,0.983616627702631
1.0,0.0294979015628949,0.983858623995445
1.0,0.0295025418671042,0.984097045797934
1.0,0.0295071136300886,0.984331945908349
1.0,0.0295116178642598,0.984563376345065
1.0,0.0295160555670759,0.984791388358102
1.0,0.0295204277212615,0.985016032440477
1.0,0.0295247352950248,0.98523735833938
1.0,0.0295289792422733,0.985455415067193
1.0,0.0295331605028251,0.985670250912345
1.0,0.029537280002615,0.985881913450002
1.0,0.0295413386539021,0.986090449552605
1.0,0.0295453373554702,0.986295905400251
1.0,0.0295492769928276,0.986498326490916
1.0,0.0295531584384023,0.986697757650531
1.0,0.0295569825517366,0.986894243042913
1.0,0.0295607501796762,0.98708782617954
1.0,0.0295644621565583,0.987278549929189
1.0,0.0295681193043964,0.987466456527428
1.0,0.0295717224330612,0.987651587585971
1.0,0.0295752723404621,0.987833984101892
1.0,0.0295787698127226,0.988013686466702
1.0,0.0295822156243537,0.988190734475297
1.0,0.0295856105384273,0.988365167334767
1.0,0.0295889553067428,0.988537023673081
1.0,0.0295922506699957,0.988706341547639
1.0,0.0295954973579409,0.988873158453703
1.0,0.0295986960895536,0.989037511332697
1.0,0.0296018475731901,0.989199436580388
1.0,0.0296049525067421,0.989358970054948
1.0,0.0296080115777946,0.989516147084894
1.0,0.0296110254637749,0.989671002476909
1.0,0.0296139948321055,0.989823570523554
1.0,0.0296169203403491,0.989973885010857
1.0,0.029619802636357,0.990121979225799
1.0,0.0296226423584103,0.990267885963686
1.0,0.0296254401353624,0.990411637535406
1.0,0.029628196586778,0.990553265774591
1.0,0.02963091232307,0.990692802044661
1.0,0.0296335879456358,0.990830277245773
1.0,0.029636224046989,0.990965721821663
1.0,0.0296388212108909,0.991099165766385
1.0,0.0296413800124813,0.991230638630958
1.0,0.0296439010184038,0.991360169529905
1.0,0.0296463847869319,0.991487787147706
1.0,0.0296488318680945,0.991613519745142
1.0,0.0296512428037945,0.991737395165564
1.0,0.0296536181279308,0.991859440841048
1.0,0.0296559583665168,0.991979683798479
1.0,0.0296582640377958,0.99209815066553
1.0,0.0296605356523563,0.99221486767656
1.0,0.0296627737132444,0.992329860678427
1.0,0.0296649787160765,0.992443155136206
1.0,0.029667151149148,0.992554776138834
1.0,0.0296692914935421,0.99266474840466
1.0,0.0296714002232359,0.992773096286925
1.0,0.0296734778052052,0.992879843779149
1.0,0.0296755246995279,0.992985014520452
1.0,0.0296775413594872,0.993088631800779
1.0,0.0296795282316695,0.993190718566066
1.0,0.0296814857560659,0.993291297423318
1.0,0.0296834143661684,0.993390390645613
1.0,0.029685314489065,0.993488020177039
1.0,0.0296871865455361,0.993584207637551
1.0,0.0296890309501472,0.993678974327757
1.0,0.0296908481113387,0.99377234123364
1.0,0.0296926384315195,0.9938643290312
1.0,0.0296944023071539,0.993954958091036
1.0,0.0296961401288509,0.994044248482855
1.0,0.0296978522814486,0.994132219979918
1.0,0.0296995391441013,0.994218892063419
1.0,0.0297012010903628,0.994304283926797
1.0,0.02970283848827,0.994388414479989
1.0,0.0297044517004226,0.994471302353614
1.0,0.0297060410840644,0.994552965903103
1.0,0.0297076069911628,0.994633423212761
1.0,0.0297091497684863,0.994712692099772
1.0,0.0297106697576814,0.994790790118146
1.0,0.0297121672953482,0.994867734562605
1.0,0.0297136427131148,0.994943542472413
1.0,0.0297150963377102,0.995018230635151
1.0,0.0297165284910386,0.995091815590431
1.0,0.0297179394902487,0.995164313633563
1.0,0.0297193296478047,0.995235740819159
1.0,0.0297206992715555,0.995306112964695
1.0,0.0297220486648029,0.995375445654004
1.0,0.0297233781263684,0.995443754240736
1.0,0.0297246879506601,0.995511053851755
1.0,0.0297259784277371,0.995577359390487
1.0,0.0297272498433736,0.995642685540221
1.0,0.0297285024791241,0.995707046767364
1.0,0.0297297366123828,0.99577045732464
1.0,0.0297309525164473,0.995832931254248
1.0,0.0297321504605785,0.995894482390973
1.0,0.02973333071006,0.995955124365247
1.0,0.0297344935262562,0.996014870606171
1.0,0.0297356391666717,0.996073734344484
1.0,0.0297367678850078,0.996131728615499
1.0,0.0297378799312171,0.996188866261984
1.0,0.0297389755515614,0.996245159937011
1.0,0.0297400549886651,0.996300622106751
1.0,0.0297411184815679,0.996355265053243
1.0,0.0297421662657791,0.996409100877109
1.0,0.0297431985733299,0.996462141500233
1.0,0.0297442156328234,0.996514398668405
1.0,0.0297452176694859,0.996565883953918
1.0,0.029746204905218,0.996616608758134
1.0,0.0297471775586415,0.996666584314005
1.0,0.0297481358451497,0.996715821688565
1.0,0.029749079976954,0.996764331785376
1.0,0.0297500101631314,0.996812125346949
1.0,0.0297509266096709,0.996859212957114
1.0,0.0297518295195185,0.996905605043372
1.0,0.0297527190926221,0.996951311879202
1.0,0.0297535955259773,0.996996343586333
1.0,0.0297544590136694,0.997040710136988
1.0,0.0297553097469163,0.997084421356091
1.0,0.0297561479141122,0.997127486923446
1.0,0.0297569737008685,0.997169916375875
1.0,0.0297577872900543,0.997211719109335
1.0,0.0297585888618386,0.997252904380997
1.0,0.0297593785937282,0.997293481311294
1.0,0.0297601566606085,0.997333458885945
1.0,0.0297609232347817,0.997372845957939
1.0,0.0297616784860046,0.997411651249501
1.0,0.0297624225815269,0.997449883354023
1.0,0.029763155686128,0.99748755073796
1.0,0.0297638779621527,0.997524661742716
1.0,0.0297645895695486,0.997561224586482
1.0,0.0297652906659001,0.99759724736606
1.0,0.0297659814064646,0.997632738058658
1.0,0.029766661944205,0.997667704523649
1.0,0.0297673324298267,0.997702154504321
1.0,0.0297679930118075,0.997736095629583
1.0,0.0297686438364326,0.997769535415662
1.0,0.0297692850478262,0.997802481267763
1.0,0.0297699167879846,0.997834940481708
1.0,0.0297705391968051,0.997866920245556
1.0,0.02977115241212,0.997898427641191
1.0,0.0297717565697253,0.997929469645892
1.0,0.0297723518034103,0.997960053133876
1.0,0.0297729382449896,0.997990184877826
1.0,0.0297735160243302,0.998019871550382
1.0,0.02977408526938,0.998049119725627
1.0,0.0297746461061978,0.998077935880538
1.0,0.0297751986589805,0.998106326396421
1.0,0.0297757430500905,0.998134297560325
1.0,0.0297762794000827,0.998161855566433
1.0,0.0297768078277305,0.998189006517438
1.0,0.0297773284500547,0.998215756425888
1.0,0.0297778413823453,0.998242111215521
1.0,0.0297783467381918,0.998268076722577
1.0,0.0297788446295038,0.998293658697089
1.0,0.0297793351665396,0.998318862804159
1.0,0.0297798184579272,0.998343694625208
1.0,0.029780294610692,0.998368159659217
1.0,0.0297807637302765,0.998392263323941
0.0,-0.140318774079432,0.9939419736302376
0.0,-0.133341516737084,0.9736486762494768
0.0,-0.113182977057127,0.7812601594642269
0.0,-0.0872074407121315,0.6588879810954679
0.0,-0.0606649159389976,0.4851987382015548
0.0,-0.0368792786963599,0.3710801947805761
0.0,-0.0175903689097836,0.2188399100978479
0.0,-0.0033515875628491,0.12088802066433378
0.0,0.0060845864510643,0.07228702190615381
0.0,0.0114336798805267,0.01595085703577983
0.0,0.0136178973690806,0.04678001664171276
0.0,0.0135797887612035,0.02636970315897187
0.0,0.0121642508022773,0.025231852003539803
0.0,0.0100567353571783,0.02599586996897106
0.0,0.0077635628450666,0.07836825116333926
0.0,0.0056206649166564,0.0707743966918361
0.0,0.0038189443752676,0.0970225066054184
0.0,0.0024369789052485,0.07635516185108329
0.0,0.0014744553029172,0.050378525604260885
0.0,0.0008821452393632,0.09730398854208569
0.0,0.0005862279659221,0.08794691455923831
0.0,0.0005062596336617,0.08366781035482844
0.0,0.0005670980121093,0.035450290134835014
0.0,0.0007056814123737,0.08558607997519137
0.0,0.0008738215640782,0.12892960912900095
0.0,0.0010381964209749,0.08626224917514307
0.0,0.0011786063860777,0.08355624175914471
0.0,0.0012853570204535,0.0671722338364675
0.0,0.001356405959828,0.053261503322392934
0.0,0.0013946973290133,0.07300892200770391
0.0,0.0014059243653932,0.09835649687049301
0.0,0.0013968195112574,0.045517471912813454
0.0,0.0013739718520964,0.07855236732561525
0.0,0.0013431101261656,0.024287060074638905
0.0,0.0013087585036942,0.07262600698867129
0.0,0.0012741639397578,0.06736823903820006
0.0,0.001241400535922,0.08129805601715819
0.0,0.001211571524221,0.0333154685077521
0.0,0.0011850481931929,0.03989491156812438
0.0,0.0011617037821946,0.03045203015112316
0.0,0.0011411168883018,0.025600042936265437
0.0,0.0011227321577082,0.012854344925350467
0.0,0.0011059756718203,0.07937657987526797
0.0,0.0010903287217326,0.05782713699226249
0.0,0.0010753671314597,0.05172236076501114
0.0,0.0010607746036129,0.08496754121009059
0.0,0.0010463383847042,0.06297489744509538
0.0,0.0010319344669769,0.001245943745843775
0.0,0.0010175080290072,0.06347932546364221
0.0,0.0010030532103237,0.08147965072336258
0.0,0.0009885948390357,0.06988625399314333
0.0,0.0009741735090358,0.05486229102812796
0.0,0.0009598344814426,0.08024416179860337
0.0,0.0009456202573832,0.04563412258138768
0.0,0.0009315662977004,0.053849951239558436
0.0,0.0009176991960121,0.05451006165615287
0.0,0.0009040365877255,0.0524301373904546
0.0,0.000890588146766,0.051612995231134946
0.0,0.0008773571405348,0.03320641319066912
0.0,0.0008643421492421,0.04919622801359556
0.0,0.0008515386860019,0.08489014043794235
0.0,0.0008389405657293,0.08322314962224044
0.0,0.0008265409579455,0.04396258049232734
0.0,0.0008143331202009,0.05828222955792717
0.0,0.0008023108474481,0.0700328585432358
0.0,0.0007904686925215,0.06529906488493699
0.0,0.0007788020187242,0.0533107676646032
0.0,0.0007673069420252,0.028933950205664256
0.0,0.0007559802114552,0.04004767117646985
0.0,0.000744819065086,0.05612961848454804
0.0,0.0007338210876468,0.06243303957069036
0.0,0.0007229840857534,0.016623461547079922
0.0,0.0007123059886012,0.028109419784798764
0.0,0.0007017847760188,0.007741657327714417
0.0,0.0006914184318561,0.03143409134466028
0.0,0.0006812049184865,0.02749982969256559
0.0,0.0006711421673382,0.07135574463170505
0.0,0.0006612280804195,0.035188080386477395
0.0,0.000651460538434,0.04008414724580459
0.0,0.0006418374119794,0.026088852110984342
0.0,0.0006323565732944,0.04127841943500708
0.0,0.0006230159069196,0.015947588572980696
0.0,0.0006138133183826,0.06026367574646519
0.0,0.0006047467405914,0.05334793214327296
0.0,0.0005958141380042,0.0417143961472255
0.0,0.0005870135088838,0.0064315280502996106
0.0,0.0005783428860481,0.009949807194646304
0.0,0.0005698003365522,0.009723025703690213
0.0,0.0005613839606957,0.0016564820217348092
0.0,0.0005530918906803,0.040489572421589466
0.0,0.0005449222891614,0.04462504946157657
0.0,0.0005368733478562,0.019011222934513346
0.0,0.000528943286305,0.041633705190085024
0.0,0.0005211303508281,0.050329315649783435
0.0,0.0005134328136813,0.09538533876545871
0.0,0.0005058489723909,0.07158351579796024
0.0,0.0004983771492341,0.008042033853817989
0.0,0.0004910156908299,0.045832270913582364
0.0,0.0004837629678028,-0.0019917273062043245
0.0,0.0004766173744927,0.045545103260774183
0.0,0.0004695773286843,0.0241271838070957
0.0,0.0004626412713435,0.0237708048692997
0.0,0.0004558076663476,0.0234196899449135
0.0,0.0004490750002056,0.0230737612811637
0.0,0.000442441781768,0.0227329422738176
0.0,0.0004359065419244,0.0223971574500486
0.0,0.000429467833295,0.0220663324516318
0.0,0.0004231242299154,0.0217403940184456
0.0,0.0004168743269204,0.021419269972257
0.0,0.0004107167402278,0.0211028892007711
0.0,0.0004046501062249,0.0207911816419279
0.0,0.0003986730814591,0.0204840782684326
0.0,0.0003927843423336,0.0201815110725117
0.0,0.000386982584809,0.0198834130508866
0.0,0.0003812665241099,0.0195897181899615
0.0,0.0003756348944376,0.0193003614512218
0.0,0.0003700864486883,0.0190152787568413
0.0,0.0003646199581759,0.0187344069754964
0.0,0.0003592342123599,0.0184576839083862
0.0,0.0003539280185778,0.0181850482754565
0.0,0.0003487002017812,0.0179164397018256
0.0,0.0003435496042763,0.0176517987044107
0.0,0.0003384750854686,0.0173910666787515
0.0,0.0003334755216101,0.0171341858860296
0.0,0.0003285498055513,0.0168810994402793
0.0,0.0003236968464964,0.016631751295789
0.0,0.0003189155697612,0.016386086234689
0.0,0.0003142049165364,0.0161440498547224
0.0,0.0003095638436521,0.0159055885571984
0.0,0.000304991323347,0.0156706495351226
0.0,0.0003004863430413,0.0154391807615033
0.0,0.0002960479051118,0.0152111309778307
0.0,0.0002916750266712,0.0149864496827258
0.0,0.0002873667393504,0.0147650871207573
0.0,0.0002831220890839,0.0145469942714238
0.0,0.0002789401358986,0.014332122838298
0.0,0.0002748199537057,0.0141204252383318
0.0,0.0002707606300952,0.0139118545913192
0.0,0.0002667612661344,0.0137063647095148
0.0,0.0002628209761686,0.0135039100874054
0.0,0.0002589388876247,0.0133044458916329
0.0,0.0002551141408186,0.013107927951066
0.0,0.0002513458887641,0.0129143127470185
0.0,0.0002476332969858,0.0127235574036122
0.0,0.0002439755433344,0.0125356196782819
0.0,0.0002403718178042,0.0123504579524209
0.0,0.000236821322354,0.0121680312221646
0.0,0.0002333232707305,0.0119882990893102
0.0,0.0002298768882938,0.0118112217523706
0.0,0.0002264814118464,0.0116367599977605
0.0,0.0002231360894635,0.0114648751911122
0.0,0.0002198401803273,0.0112955292687205
0.0,0.000216592954562,0.0111286847291135
0.0,0.0002133936930731,0.0109643046247476
0.0,0.0002102416873876,0.0108023525538259
0.0,0.0002071362394972,0.0106427926522367
0.0,0.0002040766617038,0.0104855895856117
0.0,0.0002010622764673,0.0103307085415014
0.0,0.0001980924162552,0.0101781152216652
0.0,0.0001951664233953,0.0100277758344771
0.0,0.0001922836499295,0.0098796570874416
0.0,0.0001894434574707,0.009733726179822
0.0,0.0001866452170615,0.0095899507953759
0.0,0.0001838883090345,0.0094482990951994
0.0,0.0001811721228753,0.0093087397106761
0.0,0.0001784960570875,0.0091712417365308
0.0,0.0001758595190593,0.0090357747239851
0.0,0.000173261924932,0.0089023086740152
0.0,0.0001707026994713,0.0087708140307082
0.0,0.0001681812759394,0.0086412616747168
0.0,0.0001656970959699,0.0085136229168116
0.0,0.0001632496094437,0.0083878694915271
0.0,0.0001608382743676,0.0082639735509029
0.0,0.0001584625567541,0.0081419076583163
0.0,0.000156121930503,0.008021644782407
0.0,0.0001538158772851,0.0079031582910907
0.0,0.0001515438864276,0.0077864219456616
0.0,0.0001493054548003,0.0076714098949818
0.0,0.0001471000867052,0.0075580966697566
0.0,0.0001449272937657,0.0074464571768944
0.0,0.0001427865948193,0.0073364666939497
0.0,0.0001406775158104,0.0072281008636488
0.0,0.0001385995896859,0.0071213356884951
0.0,0.0001365523562911,0.0070161475254558
0.0,0.0001345353622684,0.0069125130807255
0.0,0.0001325481609568,0.006810409404568
0.0,0.0001305903122925,0.0067098138862344
0.0,0.0001286613827122,0.0066107042489554
0.0,0.0001267609450565,0.0065130585450087
0.0,0.0001248885784755,0.0064168551508584
0.0,0.0001230438683355,0.0063220727623665
0.0,0.0001212264061276,0.0062286903900752
0.0,0.0001194357893768,0.0061366873545588
0.0,0.0001176716215527,0.0060460432818443
0.0,0.0001159335119825,0.0059567380988994
0.0,0.0001142210757636,0.0058687520291875
0.0,0.0001125339336788,0.0057820655882884
0.0,0.0001108717121123,0.0056966595795831
0.0,0.0001092340429671,0.005612515090003
0.0,0.0001076205635829,0.0055296134858416
0.0,0.0001060309166566,0.005447936408628
0.0,0.0001044647501625,0.0053674657710615
0.0,0.0001029217172748,0.005288183753006
0.0,0.0001014014762904,0.0052100727975441
0.0,9.99036905537792e-05,0.005133115607089
0.0,9.84280283816905e-05,0.0050572951395536
0.0,9.69741629904264e-05,0.0049825946045772
0.0,9.55417724230676e-05,0.0049089974598067
0.0,9.41305394782516e-05,0.0048364874072339
0.0,9.27401516399584e-05,0.0047650483895856
0.0,9.13703010083297e-05,0.0046946645867684
0.0,9.0020684231383e-05,0.0046253204123651
0.0,8.86910024379683e-05,0.0045570005101828
0.0,8.73809611714599e-05,0.004489689750853
0.0,8.60902703246486e-05,0.0044233732284804
0.0,8.48186440754184e-05,0.0043580362573427
0.0,8.35658008235332e-05,0.004293664368638
0.0,8.23314631281866e-05,0.004230243307281
0.0,8.11153576466342e-05,0.0041677590287458
0.0,7.99172150736105e-05,0.0041061976959564
0.0,7.87367700817582e-05,0.004045545676222
0.0,7.75737612627794e-05,0.0039857895382182
0.0,7.64279310696558e-05,0.0039269160490125
0.0,7.52990257594996e-05,0.0038689121711343
0.0,7.41867953374734e-05,0.0038117650596873
0.0,7.30909935013069e-05,0.0037554620595052
0.0,7.201137758691e-05,0.0036999907023494
0.0,7.09477085144711e-05,0.0036453387041475
0.0,6.98997507356316e-05,0.0035914939622735
0.0,6.88672721812708e-05,0.0035384445528672
0.0,6.78500442101229e-05,0.0034861787281942
0.0,6.68478415581444e-05,0.0034346849140439
0.0,6.5860442288658e-05,0.0033839517071666
0.0,6.48876277431348e-05,0.0033339678727483
0.0,6.39291824928515e-05,0.0032847223419228
0.0,6.29848942911501e-05,0.0032362042093204
0.0,6.2054554026407e-05,0.0031884027306527
0.0,6.11379556757982e-05,0.003141307320334
0.0,6.02348962595797e-05,0.0030949075491364
0.0,5.93451757962341e-05,0.0030491931418804
0.0,5.84685972581239e-05,0.00300415397516
0.0,5.76049665278605e-05,0.0029597800751001
0.0,5.67540923553655e-05,0.0029160616151484
0.0,5.59157863154677e-05,0.002872988913899
0.0,5.50898627661861e-05,0.0028305524329487
0.0,5.42761388076657e-05,0.0027887427747845
0.0,5.34744342415849e-05,0.0027475506807027
0.0,5.26845715313438e-05,0.0027069670287584
0.0,5.19063757627031e-05,0.0026669828317456
0.0,5.11396746050337e-05,0.002627589235207
0.0,5.03842982731949e-05,0.002588777515473
0.0,4.96400794899217e-05,0.0025505390777302
0.0,4.89068534487574e-05,0.0025128654541178
0.0,4.81844577775933e-05,0.0024757483018523
0.0,4.74727325026764e-05,0.0024391794013804
0.0,4.67715200132141e-05,0.0024031506545585
0.0,4.60806650264614e-05,0.0023676540828594
0.0,4.54000145533213e-05,0.0023326818256056
0.0,4.4729417864476e-05,0.0022982261382285
0.0,4.40687264570208e-05,0.0022642793905531
0.0,4.34177940215608e-05,0.0022308340651087
0.0,4.27764764097879e-05,0.0021978827554642
0.0,4.21446316026253e-05,0.0021654181645874
0.0,4.1522119678717e-05,0.0021334331032298
0.0,4.09088027834639e-05,0.0021019204883339
0.0,4.0304545098506e-05,0.0020708733414651
0.0,3.97092128116353e-05,0.0020402847872662
0.0,3.91226740871463e-05,0.0020101480519349
0.0,3.85447990366716e-05,0.0019804564617236
0.0,3.79754596904133e-05,0.0019512034414616
0.0,3.74145299687767e-05,0.0019223825130991
0.0,3.68618856544899e-05,0.0018939872942726
0.0,3.63174043650563e-05,0.0018660114968915
0.0,3.57809655256829e-05,0.0018384489257456
0.0,3.52524503425718e-05,0.0018112934771331
0.0,3.47317417765981e-05,0.0017845391375094
0.0,3.42187245174139e-05,0.0017581799821546
0.0,3.37132849579022e-05,0.0017322101738623
0.0,3.32153111690103e-05,0.0017066239616464
0.0,3.27246928749879e-05,0.0016814156794678
0.0,3.22413214289448e-05,0.0016565797449795
0.0,3.17650897887801e-05,0.0016321106582906
0.0,3.12958924935207e-05,0.0016080030007482
0.0,3.08336256399332e-05,0.0015842514337376
0.0,3.03781868595185e-05,0.0015608506974998
0.0,2.99294752958458e-05,0.001537795609967
0.0,2.94873915822266e-05,0.0015150810656149
0.0,2.90518378196977e-05,0.0014927020343322
0.0,2.86227175553509e-05,0.0014706535603064
0.0,2.81999357609579e-05,0.0014489307609268
0.0,2.77833988119522e-05,0.0014275288257029
0.0,2.73730144666751e-05,0.0014064430151991
0.0,2.69686918459543e-05,0.0013856686599855
0.0,2.65703414129848e-05,0.0013652011596035
0.0,2.61778749534886e-05,0.0013450359815471
0.0,2.57912055561908e-05,0.0013251686602594
0.0,2.54102475935672e-05,0.0013055947961435
0.0,2.50349167028961e-05,0.0012863100545884
0.0,2.46651297675492e-05,0.0012673101650087
0.0,2.4300804898611e-05,0.0012485909198995
0.0,2.39418614167309e-05,0.0012301481739039
0.0,2.35882198342634e-05,0.0012119778428959
0.0,2.32398018376583e-05,0.0011940759030752
0.0,2.28965302701296e-05,0.0011764383900765
0.0,2.2558329114554e-05,0.0011590613980916
0.0,2.22251234766515e-05,0.0011419410790042
0.0,2.18968395683944e-05,0.0011250736415383
0.0,2.15734046916626e-05,0.0011084553504179
0.0,2.1254747222154e-05,0.0010920825255404
1.0,0.170120940796594,-0.003398085785710949
1.0,0.163143829504282,0.09122290725695559
1.0,0.142985433717078,0.1668398438540669
1.0,0.117010039139419,0.3764565414780328
1.0,0.0904676540395978,0.5359578800296468
1.0,0.0666821544071793,0.7171304082014831
1.0,0.0473933801982024,0.8024488736538209
1.0,0.0331547324262716,0.8787669667065408
1.0,0.0237186900143459,0.9450992741030974
1.0,0.0183697262429983,0.9537494872142571
1.0,0.0161856364973988,1.0112833562243841
1.0,0.0162238709613588,0.9910085370234273
1.0,0.0176395329173665,0.9738084363103559
1.0,0.0197471705280056,0.9506384890094909
1.0,0.0220404634011684,0.97728797356313
1.0,0.0241834799127951,0.9461615519972336
1.0,0.0259853172858259,0.9532759643842159
1.0,0.0273673978617845,0.9187252820181323
1.0,0.0283300348698432,0.8840255596639753
1.0,0.0289224566640259,0.9267244291091252
1.0,0.0292184840177396,0.9166952689373155
1.0,0.0292985608042936,0.9142942334508783
1.0,0.0292378292781779,0.8695794523249143
1.0,0.0290993511519457,0.9240744418852245
1.0,0.0289313147192867,0.9720529455893894
1.0,0.0287670420494174,0.9339000017711987
1.0,0.0286267327619532,0.9353523338337311
1.0,0.0285200813181214,0.9226624647728915
1.0,0.0284491301041633,0.9119652998479452
1.0,0.0284109350169067,0.9344882377935176
1.0,0.0283998028402901,0.9622474359884428
1.0,0.0284090011530296,0.9115412870072126
1.0,0.028431940890332,0.946512372433375
1.0,0.0284628933343316,0.8940571640405255
1.0,0.0284973343348895,0.9441353883553026
1.0,0.028532016956722,0.9405854190315479
1.0,0.0285648671177645,0.9562164607673572
1.0,0.0285947816051946,0.9099416038139087
1.0,0.0286213891494027,0.9182395415592105
1.0,0.0286448165296809,0.9105242512342036
1.0,0.0286654851673271,0.9074038469084023
1.0,0.0286839504342498,0.8963871280354156
1.0,0.0287007862668767,0.9646290331133579
1.0,0.0287165113916847,0.9447840056097621
1.0,0.0287315500019716,0.9403636536465403
1.0,0.0287462184121809,0.9752698772537342
1.0,0.0287607293926055,0.9549127788135146
1.0,0.028775206967558,0.8947928341647551
1.0,0.028789705974773,0.9586084807952061
1.0,0.0288042322907929,0.9781646980617965
1.0,0.0288187611033408,0.9681015463851714
1.0,0.0288332518341234,0.9545830808952859
1.0,0.0288476592373907,0.9814466410103315
1.0,0.0288619408271582,0.9482953745407963
1.0,0.0288760611575001,0.9579478534311174
1.0,0.0288899936494966,0.9600231683167242
1.0,0.0289037206822214,0.9593375630418498
1.0,0.0289172325960154,0.9598943118491519
1.0,0.0289305261375334,0.9428415673496632
1.0,0.028943602740414,0.9601654796104617
1.0,0.0289564669051865,0.997174021473467
1.0,0.0289691248303783,0.9968024397561549
1.0,0.0289815833597122,0.9588182953793721
1.0,0.0289938492486856,0.9743956179993407
1.0,0.0290059287152009,0.9873854049687523
1.0,0.02901782721909,0.9838724943862486
1.0,0.0290295494095281,0.9730870515642758
1.0,0.0290410991828398,0.94989531085472
1.0,0.0290524798021072,0.9621765852667075
1.0,0.0290636940411924,0.9794088186129579
1.0,0.0290747443271229,0.9868455141039839
1.0,0.029085632864867,0.9421524530214045
1.0,0.0290963617366415,0.95473842216415
1.0,0.0291069329738625,0.9354544124615319
1.0,0.029117348603757,0.9602145849356674
1.0,0.0291276106748664,0.9573322870311697
1.0,0.0291377212665154,1.0022246262892651
1.0,0.0291476824872905,0.9670780779973894
1.0,0.029157496466925,0.9729801794544201
1.0,0.0291671653451053,0.9599760607169017
1.0,0.0291766912597242,0.9761421657399215
1.0,0.0291860763362235,0.9517734499130059
1.0,0.0291953226789092,0.9970374421836395
1.0,0.0292044323645642,0.9910556032866791
1.0,0.0292134074382746,0.9803421780754679
1.0,0.0292222499111843,0.9459658303111171
1.0,0.0292309617597404,0.9503772398627397
1.0,0.0292395449260181,0.9510303964832222
1.0,0.0292480013187126,0.9438307933848441
1.0,0.029256332814483,0.9835180187782169
1.0,0.0292645412594053,0.9884950143588294
1.0,0.0292726284703637,0.963710276285757
1.0,0.029280596236293,0.9871496005350738
1.0,0.0292884463192227,0.9966499874476101
1.0,0.0292961804551222,1.0424988997221298
1.0,0.0293038003545711,1.019478254230128
1.0,0.0293113077032769,0.9567064110897924
1.0,0.0293187041624876,0.995254918732298
1.0,0.0293259913693296,0.9481779908019792
1.0,0.0293331709370994,0.9964508568082114
1.0,0.0293402444555364,0.975758100939614
1.0,0.0293472134910859,0.976116174318915
1.0,0.029354079587175,0.976468958656471
1.0,0.0293608442644888,0.976816532074742
1.0,0.0293675090212662,0.977158971542192
1.0,0.0293740753336018,0.977496352890495
1.0,0.029380544655756,0.977828750831425
1.0,0.0293869184204729,0.978156238973431
1.0,0.0293931980392965,0.978478889837927
1.0,0.0293993849028897,0.97879677487532
1.0,0.0294054803813488,0.979109964480788
1.0,0.0294114858245138,0.979418528009824
1.0,0.0294174025622742,0.979722533793551
1.0,0.0294232319048704,0.980022049153821
1.0,0.029428975143186,0.980317140418098
1.0,0.0294346335490385,0.980607872934129
1.0,0.0294402083754612,0.980894311084404
1.0,0.0294457008569822,0.981176518300411
1.0,0.0294511122098973,0.981454557076682
1.0,0.0294564436325402,0.981728488984633
1.0,0.0294616963055458,0.981998374686204
1.0,0.0294668713921125,0.982264273947298
1.0,0.0294719700382577,0.982526245651015
1.0,0.0294769933730725,0.982784347810699
1.0,0.0294819425089705,0.983038637582786
1.0,0.0294868185419339,0.983289171279464
1.0,0.0294916225517561,0.983536004381141
1.0,0.0294963556022811,0.983779191548736
1.0,0.0295010187416387,0.984018786635779
1.0,0.0295056130024764,0.984254842700342
1.0,0.0295101394021884,0.984487412016785
1.0,0.0295145989431416,0.984716546087331
1.0,0.0295189926128963,0.984942295653473
1.0,0.0295233213844257,0.98516471070721
1.0,0.029527586216332,0.985383840502116
1.0,0.0295317880530572,0.98559973356425
1.0,0.0295359278250935,0.985812437702898
1.0,0.0295400064491882,0.986022000021163
1.0,0.0295440248285488,0.986228466926396
1.0,0.0295479838530408,0.98643188414047
1.0,0.0295518843993865,0.986632296709907
1.0,0.0295557273313567,0.986829749015856
1.0,0.0295595134999651,0.987024284783918
1.0,0.0295632437436544,0.987215947093827
1.0,0.0295669188884835,0.987404778388997
1.0,0.0295705397483086,0.987590820485914
1.0,0.029574107124966,0.987774114583399
1.0,0.0295776218084467,0.987954701271734
1.0,0.0295810845770739,0.988132620541645
1.0,0.0295844961976741,0.988307911793162
1.0,0.0295878574257471,0.988480613844346
1.0,0.0295911690056325,0.988650764939879
1.0,0.0295944316706773,0.988818402759537
1.0,0.029597646143394,0.988983564426536
1.0,0.0296008131356247,0.989146286515748
1.0,0.0296039333486964,0.989306605061805
1.0,0.0296070074735766,0.989464555567076
1.0,0.0296100361910274,0.98962017300953
1.0,0.0296130201717546,0.989773491850483
1.0,0.029615960076558,0.989924546042225
1.0,0.0296188565564757,0.990073369035546
1.0,0.0296217102529308,0.990219993787137
1.0,0.0296245217978706,0.990364452766891
1.0,0.0296272918139091,0.990506777965093
1.0,0.0296300209144633,0.990647000899505
1.0,0.0296327097038895,0.990785152622346
1.0,0.0296353587776172,0.990921263727164
1.0,0.0296379687222812,0.991055364355618
1.0,0.0296405401158508,0.991187484204147
1.0,0.0296430735277582,0.991317652530549
1.0,0.0296455695190248,0.99144589816046
1.0,0.0296480286423848,0.991572249493737
1.0,0.0296504514424092,0.991696734510746
1.0,0.0296528384556241,0.99181938077856
1.0,0.029655190210631,0.991940215457062
1.0,0.029657507228223,0.992059265304963
1.0,0.0296597900215021,0.992176556685722
1.0,0.0296620390959899,0.992292115573389
1.0,0.0296642549497415,0.992405967558357
1.0,0.0296664380734553,0.992518137853023
1.0,0.0296685889505819,0.992628651297379
1.0,0.0296707080574303,0.992737532364509
1.0,0.029672795863275,0.992844805166007
1.0,0.0296748528304578,0.992950493457319
1.0,0.0296768794144926,0.993054620643004
1.0,0.0296788760641635,0.993157209781914
1.0,0.0296808432216267,0.993258283592305
1.0,0.0296827813225071,0.993357864456861
1.0,0.0296846907959951,0.993455974427659
1.0,0.0296865720649417,0.993552635231046
1.0,0.0296884255459515,0.993647868272452
1.0,0.0296902516494761,0.993741694641132
1.0,0.0296920507799043,0.993834135114834
1.0,0.0296938233356514,0.993925210164401
1.0,0.0296955697092478,0.994014939958306
1.0,0.0296972902874266,0.994103344367114
1.0,0.0296989854512073,0.994190442967887
1.0,0.0297006555759822,0.994276255048515
1.0,0.0297023010315989,0.994360799611991
1.0,0.029703922182442,0.994444095380619
1.0,0.0297055193875133,0.994526160800155
1.0,0.0297070930005119,0.994607014043899
1.0,0.029708643369913,0.994686673016715
1.0,0.0297101708390439,0.994765155358996
1.0,0.0297116757461617,0.994842478450571
1.0,0.0297131584245263,0.994918659414557
1.0,0.0297146192024746,0.994993715121147
1.0,0.0297160584034948,0.995067662191344
1.0,0.0297174763462962,0.995140517000649
1.0,0.029718873344881,0.99521229568268
1.0,0.0297202497086129,0.99528301413275
1.0,0.0297216057422858,0.995352688011382
1.0,0.0297229417461922,0.995421332747782
1.0,0.0297242580161885,0.995488963543253
1.0,0.0297255548437618,0.995555595374562
1.0,0.0297268325160931,0.995621242997255
1.0,0.0297280913161209,0.995685920948929
1.0,0.0297293315226055,0.995749643552446
1.0,0.0297305534101897,0.995812424919108
1.0,0.0297317572494586,0.99587427895178
1.0,0.0297329433070015,0.995935219347972
1.0,0.029734111845469,0.995995259602869
1.0,0.0297352631236334,0.996054413012321
1.0,0.0297363973964433,0.996112692675786
1.0,0.0297375149150827,0.996170111499234
1.0,0.0297386159270248,0.996226682197999
1.0,0.0297397006760876,0.996282417299604
1.0,0.0297407694024874,0.996337329146525
1.0,0.0297418223428927,0.996391429898932
1.0,0.0297428597304761,0.996444731537379
1.0,0.0297438817949653,0.996497245865456
1.0,0.0297448887626959,0.996548984512405
1.0,0.02974588085666,0.996599958935693
1.0,0.0297468582965554,0.996650180423551
1.0,0.0297478212988351,0.996699660097474
1.0,0.0297487700767551,0.996748408914681
1.0,0.0297497048404214,0.996796437670547
1.0,0.0297506257968363,0.996843757000987
1.0,0.0297515331499441,0.996890377384816
1.0,0.0297524271006777,0.996936309146067
1.0,0.0297533078470011,0.99698156245628
1.0,0.0297541755839557,0.997026147336752
1.0,0.0297550305036993,0.997070073660757
1.0,0.0297558727955543,0.997113351155731
1.0,0.0297567026460448,0.997155989405428
1.0,0.0297575202389402,0.997197997852045
1.0,0.0297583257552951,0.997239385798305
1.0,0.0297591193734914,0.997280162409526
1.0,0.0297599012692744,0.997320336715642
1.0,0.0297606716157941,0.997359917613212
1.0,0.0297614305836427,0.997398913867382
1.0,0.0297621783408935,0.99743733411383
1.0,0.0297629150531353,0.99747518686068
1.0,0.0297636408835134,0.997512480490381
1.0,0.0297643559927614,0.997549223261567
1.0,0.0297650605392399,0.997585423310885
1.0,0.02976575467897,0.997621088654797
1.0,0.029766438565668,0.997656227191356
1.0,0.0297671123507799,0.997690846701951
1.0,0.0297677761835149,0.997724954853037
1.0,0.0297684302108776,0.997758559197827
1.0,0.0297690745777019,0.997791667177966
1.0,0.0297697094266822,0.997824286125182
1.0,0.0297703348984053,0.997856423262905
1.0,0.0297709511313804,0.997888085707869
1.0,0.0297715582620728,0.997919280471689
1.0,0.02977215642493,0.997950014462412
1.0,0.0297727457524151,0.997980294486046
1.0,0.0297733263750337,0.998010127248071
1.0,0.0297738984213645,0.998039519354919
1.0,0.0297744620180858,0.99806847731544
1.0,0.0297750172900062,0.998097007542345
0.0,-0.140324435639911,0.9936510790267487
0.0,-0.133347094671516,0.9733620784057978
0.0,-0.11318847260074,0.7809777949135739
0.0,-0.0872128550819085,0.6586097873085158
0.0,-0.0606702503339447,0.4849246535725888
0.0,-0.0368845342977731,0.3708101586138511
0.0,-0.0175955468815101,0.2185738625941459
0.0,-0.003356689051545,0.12062590290772078
0.0,0.0060795603156793,0.07202877585093562
0.0,0.0114287279854209,0.01569642549364593
0.0,0.013613018617662,0.04652934326907217
0.0,0.0135749820730776,0.02612273244447637
0.0,0.0121595151130087,0.024988529255790905
0.0,0.0100520696180533,0.02575614130440826
0.0,0.0077589660228624,0.07813206349430837
0.0,0.0056161359934118,0.07054169771483229
0.0,0.0038144823480573,0.09679324478950381
0.0,0.0024325827859613,0.076129286426476
0.0,0.0014701241180373,0.05015598655109148
0.0,0.0008778780297544,0.09708473657932058
0.0,0.0005820237866155,0.0877309011337667
0.0,0.0005021175536462,0.08345498763070994
0.0,0.0005630171141259,0.03524061098270671
0.0,0.0007016607927117,0.08537949796183107
0.0,0.000869860332376,0.12872607850704426
0.0,0.0010342937000218,0.08606172487295306
0.0,0.0011747613116204,0.08335867937083091
0.0,0.0012815687410044,0.0669775896120518
0.0,0.0013526736364766,0.053069734158121634
0.0,0.0013910201352409,0.0728199854365022
0.0,0.0014023014868889,0.0981703510525608
0.0,0.0013932501457388,0.045334075626359854
0.0,0.0013704552091315,0.07837167995773035
0.0,0.0013396454269973,0.02410904161229971
0.0,0.0013053449810688,0.0724506180098812
0.0,0.0012708008377544,0.06719544070325877
0.0,0.0012380871097852,0.08112781006006059
0.0,0.0012083070401962,0.0331477372277145
0.0,0.0011818319283636,0.03972965782123548
0.0,0.0011585350243223,0.03028921734211886
0.0,0.0011379949356686,0.02543963501042454
0.0,0.0011196563189611,0.012696306360510765
0.0,0.0011029452658182,0.07922087567395936
0.0,0.0010873430773953,0.05767373267395759
0.0,0.0010724255876192,0.05157122235848894
0.0,0.0010578765088679,0.0848186352459137
0.0,0.0010434830972744,0.06282819094819858
0.0,0.0010291213545622,0.0011014042282314757
0.0,0.0010147364686469,0.06333692091719371
0.0,0.0010003225882586,0.08133934961274478
0.0,0.0009859045505726,0.06974802524882652
0.0,0.000971522958413,0.05472610403950556
0.0,0.0009572230816988,0.08010998640721348
0.0,0.0009430474302266,0.04550192907423458
0.0,0.000929031473381,0.05371971034253233
0.0,0.0009152018131963,0.05438174452754737
0.0,0.0009015760933703,0.052303715614580006
0.0,0.0008881639959975,0.05148844081202524
0.0,0.0008749687965273,0.033083698545882424
0.0,0.0008619890830998,0.04907532596810596
0.0,0.0008492203766405,0.08477102421812216
0.0,0.0008366564997618,0.08310579284993103
0.0,0.000824290629568,0.043846957178998135
0.0,0.0008121160310804,0.05816831409891977
0.0,0.0008001265066129,0.0699206257120947
0.0,0.0007883166162516,0.0651884898278225
0.0,0.0007766817304445,0.053201825894788196
0.0,0.0007652179722003,0.028826617598111358
0.0,0.0007539220974848,0.039941923962488655
0.0,0.000742791351203,0.05602543324653204
0.0,0.0007318233248164,0.062330393236930855
0.0,0.0007210158315729,0.016522331386656923
0.0,0.0007103668072029,0.028009783402547166
0.0,0.0006998742379731,0.007643492659264721
0.0,0.0006895361140764,0.03133737665155248
0.0,0.0006793504041356,0.027404543557435095
0.0,0.0006693150457358,0.07126186595353984
0.0,0.0006594279469516,0.0350955883759454
0.0,0.0006496869944629,0.03999302142064969
0.0,0.0006400900647558,0.025999072291490843
0.0,0.0006306350358701,0.04118996573953078
0.0,0.0006213197980619,0.015860441413546
0.0,0.0006121422624901,0.06017781582442759
0.0,0.0006031003676105,0.05326334044504526
0.0,0.0005941920833474,0.041631053940067206
0.0,0.0005854154133489,0.006349416878168809
0.0,0.0005767683957386,0.009868908874112303
0.0,0.0005682491027989,0.009643322319907013
0.0,0.0005598556399795,0.001577955924474208
0.0,0.0005515861445563,0.04041220622133167
0.0,0.0005434387841837,0.04454882602565997
0.0,0.0005354117555041,0.018936125383340146
0.0,0.0005275032829105,0.04155971689338362
0.0,0.0005197116175041,0.050256420222925036
0.0,0.0005120350362508,0.0953135200658297
0.0,0.0005044718413175,0.07151275792138695
0.0,0.0004970203595537,0.00797232113104479
0.0,0.0004896789420829,0.04576358790680206
0.0,0.0004824459639677,-0.002059395806769726
0.0,0.0004753198239202,0.045478434281307184
0.0,0.0004682989440335,0.0240614995849536
0.0,0.0004613817695173,0.0237060908587822
0.0,0.0004545667684307,0.0233559318151728
0.0,0.0004478524314026,0.0230109449130306
0.0,0.0004412372713422,0.0226710537566751
0.0,0.0004347198231384,0.0223361830787513
0.0,0.000428298643351,0.0220062587234708
0.0,0.0004219723098978,0.0216812076301585
0.0,0.0004157394217376,0.0213609578170819
0.0,0.0004095985985564,0.0210454383655442
0.0,0.0004035484804535,0.0207345794042236
0.0,0.0003975877276339,0.0204283120937463
0.0,0.0003917150201042,0.020126568611484
0.0,0.0003859290573751,0.0198292821365689
0.0,0.000380228558169,0.0195363868351211
0.0,0.0003746122601333,0.0192478178456876
0.0,0.0003690789195593,0.0189635112648885
0.0,0.0003636273111059,0.0186834041332697
0.0,0.0003582562275284,0.0184074344213612
0.0,0.0003529644794111,0.0181355410159384
0.0,0.0003477508949044,0.0178676637064851
0.0,0.0003426143194666,0.0176037431718562
0.0,0.0003375536156081,0.0173437209671372
0.0,0.0003325676626404,0.0170875395106985
0.0,0.000327655356428,0.016835142071442
0.0,0.0003228156091445,0.0165864727562357
0.0,0.0003180473490319,0.0163414764975358
0.0,0.000313349520163,0.0161000990411911
0.0,0.000308721082208,0.0158622869344288
0.0,0.0003041610102036,0.0156279875140169
0.0,0.0002996682943267,0.0153971488946029
0.0,0.00029524193967,0.015169719957224
0.0,0.000290880966022,0.0149456503379869
0.0,0.0002865844076499,0.0147248904169154
0.0,0.0002823513130856,0.014507391306962
0.0,0.000278180744915,0.0142931048431825
0.0,0.0002740717795704,0.0140819835720696
0.0,0.0002700235071259,0.0138739807410448
0.0,0.0002660350310961,0.0136690502881048
0.0,0.0002621054682372,0.0134671468316215
0.0,0.0002582339483518,0.0132682256602916
0.0,0.0002544196140961,0.0130722427232362
0.0,0.0002506616207899,0.012879154620245
0.0,0.0002469591362295,0.0126889185921656
0.0,0.0002433113405038,0.0125014925114347
0.0,0.0002397174258122,0.0123168348727489
0.0,0.0002361765962863,0.0121349047838729
0.0,0.0002326880678132,0.0119556619565849
0.0,0.0002292510678619,0.0117790666977537
0.0,0.0002258648353126,0.0116050799005498
0.0,0.0002225286202877,0.0114336630357843
0.0,0.0002192416839859,0.0112647781433774
0.0,0.0002160032985188,0.0110983878239515
0.0,0.0002128127467494,0.0109344552305497
0.0,0.0002096693221334,0.0107729440604759
0.0,0.0002065723285628,0.0106138185472554
0.0,0.0002035210802119,0.0104570434527149
0.0,0.0002005149013848,0.0103025840591786
0.0,0.0001975531263665,0.0101504061617803
0.0,0.0001946350992753,0.0100004760608885
0.0,0.000191760173917,0.0098527605546439
0.0,0.0001889277136426,0.0097072269316069
0.0,0.0001861370912067,0.0095638429635135
0.0,0.0001833876886292,0.0094225768981385
0.0,0.0001806788970577,0.0092833974522639
0.0,0.0001780101166332,0.0091462738047514
0.0,0.0001753807563573,0.009011175589717
0.0,0.0001727902339608,0.0088780728898066
0.0,0.0001702379757755,0.0087469362295708
0.0,0.0001677234166064,0.0086177365689373
0.0,0.0001652459996072,0.0084904452967806
0.0,0.0001628051761566,0.0083650342245857
0.0,0.0001604004057368,0.0082414755802057
0.0,0.000158031155814,0.008119742001712
0.0,0.0001556969017204,0.0079998065313349
0.0,0.0001533971265378,0.0078816426094936
0.0,0.0001511313209837,0.007765224068915
0.0,0.0001488989832977,0.0076505251288387
0.0,0.0001466996191311,0.0075375203893081
0.0,0.0001445327414371,0.0074261848255453
0.0,0.0001423978703629,0.0073164937824097
0.0,0.0001402945331437,0.0072084229689381
0.0,0.0001382222639977,0.0071019484529652
0.0,0.000136180604023,0.0069970466558242
0.0,0.0001341691010964,0.0068936943471252
0.0,0.0001321873097727,0.0067918686396108
0.0,0.0001302347911862,0.0066915469840878
0.0,0.000128311112954,0.0065927071644336
0.0,0.0001264158490794,0.0064953272926768
0.0,0.0001245485798584,0.0063993858041497
0.0,0.0001227088917861,0.0063048614527129
0.0,0.0001208963774657,0.0062117333060508
0.0,0.0001191106355179,0.0061199807410357
0.0,0.0001173512704919,0.0060295834391607
0.0,0.0001156178927783,0.005940521382041
0.0,0.0001139101185225,0.0058527748469799
0.0,0.0001122275695397,0.0057663244026017
0.0,0.0001105698732312,0.0056811509045487
0.0,0.000108936662502,0.0055972354912417
0.0,0.0001073275756793,0.0055145595797026
0.0,0.0001057422564327,0.00543310486144
0.0,0.0001041803536947,0.0053528532983943
0.0,0.0001026415215838,0.0052737871189433
0.0,0.0001011254193272,0.0051958888139669
0.0,9.96317111858838e-05,0.0051191411329692
0.0,9.81600663795476e-05,0.0050435270802592
0.0,9.67101590141489e-05,0.0049690299111862
0.0,9.52816680092408e-05,0.0048956331284324
0.0,9.38742770270409e-05,0.0048233204783594
0.0,9.24876744023279e-05,0.0047520759474088
0.0,9.11215530734547e-05,0.004681883758556
0.0,8.9775610514306e-05,0.0046127283678164
0.0,8.84495486673659e-05,0.0045445944608031
0.0,8.71430738776727e-05,0.0044774669493361
0.0,8.58558968277884e-05,0.0044113309681
0.0,8.45877324737315e-05,0.0043461718713532
0.0,8.33382999818749e-05,0.004281975229684
0.0,8.21073226667593e-05,0.0042187268268151
0.0,8.08945279297604e-05,0.004156412656456
0.0,7.9699647198804e-05,0.0040950189192008
0.0,7.852241586883e-05,0.0040345320194724
0.0,7.7362573243242e-05,0.0039749385625122
0.0,7.62198624761276e-05,0.0039162253514133
0.0,7.50940305154352e-05,0.0038583793841983
0.0,7.39848280468663e-05,0.0038013878509403
0.0,7.28920094387533e-05,0.0037452381309255
0.0,7.18153326875887e-05,0.003689917789859
0.0,7.07545593644499e-05,0.0036354145771108
0.0,6.97094545622362e-05,0.0035817164230032
0.0,6.86797868436201e-05,0.0035288114361379
0.0,6.76653281897893e-05,0.0034766879007624
0.0,6.66658539499737e-05,0.0034253342741762
0.0,6.56811427916792e-05,0.0033747391841739
0.0,6.47109766516787e-05,0.0033248914265273
0.0,6.37551406877171e-05,0.0032757799625043
0.0,6.2813423230966e-05,0.003227393916424
0.0,6.18856157390962e-05,0.0031797225732487
0.0,6.09715127501478e-05,0.0031327553762107
0.0,6.00709118369971e-05,0.0030864819244751
0.0,5.91836135625384e-05,0.0030408919708356
0.0,5.83094214355248e-05,0.0029959754194462
0.0,5.74481418670683e-05,0.0029517223235851
0.0,5.65995841277089e-05,0.0029081228834517
0.0,5.57635603052747e-05,0.0028651674439971
0.0,5.49398852631722e-05,0.0028228464927856
0.0,5.41283765994535e-05,0.0027811506578879
0.0,5.33288546064117e-05,0.0027400707058065
0.0,5.25411422307547e-05,0.0026995975394303
0.0,5.17650650344245e-05,0.0026597221960201
0.0,5.10004511559657e-05,0.0026204358452241
0.0,5.0247131272458e-05,0.0025817297871223
0.0,4.95049385620255e-05,0.0025435954502998
0.0,4.8773708666891e-05,0.0025060243899487
0.0,4.80532796569844e-05,0.0024690082859984
0.0,4.73434919940757e-05,0.0024325389412725
0.0,4.6644188496453e-05,0.0023966082796738
0.0,4.59552143041025e-05,0.002361208344396
0.0,4.52764168444482e-05,0.0023263312961618
0.0,4.4607645798507e-05,0.0022919694114862
0.0,4.39487530676658e-05,0.002258115080967
0.0,4.32995927408322e-05,0.0022247608075991
0.0,4.26600210621485e-05,0.0021918992051147
0.0,4.20298963991518e-05,0.0021595229963474
0.0,4.14090792114352e-05,0.0021276250116204
0.0,4.07974320196791e-05,0.0020961981871596
0.0,4.01948193752867e-05,0.0020652355635285
0.0,3.96011078303282e-05,0.0020347302840875
0.0,3.90161659080228e-05,0.0020046755934752
0.0,3.8439864073616e-05,0.001975064836113
0.0,3.78720747056874e-05,0.0019458914547303
0.0,3.73126720678921e-05,0.0019171489889135
0.0,3.67615322811148e-05,0.0018888310736743
0.0,3.62185332960507e-05,0.001860931438041
0.0,3.56835548661547e-05,0.0018334439036693
0.0,3.51564785210298e-05,0.0018063623834744
0.0,3.46371875401923e-05,0.0017796808802828
0.0,3.41255669272095e-05,0.0017533934855044
0.0,3.3621503384252e-05,0.0017274943778239
0.0,3.31248852869885e-05,0.0017019778219118
0.0,3.2635602659873e-05,0.0016768381671544
0.0,3.21535471518031e-05,0.0016520698464022
0.0,3.16786120120975e-05,0.0016276673747371
0.0,3.12106920668867e-05,0.0016036253482583
0.0,3.07496836958014e-05,0.0015799384428847
0.0,3.02954848090363e-05,0.0015566014131768
0.0,2.98479948247325e-05,0.0015336090911745
0.0,2.94071146467213e-05,0.0015109563852529
0.0,2.89727466425624e-05,0.0014886382789945
0.0,2.85447946219222e-05,0.0014666498300789
0.0,2.81231638152961e-05,0.0014449861691877
0.0,2.77077608529831e-05,0.0014236424989266
0.0,2.72984937444605e-05,0.0014026140927627
0.0,2.68952718579622e-05,0.0013818962939783
0.0,2.64980059004327e-05,0.001361484514639
0.0,2.61066078977561e-05,0.0013413742345784
0.0,2.57209911752668e-05,0.0013215610003965
0.0,2.53410703385526e-05,0.0013020404244741
0.0,2.49667612545607e-05,0.0012828081840007
0.0,2.45979810329453e-05,0.0012638600200172
0.0,2.42346480077201e-05,0.0012451917364733
0.0,2.38766817191836e-05,0.0012267991992976
0.0,2.35240028960831e-05,0.0012086783354826
0.0,2.31765334380764e-05,0.0011908251321825
0.0,2.28341963984264e-05,0.0011732356358247
0.0,2.24969159669589e-05,0.0011559059512342
0.0,2.21646174532932e-05,0.001138832240771
0.0,2.1837227270274e-05,0.0011220107234803
0.0,2.15146729177045e-05,0.0011054376742553
0.0,2.11968829662706e-05,0.0010891094230121
0.0,2.08837870417245e-05,0.0010730223538769
0.0,2.05753158093146e-05,0.0010571729043857
0.0,2.02714009584198e-05,0.0010415575646951
0.0,1.99719751874244e-05,0.0010261728768047
0.0,1.96769721888135e-05,0.0010110154337921
0.0,1.938632663449e-05,0.0009960818790579
0.0,1.90999741613053e-05,0.0009813689055824
0.0,1.88178513568192e-05,0.0009668732551935
0.0,1.85398957452398e-05,0.0009525917178451
0.0,1.82660457735944e-05,0.0009385211309062
0.0,1.79962407980995e-05,0.0009246583784603
0.0,1.77304210707378e-05,0.0009110003906159
0.0,1.7468527726017e-05,0.0008975441428264
0.0,1.72105027679351e-05,0.0008842866552201
0.0,1.69562890571483e-05,0.0008712249919406
0.0,1.67058302982977e-05,0.0008583562604969
1.0,0.170116459071028,-0.003628359715750349
1.0,0.1631394139776,0.09099603466800668
1.0,0.142981083411468,0.1666163223655179
1.0,0.11700575309151,0.37623632159129183
1.0,0.0904634313002477,0.5357409129772568
1.0,0.0666779940412678,0.7169166459363231
1.0,0.0473892812844214,0.8022382688384679
1.0,0.0331506940569206,0.8785594727027868
1.0,0.0237147112951327,0.9448948449616174
1.0,0.0183658062928392,0.9535480776644402
1.0,0.0161817744482257,1.0110849216643012
1.0,0.0162200659579247,0.9908130335099583
1.0,0.0176357841170578,0.9736158205494588
1.0,0.0197434771006542,0.9504487183466128
1.0,0.022036824528869,0.977101005973762
1.0,0.0241798947897234,0.9459773460776046
1.0,0.02598178511806,0.9530944793421239
1.0,0.0273639178671301,0.9185464776639103
1.0,0.0283266062776588,0.8838493964015913
1.0,0.0289190787150535,0.9265508679274151
1.0,0.0292151559639361,0.9165242714013424
1.0,0.029295281908665,0.9141257616934223
1.0,0.0292345988146163,0.8694134690380864
1.0,0.0290961684050688,0.9239109103122035
1.0,0.0289281789842785,0.9718918295162854
1.0,0.0287639526318725,0.9337412655190307
1.0,0.0286236889777234,0.9351959422505282
1.0,0.0285170824931642,0.9225083832259056
1.0,0.0284461755743918,0.9118134942159831
1.0,0.0284080241280438,0.9343386744593856
1.0,0.0283969349477224,0.9621000818315018
1.0,0.028406175621666,0.9113961093960447
1.0,0.0284291570944608,0.946369339218553
1.0,0.0284601506574849,0.8939162435474995
1.0,0.0284946321697035,0.9439965493773806
1.0,0.0285293547048062,0.9404486308229869
1.0,0.0285622441895654,0.9560816930365562
1.0,0.0285921974198677,0.9098088267166996
1.0,0.0286188431346832,0.9181087256922484
1.0,0.0286423081217564,0.9103953676284555
1.0,0.0286630138107133,0.9072768670227322
1.0,0.0286815155816675,0.8962620237502666
1.0,0.0286983873791304,0.9645057767245189
1.0,0.0287141479375437,0.9446625698222391
1.0,0.0287292214580508,0.9402440115685073
1.0,0.0287439242628273,0.9751520023905842
1.0,0.028758469129782,0.9547966450619856
1.0,0.0287729800907317,0.8946784158071531
1.0,0.0287875119908045,0.9584957524937091
1.0,0.0288020707138266,0.9780536348528435
1.0,0.0288166314546983,0.9679921236739344
1.0,0.0288311536421963,0.9544752744502218
1.0,0.0288455920375368,0.9813404269578205
1.0,0.0288599041615976,0.9481907293598513
1.0,0.028874054575216,0.9578447539481755
1.0,0.0288880167061332,0.9599215917005162
1.0,0.028901772939987,0.9592374867983428
1.0,0.0289153136235842,0.9597957138165708
1.0,0.0289286355099514,0.9427444256935802
1.0,0.0289417400390033,0.9600697728189598
1.0,0.0289546317174543,0.997079728352382
1.0,0.028967316749924,0.9967095394243769
1.0,0.0289798019861385,0.9587267672642211
1.0,0.0289920941875093,0.9743054418320156
1.0,0.0290041995777657,0.9872965607798383
1.0,0.02901612362248,0.9837849625012945
1.0,0.0290278709764837,0.9730008125994398
1.0,0.0290394455416738,0.949810345712478
1.0,0.0290508505866227,0.9620928751316195
1.0,0.0290620888906012,0.9793263449475049
1.0,0.0290731628859662,0.9867642586444619
1.0,0.0290840747829362,0.9420723977738785
1.0,0.0290948266689013,0.9546595494004719
1.0,0.0291054205803734,0.9353767047154149
1.0,0.0291158585496016,0.9601380249988124
1.0,0.0291261426300733,0.9572568579494627
1.0,0.0291362749059882,1.0021503113590162
1.0,0.0291462574907337,0.9670048607616384
1.0,0.0291560925187753,0.9729080436992881
1.0,0.0291657821344598,0.9599049904680026
1.0,0.029175328480272,0.9760721452588275
1.0,0.0291847336861788,0.9517044636937559
1.0,0.0291939998609436,0.9969694749493085
1.0,0.0292031290857404,0.9909886399859991
1.0,0.0292121234099838,0.9802762038794859
1.0,0.029220984849079,0.9459008306099191
1.0,0.0292297153836751,0.9503132002622127
1.0,0.0292383169599837,0.9509673028018643
1.0,0.0292467914907768,0.9437686316506281
1.0,0.0292551408567308,0.9834567752254939
1.0,0.0292633669078795,0.9884346754252804
1.0,0.0292714714650053,0.963650828609391
1.0,0.029279456320884,0.9870910309512658
1.0,0.0292873232413302,0.9965922829861892
1.0,0.0292950739660418,1.0424420476045055
1.0,0.0293027102092724,1.0194222418664598
1.0,0.0293102336603481,0.9566512260762023
1.0,0.0293176459840832,0.9952005488481249
1.0,0.0293249488211167,0.9481244240070712
1.0,0.0293321437882075,0.9963980812402584
1.0,0.0293392324785033,0.975706104911523
1.0,0.0293462164618119,0.976064946316223
1.0,0.0293530972848681,0.976418487334791
1.0,0.0293598764716196,0.976766806257255
1.0,0.0293665555235179,0.977109980217168
1.0,0.0293731359198233,0.97744808520886
1.0,0.029379619117915,0.977781196104353
1.0,0.02938600655361,0.978109386669978
1.0,0.0293922996414797,0.978432729582701
1.0,0.0293984997751702,0.978751296446182
1.0,0.0294046083277155,0.979065157806589
1.0,0.0294106266518515,0.979374383168174
1.0,0.0294165560803206,0.979679041008622
1.0,0.0294223979261723,0.979979198794182
1.0,0.0294281534830607,0.980274922994584
1.0,0.0294338240255292,0.980566279097737
1.0,0.0294394108093003,0.980853331624224
1.0,0.0294449150715492,0.981136144141585
1.0,0.029450338031181,0.981414779278397
1.0,0.0294556808890998,0.981689298738138
1.0,0.0294609448284724,0.981959763312861
1.0,0.029466131014992,0.98222623289666
1.0,0.0294712405971354,0.982488766498933
1.0,0.0294762747064132,0.982747422257455
1.0,0.029481234457627,0.983002257451256
1.0,0.0294861209491084,0.983253328513306
1.0,0.029490935262968,0.983500691043014
1.0,0.0294956784653309,0.983744399818539
1.0,0.0295003516065748,0.983984508808921
1.0,0.0295049557215628,0.984221071186036
1.0,0.0295094918298711,0.984454139336364
1.0,0.0295139609360162,0.984683764872596
1.0,0.0295183640296768,0.98490999864506
1.0,0.0295227020859132,0.985132890752981
1.0,0.0295269760653833,0.985352490555577
1.0,0.0295311869145549,0.985568846682989
1.0,0.0295353355659163,0.985782007047048
1.0,0.0295394229381811,0.985992018851889
1.0,0.0295434499364939,0.986198928604399
1.0,0.0295474174526285,0.986402782124521
1.0,0.0295513263651879,0.986603624555397
1.0,0.0295551775397964,0.986801500373366
1.0,0.0295589718292921,0.986996453397815
1.0,0.0295627100739162,0.987188526800883
1.0,0.0295663931014998,0.987377763117016
1.0,0.0295700217276442,0.987564204252393
1.0,0.0295735967559057,0.987747891494203
1.0,0.0295771189779701,0.987928865519787
1.0,0.0295805891738299,0.988107166405648
1.0,0.0295840081119556,0.988282833636325
1.0,0.0295873765494683,0.988455906113138
1.0,0.0295906952323042,0.988626422162799
1.0,0.0295939648953822,0.988794419545904
1.0,0.0295971862627658,0.988959935465293
1.0,0.029600360047823,0.989123006574287
1.0,0.0296034869533852,0.989283668984808
1.0,0.0296065676719028,0.989441958275374
1.0,0.0296096028855966,0.989597909498977
1.0,0.0296125932666125,0.989751557190847
1.0,0.0296155394771662,0.989902935376101
1.0,0.0296184421696934,0.990052077577275
1.0,0.0296213019869922,0.990199016821747
1.0,0.0296241195623663,0.990343785649057
1.0,0.0296268955197641,0.990486416118103
1.0,0.0296296304739188,0.990626939814251
1.0,0.0296323250304824,0.990765387856321
1.0,0.0296349797861628,0.990901790903483
1.0,0.0296375953288517,0.991036179162045
1.0,0.0296401722377582,0.991168582392142
1.0,0.0296427110835367,0.991299029914326
1.0,0.0296452124284114,0.991427550616061
1.0,0.029647676826303,0.991554172958117
1.0,0.0296501048229489,0.991678924980876
1.0,0.0296524969560268,0.991801834310538
1.0,0.0296548537552723,0.991922928165242
1.0,0.029657175742595,0.992042233361093
1.0,0.0296594634321978,0.992159776318096
1.0,0.0296617173306863,0.992275583066014
1.0,0.0296639379371841,0.992389679250126
1.0,0.0296661257434421,0.992502090136908
1.0,0.0296682812339477,0.992612840619631
1.0,0.0296704048860319,0.992721955223869
1.0,0.0296724971699749,0.992829458112935
1.0,0.0296745585491109,0.992935373093226
1.0,0.0296765894799307,0.993039723619502
1.0,0.0296785904121808,0.993142532800074
1.0,0.0296805617889657,0.993243823401924
1.0,0.0296825040468451,0.993343617855747
1.0,0.0296844176159297,0.993441938260917
1.0,0.029686302919977,0.993538806390381
1.0,0.029688160376486,0.993634243695483
1.0,0.0296899903967884,0.993728271310711
1.0,0.0296917933861405,0.993820910058379
1.0,0.0296935697438112,0.993912180453238
1.0,0.0296953198631742,0.994002102707019
1.0,0.0296970441317908,0.994090696732908
1.0,0.0296987429314988,0.994177982149955
1.0,0.0297004166384953,0.994263978287424
1.0,0.0297020656234215,0.994348704189066
1.0,0.0297036902514427,0.994432178617339
1.0,0.0297052908823314,0.994514420057568
1.0,0.0297068678705454,0.994595446722029
1.0,0.029708421565307,0.994675276553992
1.0,0.0297099523106801,0.994753927231685
1.0,0.029711460445647,0.994831416172216
1.0,0.0297129463041821,0.994907760535429
1.0,0.0297144102153277,0.994982977227699
1.0,0.0297158525032652,0.995057082905683
1.0,0.0297172734873876,0.995130093980002
1.0,0.0297186734823705,0.995202026618881
1.0,0.0297200527982409,0.995272896751725
1.0,0.0297214117404467,0.995342720072649
1.0,0.0297227506099247,0.995411512043951
1.0,0.029724069703166,0.99547928789954
1.0,0.0297253693122821,0.995546062648307
1.0,0.0297266497250706,0.995611851077446
1.0,0.0297279112250763,0.995676667755734
1.0,0.0297291540916587,0.995740527036756
1.0,0.0297303786000482,0.99580344306208
1.0,0.029731585021411,0.995865429764393
1.0,0.029732773622908,0.995926500870582
1.0,0.0297339446677534,0.995986669904779
1.0,0.0297350984152742,0.99604595019135
1.0,0.0297362351209665,0.996104354857852
1.0,0.0297373550365523,0.996161896837935
1.0,0.029738458410036,0.996218588874209
1.0,0.0297395454857579,0.996274443521065
1.0,0.0297406165044505,0.996329473147452
1.0,0.0297416717032895,0.996383689939624
1.0,0.0297427113159472,0.996437105903829
1.0,0.0297437355726446,0.996489732868976
1.0,0.0297447447002031,0.99654158248925
1.0,0.0297457389220921,0.996592666246693
1.0,0.0297467184584814,0.996642995453747
1.0,0.029747683526288,0.996692581255763
1.0,0.0297486343392253,0.996741434633461
1.0,0.0297495711078499,0.996789566405371
1.0,0.0297504940396081,0.99683698723022
1.0,0.0297514033388819,0.9968837076093
1.0,0.0297522992070351,0.996929737888788
1.0,0.0297531818424561,0.99697508826204
1.0,0.0297540514406043,0.997019768771848
1.0,0.0297549081940505,0.997063789312661
1.0,0.0297557522925227,0.997107159632782
1.0,0.0297565839229448,0.997149889336521
1.0,0.029757403269481,0.997191987886324
1.0,0.0297582105135745,0.997233464604871
1.0,0.0297590058339887,0.997274328677136
1.0,0.0297597894068462,0.997314589152424
1.0,0.0297605614056686,0.997354254946373
1.0,0.0297613220014141,0.997393334842931
1.0,0.0297620713625162,0.997431837496299
1.0,0.0297628096549196,0.997469771432848
1.0,0.0297635370421188,0.997507145053007
1.0,0.0297642536851921,0.997543966633125
1.0,0.0297649597428404,0.9975802443273
1.0,0.0297656553714185,0.997615986169189
1.0,0.0297663407249729,0.997651200073784
1.0,0.0297670159552752,0.997685893839166
1.0,0.0297676812118532,0.997720075148232
1.0,0.0297683366420276,0.997753751570397
1.0,0.0297689823909433,0.997786930563268
1.0,0.0297696186016001,0.997819619474297
1.0,0.0297702454148865,0.997851825542408
1.0,0.0297708629696094,0.997883555899601
1.0,0.0297714714025255,0.997914817572528
1.0,0.029772070848372,0.997945617484053
1.0,0.0297726614398952,0.997975962454784
1.0,0.0297732433078812,0.998005859204582
1.0,0.0297738165811841,0.998035314354049
1.0,0.0297743813867544,0.998064334425997
1.0,0.0297749378496677,0.99809292584689
1.0,0.0297754860931521,0.998121094948267
1.0,0.029776026238616,0.998148847968144
1.0,0.0297765584056733,0.998176191052399
0.0,-0.140322917287828,0.9937290929292556
0.0,-0.13334559874678,0.9734389399768518
0.0,-0.11318699877208,0.7810535211740869
0.0,-0.0872114030229469,0.6586843950279878
0.0,-0.0606688197231244,0.4849981592728178
0.0,-0.036883124818287,0.3708825785725961
0.0,-0.0175941582212302,0.2186452128487279
0.0,-0.0033553209029544,0.12069619925857779
0.0,0.0060809082555557,0.07209803386511872
0.0,0.0114300560150832,0.01576466050826733
0.0,0.0136143270312006,0.04659657039470236
0.0,0.0135762711602397,0.02618896656848997
0.0,0.0121607851592608,0.025053785045663204
0.0,0.0100533209046461,0.02582043321096386
0.0,0.0077601988268917,0.07819540575492046
0.0,0.0056173505878808,0.07060410435657641
0.0,0.0038156790019366,0.0968547296322635
0.0,0.0024337617642489,0.07618986308600319
0.0,0.0014712856818165,0.05021566844202219
0.0,0.0008790224362521,0.09714353691814538
0.0,0.0005831512892593,0.08778883294175711
0.0,0.0005032284021206,0.08351206373680234
0.0,0.0005641115544269,0.03529684402634341
0.0,0.0007027390672019,0.08543490039575886
0.0,0.0008709226798382,0.12878066260007254
0.0,0.0010353403557119,0.08611550271267027
0.0,0.0011757925073189,0.08341166286628182
0.0,0.0012825847050687,0.0670297904963744
0.0,0.0013536745938905,0.05312116399114564
0.0,0.0013920063076654,0.0728706556073086
0.0,0.0014032730927111,0.0982202727820043
0.0,0.0013942074001198,0.045383259969553544
0.0,0.001371398324054,0.07842013780649415
0.0,0.001340574611313,0.024156783697572112
0.0,0.0013062604405449,0.07249765490409539
0.0,0.0012717027751183,0.06724178282268437
0.0,0.0012389757247698,0.08117346766711009
0.0,0.0012091825295843,0.033192720433215694
0.0,0.0011826944860317,0.03977397658667078
0.0,0.0011593848412826,0.03033288148183106
0.0,0.0011388322001123,0.02548265419379034
0.0,0.0011204812162994,0.012738690114081866
0.0,0.0011037579787237,0.07926263338357256
0.0,0.0010881437858425,0.05771487358681249
0.0,0.0010732144689241,0.05161175558519644
0.0,0.0010586537377274,0.0848585697625133
0.0,0.0010442488458051,0.06286753559814587
0.0,0.0010298757923381,0.0011401677243567734
0.0,0.0010154797627374,0.06337511184363162
0.0,0.0010010549032655,0.08137697642683459
0.0,0.0009866260486662,0.06978509628298563
0.0,0.0009722337993685,0.05476262750307456
0.0,0.0009579234229309,0.08014597038827408
0.0,0.000943737426825,0.04553738154140048
0.0,0.0009297112781452,0.05375463914671424
0.0,0.000915871576668,0.05441615740369137
0.0,0.0009022359638678,0.052337620183380305
0.0,0.0008888141196485,0.051521844581612145
0.0,0.0008756093173012,0.033116608913484724
0.0,0.0008626201428391,0.049107750221689055
0.0,0.0008498421150926,0.08480296953800216
0.0,0.0008372690546101,0.08313726631036453
0.0,0.000824894136462,0.04387796574974904
0.0,0.0008127106236663,0.05819886464680277
0.0,0.0008007123165624,0.0699507250024957
0.0,0.0007888937732916,0.06521814452619698
0.0,0.000777250362386,0.0532310425681371
0.0,0.000765778204966,0.028855402716435455
0.0,0.0007544740551379,0.039970283900221455
0.0,0.0007433351559738,0.056053374283951136
0.0,0.0007323590971298,0.06235792156154886
0.0,0.0007215436900753,0.016549453094591625
0.0,0.0007108868687879,0.028036504499871565
0.0,0.0007003866178078,0.007669819063337122
0.0,0.0006900409256266,0.03136331419232668
0.0,0.0006798477591914,0.027430097978751393
0.0,0.0006698050544361,0.07128704291439744
0.0,0.000659910717808,0.03512039345175509
0.0,0.0006501626343847,0.04001746010446889
0.0,0.0006405586790728,0.026023149995239546
0.0,0.0006310967283566,0.04121368779519058
0.0,0.0006217746709591,0.0158838130743406
0.0,0.0006125904165291,0.06020084226598609
0.0,0.0006035419020346,0.05328602676654835
0.0,0.0005946270959339,0.0416534051653763
0.0,0.0005858440004308,0.0063714379569387095
0.0,0.0005771906522262,0.009890604682887202
0.0,0.0005686651222003,0.009664697663200515
0.0,0.0005602655144217,0.0015990155358328074
0.0,0.0005519899648056,0.04043295476438377
0.0,0.0005438366396657,0.044569268095148065
0.0,0.0005358037343236,0.018956265506138447
0.0,0.0005278894718707,0.041579559529500515
0.0,0.000520092102126,0.05027596976649104
0.0,0.0005124099007924,0.09533278084607011
0.0,0.0005048411687922,0.07153173420358085
0.0,0.0004973842317486,0.007991017117469391
0.0,0.0004900374395771,0.045782007737663465
0.0,0.0004827991661501,-0.0020412480524198244
0.0,0.000475667809007,0.045496313977946186
0.0,0.0004686417890856,0.0240791151833213
0.0,0.0004617195504576,0.0237234462598338
0.0,0.0004548995600602,0.0233730308622431
0.0,0.0004481803074177,0.0230277913926853
0.0,0.0004415603043507,0.0226876513995488
0.0,0.0004350380846755,0.0223525355603741
0.0,0.0004286122038957,0.0220223696650823
0.0,0.0004222812388874,0.0216970805995093
0.0,0.0004160437875843,0.0213765963292239
0.0,0.0004098984686616,0.0210608458836091
0.0,0.0004038439212231,0.0207497593401896
0.0,0.000397878804493,0.020443267809194
0.0,0.0003920017975114,0.0201413034183405
0.0,0.0003862115988369,0.0198437992978412
0.0,0.000380506926254,0.019550689565619
0.0,0.0003748865164858,0.0192619093127353
0.0,0.000369349124913,0.0189773945890262
0.0,0.0003638935252977,0.0186970823889446
0.0,0.0003585185095109,0.0184209106376082
0.0,0.0003532228872664,0.0181488181770512
0.0,0.0003480054858567,0.0178807447526766
0.0,0.0003428651498949,0.0176166309999101
0.0,0.0003378007410584,0.017356418431049
0.0,0.0003328111378383,0.017100049422308
0.0,0.0003278952352908,0.0168474672010556
0.0,0.0003230519447933,0.01659861583324
0.0,0.0003182801938029,0.0163534402110022
0.0,0.0003135789256195,0.0161118860404711
0.0,0.0003089470991514,0.0158738998297405
0.0,0.0003043836886852,0.0156394288770236
0.0,0.0002998876836584,0.0154084212589822
0.0,0.0002954580884353,0.0151808258192287
0.0,0.0002910939220869,0.0149565921569982
0.0,0.0002867942181733,0.0147356706159873
0.0,0.0002825580245297,0.0145180122733581
0.0,0.0002783844030559,0.0143035689289042
0.0,0.000274272429508,0.0140922930943775
0.0,0.0002702211932939,0.0138841379829715
0.0,0.0002662297972718,0.0136790574989607
0.0,0.0002622973575515,0.0134770062274924
0.0,0.0002584230032984,0.0132779394245303
0.0,0.0002546058765409,0.0130818130069452
0.0,0.0002508451319805,0.0128885835427533
0.0,0.0002471399368043,0.012698208241498
0.0,0.0002434894705009,0.0125106449447741
0.0,0.0002398929246783,0.0123258521168916
0.0,0.0002363495028854,0.0121437888356781
0.0,0.0002328584204353,0.0119644147834161
0.0,0.0002294189042315,0.0117876902379152
0.0,0.0002260301925967,0.0116135760637151
0.0,0.0002226915351045,0.0114420337034197
0.0,0.0002194021924128,0.0112730251691582
0.0,0.0002161614361003,0.0111065130341726
0.0,0.0002129685485048,0.0109424604245302
0.0,0.0002098228225648,0.0107808310109573
0.0,0.0002067235616628,0.0106215890007945
0.0,0.0002036700794708,0.0104646991300703
0.0,0.0002006616997984,0.0103101266556917
0.0,0.0001976977564432,0.0101578373477509
0.0,0.0001947775930431,0.0100077974819448
0.0,0.0001919005629311,0.0098599738321067
0.0,0.000189066028992,0.0097143336628488
0.0,0.0001862733635212,0.0095708447223125
0.0,0.0001835219480861,0.0094294752350264
0.0,0.0001808111733886,0.00929019389487
0.0,0.0001781404391307,0.0091529698581406
0.0,0.000175509153881,0.0090177727367231
0.0,0.0001729167349443,0.0088845725913608
0.0,0.0001703626082323,0.0087533399250248
0.0,0.0001678462081362,0.0086240456763827
0.0,0.0001653669774021,0.0084966612133625
0.0,0.0001629243670069,0.008371158326812
0.0,0.0001605178360372,0.0082475092242523
0.0,0.0001581468515694,0.008125686523723
0.0,0.0001558108885514,0.0080056632477181
0.0,0.0001535094296867,0.0078874128172126
0.0,0.0001512419653199,0.007770909045776
0.0,0.0001490079933233,0.0076561261337738
0.0,0.0001468070189863,0.0075430386626537
0.0,0.0001446385549054,0.0074316215893172
0.0,0.0001425021208766,0.0073218502405734
0.0,0.000140397243789,0.0072137003076754
0.0,0.0001383234575196,0.0071071478409371
0.0,0.000136280302831,0.0070021692444296
0.0,0.0001342673272685,0.0068987412707558
0.0,0.0001322840850609,0.0067968410159024
0.0,0.0001303301370214,0.0066964459141678
0.0,0.0001284050504504,0.0065975337331648
0.0,0.0001265083990394,0.0065000825688976
0.0,0.000124639762777,0.0064040708409108
0.0,0.0001227987278558,0.0063094772875108
0.0,0.0001209848865805,0.0062162809610571
0.0,0.000119197837278,0.0061244612233236
0.0,0.0001174371842082,0.0060339977409283
0.0,0.0001157025374762,0.0059448704808306
0.0,0.0001139935129465,0.0058570597058947
0.0,0.0001123097321573,0.0057705459705192
0.0,0.0001106508222374,0.0056853101163306
0.0,0.0001090164158227,0.0056013332679408
0.0,0.0001074061509759,0.0055185968287673
0.0,0.0001058196711055,0.0054370824769146
0.0,0.0001042566248872,0.0053567721611176
0.0,0.0001027166661862,0.0052776480967432
0.0,0.0001011994539802,0.0051996927618527
0.0,9.97046522842673e-05,0.0051228888933212
0.0,9.82319300760898e-05,0.0050472194830147
0.0,9.67809612229809e-05,0.0049726677740239
0.0,9.53514244094525e-05,0.0048992172569531
0.0,9.3943003066109e-05,0.0048268516662646
0.0,9.25553852995642e-05,0.0047555549766762
0.0,9.11882638233441e-05,0.0046853113996128
0.0,8.98413358898925e-05,0.00461610537971
0.0,8.8514303223465e-05,0.0045479215913693
0.0,8.72068719540917e-05,0.0044807449353642
0.0,8.59187525525523e-05,0.0044145605354966
0.0,8.46496597661714e-05,0.0043493537353025
0.0,8.33993125557361e-05,0.0042851100948062
0.0,8.21674340331924e-05,0.0042218153873229
0.0,8.09537514003741e-05,0.0041594555963077
0.0,7.97579958885727e-05,0.0040980169122521
0.0,7.85799026990081e-05,0.0040374857296258
0.0,7.74192109442226e-05,0.0039778486438635
0.0,7.62756635902667e-05,0.0039190924483969
0.0,7.51490073998273e-05,0.0038612041317298
0.0,7.40389928760923e-05,0.0038041708745569
0.0,7.29453742075448e-05,0.0037479800469249
0.0,7.18679092135133e-05,0.0036926192054354
0.0,7.08063592905275e-05,0.0036380760904899
0.0,6.97604893595133e-05,0.0035843386235742
0.0,6.87300678136951e-05,0.0035313949045843
0.0,6.77148664673249e-05,0.0034792332091906
0.0,6.67146605051669e-05,0.0034278419862419
0.0,6.57292284326899e-05,0.0033772098552072
0.0,6.47583520270167e-05,0.0033273256036557
0.0,6.38018162886222e-05,0.0032781781847736
0.0,6.28594093936841e-05,0.0032297567149181
0.0,6.19309226472312e-05,0.0031820504712066
0.0,6.10161504368545e-05,0.0031350488891431
0.0,6.01148901872434e-05,0.0030887415602778
0.0,5.92269423152769e-05,0.0030431182299026
0.0,5.83521101858789e-05,0.0029981687947802
0.0,5.74902000683927e-05,0.0029538833009066
0.0,5.66410210937549e-05,0.0029102519413069
0.0,5.58043852122159e-05,0.0028672650538636
0.0,5.49801071516379e-05,0.0028249131191767
0.0,5.41680043765549e-05,0.0027831867584559
0.0,5.3367897047657e-05,0.0027420767314436
0.0,5.25796079820541e-05,0.0027015739343687
0.0,5.18029626139817e-05,0.0026616693979304
0.0,5.10377889561611e-05,0.0026223542853121
0.0,5.02839175616984e-05,0.0025836198902244
0.0,4.95411814866037e-05,0.0025454576349773
0.0,4.88094162527548e-05,0.0025078590685805
0.0,4.80884598115482e-05,0.002470815864872
0.0,4.7378152507941e-05,0.0024343198206743
0.0,4.66783370451536e-05,0.0023983628539776
0.0,4.59888584498046e-05,0.0023629370021505
0.0,4.53095640376017e-05,0.0023280344201763
0.0,4.46403033795353e-05,0.0022936473789157
0.0,4.39809282685374e-05,0.0022597682633956
0.0,4.33312926867192e-05,0.0022263895711223
0.0,4.26912527729736e-05,0.0021935039104204
0.0,4.20606667911466e-05,0.0021611039987957
0.0,4.14393950986559e-05,0.0021291826613228
0.0,4.08273001155611e-05,0.0020977328290559
0.0,4.02242462940773e-05,0.0020667475374635
0.0,3.9630100088589e-05,0.0020362199248861
0.0,3.9044729926066e-05,0.0020061432310169
0.0,3.8468006176906e-05,0.0019765107954044
0.0,3.789980112626e-05,0.0019473160559776
0.0,3.73399889457317e-05,0.0019185525475931
0.0,3.67884456655247e-05,0.0018902139006028
0.0,3.6245049146965e-05,0.0018622938394439
0.0,3.57096790554838e-05,0.0018347861812489
0.0,3.51822168339448e-05,0.0018076848344767
0.0,3.46625456764116e-05,0.0017809837975631
0.0,3.41505505022689e-05,0.0017546771575923
0.0,3.36461179307329e-05,0.0017287590889872
0.0,3.31491362557564e-05,0.0017032238522195
0.0,3.26594954212812e-05,0.0016780657925385
0.0,3.21770869968763e-05,0.001653279338719
0.0,3.17018041537109e-05,0.0016288590018274
0.0,3.12335416409147e-05,0.0016047993740066
0.0,3.07721957622589e-05,0.0015810951272779
0.0,3.03176643531959e-05,0.0015577410123613
0.0,2.98698467582278e-05,0.0015347318575133
0.0,2.94286438086398e-05,0.0015120625673813
0.0,2.8993957800514e-05,0.0014897281218755
0.0,2.85656924730975e-05,0.0014677235750569
0.0,2.81437529874966e-05,0.0014460440540424
0.0,2.77280459056659e-05,0.0014246847579255
0.0,2.73184791697231e-05,0.001403640956713
0.0,2.69149620815562e-05,0.0013829079902778
0.0,2.65174052827399e-05,0.0013624812673268
0.0,2.61257207347463e-05,0.0013423562643843
0.0,2.57398216994553e-05,0.00132252852479
0.0,2.53596227199442e-05,0.0013029936577124
0.0,2.49850396015563e-05,0.0012837473371762
0.0,2.46159893932656e-05,0.0012647853011045
0.0,2.42523903692983e-05,0.0012461033503748
3.5527136788005e-13,2.3894162071476e-05,0.0012276973478892
1.0,0.170123541224987,0.0012095632176788
1.0,0.163146391522139,0.0586684869439463
1.0,0.142987957891759,0.192672965879498
1.0,0.1170125260299,0.358669130238086
1.0,0.0904701041965997,0.525266121823236
1.0,0.0666845683732873,0.672913333358846
1.0,0.0473957585079873,0.791694359413493
1.0,0.0331570756064069,0.878830977257246
1.0,0.0237209985837264,0.936299232908982
1.0,0.0183720007128534,0.968794000802737
1.0,0.0161878773714077,0.982147911086089
1.0,0.01622607873576,0.982217190830984
1.0,0.0176417080810691,0.974187576018309
1.0,0.0197493135626968,0.962222081047827
1.0,0.0220425747814212,0.949362098416091
1.0,0.0241855601061722,0.93759725890806
1.0,0.0259873667529839,0.928031832854244
1.0,0.0273694170565757,0.921091565743229
1.0,0.0283320242394161,0.916731403680199
1.0,0.0289244166489241,0.914619467526098
1.0,0.0292204150519998,0.914284764926752
1.0,0.0293004633155411,0.915225119980625
1.0,0.0292397036877218,0.916977790714743
1.0,0.0291011978748725,0.919158672542186
1.0,0.0289331341645508,0.921477422849085
1.0,0.0287688346199331,0.92373587529259
1.0,0.0286284988546834,0.925816271027044
1.0,0.0285218213241655,0.927664548344164
1.0,0.0284508444088435,0.929272521183426
1.0,0.028412623999854,0.930661453280286
1.0,0.0284014668755277,0.931868420094756
1.0,0.028410640609057,0.932935996168863
1.0,0.028433556130204,0.933905212450932
1.0,0.0284644847157423,0.934811366593196
1.0,0.0284989022102478,0.935682093689219
1.0,0.0285335616732327,0.936537065321701
1.0,0.0285663890175032,0.937388734180189
1.0,0.0285962810251845,0.938243640333124
1.0,0.0286228664216888,0.93910391317594
1.0,0.0286462719814036,0.93996871907478
1.0,0.0286669191207942,0.940835505948383
1.0,0.0286853632070088,0.941700976243091
1.0,0.0287021781717849,0.942561777546697
1.0,0.0287178827369778,0.943414937203817
1.0,0.0287329010913326,0.944258087241881
1.0,0.0287475495448073,0.945089532875321
1.0,0.0287620408632749,0.945908215941055
1.0,0.0287764990666941,0.946713617422218
1.0,0.0287909789885099,0.947505633585662
1.0,0.0288054865010379,0.948284450243112
1.0,0.0288199967878378,0.949050430563626
1.0,0.0288344692665135,0.949804024424568
1.0,0.0288488586872728,0.950545701737042
1.0,0.0288631225601488,0.95127590845227
1.0,0.0288772254352931,0.951995041792595
1.0,0.0288911407299199,0.952703440313194
1.0,0.0289048508192946,0.953401384332879
1.0,0.0289183460400064,0.954089102752374
1.0,0.0289316231350134,0.954766783042125
1.0,0.0289446835343112,0.955434582032038
1.0,0.0289575317348421,0.956092635940206
1.0,0.0289701739315975,0.956741068759794
1.0,0.0289826169648173,0.957379998649582
1.0,0.028994867586567,0.958009542341711
1.0,0.0290069320113691,0.958629817806974
1.0,0.0290188156957236,0.959240945530583
1.0,0.0290305232855241,0.95984304877993
1.0,0.0290420586738622,0.960436253218955
1.0,0.0290534251206345,0.961020686165544
1.0,0.0290646253965636,0.961596475717614
1.0,0.0290756619255861,0.962163749903201
1.0,0.0290865369096232,0.96272263594808
1.0,0.0290972524278907,0.963273259705152
1.0,0.0291078105088463,0.963815745254062
1.0,0.0291182131768057,0.964350214656351
1.0,0.0291284624774384,0.96487678783877
1.0,0.0291385604872423,0.965395582572738
1.0,0.0291485093120156,0.965906714518787
1.0,0.0291583110787481,0.966410297308997
1.0,0.0291679679244217,0.966906442646219
1.0,0.0291774819842638,0.96739526040488
1.0,0.0291868553810912,0.967876858723744
1.0,0.0291960902166246,0.968351344085534
1.0,0.0292051885650966,0.968818821381762
1.0,0.0292141524690845,0.969279393963438
1.0,0.0292229839372575,0.96973316367966
1.0,0.0292316849436269,0.970180230906748
1.0,0.0292402574278658,0.970620694570606
1.0,0.029248703296304,0.971054652164751
1.0,0.0292570244232706,0.971482199765998
1.0,0.0292652226525447,0.971903432049249
1.0,0.0292732997987493,0.972318442302381
1.0,0.0292812576485895,0.972727322441789
1.0,0.0292890979618985,0.973130163028818
1.0,0.0292968224724839,0.973527053287101
1.0,0.0293044328887924,0.973918081120656
1.0,0.0293119308944316,0.974303333132548
1.0,0.0293193181485811,0.974682894643892
1.0,0.0293265962863281,0.975056849712969
1.0,0.0293337669189611,0.975425281154301
1.0,0.0293408316342405,0.975788270557526
1.0,0.0293477919966632,0.976145898306004
1.0,0.0293546495477348,0.97649824359508
1.0,0.0293614058062481,0.976845384449991
1.0,0.0293680622685779,0.977187397743407
1.0,0.029374620408982,0.977524359212629
1.0,0.0293810816799109,0.977856343476448
1.0,0.0293874475123257,0.978183424051704
1.0,0.0293937193160145,0.978505673369557
1.0,0.0293998984799086,0.97882316279149
1.0,0.0294059863723999,0.979135962625074
1.0,0.029411984341648,0.979444142139486
1.0,0.0294178937158882,0.979747769580811
1.0,0.0294237158037294,0.980046912187117
1.0,0.0294294518944489,0.980341636203323
1.0,0.0294351032582811,0.980632006895847
1.0,0.0294406711467001,0.980918088567055
1.0,0.0294461567926976,0.981199944569493
1.0,0.029451561411056,0.981477637319917
1.0,0.0294568861986169,0.981751228313117
1.0,0.0294621323345465,0.982020778135536
1.0,0.0294673009805955,0.982286346478698
1.0,0.0294723932813548,0.982547992152421
1.0,0.0294774103645106,0.98280577309785
1.0,0.0294823533410915,0.98305974640029
1.0,0.0294872233057164,0.983309968301845
1.0,0.0294920213368344,0.983556494213877
1.0,0.0294967484969657,0.983799378729278
1.0,0.0295014058329357,0.984038675634558
1.0,0.0295059943761067,0.984274437921754
1.0,0.0295105151426074,0.98450671780017
1.0,0.0295149691335563,0.984735566707934
1.0,0.029519357335285,0.984961035323391
1.0,0.0295236807195558,0.985183173576323
1.0,0.0295279402437774,0.985402030659007
1.0,0.0295321368512171,0.985617655037109
1.0,0.0295362714712089,0.985830094460415
1.0,0.0295403450193592,0.986039395973409
1.0,0.0295443583977517,0.986245605925685
1.0,0.0295483124951441,0.986448769982215
1.0,0.0295522081871669,0.98664893313346
1.0,0.0295560463365172,0.986846139705335
1.0,0.029559827793149,0.987040433369023
1.0,0.0295635533944618,0.987231857150645
1.0,0.0295672239654861,0.987420453440792
1.0,0.0295708403190655,0.98760626400391
1.0,0.0295744032560381,0.987789329987546
1.0,0.0295779135654117,0.987969691931467
1.0,0.0295813720245417,0.98814738977663
1.0,0.0295847793992992,0.988322462874031
1.0,0.0295881364442436,0.988494949993419
1.0,0.02959144390279,0.988664889331881
1.0,0.0295947025073704,0.9888323185223
1.0,0.0295979129795998,0.98899727464169
1.0,0.0296010760304335,0.989159794219406
1.0,0.0296041923603263,0.989319913245233
1.0,0.0296072626593853,0.989477667177357
1.0,0.029610287607525,0.989633090950216
1.0,0.0296132678746179,0.989786218982238
1.0,0.0296162041206396,0.989937085183459
1.0,0.0296190969958197,0.990085722963038
1.0,0.0296219471407817,0.99023216523665
1.0,0.0296247551866873,0.99037644443378
1.0,0.0296275217553752,0.9905185925049
1.0,0.0296302474594989,0.990658640928547
1.0,0.029632932902663,0.990796620718294
1.0,0.0296355786795559,0.990932562429616
1.0,0.0296381853760821,0.99106649616666
1.0,0.0296407535694914,0.991198451588906
1.0,0.0296432838285074,0.991328457917741
1.0,0.0296457767134537,0.991456543942927
1.0,0.0296482327763765,0.991582738028975
1.0,0.0296506525611691,0.99170706812143
1.0,0.0296530366036893,0.991829561753057
1.0,0.0296553854318811,0.991950246049938
1.0,0.0296576995658904,0.992069147737482
1.0,0.0296599795181791,0.992186293146338
1.0,0.0296622257936401,0.992301708218231
1.0,0.0296644388897092,0.992415418511705
1.0,0.0296666192964736,0.992527449207782
1.0,0.0296687674967828,0.992637825115538
1.0,0.0296708839663524,0.992746570677599
1.0,0.0296729691738733,0.992853709975553
1.0,0.0296750235811118,0.992959266735281
1.0,0.0296770476430146,0.993063264332215
1.0,0.0296790418078079,0.993165725796511
1.0,0.0296810065170972,0.993266673818148
1.0,0.029682942205965,0.993366130751959
1.0,0.0296848493030679,0.993464118622574
1.0,0.0296867282307307,0.9935606591293
1.0,0.0296885794050397,0.993655773650929
1.0,0.0296904032359351,0.993749483250469
1.0,0.0296922001273028,0.993841808679811
1.0,0.029693970477062,0.993932770384322
1.0,0.0296957146772552,0.994022388507371
1.0,0.0296974331141333,0.994110682894797
1.0,0.0296991261682424,0.994197673099297
1.0,0.029700794214508,0.994283378384757
1.0,0.0297024376223163,0.99436781773052
1.0,0.0297040567555984,0.994451009835589
1.0,0.02970565197291,0.994532973122766
1.0,0.02970722362751,0.994613725742732
1.0,0.0297087720674398,0.994693285578068
1.0,0.0297102976355992,0.994771670247214
1.0,0.0297118006698247,0.99484889710837
1.0,0.0297132815029608,0.994924983263341
1.0,0.0297147404629361,0.994999945561325
1.0,0.0297161778728365,0.995073800602641
1.0,0.0297175940509746,0.995146564742409
1.0,0.0297189893109615,0.99521825409417
1.0,0.0297203639617758,0.995288884533452
1.0,0.0297217183078327,0.995358471701291
1.0,0.0297230526490506,0.99542703100769
1.0,0.0297243672809182,0.995494577635033
1.0,0.0297256624945588,0.995561126541448
1.0,0.0297269385767962,0.99562669246412
1.0,0.0297281958102176,0.99569128992255
1.0,0.0297294344732362,0.995754933221777
1.0,0.0297306548401521,0.99581763645554
1.0,0.0297318571812144,0.995879413509402
1.0,0.0297330417626804,0.995940278063827
1.0,0.0297342088468744,0.996000243597204
1.0,0.0297353586922455,0.996059323388836
1.0,0.0297364915534264,0.996117530521878
1.0,0.0297376076812874,0.996174877886238
1.0,0.0297387073229942,0.996231378181429
1.0,0.0297397907220607,0.996287043919378
1.0,0.0297408581184053,0.996341887427205
1.0,0.0297419097484013,0.996395920849944
1.0,0.029742945844931,0.996449156153239
1.0,0.0297439666374368,0.99650160512599
1.0,0.0297449723519725,0.996553279382966
1.0,0.029745963211252,0.996604190367376
1.0,0.0297469394347003,0.996654349353402
1.0,0.0297479012385011,0.996703767448698
1.0,0.0297488488356443,0.996752455596847
1.0,0.0297497824359749,0.996800424579788
1.0,0.0297507022462375,0.9968476850202
1.0,0.029751608470123,0.996894247383856
1.0,0.029752501308314,0.996940121981942
1.0,0.029753380958528,0.996985318973339
1.0,0.0297542476155628,0.997029848366871
1.0,0.0297551014713389,0.997073720023524
1.0,0.0297559427149416,0.997116943658629
1.0,0.0297567715326632,0.997159528844015
1.0,0.0297575881080447,0.997201485010124
1.0,0.029758392621916,0.997242821448104
1.0,0.0297591852524357,0.997283547311865
1.0,0.0297599661751309,0.997323671620106
1.0,0.0297607355629359,0.99736320325831
1.0,0.0297614935862311,0.997402150980718
1.0,0.0297622404128801,0.997440523412259
1.0,0.0297629762082658,0.997478329050469
1.0,0.0297637011353307,0.997515576267364
1.0,0.0297644153546088,0.9975522733113
1.0,0.0297651190242625,0.997588428308799
1.0,0.0297658123001192,0.997624049266345
1.0,0.029766495335704,0.997659144072162
1.0,0.0297671682822744,0.997693720497956
1.0,0.0297678312888536,0.99772778620064
1.0,0.0297684845022639,0.997761348724026
1.0,0.0297691280671581,0.9977944155005
1.0,0.0297697621260542,0.997826993852663
1.0,0.0297703868193626,0.997859090994956
1.0,0.0297710022854214,0.997890714035258
1.0,0.0297716086605249,0.997921869976455
1.0,0.0297722060789543,0.997952565717998
1.0,0.0297727946730073,0.997982808057425
1.0,0.0297733745730278,0.99801260369187
1.0,0.0297739459074333,0.998041959219544
1.0,0.029774508802745,0.998070881141198
1.0,0.029775063383616,0.99809937586156
1.0,0.0297756097728576,0.998127449690754
1.0,0.0297761480914676,0.998155108845699
1.0,0.0297766784586548,0.998182359451487
1.0,0.02977720099187,0.998209207542733
1.0,0.0297777158068264,0.99823565906492
1.0,0.0297782230175294,0.998261719875708
1.0,0.0297787227363009,0.998287395746236
1.0,0.0297792150738021,0.998312692362397
1.0,0.0297797001390614,0.9983376153261
1.0,0.029780178039496,0.998362170156509
1.0,0.029780648880936,0.998386362291263
1.0,0.0297811127676488,0.998410197087686
1.0,0.0297815698023622,0.998433679823967
1.0,0.0297820200862851,0.998456815700333
1.0,0.0297824637191328,0.998479609840198
1.0,0.0297829007991477,0.998502067291301
1.0,0.0297833314231208,0.99852419302682
1.0,0.0297837556864124,0.998545991946474
1.0,0.0297841736829754,0.998567468877613
1.0,0.0297845855053753,0.998588628576278
1.0,0.0297849912448092,0.998609475728262
1.0,0.0297853909911279,0.998630014950144
1.0,0.0297857848328547,0.998650250790314
1.0,0.0297861728572051,0.998670187729976
1.0,0.0297865551501075,0.998689830184143
1.0,0.0297869317962194,0.998709182502617
1.0,0.0297873028789493,0.998728248970946
1.0,0.0297876684804728,0.998747033811381
1.0,0.0297880286817516,0.998765541183803
1.0,0.0297883835625528,0.998783775186651
1.0,0.0297887332014635,0.998801739857824
1.0,0.0297890776759113,0.99881943917558
1.0,0.0297894170621795,0.998836877059414
1.0,0.0297897514354251,0.998854057370925
1.0,0.0297900808696947,0.998870983914677
1.0,0.0297904054379403,0.998887660439033
1.0,0.0297907252120384,0.998904090636991
1.0,0.0297910402628019,0.998920278147003
1.0,0.0297913506599987,0.998936226553774
1.0,0.0297916564723655,0.998951939389061
1.0,0.0297919577676249,0.998967420132456
1.0,0.0297922546124976,0.998982672212151
1.0,0.0297925470727203,0.998997699005704
1.0,0.0297928352130574,0.999012503840782
1.0,0.029793119097318,0.9990270899959
1.0,0.0297933987883672,0.999041460701145
1.0,0.0297936743481426,0.999055619138896
1.0,0.0297939458376666,0.999069568444522
0.0,-0.14030578668294,0.9946092743802116
0.0,-0.133328721175443,0.9743061204018738
0.0,-0.113170370496775,0.7819078926093469
0.0,-0.0871950203613598,0.6595261466731188
0.0,-0.0606526790473323,0.4858274775328148
0.0,-0.0368672225539546,0.3716996470990931
0.0,-0.0175784908468184,0.2194502125806709
0.0,-0.0033398849489398,0.12148930846228878
0.0,0.0060961162074486,0.07287942817377661
0.0,0.0114450393326386,0.01653451296079983
0.0,0.0136290890324583,0.04735505147410556
0.0,0.0135908151142288,0.02693624423958157
0.0,0.0121751142867242,0.025790024792278203
0.0,0.0100674383787538,0.026545798072600657
0.0,0.0077741077739432,0.07891005636284606
0.0,0.0056310540879973,0.0713081989693977
0.0,0.0038291800897437,0.09754842417097391
0.0,0.0024470634295475,0.07687331116851089
0.0,0.0014843908702462,0.05088902141716868
0.0,0.0008919340499429,0.09780694389922129
0.0,0.000595872187474,0.08844244083952352
0.0,0.0005157614018884,0.08415601729202384
0.0,0.0005764594311673,0.03593128584184091
0.0,0.0007149045553388,0.08605997096798877
0.0,0.0008829084734057,0.12939650035023953
0.0,0.0010471491089509,0.08672224401738067
0.0,0.0011874268352654,0.08400944208774362
0.0,0.001294047184132,0.0676187400121519
0.0,0.0013649677624243,0.053701414223474436
0.0,0.0014031326665296,0.0734423350519774
0.0,0.001414235105826,0.09878350803681
0.0,0.0014050074950111,0.04593817576233655
0.0,0.0013820388923914,0.07896685702275856
0.0,0.0013510580094391,0.0246954274076992
0.0,0.0013165889899965,0.07302834239015449
0.0,0.0012818787631415,0.06776463160484746
0.0,0.0012490014048263,0.08168859352967649
0.0,0.0012190601218502,0.03370023745025259
0.0,0.001192426177889,0.04027399714727468
0.0,0.0011689727878043,0.03082551631501626
0.0,0.0011482785245386,0.02596801239300984
0.0,0.0011297880105087,0.013216879161385864
0.0,0.0011129273036956,0.07973375917341016
0.0,0.0010971776721141,0.058179040449482286
0.0,0.0010821149170399,0.05206906630995004
0.0,0.0010674227186818,0.0853091256203179
0.0,0.0010528883014796,0.06331143636411068
0.0,0.0010383876359307,0.0015775116998280742
0.0,0.001023865879187,0.06380599587796151
0.0,0.0010093171496684,0.08180149593882807
0.0,0.0009947662546879,0.07020334528203132
0.0,0.0009802537676489,0.05517469860996256
0.0,0.0009658249294834,0.08055195485570676
0.0,0.0009515222214298,0.04593736927420098
0.0,0.0009373810847363,0.05414871872173473
0.0,0.000923428093716,0.05480441608942927
0.0,0.0009096808647554,0.0527201439593031
0.0,0.000896149053041,0.051898718157197744
0.0,0.0008828359075114,0.033487915746980325
0.0,0.0008697399901876,0.049473572538592955
0.0,0.0008568567962623,0.08516338834927206
0.0,0.0008441801229944,0.08349236143035793
0.0,0.0008317031225095,0.044227815813897536
0.0,0.0008194190352195,0.058543547129026166
0.0,0.0008073216391922,0.0702903162323581
0.0,0.0007954054706251,0.06555271970581039
0.0,0.0007836658764315,0.0535606757888145
0.0,0.0007720989564323,0.029180166975098253
0.0,0.0007607014437486,0.040290251115564855
0.0,0.0007494705607774,0.05636861531237014
0.0,0.0007384038768051,0.06266850621282946
0.0,0.0007274991832321,0.016855450147370422
0.0,0.0007167543942638,0.028337981716865968
0.0,0.0007061674749601,0.00796684320635202
0.0,0.0006957363946198,0.03165595103703848
0.0,0.000685459101281,0.027718412329273995
0.0,0.0006753335122476,0.07157109861763314
0.0,0.0006653575156128,0.035400253411533196
0.0,0.00065552897837,0.040293186295475895
0.0,0.0006458457576098,0.026294803476743546
0.0,0.000636305712263,0.04148132872456218
0.0,0.000626906713759,0.016147500720375095
0.0,0.0006176466547078,0.06046063502202869
0.0,0.0006085234552904,0.05354198216342486
0.0,0.0005995350674266,0.0419055798841336
0.0,0.0005906794770253,0.006619887841396509
0.0,0.0005819547047336,0.010135384752004702
0.0,0.0005733588056148,0.009905862123260115
0.0,0.0005648898681546,0.0018366177924444074
0.0,0.0005565460129151,0.04066704743431097
0.0,0.0005483253910836,0.044799903017960364
0.0,0.0005402261830791,0.019183493755691044
0.0,0.0005322465973103,0.041803431425244425
0.0,0.0005243848691304,0.050496534884616334
0.0,0.0005166392599903,0.09555008803048451
0.0,0.0005090080567706,0.07174583157672615
0.0,0.0005014895712604,0.00820195209097829
0.0,0.0004940821397453,0.045989827022858365
0.0,0.0004867841226691,-0.0018364984341821267
0.0,0.0004795939043413,0.04569803927080908
0.0,0.0004725098926646,0.0242778608226581
0.0,0.0004655305188687,0.0239192562576521
0.0,0.0004586542372383,0.023565948580456
0.0,0.0004518795248321,0.0232178595527135
0.0,0.000445204881189,0.0228749120917816
0.0,0.0004386288280254,0.0225370302534901
0.0,0.0004321499089232,0.0222041392152324
0.0,0.0004257666890137,0.0218761652593645
0.0,0.0004194777546586,0.0215530357568892
0.0,0.000413281713132,0.0212346791514055
0.0,0.0004071771923056,0.0209210249433071
0.0,0.0004011628403368,0.0206120036742158
0.0,0.0003952373253628,0.020307546911642
0.0,0.0003893993352001,0.0200075872338649
0.0,0.0003836475770497,0.0197120582150267
0.0,0.0003779807772076,0.0194208944104407
0.0,0.0003723976807819,0.0191340313421078
0.0,0.0003668970514128,0.0188514054844426
0.0,0.000361477671,0.0185729542502059
0.0,0.0003561383394326,0.0182986159766425
0.0,0.0003508778743237,0.0180283299118231
0.0,0.00034569511075,0.017762036201186
0.0,0.0003405889009935,0.0174996758742796
0.0,0.0003355581142883,0.0172411908316996
0.0,0.0003306016365708,0.0169865238322213
0.0,0.0003257183702329,0.016735618480121
0.0,0.0003209072338791,0.0164884192126869
0.0,0.0003161671620874,0.016244871287914
0.0,0.0003114971051734,0.0160049207723814
0.0,0.0003068960289573,0.015768514529309
0.0,0.0003023629145356,0.0155356002067907
0.0,0.0002978967580549,0.0153061262262013
0.0,0.0002934965704895,0.015080041770775
0.0,0.0002891613774229,0.0148572967743522
0.0,0.0002848902188312,0.0146378419102928
0.0,0.0002806821488711,0.0144216285805527
0.0,0.0002765362356703,0.0142086089049224
0.0,0.0002724515611208,0.0139987357104237
0.0,0.0002684272206758,0.0137919625208634
0.0,0.0002644623231496,0.0135882435465412
0.0,0.0002605559905199,0.0133875336741095
0.0,0.0002567073577336,0.0131897884565834
0.0,0.0002529155725151,0.0129949641034974
0.0,0.0002491797951776,0.0128030174712085
0.0,0.0002454991984373,0.012613906053342
0.0,0.00024187296723,0.0124275879713782
0.0,0.0002383002985306,0.0122440219653787
0.0,0.0002347804011757,0.0120631673848492
0.0,0.0002313124956875,0.011884984179738
0.0,0.0002278958141023,0.0117094328915662
0.0,0.0002245295997995,0.0115364746446903
0.0,0.0002212131073346,0.0113660711376929
0.0,0.000217945602274,0.011198184634901
0.0,0.0002147263610321,0.0110327779580295
0.0,0.0002115546707115,0.0108698144779479
0.0,0.0002084298289447,0.0107092581065694
0.0,0.000205351143739,0.0105510732888583
0.0,0.0002023179333227,0.0103952249949573
0.0,0.0001993295259948,0.0102416787124297
0.0,0.0001963852599756,0.0100904004386166
0.0,0.0001934844832606,0.0099413566731073
0.0,0.0001906265534759,0.0097945144103205
0.0,0.0001878108377361,0.0096498411321954
0.0,0.0001850367125039,0.0095073048009905
0.0,0.0001823035634523,0.0093668738521888
0.0,0.0001796107853284,0.009228517187508
0.0,0.0001769577818193,0.0090922041680137
0.0,0.0001743439654204,0.0089579046073349
0.0,0.0001717687573047,0.0088255887649783
0.0,0.0001692315871952,0.0086952273397434
0.0,0.0001667318932383,0.008566791463233
0.0,0.0001642691218796,0.0084402526934606
0.0,0.0001618427277408,0.008315583008552
0.0,0.0001594521734998,0.0081927548005399
0.0,0.0001570969297707,0.00807174086925
0.0,0.0001547764749874,0.0079525144162775
0.0,0.0001524902952877,0.0078350490390529
0.0,0.0001502378843996,0.0077193187249951
0.0,0.0001480187435291,0.0076052978457506
0.0,0.0001458323812498,0.0074929611515187
0.0,0.0001436783133943,0.0073822837654594
0.0,0.0001415560629464,0.0072732411781849
0.0,0.0001394651599361,0.0071658092423318
0.0,0.0001374051413352,0.0070599641672135
0.0,0.0001353755509547,0.0069556825135524
0.0,0.0001333759393442,0.0068529411882885
0.0,0.0001314058636917,0.006751717439466
0.0,0.000129464887726,0.006651988851195
0.0,0.0001275525816203,0.0065537333386869
0.0,0.0001256685218964,0.0064569291433644
0.0,0.0001238122913311,0.0063615548280428
0.0,0.0001219834788644,0.0062675892721827
0.0,0.0001201816795077,0.006175011667213
0.0,0.0001184064942543,0.0060838015119229
0.0,0.0001166575299915,0.0059939386079218
0.0,0.000114934399413,0.0059054030551664
0.0,0.0001132367209334,0.005818175247554
0.0,0.0001115641186037,0.0057322358685805
0.0,0.0001099162220278,0.0056475658870631
0.0,0.0001082926662808,0.0055641465529257
0.0,0.000106693091828,0.0054819593930465
0.0,0.0001051171444455,0.0054009862071676
0.0,0.0001035644751413,0.0053212090638642
0.0,0.0001020347400786,0.0052426102965739
0.0,0.0001005276004991,0.0051651724996844
0.0,9.90427226484278e-05,0.005088878524679
0.0,9.7579777701938e-05,0.0050137114763392
0.0,9.61384416920535e-05,0.0049396547090031
0.0,9.47183954364897e-05,0.0048666918228793
0.0,9.33193244675307e-05,0.0047948066604155
0.0,9.19409189624118e-05,0.0047239833027197
0.0,9.05828736747355e-05,0.0046542060660359
0.0,8.92448878668101e-05,0.00458545949827
0.0,8.79266652431265e-05,0.0045177283755687
0.0,8.66279138847306e-05,0.004450997698948
0.0,8.53483461845037e-05,0.0043852526909713
0.0,8.40876787835607e-05,0.0043204787924776
0.0,8.28456325084881e-05,0.0042566616593567
0.0,8.16219323094558e-05,0.0041937871593734
0.0,8.04163071993769e-05,0.0041318413690373
0.0,7.92284901938653e-05,0.00407081057052
0.0,7.80582182521444e-05,0.0040106812486168
0.0,7.69052322187325e-05,0.0039514400877543
0.0,7.57692767661203e-05,0.0038930739690412
0.0,7.46501003381986e-05,0.0038355699673633
0.0,7.35474550945664e-05,0.0037789153485216
0.0,7.24610968556028e-05,0.0037230975664117
0.0,7.13907850484544e-05,0.0036681042602459
0.0,7.0336282653724e-05,0.0036139232518158
0.0,6.92973561530058e-05,0.0035605425427954
0.0,6.82737754771207e-05,0.0035079503120844
0.0,6.72653139552476e-05,0.0034561349131899
0.0,6.62717482646652e-05,0.0034050848716476
0.0,6.5292858381312e-05,0.0033547888824808
0.0,6.43284275311032e-05,0.0033052358076969
0.0,6.33782421418441e-05,0.003256414673821
0.0,6.24420917960111e-05,0.0032083146694655
0.0,6.15197691841221e-05,0.0031609251429363
0.0,6.06110700588289e-05,0.0031142355998739
0.0,5.97157931896825e-05,0.0030682357009291
0.0,5.88337403185854e-05,0.0030229152594741
0.0,5.79647161158894e-05,0.0029782642393457
0.0,5.71085281371106e-05,0.0029342727526238
0.0,5.62649867803522e-05,0.0028909310574411
0.0,5.54339052442829e-05,0.0028482295558258
0.0,5.46150994868017e-05,0.0028061587915764
0.0,5.38083881842372e-05,0.0027647094481675
0.0,5.30135926912548e-05,0.0027238723466866
0.0,5.22305370012528e-05,0.0026836384438017
0.0,5.14590477073869e-05,0.0026439988297584
0.0,5.06989539641768e-05,0.0026049447264067
0.0,4.99500874496968e-05,0.0025664674852576
0.0,4.92122823282509e-05,0.0025285585855676
0.0,4.84853752136978e-05,0.0024912096324516
0.0,4.77692051332433e-05,0.0024544123550241
0.0,4.70636134917886e-05,0.0024181586045679
0.0,4.63684440368227e-05,0.0023824403527288
0.0,4.56835428238218e-05,0.0023472496897385
0.0,4.50087581821551e-05,0.0023125788226627
0.0,4.43439406814794e-05,0.0022784200736751
0.0,4.36889430986895e-05,0.0022447658783577
0.0,4.30436203852705e-05,0.0022116087840251
0.0,4.24078296351986e-05,0.0021789414480744
0.0,4.17814300532997e-05,0.0021467566363595
0.0,4.11642829240728e-05,0.0021150472215883
0.0,4.05562515809373e-05,0.0020838061817452
0.0,3.99572013760063e-05,0.0020530265985356
0.0,3.93669996502574e-05,0.0020227016558539
0.0,3.87855157041699e-05,0.0019928246382743
0.0,3.82126207687412e-05,0.0019633889295633
0.0,3.76481879769963e-05,0.001934388011215
0.0,3.70920923359157e-05,0.0019058154610074
0.0,3.65442106987079e-05,0.0018776649515799
0.0,3.6004421737585e-05,0.0018499302490326
0.0,3.54726059168566e-05,0.0018226052115455
0.0,3.49486454664823e-05,0.0017956837880184
0.0,3.44324243559853e-05,0.0017691600167312
0.0,3.39238282687573e-05,0.0017430280240232
0.0,3.34227445767422e-05,0.0017172820229929
0.0,3.29290623155044e-05,0.0016919163122161
0.0,3.24426721596272e-05,0.0016669252744834
0.0,3.19634663985442e-05,0.0016423033755565
0.0,3.1491338912646e-05,0.0016180451629424
0.0,3.10261851498156e-05,0.001594145264686
0.0,3.05679021022562e-05,0.0015705983881807
0.0,3.01163882836762e-05,0.0015473993189959
0.0,2.9671543706828e-05,0.0015245429197229
0.0,2.92332698613625e-05,0.0015020241288366
0.0,2.88014696920025e-05,0.0014798379595751
0.0,2.83760475770674e-05,0.0014579794988351
0.0,2.79569093072987e-05,0.001436443906084
0.0,2.75439620649638e-05,0.0014152264122879
0.0,2.71371144033514e-05,0.0013943223188559
0.0,2.67362762264769e-05,0.0013737269965988
0.0,2.63413587691646e-05,0.0013534358847049
0.0,2.59522745773635e-05,0.0013334444897291
0.0,2.55689374888037e-05,0.0013137483845987
0.0,2.51912626139002e-05,0.0012943432076324
0.0,2.48191663169538e-05,0.0012752246615746
0.0,2.44525661976438e-05,0.001256388512644
0.0,2.40913810727692e-05,0.0012378305895956
0.0,2.37355309582708e-05,0.0012195467827975
0.0,2.33849370515297e-05,0.0012015330433202
0.0,2.3039521713895e-05,0.0011837853820405
0.0,2.26992084535176e-05,0.0011662998687581
0.0,2.23639219083908e-05,0.0011490726313249
0.0,2.20335878296733e-05,0.0011320998547876
0.0,2.17081330652381e-05,0.0011153777805432
0.0,2.13874855434781e-05,0.0010989027055064
0.0,2.1071574257344e-05,0.0010826709812896
0.0,2.0760329248623e-05,0.0010666790133949
0.0,2.04536815924406e-05,0.0010509232604182
0.0,2.01515633820089e-05,0.0010354002332652
0.0,1.98539077135712e-05,0.001020106494378
0.0,1.95606486716026e-05,0.0010050386569748
0.0,1.92717213142041e-05,0.0009901933842991
0.0,1.89870616587248e-05,0.0009755673888814
0.0,1.8706606667588e-05,0.0009611574318106
0.0,1.84302942343399e-05,0.0009469603220174
0.0,1.81580631698902e-05,0.0009329729155671
0.0,1.78898531889606e-05,0.0009191921149636
0.0,1.76256048967441e-05,0.0009056148684634
0.0,1.73652597757375e-05,0.0008922381694
0.0,1.7108760172798e-05,0.0008790590555177
0.0,1.68560492863588e-05,0.0008660746083159
0.0,1.66070711538745e-05,0.000853281952403
0.0,1.63617706393972e-05,0.0008406782548589
0.0,1.61200934214005e-05,0.0008282607246084
0.0,1.58819859807195e-05,0.0008160266118028
0.0,1.56473955887203e-05,0.0008039732072111
0.0,1.54162702956095e-05,0.0007920978416198
0.0,1.51885589189469e-05,0.000780397885242
0.0,1.49642110322881e-05,0.0007688707471349
0.0,1.47431769540376e-05,0.0007575138746262
0.0,1.4525407736438e-05,0.0007463247527487
0.0,1.43108551547266e-05,0.0007353009036836
0.0,1.40994716964684e-05,0.0007244398862112
0.0,1.38912105510248e-05,0.0007137392951709
0.0,1.36860255991866e-05,0.0007031967609284
1.0,0.170113483871403,-0.0037812273780214486
1.0,0.163136482724196,0.09084542499065389
1.0,0.14297819545516,0.1664679373207319
1.0,0.117002907792764,0.37609012831936584
1.0,0.0904606280289756,0.5355968791038468
1.0,0.066675232176688,0.716774739565284
1.0,0.0473865602149217,0.8020984585447869
1.0,0.0331480131799237,0.8784217275256238
1.0,0.0237120700169607,0.9447591343974523
1.0,0.0183632040285843,0.9534143716603142
1.0,0.0161792106216191,1.0109531906111642
1.0,0.0162175400012099,0.9906832482361103
1.0,0.0176332954708643,0.9734879523140908
1.0,0.0197410252138739,0.9503227388334429
1.0,0.0220344088585344,0.9769768872847611
1.0,0.0241775148008867,0.9458550607268246
1.0,0.0259794402836753,0.9529740002496059
1.0,0.027361607667936,0.9184277781496873
1.0,0.0283243302020646,0.8837324501797853
1.0,0.0289168362590249,0.9264356491004102
1.0,0.0292129466308833,0.9164107544540534
1.0,0.0292931052093336,0.9140139214876444
1.0,0.0292324542669787,0.8693032808069253
1.0,0.029094055534217,0.9238023496545945
1.0,0.0289260973223198,0.9717848723915884
1.0,0.0287619017178252,0.9336358882417046
1.0,0.0286216683574146,0.9350921214848881
1.0,0.0285150917191299,0.9224060959809565
1.0,0.0284442142057771,0.9117127178403241
1.0,0.0284060917305058,0.9342393866361977
1.0,0.0283950310933336,0.9620022605736037
1.0,0.0284042998888197,0.9112997330410236
1.0,0.028427309067778,0.9462743864239701
1.0,0.0284583299277223,0.8938226932861585
1.0,0.0284928383336627,0.9439043809326787
1.0,0.0285275873652435,0.9403578237843209
1.0,0.0285605029551059,0.9559922272948052
1.0,0.028590481904917,0.9097206824597706
1.0,0.0286171529593418,0.9180218834006915
1.0,0.0286406429117372,0.9103098080711386
1.0,0.0286613731972576,0.9071925712525832
1.0,0.0286798992014627,0.8961789731000787
1.0,0.0286967948742312,0.9644239528028149
1.0,0.0287125789552909,0.9445819545091991
1.0,0.0287276756509958,0.9401645870119584
1.0,0.0287424012886524,0.9750737510020422
1.0,0.0287569686512263,0.9547195495127666
1.0,0.0287715017755159,0.8946024590245301
1.0,0.0287860555115573,0.9584209176571341
1.0,0.0288006357480124,0.9779799053902225
1.0,0.0288152176845449,0.9679194832579584
1.0,0.0288297607546262,0.9544037069947489
1.0,0.0288442197240963,0.9812699166143146
1.0,0.0288585521183897,0.9481212605138722
1.0,0.028872722502832,0.9577763112159224
1.0,0.0288867043095873,0.9598541599254191
1.0,0.0289004799286499,0.9591710510477098
1.0,0.0289140397111207,0.9597302593782748
1.0,0.0289273804142545,0.9426799380728063
1.0,0.0289405034821331,0.9600062377349957
1.0,0.0289534134255773,0.9970171317354499
1.0,0.0289661164532506,0.996647867412523
1.0,0.0289786194188639,0.9586660062002461
1.0,0.0289909290877552,0.9742455782604467
1.0,0.0290030516875226,0.9872375814439524
1.0,0.0290149926875487,0.9837268543401806
1.0,0.0290267567464197,0.9729435627451098
1.0,0.029038347769732,0.9497539414870121
1.0,0.0290497690297027,0.9620373040443635
1.0,0.0290610233091937,0.9792715946923
1.0,0.029072113044099,0.9867103170969249
1.0,0.029083040448123,0.9420192529887115
1.0,0.0290938076120899,0.954607189608819
1.0,0.0291044165758945,0.935325118322256
1.0,0.02911486937512,0.9600872005803974
1.0,0.0291251680665372,0.9572067842507777
1.0,0.0291353147375812,1.002100977291295
1.0,0.0291453115048279,0.9669562553999054
1.0,0.0291551605058826,0.972860156279938
1.0,0.0291648638881874,0.9598578103864186
1.0,0.0291744237972755,0.9760256620670305
1.0,0.0291838423661164,0.9516586670980939
1.0,0.0291931217064341,0.9969243548081755
1.0,0.0292022639023171,0.9909441863075861
1.0,0.0292112710060526,0.9802324068195759
1.0,0.0292201450358769,0.9458576804696991
1.0,0.0292288879752254,0.9502706874861298
1.0,0.0292375017730577,0.9509254179755112
1.0,0.0292459883448528,0.9437273654986551
1.0,0.029254349573953,0.9834161186095559
1.0,0.0292625873130186,0.9883946193420143
1.0,0.0292707033854209,0.9636113641884201
1.0,0.0292786995864864,0.9870521494532358
1.0,0.0292865776845408,0.9965539758008352
1.0,0.0292943394217586,1.0424043062487418
1.0,0.0293019865148303,1.019385057982504
1.0,0.0293095206554861,0.9566145914297244
1.0,0.0293169435109073,0.995164455326421
1.0,0.029324256724065,0.9480888636172702
1.0,0.0293314619140155,0.9963630461075513
1.0,0.0293385606761709,0.975671587277417
1.0,0.0293455545825689,0.976030938536825
1.0,0.0293524451821428,0.976384981879113
1.0,0.0293592340010043,0.976733795705551
1.0,0.0293659225427381,0.977077457259288
1.0,0.0293725122887056,0.977416042642628
1.0,0.029379004698358,0.977749626833978
1.0,0.0293854012095502,0.97807828370448
1.0,0.0293917032388651,0.978402086034361
1.0,0.0293979121819272,0.97872110552902
1.0,0.0294040294137228,0.979035412834859
1.0,0.029410056288909,0.979345077554883
1.0,0.0294159941421221,0.979650168264074
1.0,0.0294218442882774,0.97995075252454
1.0,0.0294276080228661,0.980246896900451
1.0,0.0294332866222444,0.980538666972765
1.0,0.0294388813439175,0.980826127353737
1.0,0.0294443934268187,0.981109341701228
1.0,0.0294498240915855,0.981388372732797
1.0,0.0294551745408271,0.981663282239594
1.0,0.029460445959393,0.981934131100049
1.0,0.0294656395146318,0.982200979293353
1.0,0.0294707563566516,0.982463885912747
1.0,0.029475797618572,0.982722909178612
1.0,0.0294807644167774,0.982978106451361
1.0,0.0294856578511606,0.983229534244147
1.0,0.0294904790053694,0.983477248235374
1.0,0.0294952289470438,0.983721303281033
1.0,0.0294999087280539,0.983961753426848
1.0,0.0295045193847328,0.984198651920239
1.0,0.029509061938106,0.984432051222122
1.0,0.0295135373941169,0.98466200301852
1.0,0.0295179467438502,0.98488855823201
1.0,0.0295222909637516,0.985111767033002
1.0,0.0295265710158443,0.985331678850843
1.0,0.0295307878479412,0.985548342384771
1.0,0.0295349423938542,0.985761805614692
1.0,0.0295390355736036,0.985972115811808
1.0,0.0295430682936195,0.986179319549087
1.0,0.0295470414469432,0.986383462711573
1.0,0.0295509559134253,0.986584590506549
1.0,0.0295548125599197,0.986782747473551
1.0,0.0295586122404778,0.986977977494223
1.0,0.0295623557965337,0.987170323802043
1.0,0.0295660440570942,0.987359828991896
1.0,0.0295696778389203,0.9875465350295
1.0,0.0295732579467096,0.987730483260706
1.0,0.0295767851732727,0.987911714420651
1.0,0.0295802602997106,0.988090268642781
1.0,0.0295836840955861,0.988266185467736
1.0,0.0295870573190951,0.988439503852107
1.0,0.0295903807172337,0.988610262177063
1.0,0.0295936550259659,0.988778498256852
1.0,0.0295968809703833,0.988944249347173
1.0,0.0296000592648678,0.989107552153424
1.0,0.0296031906132492,0.989268442838838
1.0,0.0296062757089617,0.989426957032482
1.0,0.0296093152351962,0.989583129837155
1.0,0.0296123098650518,0.989736995837155
1.0,0.029615260261687,0.989888589105943
1.0,0.0296181670784637,0.990037943213684
1.0,0.0296210309590934,0.990185091234685
1.0,0.0296238525377788,0.990330065754716
1.0,0.0296266324393559,0.99047289887823
1.0,0.0296293712794307,0.990613622235466
1.0,0.0296320696645171,0.990752266989461
1.0,0.0296347281921687,0.990888863842945
1.0,0.0296373474511145,0.991023443045146
1.0,0.0296399280213855,0.991156034398482
1.0,0.0296424704744467,0.991286667265166
1.0,0.0296449753733219,0.991415370573705
1.0,0.0296474432727176,0.991542172825309
1.0,0.029649874719148,0.991667102100198
1.0,0.0296522702510542,0.991790186063828
1.0,0.0296546303989238,0.991911451973008
1.0,0.0296569556854094,0.992030926681943
1.0,0.0296592466254431,0.99214863664818
1.0,0.0296615037263512,0.992264607938462
1.0,0.0296637274879661,0.992378866234509
1.0,0.0296659184027375,0.992491436838695
1.0,0.0296680769558406,0.992602344679661
1.0,0.0296702036252854,0.992711614317828
1.0,0.0296722988820202,0.992819269950839
1.0,0.0296743631900376,0.992925335418919
1.0,0.029676397006476,0.993029834210151
1.0,0.0296784007817221,0.993132789465679
1.0,0.02968037495951,0.993234223984834
1.0,0.0296823199770189,0.993334160230182
1.0,0.0296842362649707,0.993432620332496
1.0,0.0296861242477255,0.99352962609566
1.0,0.0296879843433755,0.993625199001495
1.0,0.0296898169638358,0.993719360214518
1.0,0.0296916225149393,0.993812130586629
1.0,0.0296934013965227,0.993903530661726
1.0,0.0296951540025174,0.993993580680257
1.0,0.0296968807210367,0.994082300583703
1.0,0.02969858193446,0.99416971001899
1.0,0.0297002580195196,0.994255828342843
1.0,0.0297019093473825,0.994340674626072
1.0,0.0297035362837328,0.994424267657796
1.0,0.029705139188855,0.994506625949601
1.0,0.0297067184177102,0.994587767739642
1.0,0.0297082743200168,0.994667710996682
1.0,0.0297098072403279,0.994746473424067
1.0,0.0297113175181067,0.994824072463654
1.0,0.0297128054878031,0.994900525299665
1.0,0.029714271478926,0.994975848862499
1.0,0.0297157158161174,0.995050059832478
1.0,0.029717138819225,0.99512317464354
1.0,0.0297185408033702,0.995195209486883
1.0,0.0297199220790219,0.995266180314544
1.0,0.0297212829520612,0.995336102842937
1.0,0.0297226237238533,0.99540499255633
1.0,0.0297239446913091,0.995472864710276
1.0,0.0297252461469566,0.99553973433499
1.0,0.0297265283790011,0.995605616238679
1.0,0.0297277916713918,0.99567052501082
1.0,0.0297290363038831,0.99573447502539
1.0,0.0297302625520979,0.995797480444051
1.0,0.0297314706875871,0.995859555219285
1.0,0.0297326609778914,0.995920713097483
1.0,0.0297338336865995,0.995980967621993
1.0,0.0297349890734058,0.996040332136114
1.0,0.0297361273941699,0.996098819786053
1.0,0.0297372489009722,0.996156443523838
1.0,0.0297383538421678,0.996213216110183
1.0,0.0297394424624462,0.996269150117316
1.0,0.0297405150028802,0.996324257931763
1.0,0.029741571700983,0.99637855175709
1.0,0.0297426127907596,0.996432043616605
1.0,0.0297436385027581,0.996484745356025
1.0,0.0297446490641209,0.996536668646091
1.0,0.0297456446986362,0.996587824985162
1.0,0.0297466256267855,0.996638225701752
1.0,0.0297475920657952,0.996687881957046
1.0,0.0297485442296812,0.996736804747369
1.0,0.0297494823293001,0.99678500490662
1.0,0.0297504065723926,0.996832493108672
1.0,0.0297513171636314,0.996879279869735
1.0,0.029752214304666,0.996925375550689
1.0,0.0297530981941669,0.996970790359371
1.0,0.0297539690278712,0.997015534352843
1.0,0.0297548269986236,0.997059617439614
1.0,0.029755672296421,0.997103049381835
1.0,0.0297565051084534,0.997145839797464
1.0,0.0297573256191463,0.997187998162391
1.0,0.0297581340102009,0.997229533812541
1.0,0.0297589304606345,0.99727045594594
1.0,0.0297597151468207,0.99731077362475
1.0,0.0297604882425266,0.997350495777276
1.0,0.0297612499189539,0.997389631199947
1.0,0.0297620003447749,0.997428188559261
1.0,0.0297627396861702,0.997466176393702
1.0,0.0297634681068673,0.997503603115636
1.0,0.0297641857681725,0.99754047701317
1.0,0.0297648928290124,0.99757680625199
1.0,0.0297655894459652,0.997612598877164
1.0,0.0297662757732946,0.997647862814932
1.0,0.0297669519629877,0.997682605874456
1.0,0.0297676181647859,0.997716835749548
1.0,0.0297682745262193,0.997750560020377
1.0,0.029768921192638,0.997783786155146
1.0,0.0297695583072457,0.997816521511747
1.0,0.0297701860111308,0.99784877333939
1.0,0.0297708044432974,0.997880548780208
1.0,0.029771413740697,0.997911854870836
1.0,0.0297720140382574,0.997942698543976
1.0,0.0297726054689142,0.997973086629926
1.0,0.0297731881636394,0.998003025858094
1.0,0.0297737622514689,0.99803252285849
1.0,0.029774327859535,0.998061584163194
1.0,0.0297748851130912,0.998090216207798
1.0,0.0297754341355394,0.99811842533284
1.0,0.0297759750484612,0.9981462177852
1.0,0.0297765079716406,0.998173599719486
1.0,0.0297770330230933,0.998200577199397
1.0,0.0297775503190907,0.998227156199069
1.0,0.0297780599741879,0.998253342604392
1.0,0.0297785621012472,0.998279142214316
1.0,0.0297790568114649,0.998304560742138
1.0,0.0297795442143931,0.998329603816764
1.0,0.0297800244179669,0.998354276983954
1.0,0.0297804975285274,0.998378585707556
1.0,0.0297809636508435,0.998402535370711
1.0,0.0297814228881381,0.998426131277045
1.0,0.0297818753421089,0.998449378651846
1.0,0.0297823211129509,0.99847228264322
1.0,0.0297827602993799,0.998494848323232
1.0,0.029783192998653,0.998517080689027
1.0,0.0297836193065915,0.998538984663938
1.0,0.0297840393176003,0.998560565098578
1.0,0.0297844531246905,0.99858182677191
1.0,0.029784860819499,0.998602774392309
1.0,0.0297852624923101,0.998623412598602
1.0,0.0297856582320732,0.998643745961099
1.0,0.0297860481264249,0.9986637789826
1.0,0.0297864322617063,0.998683516099397
1.0,0.0297868107229842,0.998702961682253
1.0,0.0297871835940684,0.998722120037371
1.0,0.0297875509575307,0.998740995407348
1.0,0.0297879128947232,0.998759591972115
1.0,0.0297882694857967,0.998777913849861
1.0,0.0297886208097178,0.998795965097946
1.0,0.0297889669442872,0.998813749713799
1.0,0.0297893079661553,0.998831271635805
1.0,0.0297896439508414,0.998848534744173
1.0,0.029789974972749,0.998865542861802
1.0,0.0297903011051828,0.99888229975512
1.0,0.0297906224203639,0.998898809134923
1.0,0.0297909389894475,0.998915074657196
1.0,0.0297912508825375,0.998931099923921
1.0,0.0297915581687023,0.998946888483875
1.0,0.0297918609159897,0.99896244383342
1.0,0.0297921591914434,0.998977769417269
1.0,0.029792453061116,0.998992868629258
1.0,0.0297927425900839,0.999007744813089
1.0,0.0297930278424641,0.999022401263079
1.0,0.0297933088814251,0.999036841224881
1.0,0.0297935857692022,0.999051067896211
1.0,0.0297938585671123,0.999065084427549
1.0,0.0297941273355662,0.999078893922841
1.0,0.029794392134082,0.999092499440185
1.0,0.0297946530212991,0.999105903992507
1.0,0.0297949100549915,0.999119110548232
1.0,0.0297951632920781,0.999132122031938
1.0,0.0297954127886384,0.999144941325003
1.0,0.0297956585999231,0.999157571266246
1.0,0.0297959007803661,0.999170014652554
1.0,0.0297961393835997,0.9991822742395
1.0,0.029796374462461,0.999194352741958
1.0,0.0297966060690085,0.999206252834698
1.0,0.0297968342545309,0.999217977152985
1.0,0.0297970590695593,0.999229528293154
1.0,0.0297972805638795,0.999240908813195
1.0,0.0297974987865413,0.99925212123331
1.0,0.0297977137858689,0.999263168036478
1.0,0.0297979256094747,0.999274051669001
1.0,0.0297981343042661,0.999284774541049
1.0,0.0297983399164585,0.99929533902719
1.0,0.0297985424915848,0.999305747466918
1.0,0.0297987420745047,0.99931600216517
1.0,0.0297989387094157,0.999326105392839
1.0,0.0297991324398625,0.999336059387274
1.0,0.0297993233087464,0.999345866352775
1.0,0.0297995113583349,0.999355528461085
1.0,0.029799696630272,0.999365047851867
0.0,-0.140300120834415,0.9949003893063086
0.0,-0.133323139016303,0.9745929353138097
0.0,-0.113164870790855,0.7821904710219739
0.0,-0.0871896018907568,0.6598045511631219
0.0,-0.0606473406121322,0.4861017697525688
0.0,-0.0368619629719664,0.3719698877903151
0.0,-0.0175733089533132,0.21971646158786992
0.0,-0.0033347795963931,0.12175162474602078
0.0,0.0061011461496116,0.07313786982370012
0.0,0.0114499949782934,0.01678913720853973
0.0,0.013633971479027,0.04760591470592696
0.0,0.0135956254429241,0.027183402008876673
0.0,0.0121798535627885,0.026033531831868902
0.0,0.010072107651694,0.02678570830685846
0.0,0.0077787080777652,0.07914642291963377
0.0,0.0056355864414334,0.0715410741918346
0.0,0.0038336454964786,0.097777859629027
0.0,0.0024514628784408,0.07709935767041519
0.0,0.0014887253355512,0.051111729020678384
0.0,0.0008962044915221,0.09802636192269538
0.0,0.0006000795510121,0.08865861787284682
0.0,0.0005199066191018,0.08436900120736754
0.0,0.0005805434200092,0.036141123804263514
0.0,0.0007189282202046,0.08626670944588097
0.0,0.0008868727053317,0.12960018512561433
0.0,0.0010510547858119,0.08692292019601207
0.0,0.0011912748219693,0.08420715410915512
0.0,0.0012978383328113,0.06781353165945761
0.0,0.0013687029126249,0.05389332863307464
0.0,0.0014068126453965,0.07363141472311141
0.0,0.0014178607282864,0.09896979484096731
0.0,0.0014085795639554,0.04612171095252905
0.0,0.0013855581988501,0.07914768124265656
0.0,0.001354525332759,0.02487358070063131
0.0,0.0013200050980125,0.07320386420797549
0.0,0.0012852444123473,0.06793756081667456
0.0,0.0012523173405412,0.08185896843049738
0.0,0.0012223270783845,0.0338680957694055
0.0,0.0011956448787067,0.040439376056803575
0.0,0.0011721439456834,0.030988452437902464
0.0,0.0011514028417284,0.02612854181128204
0.0,0.0011328661788858,0.013375037424110864
0.0,0.0011159600049172,0.07988958130456486
0.0,0.0011001655777687,0.058332560955709586
0.0,0.0010850586887958,0.052220319188200644
0.0,0.0010703230084341,0.0854581443653786
0.0,0.0010557457514945,0.06345825397602198
0.0,0.0010412028789874,0.001722160691191979
0.0,0.001026639538718,0.06394850828114121
0.0,0.0010120498398977,0.08194190331304178
0.0,0.0009974585807667,0.07034167872034072
0.0,0.0009829063257897,0.05531098874615866
0.0,0.0009684383070928,0.08068623187109328
0.0,0.0009540969972371,0.04606966290427808
0.0,0.0009399178289231,0.05427905826278444
0.0,0.0009259273680413,0.05493283040500237
0.0,0.000912143222681,0.052846661486611504
0.0,0.0008985750398532,0.05202336691341154
0.0,0.0008852260604427,0.033610723335432226
0.0,0.0008720948385346,0.04959456615489106
0.0,0.0008591768615034,0.08528259478732246
0.0,0.0008464659189058,0.08360980708829784
0.0,0.0008339551552783,0.04434352669994124
0.0,0.0008216378035558,0.058657548867224664
0.0,0.0008095076344399,0.0704026340682736
0.0,0.0007975591768705,0.06566337851210649
0.0,0.0007857877706106,0.0536697000707647
0.0,0.0007741895084362,0.029287580876012353
0.0,0.0007627611165277,0.04039607842213535
0.0,0.000751499810444,0.05647287945994014
0.0,0.0007404031527344,0.06277123029058206
0.0,0.0007294689281618,0.016956656903441822
0.0,0.0007186950443916,0.028437693563383264
0.0,0.0007080794600409,0.008065082224396218
0.0,0.0006976201380607,0.031752738981534176
0.0,0.000687315020235,0.027813770633807293
0.0,0.0006771620177059,0.07166504839919774
0.0,0.0006671590124958,0.03549281547520709
0.0,0.0006573038656175,0.04038438113902839
0.0,0.0006475944282684,0.026384651295174345
0.0,0.0006380285535741,0.04156984941457398
0.0,0.0006286041072439,0.016234713884779296
0.0,0.0006193189762525,0.06054655997408649
0.0,0.0006101710752287,0.053626637931124356
0.0,0.0006011583506221,0.04198898521440331
0.0,0.0005922787829524,0.006702061204256909
0.0,0.0005835303875568,0.010216344344658505
0.0,0.0005749112142675,0.009985625874121815
0.0,0.0005664193464159,0.001915203365110807
0.0,0.0005580528994863,0.04074447223147237
0.0,0.0005498100196632,0.044876184185254665
0.0,0.0005416888824363,0.019258648185500545
0.0,0.0005336876913585,0.04187747576043662
0.0,0.0005258046769983,0.05056948552222944
0.0,0.0005180380960928,0.0956219611253586
0.0,0.0005103862308784,0.07181664304508074
0.0,0.0005028473885687,0.00827171761393659
0.0,0.0004954199009412,0.04605856204992026
0.0,0.0004881021239986,-0.0017687786817189265
0.0,0.0004808924376742,0.045764758745139786
0.0,0.0004737892455598,0.024343594793812
0.0,0.0004667909746374,0.0239840192823464
0.0,0.0004598960750072,0.0236297550003926
0.0,0.0004531030196047,0.0232807234977554
0.0,0.0004464103039069,0.0229368474830818
0.0,0.0004398164456283,0.0225980508065741
0.0,0.0004333199844077,0.0222642584430359
0.0,0.0004269194814917,0.0219353964752258
0.0,0.0004206135194147,0.0216113920774972
0.0,0.0004144007016803,0.0212921734997045
0.0,0.0004082796524447,0.0209776700513586
0.0,0.0004022490162054,0.0206678120860178
0.0,0.0003963074574933,0.0203625309859074
0.0,0.0003904536605722,0.0200617591467575
0.0,0.0003846863291425,0.0197654299628584
0.0,0.0003790041860518,0.0194734778123274
0.0,0.0003734059730101,0.0191858380425872
0.0,0.0003678904503104,0.0189024469560527
0.0,0.000362456396554,0.0186232417960256
0.0,0.0003571026083807,0.0183481607327948
0.0,0.0003518279002024,0.0180771428499406
0.0,0.0003466311039413,0.0178101281308414
0.0,0.0003415110687722,0.0175470574453789
0.0,0.0003364666608675,0.0172878725368407
0.0,0.000331496763147,0.0170325160090174
0.0,0.000326600275031,0.0167809313134901
0.0,0.0003217761121959,0.0165330627371072
0.0,0.0003170232063352,0.0162888553896458
0.0,0.0003123405049222,0.0160482551916566
0.0,0.0003077269709771,0.0158112088624881
0.0,0.0003031815828376,0.0155776639084877
0.0,0.0002987033339322,0.0153475686113777
0.0,0.0002942912325577,0.0151208720168023
0.0,0.0002899443016588,0.0148975239230444
0.0,0.0002856615786127,0.0146774748699086
0.0,0.000281442115015,0.0144606761277684
0.0,0.0002772849764702,0.0142470796867752
0.0,0.0002731892423845,0.0140366382462268
0.0,0.0002691540057621,0.0138293052040925
0.0,0.0002651783730043,0.0136250346466932
0.0,0.0002612614637114,0.013423781338534
0.0,0.0002574024104883,0.0132255007122864
0.0,0.0002536003587515,0.0130301488589196
0.0,0.0002498544665411,0.0128376825179762
0.0,0.000246163904333,0.0126480590679923
0.0,0.0002425278548563,0.0124612365170594
0.0,0.0002389455129117,0.0122771734935249
0.0,0.0002354160851935,0.0120958292368308
0.0,0.0002319387901137,0.0119171635884867
0.0,0.000228512857629,0.0117411369831775
0.0,0.0002251375290704,0.0115677104400011
0.0,0.0002218120569751,0.0113968455538364
0.0,0.0002185357049207,0.0112285044868386
0.0,0.0002153077473626,0.0110626499600596
0.0,0.0002121274694732,0.0108992452451933
0.0,0.0002089941669833,0.0107382541564416
0.0,0.0002059071460265,0.0105796410425015
0.0,0.0002028657229853,0.0104233707786697
0.0,0.0001998692243398,0.0102694087590647
0.0,0.0001969169865187,0.0101177208889632
0.0,0.0001940083557521,0.0099682735772497
0.0,0.0001911426879267,0.0098210337289783
0.0,0.0001883193484437,0.009675968738043
0.0,0.0001855377120774,0.0095330464799581
0.0,0.0001827971628375,0.0093922353047434
0.0,0.0001800970938324,0.009253504029916
0.0,0.0001774369071346,0.0091168219335845
0.0,0.0001748160136487,0.008982158747646
0.0,0.0001722338329807,0.0088494846510831
0.0,0.0001696897933093,0.00871877026336
0.0,0.0001671833312599,0.0085899866379165
0.0,0.000164713891779,0.0084631052557575
0.0,0.0001622809280119,0.0083380980191376
0.0,0.0001598839011814,0.008214937245339
0.0,0.0001575222804686,0.008093595660541
0.0,0.0001551955428951,0.0079740463937805
0.0,0.0001529031732073,0.0078562629710011
0.0,0.0001506446637624,0.0077402193091908
0.0,0.000148419514416,0.0076258897106057
0.0,0.0001462272324111,0.0075132488570795
0.0,0.0001440673322693,0.0074022718044164
0.0,0.0001419393356829,0.0072929339768678
0.0,0.0001398427714095,0.0071852111616896
0.0,0.0001377771751671,0.0070790795037805
0.0,0.0001357420895317,0.0069745155003991
0.0,0.0001337370638357,0.0068714959959596
0.0,0.0001317616540685,0.0067699981769037
0.0,0.0001298154227775,0.0066699995666488
0.0,0.000127897938972,0.0065714780206104
0.0,0.0001260087780273,0.0064744117212984
0.0,0.0001241475215907,0.0063787791734852
0.0,0.0001223137574889,0.0062845591994463
0.0,0.000120507079637,0.0061917309342699
0.0,0.000118727087948,0.0061002738212368
0.0,0.0001169733882446,0.0060101676072678
0.0,0.0001152455921721,0.0059213923384389
0.0,0.0001135433171117,0.0058339283555625
0.0,0.0001118661860966,0.0057477562898339
0.0,0.0001102138277278,0.0056628570585419
0.0,0.0001085858760924,0.0055792118608433
0.0,0.0001069819706823,0.0054968021735992
0.0,0.0001054017563143,0.0054156097472731
0.0,0.0001038448830516,0.0053356166018898
0.0,0.0001023110061264,0.0052568050230533
0.0,0.0001007997858632,0.0051791575580245
0.0,9.93108876041135e-05,0.0051026570118559
0.0,9.7843981633948e-05,0.005027286443584
0.0,9.63987431081004e-05,0.0049530291624777
0.0,9.49748519800397e-05,0.0048798687243421
0.0,9.35719929305995e-05,0.0048077889278769
0.0,9.21898552981582e-05,0.0047367738110891
0.0,9.08281330098334e-05,0.0046668076477574
0.0,8.94865245136892e-05,0.0045978749439503
0.0,8.81647327119622e-05,0.004529960434595
0.0,8.6862464895289e-05,0.0044630490800965
0.0,8.55794326778681e-05,0.0043971260630075
0.0,8.43153519335949e-05,0.0043321767847467
0.0,8.30699427331535e-05,0.0042681868623667
0.0,8.18429292820111e-05,0.0042051421253679
0.0,8.06340398593688e-05,0.0041430286125614
0.0,7.94430067579607e-05,0.0040818325689767
0.0,7.82695662247951e-05,0.0040215404428158
0.0,7.71134584027153e-05,0.0039621388824524
0.0,7.5974427272911e-05,0.003903614733475
0.0,7.4852220598165e-05,0.0038459550357738
0.0,7.37465898669951e-05,0.0037891470206709
0.0,7.26572902386841e-05,0.0037331781080926
0.0,7.15840804890039e-05,0.0036780359037835
0.0,7.05267229568138e-05,0.0036237081965618
0.0,6.94849834914288e-05,0.0035701829556154
