Setpoint,ControllerOutput,PlantOutput
0.0,0.0,0.0
0.0,0.0,0.0
0.0,0.0,0.0
0.0,0.0,0.0
0.0,0.0,0.0
0.0,0.0,0.0
0.0,0.0,0.0
0.0,0.0,0.0
0.0,0.0,0.0
0.0,0.0,0.0
0.0,0.0,0.0
0.0,0.0,0.0
0.0,0.0,0.0
0.0,0.0,0.0
0.0,0.0,0.0
0.0,0.0,0.0
0.0,0.0,0.0
0.0,0.0,0.0
0.0,0.0,0.0
0.0,0.0,0.0
0.0,0.0,0.0
0.0,0.0,0.0
0.0,0.0,0.0
0.0,0.0,0.0
0.0,0.0,0.0
0.0,0.0,0.0
0.0,0.0,0.0
0.0,0.0,0.0
0.0,0.0,0.0
0.0,0.0,0.0
0.0,0.0,0.0
0.0,0.0,0.0
0.0,0.0,0.0
0.0,0.0,0.0
0.0,0.0,0.0
0.0,0.0,0.0
0.0,0.0,0.0
0.0,0.0,0.0
0.0,0.0,0.0
0.0,0.0,0.0
0.0,0.0,0.0
0.0,0.0,0.0
0.0,0.0,0.0
0.0,0.0,0.0
0.0,0.0,0.0
0.0,0.0,0.0
0.0,0.0,0.0
0.0,0.0,0.0
0.0,0.0,0.0
0.0,0.0,0.0
0.0,0.0,0.0
0.0,0.0,0.0
0.0,0.0,0.0
0.0,0.0,0.0
0.0,0.0,0.0
0.0,0.0,0.0
0.0,0.0,0.0
0.0,0.0,0.0
0.0,0.0,0.0
0.0,0.0,0.0
0.0,0.0,0.0
0.0,0.0,0.0
0.0,0.0,0.0
0.0,0.0,0.0
0.0,0.0,0.0
0.0,0.0,0.0
0.0,0.0,0.0
0.0,0.0,0.0
0.0,0.0,0.0
0.0,0.0,0.0
0.0,0.0,0.0
0.0,0.0,0.0
0.0,0.0,0.0
0.0,0.0,0.0
0.0,0.0,0.0
0.0,0.0,0.0
0.0,0.0,0.0
0.0,0.0,0.0
0.0,0.0,0.0
0.0,0.0,0.0
0.0,0.0,0.0
0.0,0.0,0.0
0.0,0.0,0.0
0.0,0.0,0.0
0.0,0.0,0.0
0.0,0.0,0.0
0.0,0.0,0.0
0.0,0.0,0.0
0.0,0.0,0.0
0.0,0.0,0.0
0.0,0.0,0.0
0.0,0.0,0.0
0.0,0.0,0.0
0.0,0.0,0.0
0.0,0.0,0.0
0.0,0.0,0.0
0.0,0.0,0.0
0.0,0.0,0.0
0.0,0.0,0.0
0.0,0.0,0.0
0.0,0.0,0.0
0.0,0.0,0.0
0.0,0.0,0.0
0.0,0.0,0.0
0.0,0.0,0.0
0.0,0.0,0.0
0.0,0.0,0.0
0.0,0.0,0.0
0.0,0.0,0.0
0.0,0.0,0.0
0.0,0.0,0.0
0.0,0.0,0.0
0.0,0.0,0.0
0.0,0.0,0.0
0.0,0.0,0.0
0.0,0.0,0.0
0.0,0.0,0.0
0.0,0.0,0.0
0.0,0.0,0.0
0.0,0.0,0.0
0.0,0.0,0.0
0.0,0.0,0.0
0.0,0.0,0.0
0.0,0.0,0.0
0.0,0.0,0.0
0.0,0.0,0.0
0.0,0.0,0.0
0.0,0.0,0.0
0.0,0.0,0.0
0.0,0.0,0.0
0.0,0.0,0.0
0.0,0.0,0.0
0.0,0.0,0.0
0.0,0.0,0.0
0.0,0.0,0.0
0.0,0.0,0.0
0.0,0.0,0.0
0.0,0.0,0.0
0.0,0.0,0.0
0.0,0.0,0.0
0.0,0.0,0.0
0.0,0.0,0.0
0.0,0.0,0.0
0.0,0.0,0.0
0.0,0.0,0.0
0.0,0.0,0.0
0.0,0.0,0.0
0.0,0.0,0.0
0.0,0.0,0.0
0.0,0.0,0.0
0.0,0.0,0.0
0.0,0.0,0.0
0.0,0.0,0.0
0.0,0.0,0.0
0.0,0.0,0.0
0.0,0.0,0.0
0.0,0.0,0.0
0.0,0.0,0.0
0.0,0.0,0.0
0.0,0.0,0.0
0.0,0.0,0.0
0.0,0.0,0.0
0.0,0.0,0.0
0.0,0.0,0.0
0.0,0.0,0.0
0.0,0.0,0.0
0.0,0.0,0.0
0.0,0.0,0.0
0.0,0.0,0.0
0.0,0.0,0.0
0.0,0.0,0.0
0.0,0.0,0.0
0.0,0.0,0.0
0.0,0.0,0.0
0.0,0.0,0.0
0.0,0.0,0.0
0.0,0.0,0.0
0.0,0.0,0.0
0.0,0.0,0.0
0.0,0.0,0.0
0.0,0.0,0.0
0.0,0.0,0.0
0.0,0.0,0.0
0.0,0.0,0.0
0.0,0.0,0.0
0.0,0.0,0.0
0.0,0.0,0.0
0.0,0.0,0.0
0.0,0.0,0.0
0.0,0.0,0.0
0.0,0.0,0.0
0.0,0.0,0.0
0.0,0.0,0.0
0.0,0.0,0.0
0.0,0.0,0.0
0.0,0.0,0.0
0.0,0.0,0.0
0.0,0.0,0.0
0.0,0.0,0.0
0.0,0.0,0.0
0.0,0.0,0.0
0.0,0.0,0.0
0.0,0.0,0.0
0.0,0.0,0.0
0.0,0.0,0.0
0.0,0.0,0.0
0.0,0.0,0.0
0.0,0.0,0.0
0.0,0.0,0.0
0.0,0.0,0.0
0.0,0.0,0.0
0.0,0.0,0.0
0.0,0.0,0.0
0.0,0.0,0.0
0.0,0.0,0.0
0.0,0.0,0.0
0.0,0.0,0.0
0.0,0.0,0.0
0.0,0.0,0.0
0.0,0.0,0.0
0.0,0.0,0.0
0.0,0.0,0.0
0.0,0.0,0.0
0.0,0.0,0.0
0.0,0.0,0.0
0.0,0.0,0.0
0.0,0.0,0.0
0.0,0.0,0.0
0.0,0.0,0.0
0.0,0.0,0.0
0.0,0.0,0.0
0.0,0.0,0.0
0.0,0.0,0.0
0.0,0.0,0.0
0.0,0.0,0.0
0.0,0.0,0.0
0.0,0.0,0.0
0.0,0.0,0.0
0.0,0.0,0.0
0.0,0.0,0.0
0.0,0.0,0.0
0.0,0.0,0.0
0.0,0.0,0.0
0.0,0.0,0.0
0.0,0.0,0.0
0.0,0.0,0.0
0.0,0.0,0.0
0.0,0.0,0.0
0.0,0.0,0.0
0.0,0.0,0.0
0.0,0.0,0.0
0.0,0.0,0.0
0.0,0.0,0.0
0.0,0.0,0.0
0.0,0.0,0.0
0.0,0.0,0.0
0.0,0.0,0.0
0.0,0.0,0.0
0.0,0.0,0.0
0.0,0.0,0.0
0.0,0.0,0.0
0.0,0.0,0.0
0.0,0.0,0.0
0.0,0.0,0.0
0.0,0.0,0.0
0.0,0.0,0.0
0.0,0.0,0.0
0.0,0.0,0.0
0.0,0.0,0.0
0.0,0.0,0.0
0.0,0.0,0.0
0.0,0.0,0.0
0.0,0.0,0.0
0.0,0.0,0.0
0.0,0.0,0.0
0.0,0.0,0.0
0.0,0.0,0.0
0.0,0.0,0.0
0.0,0.0,0.0
0.0,0.0,0.0
0.0,0.0,0.0
0.0,0.0,0.0
0.0,0.0,0.0
0.0,0.0,0.0
0.0,0.0,0.0
1.0,0.1701,0.0012612852733582258
1.0,0.163123198021,0.07478540142277718
1.0,0.142965106978289,0.1915458915087136
1.0,0.116990012643787,0.35091153941944636
1.0,0.0904479233522777,0.5208962114481278
1.0,0.0666627151588314,0.66484397659798
1.0,0.0473742280840264,0.7998644922714033
1.0,0.0331358632050521,0.8454913813871332
1.0,0.0237000995075146,0.969977119637103
1.0,0.0183514103337071,0.9337851886656877
1.0,0.0161675911296097,0.9741412580997805
1.0,0.0162060921389443,0.992630240174026
1.0,0.0176220167032256,0.9811282432477219
1.0,0.0197299130431912,0.967256648102344
1.0,0.0220234608240295,0.9301509157779507
1.0,0.0241667284781294,0.9168845402554618
1.0,0.025968813284046,0.9095212095822517
1.0,0.027351137638097,0.9156201339468314
1.0,0.0283140148234391,0.9035967115901662
1.0,0.0289066732472834,0.9042243016643399
1.0,0.0292029337354378,0.9232909650621924
1.0,0.0292832402128392,0.905777963809584
1.0,0.0292227349848425,0.9458686821094562
1.0,0.0290844798141147,0.9241174988776615
1.0,0.0289166630437181,0.893369118293623
1.0,0.0287526067915135,0.9171552902638214
1.0,0.0286125107250415,0.9494306796618037
1.0,0.0285060693527475,0.9584317236585201
1.0,0.028435325107392,0.9113316602311876
1.0,0.0283973339316368,0.9153305974801643
1.0,0.0283864026545756,0.9252259502565053
1.0,0.0283957988994141,0.9198999887973062
1.0,0.0284189336451903,0.9274953882674395
1.0,0.0284500782172241,0.9449582052673878
1.0,0.0284847085079212,0.9506450555254113
1.0,0.0285195776239175,0.9233082171132166
1.0,0.0285526115244472,0.9274070181373774
1.0,0.0285827070373765,0.9146193033351454
1.0,0.0286094929331839,0.9198803374682741
1.0,0.0286330960306571,0.9196208917963625
1.0,0.0286539377900061,0.9278837462502577
1.0,0.0286725736214777,0.9544525531210696
1.0,0.0286895774992701,0.9494357713649407
1.0,0.0287054681870749,0.9616471309419541
1.0,0.0287206699148521,0.9680000101305704
1.0,0.0287354990331687,0.938652715326581
1.0,0.0287501683479054,0.9624396766334258
1.0,0.0287648019184379,0.958590006509063
1.0,0.0287794546170461,0.9584018066095206
1.0,0.0287941323543068,0.9040641488440189
1.0,0.0288088103514756,0.9563772546161378
1.0,0.0288234480632963,0.9273037918726735
1.0,0.0288380002765669,0.9605284855013619
1.0,0.0288524245373709,0.9479008219625118
1.0,0.0288666854313777,0.9438026616517738
1.0,0.0288807564107945,0.9917734224314885
1.0,0.0288946198853628,0.9271236355155993
1.0,0.0289082662256388,0.9540066383599046
1.0,0.0289216922080457,0.9516000046111681
1.0,0.0289348992955512,0.9351461705252507
1.0,0.0289478920175803,0.9935402721492507
1.0,0.0289606766011286,0.9338201814216456
1.0,0.0289732599179677,0.9421802284345783
1.0,0.0289856487512294,0.9246366270577832
1.0,0.0289978493460417,0.9792473899394996
1.0,0.0290098671890602,0.9385684220955253
1.0,0.0290217069558873,0.9402314322785976
1.0,0.0290333725688856,0.9569264537917941
1.0,0.0290448673167889,0.9528818212832069
1.0,0.029056193998733,0.9166769882915432
1.0,0.0290673550666465,0.9748650558287169
1.0,0.0290783527500296,0.9648724466445211
1.0,0.0290891891552703,0.9520569181290313
1.0,0.0290998663375961,0.9845377002047008
1.0,0.0291103863476969,0.9496784143873759
1.0,0.0291207512572285,0.9645046501645695
1.0,0.029130963168289,0.9755730657850955
1.0,0.0291410242119017,0.9660400164187417
1.0,0.0291509365399061,0.962931596841613
1.0,0.0291607023137677,1.0176315670345213
1.0,0.0291703236928365,0.9609472819343743
1.0,0.0291798028236949,0.9456778870220289
1.0,0.0291891418314774,0.9583238384133963
1.0,0.0291983428134863,0.9469048747892542
1.0,0.0292074078350271,0.9784212438983574
1.0,0.0292163389271605,0.966468220618451
1.0,0.0292251380859603,0.9802859980607845
1.0,0.0292338072728353,0.9975307256891125
1.0,0.0292423484155291,0.9934447776091015
1.0,0.0292507634094705,0.9827268066746452
1.0,0.0292590541192244,0.9999396919444571
1.0,0.0292672223798933,0.983381322890479
1.0,0.0292752699983603,0.9715029851335294
1.0,0.0292831987543378,0.9641346937575987
1.0,0.0292910104012181,0.9443077655475205
1.0,0.0292987066667443,1.0022070350103887
1.0,0.0293062892535358,0.9722609097828379
1.0,0.0293137598395021,0.971107508052945
1.0,0.0293211200781849,0.9660129811762703
1.0,0.0293283715990531,0.9883068047749367
1.0,0.0293355160077795,0.975515150265396
1.0,0.0293425548865098,0.975876812232043
1.0,0.0293494897941362,0.976233132150467
1.0,0.0293563222665829,0.976584188926081
1.0,0.0293630538171015,0.976930060298734
1.0,0.0293696859365782,0.977270822860092
1.0,0.0293762200938463,0.977606552070695
1.0,0.0293826577360072,0.977937322276698
1.0,0.0293890002887514,0.978263206726324
1.0,0.0293952491566771,0.978584277586054
1.0,0.0294014057236125,0.978900605956564
1.0,0.0294074713529251,0.979212261888422
1.0,0.0294134473878331,0.97951931439756
1.0,0.0294193351517074,0.979821831480526
1.0,0.0294251359483699,0.98011988012951
1.0,0.0294308510623833,0.980413526347169
1.0,0.0294364817593393,0.980702835161231
1.0,0.0294420292861386,0.980987870638888
1.0,0.0294474948712664,0.981268695900988
1.0,0.0294528797250666,0.981545373136011
1.0,0.0294581850400057,0.981817963613846
1.0,0.02946341199094,0.982086527699367
1.0,0.0294685617353723,0.982351124865796
1.0,0.0294736354137091,0.982611813707882
1.0,0.0294786341495124,0.982868651954881
1.0,0.0294835590497486,0.983121696483336
1.0,0.0294884112050324,0.983371003329678
1.0,0.02949319168987,0.983616627702631
1.0,0.0294979015628949,0.983858623995445
1.0,0.0295025418671042,0.984097045797934
1.0,0.0295071136300886,0.984331945908349
1.0,0.0295116178642598,0.984563376345065
1.0,0.0295160555670759,0.984791388358102
1.0,0.0295204277212615,0.985016032440477
1.0,0.0295247352950248,0.98523735833938
1.0,0.0295289792422733,0.985455415067193
1.0,0.0295331605028251,0.985670250912345
1.0,0.029537280002615,0.985881913450002
1.0,0.0295413386539021,0.986090449552605
1.0,0.0295453373554702,0.986295905400251
1.0,0.0295492769928276,0.986498326490916
1.0,0.0295531584384023,0.986697757650531
1.0,0.0295569825517366,0.986894243042913
1.0,0.0295607501796762,0.98708782617954
1.0,0.0295644621565583,0.987278549929189
1.0,0.0295681193043964,0.987466456527428
1.0,0.0295717224330612,0.987651587585971
1.0,0.0295752723404621,0.987833984101892
1.0,0.0295787698127226,0.988013686466702
1.0,0.0295822156243537,0.988190734475297
1.0,0.0295856105384273,0.988365167334767
1.0,0.0295889553067428,0.988537023673081
1.0,0.0295922506699957,0.988706341547639
1.0,0.0295954973579409,0.988873158453703
1.0,0.0295986960895536,0.989037511332697
1.0,0.0296018475731901,0.989199436580388
1.0,0.0296049525067421,0.989358970054948
1.0,0.0296080115777946,0.989516147084894
1.0,0.0296110254637749,0.989671002476909
1.0,0.0296139948321055,0.989823570523554
1.0,0.0296169203403491,0.989973885010857
1.0,0.029619802636357,0.990121979225799
1.0,0.0296226423584103,0.990267885963686
1.0,0.0296254401353624,0.990411637535406
1.0,0.029628196586778,0.990553265774591
1.0,0.02963091232307,0.990692802044661
1.0,0.0296335879456358,0.990830277245773
1.0,0.029636224046989,0.990965721821663
1.0,0.0296388212108909,0.991099165766385
1.0,0.0296413800124813,0.991230638630958
1.0,0.0296439010184038,0.991360169529905
1.0,0.0296463847869319,0.991487787147706
1.0,0.0296488318680945,0.991613519745142
1.0,0.0296512428037945,0.991737395165564
1.0,0.0296536181279308,0.991859440841048
1.0,0.0296559583665168,0.991979683798479
1.0,0.0296582640377958,0.99209815066553
1.0,0.0296605356523563,0.99221486767656
1.0,0.0296627737132444,0.992329860678427
1.0,0.0296649787160765,0.992443155136206
1.0,0.029667151149148,0.992554776138834
1.0,0.0296692914935421,0.99266474840466
1.0,0.0296714002232359,0.992773096286925
1.0,0.0296734778052052,0.992879843779149
1.0,0.0296755246995279,0.992985014520452
1.0,0.0296775413594872,0.993088631800779
1.0,0.0296795282316695,0.993190718566066
1.0,0.0296814857560659,0.993291297423318
1.0,0.0296834143661684,0.993390390645613
1.0,0.029685314489065,0.993488020177039
1.0,0.0296871865455361,0.993584207637551
1.0,0.0296890309501472,0.993678974327757
1.0,0.0296908481113387,0.99377234123364
1.0,0.0296926384315195,0.9938643290312
1.0,0.0296944023071539,0.993954958091036
1.0,0.0296961401288509,0.994044248482855
1.0,0.0296978522814486,0.994132219979918
1.0,0.0296995391441013,0.994218892063419
1.0,0.0297012010903628,0.994304283926797
1.0,0.02970283848827,0.994388414479989
1.0,0.0297044517004226,0.994471302353614
1.0,0.0297060410840644,0.994552965903103
1.0,0.0297076069911628,0.994633423212761
1.0,0.0297091497684863,0.994712692099772
1.0,0.0297106697576814,0.994790790118146
1.0,0.0297121672953482,0.994867734562605
1.0,0.0297136427131148,0.994943542472413
1.0,0.0297150963377102,0.995018230635151
1.0,0.0297165284910386,0.995091815590431
1.0,0.0297179394902487,0.995164313633563
1.0,0.0297193296478047,0.995235740819159
1.0,0.0297206992715555,0.995306112964695
1.0,0.0297220486648029,0.995375445654004
1.0,0.0297233781263684,0.995443754240736
1.0,0.0297246879506601,0.995511053851755
1.0,0.0297259784277371,0.995577359390487
1.0,0.0297272498433736,0.995642685540221
1.0,0.0297285024791241,0.995707046767364
1.0,0.0297297366123828,0.99577045732464
1.0,0.0297309525164473,0.995832931254248
1.0,0.0297321504605785,0.995894482390973
1.0,0.02973333071006,0.995955124365247
1.0,0.0297344935262562,0.996014870606171
1.0,0.0297356391666717,0.996073734344484
1.0,0.0297367678850078,0.996131728615499
1.0,0.0297378799312171,0.996188866261984
1.0,0.0297389755515614,0.996245159937011
1.0,0.0297400549886651,0.996300622106751
1.0,0.0297411184815679,0.996355265053243
1.0,0.0297421662657791,0.996409100877109
1.0,0.0297431985733299,0.996462141500233
1.0,0.0297442156328234,0.996514398668405
1.0,0.0297452176694859,0.996565883953918
1.0,0.029746204905218,0.996616608758134
1.0,0.0297471775586415,0.996666584314005
1.0,0.0297481358451497,0.996715821688565
1.0,0.029749079976954,0.996764331785376
1.0,0.0297500101631314,0.996812125346949
1.0,0.0297509266096709,0.996859212957114
1.0,0.0297518295195185,0.996905605043372
1.0,0.0297527190926221,0.996951311879202
1.0,0.0297535955259773,0.996996343586333
1.0,0.0297544590136694,0.997040710136988
1.0,0.0297553097469163,0.997084421356091
1.0,0.0297561479141122,0.997127486923446
1.0,0.0297569737008685,0.997169916375875
1.0,0.0297577872900543,0.997211719109335
1.0,0.0297585888618386,0.997252904380997
1.0,0.0297593785937282,0.997293481311294
1.0,0.0297601566606085,0.997333458885945
1.0,0.0297609232347817,0.997372845957939
1.0,0.0297616784860046,0.997411651249501
1.0,0.0297624225815269,0.997449883354023
1.0,0.029763155686128,0.99748755073796
1.0,0.0297638779621527,0.997524661742716
1.0,0.0297645895695486,0.997561224586482
1.0,0.0297652906659001,0.99759724736606
1.0,0.0297659814064646,0.997632738058658
1.0,0.029766661944205,0.997667704523649
1.0,0.0297673324298267,0.997702154504321
1.0,0.0297679930118075,0.997736095629583
1.0,0.0297686438364326,0.997769535415662
1.0,0.0297692850478262,0.997802481267763
1.0,0.0297699167879846,0.997834940481708
1.0,0.0297705391968051,0.997866920245556
1.0,0.02977115241212,0.997898427641191
1.0,0.0297717565697253,0.997929469645892
1.0,0.0297723518034103,0.997960053133876
1.0,0.0297729382449896,0.997990184877826
1.0,0.0297735160243302,0.998019871550382
1.0,0.02977408526938,0.998049119725627
1.0,0.0297746461061978,0.998077935880538
1.0,0.0297751986589805,0.998106326396421
1.0,0.0297757430500905,0.998134297560325
1.0,0.0297762794000827,0.998161855566433
1.0,0.0297768078277305,0.998189006517438
1.0,0.0297773284500547,0.998215756425888
1.0,0.0297778413823453,0.998242111215521
1.0,0.0297783467381918,0.998268076722577
1.0,0.0297788446295038,0.998293658697089
1.0,0.0297793351665396,0.998318862804159
1.0,0.0297798184579272,0.998343694625208
1.0,0.029780294610692,0.998368159659217
1.0,0.0297807637302765,0.998392263323941
1.0,0.0297812259205676,0.99841601095711
1.0,0.0297816812839162,0.998439407817613
1.0,0.029782129921162,0.998462459086658
1.0,0.0297825719316556,0.998485169868926
1.0,0.0297830074132799,0.998507545193692
1.0,0.0297834364624716,0.99852959001595
1.0,0.029783859174243,0.998551309217502
1.0,0.0297842756422033,0.998572707608041
1.0,0.0297846859585789,0.998593789926218
1.0,0.029785090214234,0.998614560840689
1.0,0.0297854884986901,0.998635024951152
1.0,0.0297858809001479,0.998655186789361
1.0,0.029786267505503,0.998675050820134
1.0,0.0297866484003697,0.998694621442338
1.0,0.0297870236690965,0.998713902989868
1.0,0.0297873933947856,0.998732899732601
1.0,0.0297877576593133,0.998751615877346
1.0,0.0297881165433453,0.99877005556877
1.0,0.0297884701263564,0.998788222890326
1.0,0.0297888184866464,0.998806121865147
1.0,0.0297891617013599,0.998823756456941
1.0,0.0297894998465009,0.998841130570871
1.0,0.0297898329969519,0.998858248054414
1.0,0.0297901612264884,0.998875112698219
1.0,0.0297904846077963,0.998891728236943
1.0,0.0297908032124883,0.99890809835008
1.0,0.0297911171111189,0.998924226662773
1.0,0.0297914263732011,0.998940116746619
1.0,0.0297917310672198,0.998955772120462
1.0,0.0297920312606497,0.998971196251165
1.0,0.0297923270199687,0.998986392554387
1.0,0.0297926184106716,0.999001364395332
1.0,0.029792905497287,0.999016115089499
1.0,0.0297931883433895,0.999030647903412
1.0,0.0297934670116153,0.999044966055349
1.0,0.0297937415636758,0.999059072716047
1.0,0.0297940120603692,0.999072971009413
1.0,0.0297942785615977,0.999086664013207
1.0,0.0297945411263769,0.999100154759732
1.0,0.029794799812852,0.999113446236497
1.0,0.0297950546783081,0.999126541386887
1.0,0.029795305779186,0.999139443110809
1.0,0.0297955531710905,0.999152154265334
1.0,0.0297957969088074,0.999164677665335
1.0,0.029796037046312,0.999177016084105
1.0,0.0297962736367818,0.999189172253974
1.0,0.0297965067326098,0.999201148866912
1.0,0.029796736385415,0.999212948575128
1.0,0.0297969626460535,0.999224573991654
0.0,-0.140302814435369,1.0004973129642842
0.0,-0.133325792830488,0.9590791336321302
0.0,-0.113167485405957,0.8078065789360026
0.0,-0.0871921778857774,0.6351561670026623
0.0,-0.0606498785575234,0.4719234752629898
0.0,-0.036864463429753,0.320553782094806
0.0,-0.0175757724772196,0.21798955066223427
0.0,-0.0033372067319639,0.08932084431809215
0.0,0.00609875486489,0.09884804176501533
0.0,0.0114476390148737,-0.002355129099105374
0.0,0.0136316503151838,0.0112717362511188
0.0,0.0135933385646378,0.02960109117108305
0.0,0.0121776004636323,0.0341375673928985
0.0,0.010069887832722,0.044176512302014706
0.0,0.0077765210474004,0.03277059741677872
0.0,0.0056334317153605,0.043014050686476804
0.0,0.0038315225975358,0.05476201510165321
0.0,0.0024493713365145,0.0747222055427649
0.0,0.0014866646874716,0.07140012377349808
0.0,0.0008941742809607,0.07623288302016784
0.0,0.0005980793283812,0.09595052474216825
0.0,0.0005179359414542,0.07653865868782404
0.0,0.0005786018509404,0.113106148985684
0.0,0.0007170153297564,0.08697557976448829
0.0,0.0008849880698964,0.051572336528952004
0.0,0.0010491979880392,0.0708244980264491
0.0,0.0011894454506733,0.09892224303383018
0.0,0.0012960359828797,0.10421012840654849
0.0,0.0013669271849292,0.05387776056593284
0.0,0.0014050631467037,0.05508271651880657
0.0,0.0014161370711719,0.06254825662708424
0.0,0.0014068813667171,0.05507149852741401
0.0,0.0013838850854243,0.06071305202355988
0.0,0.0013528769326361,0.07634837499825586
0.0,0.0013183810461564,0.08027880962976798
0.0,0.0012836443491133,0.05121728751120938
0.0,0.0012507409115972,0.05359822810580714
0.0,0.001220773934632,0.03908639279788948
0.0,0.0011941146762036,0.042612784389807166
0.0,0.001170636345568,0.04060983828714118
0.0,0.0011499175101443,0.047125435507635496
0.0,0.0011314027869081,0.07194982041952272
0.0,0.0011145182284791,0.06519815381792728
0.0,0.0010987450975903,0.07569010803235934
0.0,0.0010836591903133,0.08034379438852984
0.0,0.0010689441817304,0.04932090599828085
0.0,0.0010543872912296,0.07145798647830012
0.0,0.001039864484332,0.06598518354890782
0.0,0.0010253209132857,0.06420080360199817
0.0,0.0010107506916805,0.008293544233245069
0.0,0.0009961786220696,0.05906289785774522
0.0,0.0009816452731674,0.028470630056350775
0.0,0.0009671958812862,0.06020052332194524
0.0,0.0009528729231126,0.04610116967774471
0.0,0.0009387118354108,0.040553632577506396
0.0,0.0009247391880752,0.08709665031289562
0.0,0.0009109725931399,0.021040191036252785
0.0,0.0008974217015025,0.04653713201374877
0.0,0.0008840897578766,0.04276466959835711
0.0,0.0008709753201205,0.024964924067978955
0.0,0.0008580738793251,0.08203275674961955
0.0,0.000845379228709,0.02100578934525743
0.0,0.0008328845164165,0.028078113412544056
0.0,0.0008205829789375,0.009265707172740938
0.0,0.0008084683904749,0.06262634518057741
0.0,0.0007965352834196,0.020715689361287072
0.0,0.0007847790009337,0.021165199844000955
0.0,0.0007731956391422,0.036664656545946896
0.0,0.0007617819275254,0.03144213745187214
0.0,0.0007505350848932,-0.0059231620929704465
0.0,0.0007394526769976,0.05112160089914588
0.0,0.000728532491757,0.04000259278741693
0.0,0.0007177724399461,0.026077317345713814
0.0,0.0007071704832449,0.05746475445501261
0.0,0.0006967245876223,0.021528279653694082
0.0,0.0006864326978354,0.035293240748774726
0.0,0.0006762927279559,0.045316058646222235
0.0,0.000666302562892,0.03475285542134632
0.0,0.0006564600665002,0.03062949683886279
0.0,0.0006467630927792,0.08432951775246644
0.0,0.0006372094976146,0.026660051654219176
0.0,0.000627797149435,0.010420026076513579
0.0,0.0006185239378943,0.022109682523557946
0.0,0.0006093877802608,0.009748548271162234
0.0,0.0006003866255847,0.04033666276808044
0.0,0.0005915184569478,0.027469095619482298
0.0,0.0005827812922115,0.040385837632849975
0.0,0.0005741731836954,0.05674283889192059
0.0,0.0005656922171808,0.05178227700968127
0.0,0.0005573365105661,0.04020261120299659
0.0,0.0005491042124144,0.05656652971928882
0.0,0.0005409935005588,0.03917173401484092
0.0,0.0005330025808606,0.026469324459049585
0.0,0.0005251296861631,0.01828913361553165
0.0,0.0005173730754442,-0.0023377015551760798
0.0,0.0005097310331484,0.05477347628929032
0.0,0.0005022018686644,0.02405090024277658
0.0,0.000494783915913,0.02213251653422405
0.0,0.000487475533008,0.01628430710516743
0.0,0.0004802751019636,0.03783558067039296
0.0,0.0004731810284208,0.024312344207661
0.0,0.000466191741381,0.0239532302938359
0.0,0.0004593056929338,0.0235994207913343
0.0,0.0004525213579748,0.0232508373506714
0.0,0.0004458372339123,0.0229074027797169
0.0,0.0004392518403631,0.0225690410264306
0.0,0.0004327637188408,0.0222356771619293
0.0,0.0004263714324386,0.0219072373638621
0.0,0.0004200735655106,0.0215836489000715
0.0,0.0004138687233528,0.0212648401125202
0.0,0.000407755531888,0.0209507404014664
0.0,0.0004017326373535,0.0206412802098759
0.0,0.0003957987059946,0.0203363910080603
0.0,0.0003899524237643,0.0200360052785353
0.0,0.000384192496027,0.0197400565010947
0.0,0.0003785176472699,0.0194484791380966
0.0,0.0003729266208184,0.0191612086199597
0.0,0.0003674181785567,0.0188781813308694
0.0,0.0003619911006544,0.01859933459469
0.0,0.0003566441852958,0.0183246066610828
0.0,0.0003513762484149,0.0180539366918286
0.0,0.0003461861234336,0.0177872647473505
0.0,0.0003410726610036,0.0175245317734375
0.0,0.0003360347287531,0.0172656795881631
0.0,0.0003310712110361,0.017010650868999
0.0,0.0003261810086853,0.0167593891401193
0.0,0.0003213630387695,0.0165118387598927
0.0,0.0003166162343534,0.0162679449085609
0.0,0.0003119395442614,0.0160276535760977
0.0,0.0003073319328451,0.0157909115502497
0.0,0.0003027923797536,0.0155576664047519
0.0,0.0002983198797076,0.0153278664877189
0.0,0.0002939134422769,0.0151014609102063
0.0,0.0002895720916606,0.0148783995349427
0.0,0.0002852948664716,0.014658632965226
0.0,0.000281080819523,0.0144421125339853
0.0,0.0002769290176188,0.0142287902930039
0.0,0.000272838541347,0.0140186190023007
0.0,0.0002688084848761,0.0138115521196694
0.0,0.0002648379557546,0.0136075437903718
0.0,0.000260926074713,0.0134065488369829
0.0,0.0002570719754695,0.0132085227493868
0.0,0.0002532748045381,0.0130134216749199
0.0,0.0002495337210392,0.0128212024086594
0.0,0.000245847896514,0.012631822383856
0.0,0.0002422165147406,0.0124452396625075
0.0,0.0002386387715534,0.0122614129260712
0.0,0.000235113874665,0.0120803014663145
0.0,0.0002316410434908,0.0119018651762998
0.0,0.0002282195089761,0.0117260645415032
0.0,0.0002248485134257,0.0115528606310633
0.0,0.0002215273103363,0.011382215089161
0.0,0.0002182551642311,0.0112140901265249
0.0,0.0002150313504967,0.0110484485120631
0.0,0.0002118551552233,0.0108852535646186
0.0,0.0002087258750456,0.0107244691448462
0.0,0.0002056428169881,0.0105660596472093
0.0,0.0002026052983108,0.0104099899920954
0.0,0.0001996126463584,0.0102562256180476
0.0,0.0001966641984116,0.0101047324741108
0.0,0.0001937593015395,0.0099554770122917
0.0,0.0001908973124559,0.009808426180129
0.0,0.0001880775973765,0.0096635474133744
0.0,0.0001852995318784,0.0095208086287812
0.0,0.0001825625007619,0.0093801782169993
0.0,0.0001798658979145,0.0092416250355755
0.0,0.0001772091261763,0.0091051184020572
0.0,0.0001745915972082,0.0089706280871974
0.0,0.0001720127313612,0.0088381243082609
0.0,0.0001694719575481,0.0087075777224286
0.0,0.0001669687131174,0.0085789594202997
0.0,0.0001645024437284,0.0084522409194898
0.0,0.0001620726032282,0.0083273941583234
0.0,0.0001596786535314,0.0082043914896199
0.0,0.0001573200645003,0.0080832056745708
0.0,0.0001549963138279,0.007963809876708
0.0,0.0001527068869223,0.0078461776559606
0.0,0.0001504512767922,0.0077302829628002
0.0,0.0001482289839352,0.0076161001324718
0.0,0.000146039516227,0.0075036038793107
0.0,0.0001438823888123,0.0073927692911428
0.0,0.0001417571239975,0.0072835718237681
0.0,0.0001396632511451,0.0071759872955251
0.0,0.0001376003065692,0.0070699918819359
0.0,0.0001355678334328,0.0069655621104303
0.0,0.0001335653816471,0.0068626748551481
0.0,0.0001315925077712,0.0067613073318175
0.0,0.0001296487749144,0.0066614370927095
0.0,0.0001277337526391,0.0065630420216674
0.0,0.0001258470168656,0.0064661003292087
0.0,0.0001239881497785,0.0063705905477002
0.0,0.0001221567397335,0.0062764915266035
0.0,0.0001203523811668,0.0061837824277919
0.0,0.0001185746745053,0.0060924427209353
0.0,0.0001168232260777,0.0060024521789542
0.0,0.0001150976480276,0.0059137908735399
0.0,0.0001133975582276,0.0058264391707419
0.0,0.0001117225801947,0.0057403777266197
0.0,0.0001100723430068,0.0056555874829593
0.0,0.0001084464812206,0.0055720496630526
0.0,0.0001068446347909,0.0054897457675394
0.0,0.0001052664489904,0.0054086575703107
0.0,0.0001037115743316,0.0053287671144727
0.0,0.0001021796664891,0.0052500567083699
0.0,0.0001006703862237,0.0051725089216678
0.0,9.91833993069235e-05,0.0050961065814925
0.0,9.77183764469536e-05,0.0050208327686282
0.0,9.62749932161555e-05,0.0049466708137701
0.0,9.48529299788642e-05,0.0048736042938332
0.0,9.34518718207003e-05,0.0048016170283154
0.0,9.20715084788623e-05,0.0047306930757144
0.0,9.0711534273348e-05,0.0046608167299973
0.0,8.93716480393422e-05,0.0045919725171225
0.0,8.80515530604919e-05,0.0045241451916134
0.0,8.67509570031955e-05,0.0044573197331818
0.0,8.54695718518414e-05,0.004391481343402
0.0,8.42071138450612e-05,0.0043266154424334
0.0,8.29633034129112e-05,0.0042627076657922
0.0,8.17378651149017e-05,0.0041997438611702
0.0,8.05305275790452e-05,0.0041377100853006
0.0,7.93410234417313e-05,0.0040765926008707
0.0,7.81690892885725e-05,0.0040163778734793
0.0,7.70144655959926e-05,0.00395705256864
0.0,7.58768966738349e-05,0.0038986035488279
0.0,7.47561306086858e-05,0.0038410178705707
0.0,7.36519192080926e-05,0.0037842827815818
0.0,7.25640179456422e-05,0.003728385717937
0.0,7.14921859067755e-05,0.0036733143012917
0.0,7.0436185735441e-05,0.0036190563361402
0.0,6.93957835815329e-05,0.0035655998071144
0.0,6.83707490491195e-05,0.0035129328763236
0.0,6.73608551454083e-05,0.0034610438807328
0.0,6.63658782304802e-05,0.0034099213295798
0.0,6.53855979677667e-05,0.0033595539018308
0.0,6.44197972752697e-05,0.0033099304436731
0.0,6.34682622774607e-05,0.0032610399660453
0.0,6.2530782257951e-05,0.003212871642204
0.0,6.16071496127718e-05,0.0031654148053257
0.0,6.06971598044945e-05,0.003118658946145
0.0,5.980061131685e-05,0.0030725937106273
0.0,5.891730561014e-05,0.0030272088976759
0.0,5.80470470772643e-05,0.0029824944568727
0.0,5.7189643000416e-05,0.0029384404862531
0.0,5.6344903508386e-05,0.0028950372301127
0.0,5.55126415345206e-05,0.0028522750768473
0.0,5.46926727753028e-05,0.002810144556824
0.0,5.38848156495311e-05,0.0027686363402847
0.0,5.30888912581226e-05,0.0027277412352795
0.0,5.23047233444776e-05,0.0026874501856314
0.0,5.15321382554487e-05,0.002647754268931
0.0,5.07709649029096e-05,0.0026086446945602
0.0,5.00210347258341e-05,0.002570112801746
0.0,4.92821816529959e-05,0.0025321500576423
0.0,4.85542420661858e-05,0.0024947480554401
0.0,4.78370547639557e-05,0.0024578985125065
0.0,4.7130460925953e-05,0.0024215932685499
0.0,4.64343040777367e-05,0.0023858242838132
0.0,4.57484300561209e-05,0.0023505836372931
0.0,4.5072686975043e-05,0.0023158635249866
0.0,4.44069251919234e-05,0.0022816562581621
0.0,4.37509972745394e-05,0.0022479542616573
0.0,4.31047579683534e-05,0.0022147500722014
0.0,4.24680641643686e-05,0.0021820363367623
0.0,4.18407748674354e-05,0.0021498058109187
0.0,4.12227511650091e-05,0.0021180513572553
0.0,4.06138561964003e-05,0.0020867659437826
0.0,4.00139551224865e-05,0.0020559426423794
0.0,3.94229150958089e-05,0.002025574627259
0.0,3.88406052312072e-05,0.001995655173457
0.0,3.82668965767732e-05,0.0019661776553427
0.0,3.77016620853494e-05,0.0019371355451514
0.0,3.7144776586371e-05,0.0019085224115391
0.0,3.65961167581412e-05,0.0018803319181583
0.0,3.60555611005273e-05,0.0018525578222545
0.0,3.55229899080718e-05,0.0018251939732842
0.0,3.49982852434483e-05,0.0017982343115524
0.0,3.4481330911381e-05,0.0017716728668712
0.0,3.39720124328848e-05,0.0017455037572372
0.0,3.34702170199375e-05,0.0017197211875293
0.0,3.29758335504762e-05,0.0016943194482252
0.0,3.24887525438265e-05,0.0016692929141371
0.0,3.20088661364126e-05,0.0016446360431661
0.0,3.15360680579191e-05,0.0016203433750746
0.0,3.10702536077054e-05,0.0015964095302774
0.0,3.06113196316751e-05,0.0015728292086504
0.0,3.01591644993916e-05,0.0015495971883569
0.0,2.97136880815889e-05,0.0015267083246908
0.0,2.92747917279915e-05,0.0015041575489381
0.0,2.88423782454743e-05,0.0014819398672537
0.0,2.84163518765417e-05,0.001460050359556
0.0,2.79966182781116e-05,0.0014384841784371
0.0,2.75830845006299e-05,0.0014172365480894
0.0,2.71756589674821e-05,0.0013963027632481
0.0,2.6774251454734e-05,0.0013756781881491
0.0,2.63787730711181e-05,0.0013553582555024
0.0,2.59891362383736e-05,0.0013353384654809
0.0,2.56052546718424e-05,0.0013156143847236
0.0,2.52270433613658e-05,0.0012961816453541
0.0,2.48544185524561e-05,0.0012770359440132
0.0,2.44872977277558e-05,0.001258173040906
0.0,2.41255995887483e-05,0.0012395887588629
0.0,2.37692440377708e-05,0.0012212789824147
0.0,2.3418152160273e-05,0.0012032396568812
0.0,2.30722462073348e-05,0.001185466787473
0.0,2.27314495784576e-05,0.0011679564384074
0.0,2.23956868045955e-05,0.0011507047320366
0.0,2.20648835314429e-05,0.0011337078479887
0.0,2.17389665029717e-05,0.0011169620223221
0.0,2.14178635452051e-05,0.0011004635466916
1.0,0.17012110150355,0.0023454940408860255
1.0,0.16314398783746,0.07585359550800438
1.0,0.142985589711542,0.1925983074620696
1.0,0.117010192829713,0.35194841029730933
1.0,0.0904678054597552,0.5219177668644368
1.0,0.0666823035907326,0.665850442775081
1.0,0.0473935271781882,0.8008560920901463
1.0,0.0331548772352384,0.8464683344362302
1.0,0.0237188326843616,0.9709396422617539
1.0,0.0183698668056568,0.9347334940154908
1.0,0.0161857749838279,0.9750755561759324
1.0,0.0162240074022258,0.99355073787583
1.0,0.0176396673428864,0.9820351444184018
1.0,0.0197473029679464,0.968150153574185
1.0,0.0220405938848592,0.9310312234167777
1.0,0.0241836084691313,0.9177518450044538
1.0,0.025985443943276,0.9103757035051108
1.0,0.0273675226483967,0.9164620062703154
1.0,0.0283301578132514,0.9044261487459941
1.0,0.0289225777914558,0.9050414873304758
1.0,0.0292186033560148,0.9240960802035224
1.0,0.0292986783798411,0.906571186717988
1.0,0.0292379451170349,0.9466501884432922
1.0,0.0290994652797648,0.9248874617006665
1.0,0.0289314271613412,0.894127708113233
1.0,0.0287671528306073,0.9179026750689354
1.0,0.028626841906811,0.9501670249599807
1.0,0.0285201888508174,0.9591571925126332
1.0,0.02844923604851,0.9120464132955316
1.0,0.0284110393963658,0.9160347930360363
1.0,0.0283999056779758,0.9259197442472513
1.0,0.0284091024717159,0.9205835348628583
1.0,0.0284320407124554,0.9281688377783375
1.0,0.0284629916819981,0.9456217073583009
1.0,0.0284974312298774,0.9512987571281604
1.0,0.0285321124204887,0.9239522629893197
1.0,0.0285649611714502,0.9280415509100993
1.0,0.0285948742696276,0.9152444635210844
1.0,0.0286214804451035,0.9204962635084801
1.0,0.0286449064768668,0.9202277200869925
1.0,0.0286655737859169,0.9284816111727827
1.0,0.0286840377438682,0.9550415870720327
1.0,0.0287008722868578,0.9500161047852766
1.0,0.028716596141078,0.962218892345872
1.0,0.0287316334995442,0.9685633261340183
1.0,0.0287463006764239,0.9392077106752801
1.0,0.0287608104417361,0.9629864742304999
1.0,0.0287752868195239,0.959128727442248
1.0,0.0287897846472578,0.9589325701779876
1.0,0.0288043098012181,0.9045870725847879
1.0,0.0288188374688716,0.9568924543301087
1.0,0.0288333270716705,0.9278113816502666
1.0,0.0288477333636157,0.9610285777477869
1.0,0.0288620138584759,0.9483935274226578
1.0,0.0288761331100833,0.9442880894347347
1.0,0.0288900645392793,0.9922516800347225
1.0,0.0289037905249021,0.9275948288487383
1.0,0.0289173014070605,0.9544708717682037
1.0,0.0289305939321811,0.9520573808986161
1.0,0.0289436695336771,0.9355967909773337
1.0,0.0289565327118566,0.9939842365553806
1.0,0.0289691896650281,0.9342575880972637
1.0,0.0289816472366993,0.9426111742429203
1.0,0.0289939121821554,0.9250612074313341
1.0,0.02900599071909,0.9796656989011255
1.0,0.0290178883071295,0.9389805522792952
1.0,0.0290296095952451,0.9406374749502977
1.0,0.0290411584795629,0.9573264988691351
1.0,0.0290525382229678,0.9532759573557399
1.0,0.0290637515991268,0.9170653026402772
1.0,0.029074801034878,0.9752476344454469
1.0,0.0290856887350004,0.9652493742508691
1.0,0.0290964167815257,0.9524282781952094
1.0,0.0291069872056866,0.9849035749679959
1.0,0.0291174020345315,0.9500388848703589
1.0,0.029127663316423,0.9648597961930405
1.0,0.029137773130512,0.9759229660057596
1.0,0.0291477335852117,0.9663847483166247
1.0,0.0291575468100869,0.963271236757224
1.0,0.0291672149446558,1.0179661901807542
1.0,0.0291767401266476,0.9612769624131633
1.0,0.0291861244813405,0.946002697840761
1.0,0.0291953701128822,0.9586438515010772
1.0,0.0292044790978969,0.9472201610124382
1.0,0.0292134534813169,0.9787318730768373
1.0,0.0292222952741314,0.9667742615407259
1.0,0.0292310064526389,0.9805875184992846
1.0,0.0292395889587647,0.9978277924152155
1.0,0.0292480447010575,0.9937374564079146
1.0,0.029256375556034,0.9830151623595712
1.0,0.0292645833696272,1.0002237883715521
1.0,0.0292726699585826,0.98366122297259
1.0,0.0292806371116954,0.9717787508542294
1.0,0.0292884865908605,0.9644063861849077
1.0,0.029296220131914,0.9445754448474355
1.0,0.0293038394453033,1.0024707604602008
1.0,0.0293113462166057,0.9725207397842629
1.0,0.0293187421069419,0.9713635001450589
1.0,0.0293260287533121,0.9662651920482463
1.0,0.0293332077688888,0.9885552902785987
1.0,0.0293402807432885,0.975759965427591
1.0,0.0293472492428379,0.976118011266825
1.0,0.0293541148108432,0.976470768471102
1.0,0.0293608789678736,0.976818315156878
1.0,0.029367543212053,0.977160728286693
1.0,0.0293741090193615,0.977498083686391
1.0,0.0293805778439487,0.977830456061999
1.0,0.0293869511184475,0.978157919016305
1.0,0.0293932302542945,0.978480545065145
1.0,0.029399416642045,0.978798405653429
1.0,0.0294055116516894,0.979111571170923
1.0,0.0294115166329647,0.979420110967785
1.0,0.0294174329156585,0.979724093369881
1.0,0.0294232618099091,0.980023585693887
1.0,0.0294290046065022,0.980318654262164
1.0,0.0294346625771569,0.980609364417435
1.0,0.0294402369748097,0.980895780537237
1.0,0.0294457290338939,0.981177966048181
1.0,0.0294511399706123,0.98145598343999
1.0,0.0294564709832059,0.981729894279346
1.0,0.029461723252219,0.981999759223523
1.0,0.0294668979407604,0.982265638033827
1.0,0.0294719961947598,0.982527589588831
1.0,0.029477019143221,0.982785671897414
1.0,0.0294819678984721,0.983039942111619
1.0,0.0294868435564106,0.983290456539301
1.0,0.0294916471967479,0.983537270656601
1.0,0.0294963798832455,0.983780439120234
1.0,0.0295010426639524,0.984020015779589
1.0,0.0295056365714372,0.984256053688657
1.0,0.0295101626230159,0.984488605117775
1.0,0.0295146218209779,0.984717721565208
1.0,0.0295190151528075,0.984943453768546
1.0,0.0295233435914035,0.985165851715941
1.0,0.0295276080952938,0.985384964657182
1.0,0.0295318096088484,0.985600841114593
1.0,0.0295359490624869,0.985813528893784
1.0,0.0295400273728874,0.986023075094236
1.0,0.0295440454431872,0.986229526119728
1.0,0.0295480041631839,0.986432927688619
1.0,0.0295519044095311,0.986633324843966
1.0,0.0295557470459344,0.986830761963504
1.0,0.029559532923342,0.98702528276947
1.0,0.0295632628801314,0.987216930338287
1.0,0.0295669377422987,0.987405747110103
1.0,0.029570558323637,0.987591774898188
1.0,0.0295741254259212,0.987775054898195
1.0,0.0295776398390812,0.987955627697282
1.0,0.0295811023413808,0.988133533283102
1.0,0.0295845136995871,0.988308811052655
1.0,0.0295878746691418,0.988481499821015
1.0,0.0295911859943279,0.988651637829921
1.0,0.0295944484084352,0.988819262756254
1.0,0.0295976626339212,0.988984411720372
1.0,0.0296008293825727,0.989147121294337
1.0,0.029603949355663,0.989307427510007
1.0,0.029607023244107,0.989465365867021
1.0,0.0296100517286135,0.989620971340659
1.0,0.0296130354798374,0.989774278389584
1.0,0.0296159751585272,0.989925320963477
1.0,0.0296188714156718,0.990074132510554
1.0,0.0296217248926436,0.990220745984972
1.0,0.0296245362213428,0.990365193854126
1.0,0.0296273060243342,0.990507508105842
1.0,0.0296300349149887,0.990647720255456
1.0,0.0296327234976153,0.9907858613528
1.0,0.0296353723675982,0.990921961989069
1.0,0.0296379821115265,0.991056052303602
1.0,0.0296405533073252,0.991188161990557
1.0,0.0296430865243835,0.99131832030548
1.0,0.029645582323679,0.99144655607179
1.0,0.0296480412579037,0.991572897687159
1.0,0.029650463871586,0.991697373129802
1.0,0.029652850701211,0.991820009964671
1.0,0.02965520227534,0.991940835349561
1.0,0.0296575191147268,0.992059876041124
1.0,0.0296598017324319,0.992177158400792
1.0,0.0296620506339391,0.992292708400619
1.0,0.0296642663172655,0.992406551629026
1.0,0.0296664492730714,0.992518713296473
1.0,0.0296685999847701,0.992629218241042
1.0,0.0296707189286343,0.992738090933934
1.0,0.0296728065739023,0.992845355484887
1.0,0.0296748633828803,0.992951035647523
1.0,0.0296768898110464,0.993055154824598
1.0,0.0296788863071515,0.993157736073194
1.0,0.029680853313317,0.993258802109816
1.0,0.0296827912651347,0.993358375315429
1.0,0.029684700591762,0.993456477740413
1.0,0.0296865817160166,0.993553131109444
1.0,0.0296884350544719,0.993648356826307
1.0,0.0296902610175476,0.993742175978632
1.0,0.0296920600096011,0.993834609342572
1.0,0.0296938324290177,0.993925677387394
1.0,0.0296955786682975,0.99401540028002
1.0,0.0296972991141435,0.994103797889486
1.0,0.0296989941475458,0.994190889791349
1.0,0.0297006641438686,0.994276695272015
1.0,0.0297023094729303,0.994361233333018
1.0,0.0297039304990878,0.994444522695217
1.0,0.0297055275813152,0.994526581802955
1.0,0.0297071010732846,0.99460742882813
1.0,0.0297086513234439,0.994687081674231
1.0,0.0297101786750948,0.994765557980294
1.0,0.0297116834664675,0.994842875124812
1.0,0.0297131660307963,0.994919050229584
1.0,0.0297146266963937,0.994994100163505
1.0,0.0297160657867221,0.9950680415463
1.0,0.0297174836204672,0.995140890752211
1.0,0.029718880511606,0.995212663913615
1.0,0.0297202567694792,0.995283376924602
1.0,0.0297216126988573,0.995353045444491
1.0,0.0297229486000092,0.9954216849013
1.0,0.0297242647687694,0.995489310495165
1.0,0.029725561496601,0.9955559372017
1.0,0.0297268390706642,0.995621579775317
1.0,0.0297280977738756,0.995686252752494
1.0,0.0297293378849737,0.99574997045499
1.0,0.0297305596785804,0.995812746993024
1.0,0.0297317634252594,0.995874596268393
1.0,0.0297329493915806,0.99593553197755
1.0,0.0297341178401742,0.995995567614643
1.0,0.0297352690297912,0.9960547164745
1.0,0.0297364032153626,0.996112991655571
1.0,0.0297375206480512,0.996170406062833
1.0,0.029738621575313,0.996226972410645
1.0,0.0297397062409457,0.996282703225563
1.0,0.0297407748851477,0.996337610849115
1.0,0.0297418277445693,0.996391707440537
1.0,0.029742865052365,0.99644500497946
1.0,0.0297438870382458,0.996497515268566
1.0,0.0297448939285287,0.996549249936202
1.0,0.029745885946189,0.996600220438956
1.0,0.0297468633109079,0.996650438064189
1.0,0.0297478262391213,0.996699913932541
1.0,0.0297487749440688,0.99674865900039
1.0,0.029749709635841,0.996796684062277
1.0,0.0297506305214232,0.996843999753302
1.0,0.029751537804745,0.996890616551473
1.0,0.0297524316867233,0.996936544780031
1.0,0.0297533123653073,0.996981794609731
1.0,0.0297541800355223,0.997026376061099
1.0,0.0297550348895126,0.997070299006651
1.0,0.0297558771165853,0.997113573173075
1.0,0.0297567069032503,0.997156208143389
1.0,0.0297575244332635,0.99719821335906
1.0,0.0297583298876654,0.997239598122099
1.0,0.0297591234448227,0.997280371597116
1.0,0.0297599052804685,0.997320542813355
1.0,0.0297606755677395,0.997360120666687
1.0,0.0297614344772146,0.997399113921585
1.0,0.0297621821769536,0.997437531213064
1.0,0.0297629188325337,0.997475381048591
1.0,0.0297636446070868,0.997512671809972
1.0,0.0297643596613346,0.997549411755206
1.0,0.0297650641536253,0.997585609020313
1.0,0.0297657582399677,0.99762127162114
1.0,0.0297664420740669,0.997656407455131
1.0,0.0297671158073565,0.997691024303077
1.0,0.029767779589035,0.997725129830844
1.0,0.0297684335660955,0.997758731591063
1.0,0.0297690778833601,0.997791837024809
1.0,0.029769712683513,0.997824453463243
1.0,0.0297703381071299,0.997856588129241
1.0,0.0297709542927096,0.99788824813899
1.0,0.0297715613767064,0.997919440503564
1.0,0.0297721594935578,0.99795017213048
1.0,0.0297727487757167,0.997980449825224
1.0,0.0297733293536786,0.998010280292757
1.0,0.0297739013560121,0.998039670139006
1.0,0.0297744649093863,0.998068625872319
1.0,0.0297750201385993,0.998097153904913
1.0,0.0297755671666069,0.998125260554289
1.0,0.0297761061145467,0.998152952044635
1.0,0.0297766371017691,0.998180234508202
1.0,0.0297771602458603,0.998207113986662
1.0,0.02977767566267,0.998233596432446
1.0,0.0297781834663362,0.998259687710064
1.0,0.0297786837693119,0.998285393597401
1.0,0.0297791766823892,0.998310719786997
1.0,0.0297796623147217,0.99833567188731
1.0,0.029780140773854,0.998360255423957
1.0,0.0297806121657394,0.998384475840933
1.0,0.0297810765947666,0.998408338501826
1.0,0.0297815341637842,0.998431848690995
1.0,0.0297819849741192,0.998455011614747
1.0,0.0297824291256032,0.998477832402485
1.0,0.029782866716594,0.99850031610785
1.0,0.0297832978439945,0.998522467709832
1.0,0.0297837226032787,0.998544292113881
1.0,0.0297841410885076,0.998565794152988
1.0,0.0297845533923553,0.998586978588754
1.0,0.0297849596061259,0.998607850112452
1.0,0.0297853598197746,0.998628413346057
1.0,0.0297857541219289,0.998648672843276
1.0,0.0297861425999058,0.998668633090553
1.0,0.0297865253397342,0.998688298508061
1.0,0.0297869024261708,0.998707673450688
1.0,0.029787273942721,0.998726762208994
1.0,0.029787639971657,0.998745569010163
1.0,0.0297880005940356,0.99876409801894
1.0,0.0297883558897161,0.998782353338556
1.0,0.0297887059373778,0.998800339011631
1.0,0.0297890508145393,0.998818059021072
1.0,0.0297893905975728,0.998835517290958
0.0,-0.140310274638277,1.0001140029607603
0.0,-0.133333142839877,0.9587014854421921
0.0,-0.113174726849478,0.8074345089298646
0.0,-0.0871993123670416,0.6347895927858234
0.0,-0.0606569076564527,0.4715623156579828
0.0,-0.0368713887029348,0.320197957123228
0.0,-0.0175825954582476,0.21763898152702726
0.0,-0.00334392893178,0.08897545338609915
0.0,0.0060921319576618,0.09850775254978593
0.0,0.0114411139335977,-0.0026903919542504776
0.0,0.0136252216148879,0.0109414255124601
0.0,0.0135870048216933,0.02927565940195335
0.0,0.0121713602754385,0.033816942526783404
0.0,0.0100637398173962,0.04386062333688301
0.0,0.0077704638434711,0.032459374399359524
0.0,0.0056274639814663,0.04270742469676841
0.0,0.0038256430121286,0.05445991823766072
0.0,0.0024435785975662,0.0744245709054633
0.0,0.0014809575121864,0.07110688545201758
0.0,0.0008885514054912,0.07594397607719804
0.0,0.0005925395075476,0.09566588519957796
0.0,0.0005124779484688,0.07625822351249334
0.0,0.000573224477137,0.1128298560755456
0.0,0.000711717384321,0.08670336793477508
0.0,0.0008797683796046,0.051304145498647605
0.0,0.0010440553969965,0.0705602684049389
0.0,0.0011843788200582,0.09866191630774909
0.0,0.0012910441906925,0.10395364692682359
0.0,0.0013620091257429,0.05362506753501664
0.0,0.0014002177314193,0.054833755978099766
0.0,0.0014113632267774,0.06230297344454323
0.0,0.00140217803605,0.054829838385342416
0.0,0.0013792512269368,0.06047496140657958
0.0,0.0013483115201655,0.07611380118145626
0.0,0.0013138830686969,0.08004770066703018
0.0,0.0012792128105929,0.05098959222370268
0.0,0.0012463748306561,0.05337389607065554
0.0,0.0012164723444064,0.038865374337005584
0.0,0.0011898766241108,0.042395030558891066
0.0,0.001166460893096,0.040395300864841485
0.0,0.001145803732644,0.046914066984871196
0.0,0.0011273497733876,0.07174157398896222
0.0,0.001110525081403,0.06499298336362289
0.0,0.0010948109326806,0.07548796811953504
0.0,0.0010797831363533,0.08014464025351983
0.0,0.001065125380372,0.04912469353861665
0.0,0.0010506248968036,0.07126467224294393
0.0,0.0010361576636599,0.06579472472863043
0.0,0.0010216688454963,0.06401315801989918
0.0,0.0010071525680273,0.008108670335412474
0.0,0.0009926336457519,0.05888075470405352
0.0,0.0009781526591542,0.02829117731139487
0.0,0.0009637548561417,0.06002372124610814
0.0,0.0009494827248256,0.04592697911839721
0.0,0.0009353717132254,0.0403820149603369
0.0,0.0009214484023252,0.08692756763336781
0.0,0.000907730415084,0.020873605851189386
0.0,0.0008942274131641,0.04637300743304006
0.0,0.000880942651884,0.04260296927679161
0.0,0.0008678746995504,0.024805612197194654
0.0,0.0008550190575483,0.08187579805017434
0.0,0.0008423695292387,0.020851149058816527
0.0,0.0008299192727579,0.027925757294182556
0.0,0.0008176615344406,0.009115601483360637
0.0,0.0008055900981889,0.06247845667943511
0.0,0.0007936995059499,0.020569985298633575
0.0,0.0007819851103003,0.021021647953828652
0.0,0.0007704430166413,0.0365232250388443
0.0,0.0007590699635915,0.03130279500798444
0.0,0.0007478631789648,-0.006060446330877246
0.0,0.000736820237384,0.05098634446577348
0.0,0.0007259389355074,0.03986933420618743
0.0,0.0007152171927202,0.025946027106658116
0.0,0.0007046529791859,0.05733540348404861
0.0,0.0006942442692317,0.02140083930618878
0.0,0.0006839890158495,0.035167682803200324
0.0,0.0006738851412237,0.045192355297907036
0.0,0.0006639305382561,0.034630979276317114
0.0,0.0006541230786783,0.030509420907778688
0.0,0.000644460624248,0.08421121544464184
0.0,0.0006349410384948,0.026543496771735578
0.0,0.0006255621973786,0.010305192808417678
0.0,0.0006163219979739,0.021996545440146446
0.0,0.0006072183648591,0.009637082318349834
0.0,0.0005982492542869,0.04022684326185204
0.0,0.0005894126564353,0.027360898240426597
0.0,0.0005807065961572,0.04027923842077398
0.0,0.00057212913266,0.05663781424054349
0.0,0.0005636783585113,0.051678803661407376
0.0,0.0005553523982959,0.04010066624376439
0.0,0.0005471494071639,0.05646609057349692
0.0,0.0005390675694383,0.039072778440348815
0.0,0.0005311050973749,0.026371830542251784
0.0,0.0005232602301164,0.01819307976650545
0.0,0.0005155312328476,-0.002432336607452082
0.0,0.0005079163961278,0.05468023907693412
0.0,0.0005004140353704,0.023959040223059978
0.0,0.0004930224904318,0.02204201336484465
0.0,0.000485740125274,0.01619514074429603
0.0,0.0004785653276725,0.03774773137223486
0.0,0.0004714965089449,0.0242257925180839
0.0,0.0004645321036853,0.0238679570460614
0.0,0.0004576705694933,0.0235154071016936
0.0,0.0004509103866932,0.0231680646144234
0.0,0.0004442500580417,0.0228258526669284
0.0,0.0004376881084252,0.022488695477917
0.0,0.0004312230845487,0.0221565183852554
0.0,0.0004248535546206,0.0218292478294022
0.0,0.0004185781080343,0.0215068113371273
0.0,0.0004123953550508,0.0211891375054961
0.0,0.0004063039264844,0.0208761559861016
0.0,0.0004003024733918,0.020567797469532
0.0,0.0003943896667667,0.0202639936700637
0.0,0.0003885641972398,0.0199646773105735
0.0,0.0003828247747847,0.0196697821076661
0.0,0.0003771701284295,0.0193792427570123
0.0,0.0003715990059731,0.0190929949188979
0.0,0.0003661101737078,0.0188109752039795
0.0,0.0003607024161456,0.0185331211592475
0.0,0.0003553745357493,0.0182593712541939
0.0,0.0003501253526682,0.0179896648671826
0.0,0.000344953704477,0.0177239422720213
0.0,0.0003398584459194,0.017462144624731
0.0,0.0003348384486548,0.0172042139505125
0.0,0.0003298926010086,0.0169500931309051
0.0,0.0003250198077267,0.0166997258911362
0.0,0.0003202189897331,0.0164530567876583
0.0,0.0003154890838907,0.0162100311958707
0.0,0.0003108290427663,0.0159705952980226
0.0,0.0003062378343981,0.0157346960712953
0.0,0.0003017144420678,0.015502281276061
0.0,0.000297257864075,0.0152732994443144
0.0,0.0002928671135151,0.0150476998682753
0.0,0.0002885412180614,0.0148254325891604
0.0,0.0002842792197491,0.0146064483861193
0.0,0.0002800801747633,0.0143906987653354
0.0,0.0002759431532301,0.0141781359492872
0.0,0.0002718672390108,0.0139687128661673
0.0,0.0002678515294986,0.0137623831394593
0.0,0.0002638951354189,0.0135591010776672
0.0,0.0002599971806327,0.0133588216641973
0.0,0.0002561568019419,0.0131615005473893
0.0,0.0002523731488991,0.0129670940306944
0.0,0.0002486453836181,0.0127755590629992
0.0,0.0002449726805894,0.0125868532290913
0.0,0.0002413542264969,0.0124009347402674
0.0,0.0002377892200378,0.0122177624250784
0.0,0.0002342768717452,0.0120372957202127
0.0,0.0002308164038135,0.0118594946615128
0.0,0.0002274070499256,0.0116843198751262
0.0,0.0002240480550839,0.0115117325687849
0.0,0.0002207386754426,0.0113416945232161
0.0,0.000217478178143,0.0111741680836779
0.0,0.0002142658411517,0.0110091161516205
0.0,0.0002111009531,0.0108465021764717
0.0,0.0002079828131268,0.0106862901475417
0.0,0.0002049107307235,0.0105284445860495
0.0,0.0002018840255808,0.0103729305372655
0.0,0.0001989020274379,0.0102197135627713
0.0,0.0001959640759347,0.0100687597328328
0.0,0.0001930695204649,0.0099200356188871
0.0,0.0001902177200323,0.0097735082861396
0.0,0.000187408043109,0.0096291452862701
0.0,0.0001846398674947,0.009486914650248
0.0,0.0001819125801802,0.0093467848812523
0.0,0.0001792255772106,0.0092087249476964
0.0,0.0001765782635519,0.009072704276357
0.0,0.0001739700529593,0.0089386927456029
0.0,0.0001714003678476,0.0088066606787251
0.0,0.0001688686391626,0.0086765788373646
0.0,0.0001663743062557,0.0085484184150378
0.0,0.0001639168167597,0.0084221510307574
0.0,0.0001614956264661,0.0082977487227471
0.0,0.0001591101992051,0.0081751839422498
0.0,0.0001567600067261,0.0080544295474271
0.0,0.0001544445285817,0.0079354587973483
0.0,0.0001521632520117,0.0078182453460689
0.0,0.00014991567183,0.0077027632367966
0.0,0.0001477012903122,0.0075889868961427
0.0,0.0001455196170859,0.0074768911284591
0.0,0.0001433701690221,0.0073664511102588
0.0,0.0001412524701277,0.0072576423847189
0.0,0.0001391660514407,0.0071504408562643
0.0,0.0001371104509257,0.0070448227852321
0.0,0.0001350852133724,0.0069407647826142
0.0,0.0001330898902939,0.0068382438048782
0.0,0.0001311240398283,0.0067372371488639
0.0,0.00012918722664,0.0066377224467563
0.0,0.0001272790218238,0.0065396776611317
0.0,0.0001253990028099,0.0064430810800781
0.0,0.00012354675327,0.0063479113123867
0.0,0.0001217218630254,0.0062541472828149
0.0,0.0001199239279563,0.0061617682274195
0.0,0.0001181525499118,0.0060707536889582
0.0,0.0001164073366222,0.0059810835123596
0.0,0.0001146879016117,0.0058927378402596
0.0,0.0001129938641136,0.0058056971086043
0.0,0.0001113248489848,0.0057199420423176
0.0,0.000109680486624,0.0056354536510325
0.0,0.0001080604128887,0.0055522132248856
0.0,0.0001064642690153,0.0054702023303743
0.0,0.0001048917015397,0.0053894028062745
0.0,0.0001033423622183,0.0053097967596186
0.0,0.0001018159079516,0.0052313665617333
0.0,0.0001003120007081,0.0051540948443358
0.0,9.88303074490743e-05,0.0050779644956876
0.0,9.73705000550731e-05,0.005002958656805
0.0,9.59322552533948e-05,0.0049290607177258
0.0,9.45152545462555e-05,0.004856254313831
0.0,9.31191841404e-05,0.004784523322221
0.0,9.17437348775113e-05,0.0047138518581449
0.0,9.03886021658626e-05,0.0046442242714832
0.0,8.90534859127601e-05,0.0045756251432819
0.0,8.77380904581448e-05,0.0045080392823379
0.0,8.64421245091243e-05,0.0044414517218351
0.0,8.51653010754197e-05,0.00437584771603
0.0,8.39073374058752e-05,0.0043112127369863
0.0,8.26679549257789e-05,0.0042475324713575
0.0,8.14468791752038e-05,0.0041847928172174
0.0,8.02438397482577e-05,0.0041229798809372
0.0,7.90585702331661e-05,0.0040620799741087
0.0,7.78908081532567e-05,0.0040020796105132
0.0,7.67402949088739e-05,0.0039429655031348
0.0,7.5606775720112e-05,0.0038847245612182
0.0,7.44899995703471e-05,0.0038273438873696
0.0,7.33897191507321e-05,0.0037708107747005
0.0,7.23056908053313e-05,0.0037151127040141
0.0,7.12376744772467e-05,0.0036602373410326
0.0,7.01854336554036e-05,0.003606172533666
0.0,6.91487353222178e-05,0.003552906309321
0.0,6.81273499019558e-05,0.0035004268722497
0.0,6.71210512099216e-05,0.0034487226009372
0.0,6.6129616402337e-05,0.0033977820455283
0.0,6.51528259270479e-05,0.0033475939252921
0.0,6.41904634748475e-05,0.0032981471261232
0.0,6.32423159316123e-05,0.0032494306980814
0.0,6.23081733310965e-05,0.0032014338529661
0.0,6.13878288084277e-05,0.0031541459619277
0.0,6.04810785542892e-05,0.0031075565531137
0.0,5.95877217698312e-05,0.0030616553093497
0.0,5.87075606221371e-05,0.0030164320658548
0.0,5.78404002004873e-05,0.0029718768079903
0.0,5.69860484731302e-05,0.0029279796690425
0.0,5.61443162448022e-05,0.0028847309280373
0.0,5.53150171148098e-05,0.0028421210075875
0.0,5.44979674357363e-05,0.0028001404717722
0.0,5.36929862728387e-05,0.002758780024047
0.0,5.28998953638858e-05,0.0027180305051853
0.0,5.21185190797586e-05,0.00267788289125
0.0,5.13486843855201e-05,0.0026383282915953
0.0,5.05902208021054e-05,0.0025993579468978
0.0,4.98429603685742e-05,0.0025609632272165
0.0,4.91067376049009e-05,0.0025231356300823
0.0,4.83813894753583e-05,0.0024858667786144
0.0,4.76667553523727e-05,0.0024491484196659
0.0,4.69626769809967e-05,0.0024129724219958
0.0,4.62689984438401e-05,0.0023773307744683
0.0,4.5585566126518e-05,0.002342215584279
0.0,4.49122286837016e-05,0.0023076190752069
0.0,4.42488370055276e-05,0.0022735335858924
0.0,4.35952441846243e-05,0.0022399515681405
0.0,4.29513054835649e-05,0.0022068655852496
0.0,4.23168783028234e-05,0.0021742683103645
0.0,4.16918221491855e-05,0.0021421525248538
0.0,4.10759986046345e-05,0.0021105111167113
0.0,4.04692712957094e-05,0.0020793370789813
0.0,3.9871505863303e-05,0.0020486235082068
0.0,3.92825699329115e-05,0.0020183636029006
0.0,3.87023330852936e-05,0.0019885506620393
0.0,3.81306668276356e-05,0.0019591780835793
0.0,3.75674445650537e-05,0.0019302393629947
0.0,3.70125415725918e-05,0.001901728091837
0.0,3.64658349675737e-05,0.001873637956316
0.0,3.59272036824163e-05,0.0018459627359013
0.0,3.5396528437797e-05,0.0018186963019454
0.0,3.48736917162654e-05,0.0017918326163257
0.0,3.43585777361766e-05,0.001765365730108
0.0,3.38510724261047e-05,0.0017392897822289
0.0,3.33510633995469e-05,0.0017135989981979
0.0,3.28584399300336e-05,0.0016882876888184
0.0,3.23730929266408e-05,0.0016633502489284
0.0,3.18949149097913e-05,0.0016387811561586
0.0,3.14237999874747e-05,0.0016145749697098
0.0,3.09596438318079e-05,0.0015907263291483
0.0,3.0502343655904e-05,0.0015672299532182
0.0,3.00517981911344e-05,0.0015440806386724
0.0,2.96079076646874e-05,0.0015212732591201
0.0,2.91705737774893e-05,0.0014988027638918
0.0,2.8739699682423e-05,0.0014766641769204
0.0,2.83151899628832e-05,0.0014548525956398
0.0,2.78969506116444e-05,0.0014333631898987
0.0,2.74848890100543e-05,0.0014121912008915
0.0,2.70789139075224e-05,0.001391331940104
0.0,2.66789354012933e-05,0.0013707807882752
0.0,2.62848649165617e-05,0.001350533194375
0.0,2.58966151868417e-05,0.0013305846745952
0.0,2.55141002346478e-05,0.0013109308113579
0.0,2.51372353524595e-05,0.0012915672523361
0.0,2.47659370839481e-05,0.0012724897094905
0.0,2.44001232055195e-05,0.0012536939581199
0.0,2.40397127080801e-05,0.0012351758359253
0.0,2.36846257791138e-05,0.0012169312420886
0.0,2.33347837850072e-05,0.0011989561363641
0.0,2.29901092536205e-05,0.001181246538184
0.0,2.26505258571555e-05,0.0011637985257769
0.0,2.23159583952366e-05,0.0011466082352992
0.0,2.19863327782545e-05,0.0011296718599796
0.0,2.16615760109742e-05,0.0011129856492761
0.0,2.13416161763593e-05,0.0010965459080453
0.0,2.10263824196484e-05,0.0010803489957243
0.0,2.07158049326649e-05,0.0010643913255241
0.0,2.04098149383623e-05,0.001048669363636
0.0,2.01083446755863e-05,0.0010331796284484
0.0,1.98113273840676e-05,0.0010179186897763
0.0,1.9518697289651e-05,0.001002883168101
0.0,1.92303895897149e-05,0.0009880697338227
0.0,1.89463404388322e-05,0.0009734751065221
0.0,1.86664869346233e-05,0.0009590960542349
0.0,1.83907671038319e-05,0.0009449293927354
0.0,1.81191198885943e-05,0.0009309719848317
0.0,1.78514851329331e-05,0.0009172207396708
0.0,1.75878035694188e-05,0.0009036726120543
0.0,1.73280168060518e-05,0.000890324601764
0.0,1.70720673133336e-05,0.0008771737528973
0.0,1.6819898411527e-05,0.000864217153213
0.0,1.65714542580964e-05,0.000851451933486
0.0,1.63266798353552e-05,0.0008388752668721
0.0,1.60855209382707e-05,0.0008264843682821
0.0,1.5847924162463e-05,0.0008142764937649
0.0,1.56138368923846e-05,0.0008022489398997
0.0,1.53832072896602e-05,0.0007903990431978
0.0,1.51559842816121e-05,0.0007787241795123
0.0,1.49321175499529e-05,0.0007672217634572
0.0,1.47115575196335e-05,0.0007558892478348
0.0,1.44942553478734e-05,0.0007447241230719
0.0,1.42801629133427e-05,0.0007337239166635
0.0,1.40692328055008e-05,0.0007228861926258
0.0,1.38614183141008e-05,0.0007122085509564
0.0,1.3656673418851e-05,0.0007016886271032
0.0,1.34549527792144e-05,0.0006913240914404
0.0,1.32562117243704e-05,0.0006811126487526
0.0,1.30604062433294e-05,0.0006710520377269
1.0,0.170112867492975,0.0019224253038101257
1.0,0.163135875450199,0.07543677585470138
1.0,0.142977597151116,0.1921876445882756
1.0,0.117002318326177,0.3515438132621753
1.0,0.0904600472693098,0.5215191460703839
1.0,0.0666746599953346,0.665457709947964
1.0,0.0473859964851719,0.8004691602597043
1.0,0.0331474577769398,0.8460871179168261
1.0,0.0237115228177498,0.970564056633401
1.0,0.0183626649119695,0.9343634561051557
1.0,0.0161786794682135,0.9747109840391195
1.0,0.0162170166933899,0.993191550778431
1.0,0.0176327798927443,0.9816812628188218
1.0,0.0197405172512796,0.967801499105726
1.0,0.0220339083989781,0.9306877188702827
1.0,0.0241770217335421,0.9174134143112098
1.0,0.0259789544993533,0.9100422717200067
1.0,0.0273611290590603,0.9161334995552414
1.0,0.0283238586626476,0.9041024943534922
1.0,0.0289163716846448,0.9047226135876298
1.0,0.0292124889186605,0.9237819164960844
1.0,0.0292926542579084,0.9062616634747449
1.0,0.029232009976488,0.9463452371206542
1.0,0.0290936178062735,0.9245870147674925
1.0,0.0289256660599888,0.893831699035873
1.0,0.0287614768256045,0.9176110382964974
1.0,0.0286212497412119,0.9498796959098177
1.0,0.0285146792862433,0.9588741075560362
1.0,0.0284438078648738,0.9117675097436426
1.0,0.0284056913916017,0.9157600091259632
1.0,0.0283946366677743,0.9256490191283944
1.0,0.02840391128926,0.9203168085834312
1.0,0.0284269262081636,0.9279060512720915
1.0,0.0284579527232689,0.9453628024314489
1.0,0.0284924667008388,0.9510436764464854
1.0,0.0285272212217513,0.9237009500654777
1.0,0.0285601422198636,0.9277939500911153
1.0,0.0285901264980395,0.9150005199760244
1.0,0.028616802802125,0.9202559232163081
1.0,0.0286402979266396,0.9199909298246105
1.0,0.0286610333078821,0.9282483185032427
1.0,0.0286795643325413,0.9548117403329236
1.0,0.0286964649516073,0.9497896530772857
1.0,0.0287122539059044,0.961995785521513
1.0,0.028727355402864,0.9683435147865244
1.0,0.0287420857708567,0.9389911461276671
1.0,0.0287566577938958,0.9627731085247808
1.0,0.0287711955098116,0.9589185133288181
1.0,0.028785753769657,0.9587254611051566
1.0,0.0288003384630957,0.9043830226884759
1.0,0.0288149247907783,0.9566914184236848
1.0,0.0288294721871489,0.9276133152145466
1.0,0.0288439354190053,0.960833436921173
1.0,0.0288582720127255,0.9482012689914238
1.0,0.028872446534566,0.9440986708234578
1.0,0.0288864324176064,0.9920650592968565
1.0,0.0289002120527437,0.9274109646573213
1.0,0.0289137757919686,0.9542897234067087
1.0,0.0289271203934121,0.9518789082519321
1.0,0.0289402473020191,0.9354209545228868
1.0,0.0289531610294604,0.9938109973543776
1.0,0.0289658677852382,0.9340869077860686
1.0,0.0289783744238892,0.9424430150245643
1.0,0.0289906877115638,0.9248955320671381
1.0,0.029002813876662,0.9795024707024585
1.0,0.0290147583893561,0.9388197350994493
1.0,0.0290265259090099,0.9404790331764806
1.0,0.0290381203419865,0.9571703974145881
1.0,0.0290495449612578,0.9531221616519638
1.0,0.0290608025504293,0.9169137786293792
1.0,0.0290718955461284,0.9750983485725979
1.0,0.0290828261627818,0.9651022934568732
1.0,0.0290935964919248,0.9522833699091833
1.0,0.0291042085741533,0.9847608071001548
1.0,0.0291146644457403,0.9498982258049149
1.0,0.0291249661641386,0.9647212147811925
1.0,0.0291351158174522,0.9757864315588045
1.0,0.0291451155229179,0.9662502305991567
1.0,0.0291549674187916,0.9631387059804389
1.0,0.0291646736531563,1.0178356169958542
1.0,0.0291742363721765,0.9611483179048583
1.0,0.0291836577094453,0.945875953520862
1.0,0.0291929397772985,0.9585189793021912
1.0,0.0292020846604288,0.9470971332817523
1.0,0.0292110944117192,0.9786106625699923
1.0,0.0292199710499912,0.966654841415786
1.0,0.0292287165592586,0.9804698623107916
1.0,0.0292373328890501,0.9977118741083335
1.0,0.0292458219554048,0.9936232503126585
1.0,0.0292541856422184,0.9829026431851242
1.0,0.0292624258026948,1.0001129312006651
1.0,0.0292705442607417,0.983552003256062
1.0,0.0292785428122133,0.9716711444054714
1.0,0.0292864232259564,0.9643003691745897
1.0,0.0292941872446584,0.9444709937982025
1.0,0.0293018365855149,1.0023678522414816
1.0,0.0293093729407536,0.9724193516071429
1.0,0.0293167979780466,0.9712636095572349
1.0,0.0293241133408482,0.9661667769290553
1.0,0.0293313206486903,0.9884583288341197
1.0,0.0293384214974548,0.975664436185817
1.0,0.0293454174596401,0.976023893072908
1.0,0.0293523100846353,0.97637804048267
1.0,0.0293591008990015,0.976726956839416
1.0,0.0293657914067647,0.977070719409001
1.0,0.0293723830897221,0.9774094043161
1.0,0.0293788774077526,0.977743086561158
1.0,0.0293852757991351,0.978071840037031
1.0,0.0293915796808681,0.978395737545341
1.0,0.0293977904489866,0.978714850812563
1.0,0.0294039094788812,0.979029250505864
1.0,0.0294099381256065,0.979339006248709
1.0,0.0294158777241917,0.979644186636237
1.0,0.0294217295899386,0.979944859250415
1.0,0.029427495018719,0.98024109067498
1.0,0.0294331752872641,0.980532946510164
1.0,0.029438771653449,0.980820491387217
1.0,0.0294442853565715,0.98110378898271
1.0,0.0294497176176274,0.981382902032637
1.0,0.0294550696395797,0.981657892346312
1.0,0.0294603426076261,0.981928820820058
1.0,0.0294655376894579,0.982195747450697
1.0,0.0294706560355218,0.982458731348841
1.0,0.0294756987792706,0.982717830751983
1.0,0.0294806670374161,0.982973103037397
1.0,0.029485561910175,0.983224604734847
1.0,0.0294903844815135,0.983472391539104
1.0,0.0294951358193851,0.983716518322284
1.0,0.0294998169759697,0.983957039145994
1.0,0.0295044289879045,0.984194007273309
1.0,0.0295089728765152,0.984427475180564
1.0,0.0295134496480411,0.984657494568974
1.0,0.0295178602938584,0.984884116376085
1.0,0.0295222057907001,0.985107390787052
1.0,0.0295264871008707,0.985327367245755
1.0,0.0295307051724627,0.985544094465743
1.0,0.0295348609395629,0.985757620441026
1.0,0.0295389553224612,0.985967992456704
1.0,0.0295429892278547,0.986175257099431
1.0,0.0295469635490464,0.986379460267741
1.0,0.0295508791661467,0.986580647182205
1.0,0.0295547369462639,0.986778862395448
1.0,0.0295585377436993,0.986974149802016
1.0,0.0295622824001358,0.987166552648095
1.0,0.0295659717448231,0.987356113541088
1.0,0.0295696065947628,0.987542874459049
1.0,0.0295731877548886,0.987726876759983
1.0,0.0295767160182445,0.987908161191001
1.0,0.0295801921661607,0.988086767897344
1.0,0.0295836169684263,0.988262736431276
1.0,0.0295869911834601,0.988436105760838
1.0,0.0295903155584785,0.988606914278482
1.0,0.0295935908296607,0.98877519980957
1.0,0.0295968177223118,0.988940999620752
1.0,0.0295999969510241,0.989104350428216
1.0,0.0296031292198342,0.989265288405824
1.0,0.0296062152223791,0.989423849193118
1.0,0.0296092556420513,0.989580067903212
1.0,0.0296122511521486,0.989733979130571
1.0,0.029615202416023,0.989885616958672
1.0,0.0296181100872288,0.990035014967548
1.0,0.0296209748096672,0.990182206241226
1.0,0.0296237972177273,0.990327223375056
1.0,0.0296265779364286,0.990470098482925
1.0,0.0296293175815583,0.990610863204373
1.0,0.0296320167598074,0.990749548711595
1.0,0.0296346760689066,0.990886185716347
1.0,0.0296372960977567,0.991020804476747
1.0,0.0296398774265603,0.991153434803975
1.0,0.0296424206269501,0.991284106068872
1.0,0.029644926262115,0.991412847208451
1.0,0.0296473948869251,0.991539686732298
1.0,0.0296498270480547,0.991664652728888
1.0,0.0296522232841032,0.991787772871807
1.0,0.0296545841257145,0.991909074425878
1.0,0.0296569100956947,0.9920285842532
1.0,0.0296592017091271,0.992146328819094
1.0,0.029661459473487,0.992262334197968
1.0,0.0296636838887543,0.992376626079088
1.0,0.029665875447523,0.992489229772269
1.0,0.0296680346351115,0.992600170213476
1.0,0.0296701619296691,0.99270947197035
1.0,0.0296722578022839,0.992817159247649
1.0,0.0296743227170835,0.992923255892603
1.0,0.0296763571313416,0.993027785400201
1.0,0.0296783614955776,0.993130770918389
1.0,0.0296803362536548,0.993232235253199
1.0,0.0296822818428819,0.993332200873798
1.0,0.0296841986941077,0.993430689917466
1.0,0.0296860872318159,0.993527724194495
1.0,0.0296879478742218,0.993623325193022
1.0,0.0296897810333629,0.993717514083784
1.0,0.0296915871151895,0.99381031172481
1.0,0.0296933665196573,0.993901738666038
1.0,0.0296951196408133,0.993991815153865
1.0,0.0296968468668837,0.994080561135632
1.0,0.0296985485803616,0.994167996264041
1.0,0.0297002251580891,0.994254139901507
1.0,0.0297018769713429,0.994339011124447
1.0,0.0297035043859153,0.994422628727499
1.0,0.029705107762195,0.994505011227694
1.0,0.0297066874552487,0.994586176868546
1.0,0.029708243814897,0.9946661436241
1.0,0.0297097771857944,0.994744929202907
1.0,0.0297112879075043,0.994822551051948
1.0,0.0297127763145744,0.994899026360499
1.0,0.0297142427366108,0.994974372063935
1.0,0.0297156874983509,0.995048604847479
1.0,0.0297171109197356,0.995121741149903
1.0,0.0297185133159801,0.995193797167161
1.0,0.0297198949976436,0.995264788855982
1.0,0.0297212562706985,0.995334731937396
1.0,0.0297225974365962,0.995403641900226
1.0,0.0297239187923373,0.995471534004508
1.0,0.0297252206305345,0.995538423284874
1.0,0.029726503239478,0.995604324553884
1.0,0.0297277669032006,0.995669252405304
1.0,0.0297290119015394,0.995733221217336
1.0,0.0297302385101972,0.995796245155804
1.0,0.0297314470008059,0.995858338177292
1.0,0.0297326376409843,0.995919514032232
1.0,0.0297338106943978,0.995979786267952
1.0,0.0297349664208189,0.996039168231674
1.0,0.0297361050761809,0.996097673073468
1.0,0.0297372269126384,0.996155313749169
1.0,0.0297383321786207,0.996212103023243
1.0,0.0297394211188877,0.996268053471614
1.0,0.0297404939745842,0.996323177484447
1.0,0.029741550983293,0.996377487268896
1.0,0.0297425923790875,0.996430994851804
1.0,0.0297436183925837,0.996483712082368
1.0,0.0297446292509906,0.996535650634762
1.0,0.0297456251781625,0.996586822010723
1.0,0.0297466063946459,0.996637237542095
1.0,0.0297475731177304,0.996686908393345
1.0,0.029748525561496,0.996735845564029
1.0,0.0297494639368596,0.996784059891231
1.0,0.0297503884516237,0.99683156205196
1.0,0.0297512993105218,0.996878362565521
1.0,0.0297521967152619,0.996924471795836
1.0,0.0297530808645734,0.996969899953744
1.0,0.02975395195425,0.997014657099262
1.0,0.0297548101771945,0.997058753143811
1.0,0.0297556557234584,0.997102197852414
1.0,0.0297564887802877,0.997145000845854
1.0,0.0297573095321615,0.997187171602807
1.0,0.0297581181608344,0.997228719461943
1.0,0.029758914845377,0.99726965362399
1.0,0.0297596997622134,0.997309983153775
1.0,0.0297604730851633,0.997349716982227
1.0,0.0297612349854774,0.997388863908361
1.0,0.0297619856318783,0.997427432601222
1.0,0.0297627251905959,0.997465431601804
1.0,0.0297634538254044,0.997502869324945
1.0,0.0297641716976595,0.99753975406119
1.0,0.029764878966333,0.997576093978622
1.0,0.0297655757880488,0.997611897124678
1.0,0.0297662623171173,0.997647171427925
1.0,0.0297669387055697,0.997681924699821
1.0,0.0297676051031912,0.997716164636439
1.0,0.0297682616575552,0.997749898820177
1.0,0.0297689085140551,0.997783134721434
1.0,0.0297695458159362,0.997815879700263
1.0,0.0297701737043286,0.997848141008006
1.0,0.0297707923182771,0.997879925788894
1.0,0.0297714017947732,0.997911241081632
1.0,0.0297720022687851,0.997942093820959
1.0,0.0297725938732873,0.99797249083918
1.0,0.0297731767392895,0.998002438867682
1.0,0.0297737509958667,0.998031944538424
1.0,0.0297743167701876,0.998061014385405
1.0,0.0297748741875421,0.998089654846111
1.0,0.0297754233713703,0.998117872262941
1.0,0.0297759644432882,0.998145672884612
1.0,0.0297764975231147,0.998173062867541
1.0,0.0297770227289009,0.998200048277211
1.0,0.0297775401769522,0.998226635089512
0.999999999999645,0.0297780499817972,0.998252829192064
0.0,-0.140321447743485,0.9995399216588612
0.0,-0.133344150908848,0.9581358838075952
0.0,-0.113185572319939,0.8068772617107126
0.0,-0.0872099976407128,0.6342405765803314
0.0,-0.0606674350995777,0.4710214088871118
0.0,-0.0368817606468048,0.319665040003759
0.0,-0.0175928141997188,0.21711393604503929
0.0,-0.0033539967337812,0.08845816327083615
0.0,0.0060822128656268,0.09799810324790763
0.0,0.0114313413549568,-0.0031925133040348747
0.0,0.0136155933855141,0.0104467209205357
0.0,0.0135775188094264,0.02878826201608835
0.0,0.0121620143796112,0.033336744413350404
0.0,0.0100545319683703,0.04338751815652611
0.0,0.0077613920021785,0.03199325738344552
0.0,0.0056185261389575,0.04224819262418591
0.0,0.0038168371891279,0.05400746941196202
0.0,0.002434902844034,0.0739788051323433
0.0,0.0014724099068863,0.07066770401712638
0.0,0.0008801300555651,0.07551128172428034
0.0,0.0005842425480965,0.09523958210893595
0.0,0.0005043035421401,0.07583821727976704
0.0,0.000565170813717,0.1124160536908075
0.0,0.0007037826803347,0.08629567776193309
0.0,0.0008719508779206,0.050902477255152304
0.0,0.0010363533664372,0.07016453314179061
0.0,0.0011767905550174,0.09827202638980038
0.0,0.0012835680107569,0.10356951601337219
0.0,0.0013546433753205,0.053246610560685845
0.0,0.0013929607793727,0.054460889134000365
0.0,0.0014042134660624,0.061935614159714436
0.0,0.0013951338833596,0.05446790530846632
0.0,0.0013723111223512,0.06011837438796638
0.0,0.001341473926806,0.07576248125529496
0.0,0.0013071464723858,0.07970157003390169
0.0,0.001272575719518,0.050648574233351076
0.0,0.0012398357750409,0.05303791520501445
0.0,0.0012100298761842,0.03853435619347419
0.0,0.0011835293166042,0.04206890183385816
0.0,0.0011602073407002,0.04007398933745248
0.0,0.0011396425505164,0.0465975015010347
0.0,0.0011212795971413,0.07142968444559303
0.0,0.0011045445668039,0.06468570069311769
0.0,0.0010889187553502,0.07518522427447755
0.0,0.0010739779914755,0.07984636819161164
0.0,0.0010594059824036,0.04883082720783115
0.0,0.00104498997919,0.07097514656689882
0.0,0.0010306059785548,0.06550947559217682
0.0,0.0010161991634849,0.06373212225492317
0.0,0.0010017636778544,0.007831785706846672
0.0,0.0009873243540536,0.058607959896095414
0.0,0.0009729217901935,0.02802241191392807
0.0,0.0009586012515485,0.05975892574132504
0.0,0.0009444052433397,0.04566609486761861
0.0,0.0009303692304439,0.0401249841910267
0.0,0.0009165198104535,0.08667433342633893
0.0,0.0009028746226912,0.020624112127999687
0.0,0.0008894433449397,0.046127198943573366
0.0,0.0008762292484018,0.04236079158702271
0.0,0.0008632309170318,0.02456701167713525
0.0,0.0008504438676329,0.08164072186199645
0.0,0.0008378619187554,0.02061954514515143
0.0,0.0008254782435015,0.02769757436659316
0.0,0.0008132861029498,0.008890789010983537
0.0,0.0008012792955293,0.062256964877790706
0.0,0.0007894523774987,0.020351765118600873
0.0,0.0007778007155355,0.020806651070784055
0.0,0.0007663204289331,0.0363114038419598
0.0,0.0007550082699975,0.031094102589684244
0.0,0.0007438614800273,-0.006266056185304347
0.0,0.0007328776469309,0.05078377164313868
0.0,0.0007220545804563,0.039669753555811725
0.0,0.0007113902128851,0.025749394431621414
0.0,0.0007008825270861,0.05714167524025711
0.0,0.0006905295099047,0.021209972592731482
0.0,0.0006803291266657,0.03497963535284933
0.0,0.0006702793117048,0.04500708546775704
0.0,0.0006603779698949,0.03444844603856392
0.0,0.0006506229847624,0.03032958384063339
0.0,0.0006410122296852,0.08403403472337995
0.0,0.0006315435796421,0.026368933159877178
0.0,0.0006222149218724,0.01013320764903898
0.0,0.0006130241645634,0.02182710064731925
0.0,0.0006039692432429,0.009470140368707334
0.0,0.0005950481249503,0.04006236718627944
0.0,0.0005862588104919,0.027198851615874098
0.0,0.000577599335191,0.040119585362191276
0.0,0.0005690677685715,0.05648051939293279
0.0,0.0005606622133648,0.051523832191994176
0.0,0.0005523808041691,0.03994798383428379
0.0,0.0005442217060006,0.05631566341259382
0.0,0.0005361831129024,0.03892457321609052
0.0,0.0005282632467064,0.026225814434751187
0.0,0.0005204603559906,0.01804922044065275
0.0,0.0005127727152354,-0.0025740710091494805
0.0,0.0005051986241584,0.05454059821246152
0.0,0.0004977364071961,0.02382146197249318
0.0,0.0004903844130948,0.02190646726162845
0.0,0.0004831410145749,0.016061596771891732
0.0,0.000476004608041,0.03761615995747386
0.0,0.0004689736133124,0.0240961645246181
0.0,0.0004620464733593,0.0237402437679114
0.0,0.0004552216540336,0.0233895802568915
0.0,0.0004484976437902,0.02304409633875
0.0,0.000441872953396,0.0227037155077427
0.0,0.0004353461156295,0.0223683623880766
0.0,0.0004289156849714,0.0220379627171273
0.0,0.0004225802372905,0.0217124433289614
0.0,0.0004163383695276,0.021391732138143
0.0,0.0004101886993799,0.0210757581238038
0.0,0.0004041298649878,0.0207644513139594
0.0,0.0003981605246259,0.0204577427700606
0.0,0.0003922793563992,0.0201555645717685
0.0,0.0003864850579448,0.0198578498019475
0.0,0.0003807763461391,0.0195645325318726
0.0,0.0003751519568108,0.0192755478066463
0.0,0.0003696106444595,0.0189908316308243
0.0,0.0003641511819788,0.0187103209542482
0.0,0.0003587723603846,0.0184339536580834
0.0,0.0003534729885475,0.0181616685410606
0.0,0.00034825189293,0.0178934053059197
0.0,0.0003431079173268,0.0176291045460527
0.0,0.0003380399226096,0.0173687077323445
0.0,0.0003330467864753,0.0171121572002089
0.0,0.0003281274031978,0.0168593961368162
0.0,0.0003232806833836,0.0166103685685104
0.0,0.0003185055537303,0.0163650193484128
0.0,0.0003138009567897,0.0161232941442095
0.0,0.0003091658507332,0.015885139426119
0.0,0.0003045992091208,0.0156505024550386
0.0,0.0003001000206745,0.0154193312708657
0.0,0.0002956672890538,0.0151915746809911
0.0,0.0002913000326349,0.0149671822489634
0.0,0.0002869972842938,0.0147461042833197
0.0,0.0002827580911916,0.014528291826582
0.0,0.0002785815145636,0.0143136966444158
0.0,0.0002744666295117,0.0141022712149483
0.0,0.000270412524799,0.0138939687182456
0.0,0.0002664183026484,0.0136887430259437
0.0,0.0002624830785439,0.013486548691034
0.0,0.0002586059810343,0.0132873409377987
0.0,0.0002547861515407,0.0130910756518954
0.0,0.0002510227441657,0.012897709370588
0.0,0.0002473149255071,0.012707199273122
0.0,0.0002436618744722,0.0125195031712415
0.0,0.0002400627820969,0.0123345794998473
0.0,0.000236516851366,0.0121523873077916
0.0,0.000233023297037,0.0119728862488098
0.0,0.000229581345466,0.011796036572586
0.0,0.0002261902344365,0.0116217991159498
0.0,0.0002228492129908,0.0114501352942043
0.0,0.0002195575412631,0.0112810070925812
0.0,0.0002163144903163,0.0111143770578225
0.0,0.0002131193419804,0.0109502082898864
0.0,0.000209971388693,0.0107884644337764
0.0,0.0002068699333434,0.0106291096714897
0.0,0.0002038142891176,0.0104721087140859
0.0,0.0002008037793465,0.0103174267938722
0.0,0.000197837737356,0.0101650296567041
0.0,0.0001949155063191,0.0100148835543997
0.0,0.0001920364391112,0.0098669552372664
0.0,0.0001891998981658,0.0097212119467379
0.0,0.0001864052553339,0.0095776214081196
0.0,0.0001836518917449,0.0094361518234413
0.0,0.0001809391976695,0.009296771864416
0.0,0.0001782665723844,0.009159450665502
0.0,0.0001756334240397,0.0090241578170677
0.0,0.0001730391695274,0.0088908633586576
0.0,0.0001704832343528,0.0087595377723576
0.0,0.0001679650525067,0.0086301519762581
0.0,0.0001654840663405,0.008502677318014
0.0,0.0001630397264425,0.0083770855684995
0.0,0.0001606314915162,0.0082533489155571
0.0,0.0001582588282606,0.0081314399578383
0.0,0.000155921211252,0.0080113316987358
0.0,0.0001536181228276,0.0078929975404051
0.0,0.000151349052971,0.0077764112778743
0.0,0.000149113499199,0.0076615470932412
0.0,0.0001469109664508,0.0075483795499558
0.0,0.0001447409669777,0.0074368835871878
0.0,0.0001426030202359,0.0073270345142762
0.0,0.0001404966527792,0.0072188080052622
0.0,0.0001384213981548,0.0071121800935021
0.0,0.0001363767968,0.0070071271663597
0.0,0.0001343623959398,0.0069036259599774
0.0,0.0001323777494874,0.0068016535541247
0.0,0.000130422417945,0.0067011873671222
0.0,0.0001284959683065,0.006602205150841
0.0,0.0001265979739617,0.0065046849857759
0.0,0.0001247280146018,0.0064086052761916
0.0,0.0001228856761263,0.0063139447453398
0.0,0.0001210705505514,0.006220682430748
0.0,0.0001192822359195,0.0061287976795772
0.0,0.0001175203362102,0.0060382701440482
0.0,0.0001157844612527,0.0059490797769358
0.0,0.0001140742266393,0.0058612068271293
0.0,0.0001123892536405,0.0057746318352587
0.0,0.0001107291691209,0.0056893356293854
0.0,0.0001090936054564,0.0056052993207564
0.0,0.0001074822004533,0.0055225042996217
0.0,0.0001058945972676,0.0054409322311132
0.0,0.0001043304443265,0.0053605650511842
0.0,0.0001027893952497,0.0052813849626093
0.0,0.0001012711087738,0.0052033744310431
0.0,9.9775248675868e-05,0.0051265161811377
0.0,9.83014836991661e-05,0.0050507931927162
0.0,9.68494874801079e-05,0.0049761886970046
0.0,9.5418938475679e-05,0.0049026861729177
0.0,9.40095198923713e-05,0.0048302693434006
0.0,9.26209196159267e-05,0.0047589221718246
0.0,9.12528301423299e-05,0.0046886288584354
0.0,8.99049485096268e-05,0.0046193738368544
0.0,8.85769762308947e-05,0.0045511417706318
0.0,8.72686192280939e-05,0.0044839175498501
0.0,8.59795877669878e-05,0.004417686287778
0.0,8.47095963929373e-05,0.0043524333175738
0.0,8.34583638677361e-05,0.0042881441890376
0.0,8.22256131072646e-05,0.0042248046654113
0.0,8.10110711202197e-05,0.0041624007202255
0.0,7.98144689475797e-05,0.0041009185341938
0.0,7.86355416030685e-05,0.0040403444921524
0.0,7.74740280145292e-05,0.003980665180045
0.0,7.63296709659911e-05,0.0039218673819522
0.0,7.52022170408331e-05,0.0038639380771649
0.0,7.40914165656137e-05,0.0038068644373011
0.0,7.29970235547397e-05,0.0037506338234646
0.0,7.19187956560868e-05,0.0036952337834468
0.0,7.08564940972226e-05,0.0036406520489683
0.0,6.98098836326294e-05,0.0035868765329629
0.0,6.87787324915312e-05,0.0035338953269006
0.0,6.77628123266355e-05,0.0034816966981503
0.0,6.67618981635074e-05,0.003430269087382
0.0,6.57757683507829e-05,0.0033796011060066
0.0,6.48042045110764e-05,0.0033296815336544
0.0,6.38469914926304e-05,0.0032804993156897
0.0,6.29039173216522e-05,0.0032320435607635
0.0,6.19747731553794e-05,0.003184303538401
0.0,6.10593532358386e-05,0.0031372686766257
0.0,6.01574548442715e-05,0.0030909285596181
0.0,5.92688782562675e-05,0.0030452729254093
0.0,5.83934266974659e-05,0.0030002916636083
0.0,5.75309063000906e-05,0.0029559748131631
0.0,5.66811260599293e-05,0.0029123125601549
0.0,5.58438977940473e-05,0.0028692952356249
0.0,5.50190360991479e-05,0.0028269133134329
0.0,5.42063583105143e-05,0.0027851574081479
0.0,5.34056844615147e-05,0.0027440182729697
0.0,5.26168372437866e-05,0.0027034867976811
0.0,5.18396419679663e-05,0.0026635540066307
0.0,5.10739265249978e-05,0.0026242110567447
0.0,5.03195213480238e-05,0.0025854492355694
0.0,4.95762593748367e-05,0.0025472599593413
0.0,4.88439760108553e-05,0.0025096347710863
0.0,4.81225090927309e-05,0.002472565338747
0.0,4.74116988523829e-05,0.0024360434533376
0.0,4.67113878816587e-05,0.0024000610271258
0.0,4.60214210974523e-05,0.0023646100918422
0.0,4.53416457073461e-05,0.0023296827969154
0.0,4.46719111758288e-05,0.0022952714077335
0.0,4.40120691908991e-05,0.0022613683039314
0.0,4.33619736312611e-05,0.0022279659777035
0.0,4.27214805339624e-05,0.0021950570321405
0.0,4.20904480624949e-05,0.0021626341795918
0.0,4.1468736475387e-05,0.0021306902400518
0.0,4.08562080952898e-05,0.0020992181395695
0.0,4.02527272784503e-05,0.0020682109086821
0.0,3.96581603846861e-05,0.0020376616808717
0.0,3.9072375747809e-05,0.0020075636910447
0.0,3.84952436464324e-05,0.0019779102740338
0.0,3.79266362752796e-05,0.0019486948631218
0.0,3.73664277168624e-05,0.0019199109885872
0.0,3.68144939135971e-05,0.0018915522762722
0.0,3.62707126403405e-05,0.0018636124461705
0.0,3.57349634773144e-05,0.0018360853110368
0.0,3.52071277834355e-05,0.0018089647750166
0.0,3.46870886700698e-05,0.0017822448322966
0.0,3.41747309751117e-05,0.0017559195657741
0.0,3.36699412375012e-05,0.0017299831457473
0.0,3.31726076720912e-05,0.0017044298286239
0.0,3.26826201449103e-05,0.0016792539556494
0.0,3.21998701487379e-05,0.0016544499516539
0.0,3.17242507791166e-05,0.0016300123238173
0.0,3.12556567106381e-05,0.0016059356604533
0.0,3.07939841736639e-05,0.0015822146298108
0.0,3.03391309312943e-05,0.0015588439788931
0.0,2.98909962567796e-05,0.0015358185322947
0.0,2.94494809111763e-05,0.0015131331910553
0.0,2.90144871213822e-05,0.0014907829315305
0.0,2.85859185585012e-05,0.0014687628042794
0.0,2.81636803164814e-05,0.0014470679329687
0.0,2.7747678891115e-05,0.0014256935132923
0.0,2.73378221593394e-05,0.0014046348119082
0.0,2.69340193588229e-05,0.0013838871653895
0.0,2.65361810678714e-05,0.0013634459791924
0.0,2.61442191856181e-05,0.0013433067266381
0.0,2.57580469125319e-05,0.0013234649479108
0.0,2.53775787311793e-05,0.0013039162490702
0.0,2.50027303872902e-05,0.0012846563010778
0.0,2.46334188710989e-05,0.0012656808388389
0.0,2.42695623989767e-05,0.0012469856602579
0.0,2.39110803952926e-05,0.0012285666253077
0.0,2.35578934745968e-05,0.0012104196551127
0.0,2.32099234240245e-05,0.001192540731046
0.0,2.28670931859808e-05,0.0011749258938392
0.0,2.25293268410857e-05,0.0011575712427054
0.0,2.21965495913398e-05,0.0011404729344759
0.0,2.18686877435838e-05,0.0011236271827489
0.0,2.15456686931629e-05,0.0011070302570506
0.0,2.12274209078558e-05,0.0010906784820098
0.0,2.09138739120356e-05,0.0010745682365436
0.0,2.0604958271055e-05,0.0010586959530554
0.0,2.03006055758802e-05,0.0010430581166451
0.0,2.00007484279369e-05,0.0010276512643308
0.0,1.97053204241786e-05,0.0010124719842817
0.0,1.94142561423943e-05,0.0009975169150623
0.0,1.91274911267112e-05,0.000982782744889
0.0,1.88449618733263e-05,0.0009682662108954
0.0,1.85666058164415e-05,0.0009539640984108
0.0,1.82923613144068e-05,0.0009398732402479
0.0,1.80221676360764e-05,0.0009259905160012
0.0,1.77559649473472e-05,0.0009123128513564
0.0,1.74936942979181e-05,0.0008988372174095
0.0,1.72352976082445e-05,0.0008855606299958
0.0,1.69807176566526e-05,0.0008724801490293
0.0,1.67298980666888e-05,0.0008595928778517
0.0,1.64827832946236e-05,0.0008468959625906
1.0,0.170116239318617,0.002095671864885926
1.0,0.163139197471119,0.07560746341725368
1.0,0.142980870102971,0.1923558109508816
1.0,0.11700554293376,0.35170949566509435
1.0,0.0904632242467063,0.5216823812038058
1.0,0.0666777900460827,0.665618533960133
1.0,0.0473890803024178,0.8006276087649242
1.0,0.0331504960435917,0.8462432260033481
1.0,0.0237145162066282,0.9707178588711919
1.0,0.0183656140859575,0.9345149865535557
1.0,0.0161815850804025,0.9748602762543825
1.0,0.0162198793872248,0.993338637821158
1.0,0.0176356003021654,0.9818261772612789
1.0,0.0197432960008634,0.967944273039062
1.0,0.0220366461040756,0.9308283839116307
1.0,0.0241797190004154,0.9175520016106918
1.0,0.025981611925309,0.9101788119676307
1.0,0.0273637472325827,0.9162680229876984
1.0,0.0283264381635281,0.9042350307608512
1.0,0.0289189130841112,0.9048531923199349
1.0,0.0292149927795031,0.9239105664698565
1.0,0.0292951211346045,0.9063884131793799
1.0,0.0292344404153249,0.9464701146247392
1.0,0.0290960123454693,0.9247100477250155
1.0,0.0289280252298112,0.89395291469235
1.0,0.0287638011484892,0.9177304634950054
1.0,0.0286235397318781,0.9499973570969377
1.0,0.0285169354518066,0.9589900307877112
1.0,0.0284460307049598,0.9118817206909476
1.0,0.028407881398456,0.9158725330807883
1.0,0.0283967943263714,0.9257598810090494
1.0,0.0284060370774113,0.9204260329401602
1.0,0.0284290205966222,0.9280136622925115
1.0,0.028460016175835,0.9454688239459028
1.0,0.0284944996744618,0.9511481319333244
1.0,0.0285292241666313,0.9238038626562567
1.0,0.0285621155795497,0.9278953425757164
1.0,0.0285920707095308,0.9151004148077034
1.0,0.0286187182959654,0.9203543425166681
1.0,0.0286421851270127,0.9200878953884994
1.0,0.0286628926327062,0.9283438518035787
1.0,0.0286813961935621,0.9549058625254546
1.0,0.0286982697544889,0.9498823850052697
1.0,0.0287140320503174,0.962087147720336
1.0,0.0287291072825773,0.9684335274882463
1.0,0.0287438117738223,0.939079829265504
1.0,0.028758358302335,0.9628604817375178
1.0,0.0287728709002999,0.95900459596516
1.0,0.0287874044132082,0.9588102722280095
1.0,0.0288019647252422,0.9044665810791719
1.0,0.0288165270316552,0.9567737425861407
1.0,0.0288310507615699,0.9276944233793576
1.0,0.0288454906765445,0.9609133470496549
1.0,0.0288598042977932,0.9482799987795888
1.0,0.0288739561864844,0.9441762377059328
1.0,0.0288879197706866,0.9921414804507436
1.0,0.0289016774363586,0.9274862570060033
1.0,0.0289152195306257,0.9543639036235947
1.0,0.0289285428068258,0.9519519927641511
1.0,0.0289416487051812,0.9354929595149247
1.0,0.0289545417327104,0.9938819387716636
1.0,0.0289672280943309,0.9341568013385027
1.0,0.0289797146400637,0.9425118761899972
1.0,0.0289920081316097,0.9249633760948022
1.0,0.0290041147929847,0.9795693126163405
1.0,0.0290160400900423,0.9388855897016183
1.0,0.0290277886778909,0.9405439150503676
1.0,0.0290393644587013,0.9572343209282141
1.0,0.0290507707013141,0.9531851409611218
1.0,0.0290620101852661,0.9169758276807691
1.0,0.0290730853431755,0.9751594811069149
1.0,0.0290839983855187,0.9651625230118521
1.0,0.0290947513999382,0.9523427098225943
1.0,0.0291053464231965,0.9848192705127579
1.0,0.029115785487789,0.9499558256633689
1.0,0.0291260706474461,0.9647779638409255
1.0,0.0291362039866054,0.9758423423868335
1.0,0.0291461876188905,0.9663053155768757
1.0,0.0291560236789981,0.963192977306355
1.0,0.0291657143115038,1.0178890866882953
1.0,0.0291752616591192,0.9612009978046293
1.0,0.0291846678520302,0.94592785529387
1.0,0.0291939349992214,0.9585701144420292
1.0,0.0292030651820809,0.9471475131122402
1.0,0.0292120604502357,0.9786602982476903
1.0,0.0292209228192999,0.96670374393246
1.0,0.0292296542701282,0.9805180424958526
1.0,0.0292382567491356,0.9977593426312314
1.0,0.0292467321692937,0.9936700176852465
1.0,0.0292550824114766,0.9829487197639872
1.0,0.0292633093259111,1.000158327189411
1.0,0.0292714147335713,0.983596728707584
1.0,0.0292794004274217,0.9717152092241714
1.0,0.0292872681734615,0.9643437831185747
1.0,0.0292950197115724,0.9445137664814435
1.0,0.0293026567561876,1.0024099931359436
1.0,0.0293101809968106,0.9724608700448829
1.0,0.0293175940984307,0.9713045147324649
1.0,0.0293248977018592,0.9662070779001833
1.0,0.0293320934240244,0.9884980345257517
1.0,0.0293391828582421,0.975703555390735
1.0,0.0293461675744842,0.976062434454017
1.0,0.0293530491196476,0.976416012574918
1.0,0.0293598290178398,0.976764368051682
1.0,0.0293665087706709,0.977107578025958
1.0,0.0293730898575557,0.977445718500049
1.0,0.0293795737360263,0.977778864353836
1.0,0.02938596184205,0.978107089361392
1.0,0.0293922555903476,0.97843046620731
1.0,0.0293984563747107,0.978749066502763
1.0,0.0294045655683177,0.979062960801324
1.0,0.029410584524046,0.979372218614539
1.0,0.0294165145747785,0.979676908427278
1.0,0.0294223570337027,0.979977097712873
1.0,0.0294281131946068,0.980272852948026
1.0,0.0294337843321704,0.980564239627521
1.0,0.0294393717022456,0.980851322278712
1.0,0.0294448765421389,0.98113416447581
1.0,0.0294503000708828,0.981412828853963
1.0,0.029455643489507,0.981687377123126
1.0,0.0294609079813033,0.981957870081732
1.0,0.0294660947120873,0.982224367630158
1.0,0.0294712048304548,0.982486928783998
1.0,0.0294762394680372,0.982745611687126
1.0,0.0294811997397515,0.983000473624586
1.0,0.0294860867440456,0.983251571035268
1.0,0.0294909015631428,0.983498959524415
1.0,0.0294956452632806,0.983742693875937
1.0,0.0295003188949472,0.983982828064537
1.0,0.0295049234931135,0.98421941526767
1.0,0.0295094600774632,0.984452507877316
1.0,0.0295139296526186,0.984682157511581
1.0,0.0295183332083615,0.984908415026129
1.0,0.0295226717198547,0.985131330525444
1.0,0.0295269461478571,0.985350953373923
1.0,0.0295311574389359,0.985567332206811
1.0,0.0295353065256772,0.985780514940967
1.0,0.0295393943268909,0.985990548785479
1.0,0.0295434217478165,0.986197480252116
1.0,0.0295473896803222,0.986401355165628
1.0,0.0295512990031022,0.986602218673895
1.0,0.0295551505818719,0.986800115257925
1.0,0.0295589452695588,0.986995088741704
1.0,0.0295626839064929,0.987187182301898
1.0,0.0295663673205913,0.987376438477421
1.0,0.029569996327542,0.987562899178847
1.0,0.0295735717309844,0.9877466056977
1.0,0.0295770943226878,0.987927598715588
1.0,0.0295805648827268,0.988105918313222
1.0,0.0295839841796526,0.988281603979283
1.0,0.0295873529706656,0.988454694619172
1.0,0.0295906720017804,0.988625228563625
1.0,0.0295939420079927,0.988793243577202
1.0,0.0295971637134425,0.988958776866645
1.0,0.0296003378315723,0.989121865089122
1.0,0.0296034650652877,0.989282544360346
1.0,0.0296065461071107,0.989440850262567
1.0,0.0296095816393354,0.989596817852458
1.0,0.0296125723341762,0.989750481668873
1.0,0.0296155188539202,0.989901875740497
1.0,0.0296184218510702,0.990051033593387
1.0,0.0296212819684925,0.990197988258386
1.0,0.0296240998395565,0.990342772278448
1.0,0.0296268760882767,0.990485417715838
1.0,0.0296296113294507,0.990625956159234
1.0,0.0296323061687946,0.990764418730722
1.0,0.029634961203078,0.990900836092691
1.0,0.0296375770202546,0.991035238454617
1.0,0.0296401541995948,0.991167655579759
1.0,0.0296426933118124,0.991298116791748
1.0,0.0296451949191907,0.991426650981076
1.0,0.0296476595757083,0.991553286611503
1.0,0.0296500878271602,0.991678051726352
1.0,0.0296524802112801,0.991800973954724
1.0,0.0296548372578598,0.991922080517613
1.0,0.0296571594888633,0.992041398233938
1.0,0.0296594474185474,0.992158953526478
1.0,0.029661701553571,0.992274772427725
1.0,0.0296639223931099,0.992388880585652
1.0,0.0296661104289673,0.992501303269385
1.0,0.0296682661456802,0.992612065374808
1.0,0.029670390020631,0.992721191430069
1.0,0.029672482524149,0.992828705601016
1.0,0.0296745441196165,0.992934631696546
1.0,0.0296765752635717,0.993038993173879
1.0,0.0296785764058096,0.993141813143752
1.0,0.0296805479894808,0.993243114375535
1.0,0.0296824904511901,0.993342919302279
1.0,0.0296844042210938,0.993441250025675
1.0,0.0296862897229946,0.993538128320957
1.0,0.0296881473744341,0.993633575641719
1.0,0.0296899775867878,0.993727613124668
1.0,0.0296917807653538,0.993820261594302
1.0,0.0296935573094446,0.993911541567525
1.0,0.0296953076124737,0.994001473258189
1.0,0.0296970320620438,0.99409007658157
1.0,0.0296987310400321,0.994177371158778
1.0,0.0297004049226761,0.994263376321104
1.0,0.0297020540806545,0.994348111114298
1.0,0.0297036788791722,0.994431594302789
1.0,0.029705279678039,0.994513844373839
1.0,0.0297068568317498,0.994594879541637
1.0,0.0297084106895638,0.994674717751335
1.0,0.0297099415955806,0.994753376683016
1.0,0.0297114498888187,0.994830873755618
1.0,0.0297129359032875,0.994907226130783
1.0,0.0297143999680631,0.994982450716663
1.0,0.0297158424073611,0.995056564171661
1.0,0.0297172635406087,0.995129582908121
1.0,0.0297186636825137,0.995201523095965
1.0,0.0297200431431361,0.99527240066627
1.0,0.0297214022279564,0.995342231314796
1.0,0.0297227412379419,0.995411030505466
1.0,0.0297240604696152,0.995478813473787
1.0,0.0297253602151188,0.995545595230223
1.0,0.0297266407622798,0.995611390563523
1.0,0.0297279023946742,0.995676214043992
1.0,0.0297291453916888,0.995740080026721
1.0,0.0297303700285843,0.995803002654762
1.0,0.0297315765765549,0.995864995862263
1.0,0.0297327653027899,0.995926073377555
1.0,0.0297339364705305,0.995986248726185
1.0,0.0297350903391311,0.996045535233922
1.0,0.0297362271641144,0.996103946029698
1.0,0.0297373471972298,0.99616149404852
1.0,0.0297384506865068,0.996218192034335
1.0,0.0297395378763119,0.996274052542852
1.0,0.0297406090074024,0.996329087944318
1.0,0.029741664316979,0.996383310426266
1.0,0.0297427040387386,0.996436731996206
1.0,0.0297437284029267,0.996489364484286
1.0,0.029744737636388,0.996541219545914
1.0,0.029745731962616,0.996592308664337
1.0,0.0297467116018024,0.996642643153186
1.0,0.029747676770888,0.996692234158979
1.0,0.0297486276836085,0.996741092663591
1.0,0.0297495645505419,0.996789229486686
1.0,0.029750487579157,0.99683665528811
1.0,0.0297513969738572,0.996883380570256
1.0,0.0297522929360272,0.996929415680388
1.0,0.0297531756640763,0.996974770812931
1.0,0.0297540453534844,0.997019456011731
1.0,0.0297549021968426,0.997063481172277
1.0,0.0297557463838984,0.997106856043892
1.0,0.0297565781015963,0.997149590231896
1.0,0.0297573975341185,0.997191693199728
1.0,0.0297582048629279,0.997233174271046
1.0,0.0297590002668071,0.997274042631787
1.0,0.0297597839218968,0.997314307332207
1.0,0.0297605560017367,0.997353977288879
1.0,0.029761316677303,0.997393061286674
1.0,0.0297620661170463,0.9974315679807
1.0,0.0297628044869296,0.997469505898223
1.0,0.0297635319504643,0.997506883440554
1.0,0.0297642486687462,0.997543708884909
1.0,0.0297649548004912,0.997579990386243
1.0,0.029765650502072,0.997615735979057
1.0,0.0297663359275513,0.997650953579172
1.0,0.0297670112287152,0.997685650985488
1.0,0.0297676765551085,0.997719835881709
1.0,0.0297683320540674,0.997753515838044
1.0,0.0297689778707508,0.997786698312882
1.0,0.0297696141481747,0.997819390654445
1.0,0.0297702410272418,0.99785160010242
1.0,0.0297708586467742,0.997883333789551
1.0,0.0297714671435421,0.997914598743232
1.0,0.0297720666522974,0.997945401887051
1.0,0.0297726573058004,0.997975750042333
1.0,0.0297732392348504,0.998005649929642
1.0,0.0297738125683153,0.998035108170277
1.0,0.0297743774331594,0.998064131287734
1.0,0.0297749339544706,0.998092725709151
1.0,0.0297754822554905,0.998120897766732
1.0,0.0297760224576396,0.998148653699148
1.0,0.0297765546805455,0.998175999652921
1.0,0.0297770790420675,0.998202941683782
1.0,0.0297775956583259,0.998229485758016
1.0,0.029778104643724,0.998255637753779
1.0,0.0297786061109766,0.998281403462401
1.0,0.0297791001711332,0.998306788589673
1.0,0.0297795869336024,0.998331798757102
1.0,0.0297800665061774,0.998356439503164
1.0,0.0297805389950592,0.998380716284524
1.0,0.0297810045048794,0.998404634477251
1.0,0.0297814631387254,0.998428199378002
1.0,0.0297819149981609,0.998451416205199
1.0,0.0297823601832496,0.998474290100184
1.0,0.0297827987925772,0.998496826128355
1.0,0.0297832309232733,0.998519029280292
1.0,0.0297836566710328,0.99854090447286
1.0,0.0297840761301369,0.998562456550295
1.0,0.0297844893934749,0.998583690285282
1.0,0.0297848965525627,0.998604610380009
1.0,0.0297852976975663,0.998625221467208
1.0,0.0297856929173179,0.998645528111183
1.0,0.0297860822993392,0.998665534808817
1.0,0.0297864659298579,0.998685245990573
1.0,0.0297868438938287,0.99870466602147
1.0,0.0297872162749511,0.998723799202053
1.0,0.0297875831556891,0.998742649769345
1.0,0.0297879446172877,0.998761221897784
1.0,0.0297883007397917,0.998779519700147
1.0,0.0297886516020651,0.998797547228462
1.0,0.0297889972818053,0.998815308474907
1.0,0.0297893378555625,0.99883280737269
1.0,0.0297896733987566,0.998850047796924
1.0,0.0297900039856938,0.998867033565481
1.0,0.0297903296895816,0.998883768439842
1.0,0.0297906505825467,0.998900256125928
1.0,0.0297909667356511,0.998916500274917
1.0,0.0297912782189063,0.99893250448406
1.0,0.0297915851012895,0.998948272297471
1.0,0.0297918874507603,0.998963807206915
1.0,0.0297921853342729,0.998979112652582
1.0,0.0297924788177935,0.998994192023847
1.0,0.0297927679663139,0.999009048660018
1.0,0.0297930528438657,0.999023685851084
1.0,0.0297933335135345,0.999038106838433
1.0,0.0297936100374745,0.999052314815579
1.0,0.0297938824769215,0.999066312928861
1.0,0.029794150892207,0.999080104278148
1.0,0.0297944153427714,0.999093691917518
1.0,0.0297946758871765,0.99910707885594
1.0,0.0297949325831206,0.999120268057937
1.0,0.0297951854874476,0.999133262444243
1.0,0.0297954346561633,0.999146064892452
0.0,-0.140304319855554,1.0004199635110103
0.0,-0.133327276014341,0.9590029266958302
0.0,-0.113168946681927,0.8077314976407326
0.0,-0.0871936175774637,0.6350821947217503
0.0,-0.0606512969837427,0.4718505956153538
0.0,-0.0368658609046155,0.320481978941327
0.0,-0.0175771493101942,0.21791880810218028
0.0,-0.0033385632279483,0.08925114668560015
0.0,0.0060974184055009,0.09877937362561963
0.0,0.0114463222961223,-0.002422782951890072
0.0,0.013630353045484,0.011205081703072599
0.0,0.013592060456711,0.029535421167197252
0.0,0.0121763412344427,0.03407286739062171
0.0,0.0100686472034146,0.04411276797360101
0.0,0.0077752987432393,0.03270779464611532
0.0,0.0056322274656676,0.042952175565957804
0.0,0.0038303361356314,0.05470105392910002
0.0,0.002448202399658,0.0746621448183913
0.0,0.001485513016803,0.07134095019692148
0.0,0.0008930396214438,0.07617458348746343
0.0,0.0005969614287471,0.09589308634296745
0.0,0.0005168345541448,0.07648206870245504
0.0,0.0005775167320551,0.1130503948823557
0.0,0.0007159462389967,0.08692064919651458
0.0,0.0008839347705132,0.051518217332017696
0.0,0.0010481602467806,0.07077117821591661
0.0,0.0011884230377322,0.09886971080208488
0.0,0.0012950286718442,0.10415837212038428
0.0,0.0013659347527313,0.05382676876397574
0.0,0.0014040853735705,0.05503247790897707
0.0,0.0014151737405764,0.06249876008409613
0.0,0.0014059322653309,0.05502273309031122
0.0,0.0013829500030698,0.06066500689328888
0.0,0.0013519556622405,0.07630103953527437
0.0,0.0013174733837053,0.08023217335168879
0.0,0.0012827500936059,0.051171340090478884
0.0,0.0012498598650014,0.05355295936741865
0.0,0.001219905901841,0.039041792717129584
0.0,0.0011932594649926,0.04256884309003617
0.0,0.0011697937665512,0.04056654603760558
0.0,0.0011490873767338,0.04708278272131319
0.0,0.0011305849152715,0.07190779765100014
0.0,0.0011137124374995,0.06515675176130767
0.0,0.0010979512088265,0.07564931751920184
0.0,0.0010828770279593,0.08030360638581914
0.0,0.0010681735725771,0.04928131160642725
0.0,0.0010536280646267,0.07141897692916824
0.0,0.0010391164721493,0.06594675020387483
0.0,0.0010245839498769,0.06416293795004137
0.0,0.0010100246138458,0.008256237889056668
0.0,0.0009954632690197,0.059026142559875414
0.0,0.0009809404864884,0.02843441766537847
0.0,0.0009665015049037,0.06016484581867554
0.0,0.0009521888032578,0.04606601916143281
0.0,0.0009380378205859,0.0405190012641086
0.0,0.0009240751290204,0.08706253053334481
0.0,0.0009103183428,0.021006575234760586
0.0,0.0008967771149946,0.046504012746131966
0.0,0.0008834546924578,0.04273203953038971
0.0,0.000870349635156,0.024932775973767453
0.0,0.0008574574362578,0.08200108351000324
0.0,0.0008447718910282,0.020974583946231425
0.0,0.0008322861496281,0.02804736894370636
0.0,0.0008199934505335,0.009235416825762136
0.0,0.000807887569905,0.06259650224769281
0.0,0.0007959630420617,0.02068628723381137
0.0,0.0007842152120656,0.021136232010864654
0.0,0.0007726401779136,0.036636116592254596
0.0,0.0007612346709299,0.03141401905748184
0.0,0.0007499959117412,-0.00595086515484685
0.0,0.00073892146789,0.05109430703497018
0.0,0.0007280091290581,0.039975702076745126
0.0,0.0007172568077579,0.02605082383362691
0.0,0.0007066624673811,0.05743865227455091
0.0,0.0006962240755832,0.021502563024557983
0.0,0.0006859395787833,0.035267903976044325
0.0,0.0006758068926901,0.045291096119096534
0.0,0.0006658239038249,0.03472826161190051
0.0,0.0006559884776329,0.030605266300824288
0.0,0.0006462984696793,0.08430564512000885
0.0,0.0006367517373916,0.026636531640773675
0.0,0.0006273461507184,0.010396853473598477
0.0,0.0006180796008109,0.022086852199625348
0.0,0.0006089500064127,0.009726055170461538
0.0,0.0005999553180273,0.04031450190953874
0.0,0.0005910935201685,0.027447262095601197
0.0,0.0005823626321087,0.04036432660861928
0.0,0.0005737607075569,0.05672164560374709
0.0,0.0005652858336645,0.051761396764334174
0.0,0.0005569361296788,0.04018203937656799
0.0,0.0005487097454921,0.05654626175616992
0.0,0.0005406048602472,0.03915176542671332
0.0,0.0005326196810958,0.026449650823890787
0.0,0.0005247524421522,0.01826975057663645
0.0,0.000517001403647,-0.002356798290160781
0.0,0.0005093648512586,0.05475466162926462
0.0,0.0005018410955915,0.02403236349122388
0.0,0.0004944284717641,0.02211425358620055
0.0,0.0004871253390705,0.01626631391636303
0.0,0.0004799300806874,0.03781785325623526
0.0,0.0004728411034011,0.0242948786424334
0.0,0.000465856837342,0.0239360227098078
0.0,0.0004589757357112,0.0235824673779047
0.0,0.0004521962745,0.0232341343535253
0.0,0.0004455169521959,0.0228909464999935
0.0,0.0004389362894791,0.0225528278199044
0.0,0.0004324528289108,0.0222197034382032
0.0,0.0004260651346162,0.0218914995855723
0.0,0.0004197717919666,0.0215681435821039
0.0,0.0004135714072599,0.0212495638212389
0.0,0.0004074626074057,0.0209356897539531
0.0,0.000401444039614,0.0206264518731809
0.0,0.0003955143710884,0.0203217816984644
0.0,0.0003896722887255,0.0200216117608228
0.0,0.0003839164988202,0.0197258755878365
0.0,0.0003782457267758,0.0194345076889447
0.0,0.0003726587168203,0.0191474435409518
0.0,0.0003671542317277,0.0188646195737436
0.0,0.0003617310525438,0.0185859731562097
0.0,0.0003563879783162,0.0183114425823719
0.0,0.0003511238258295,0.018040967057716
0.0,0.0003459374293436,0.0177744866857248
0.0,0.0003408276403361,0.0175119424546107
0.0,0.0003357933272485,0.0172532762242441
0.0,0.0003308333752363,0.0169984307132762
0.0,0.0003259466859219,0.0167473494864524
0.0,0.0003211321771518,0.0164999769421134
0.0,0.0003163887827574,0.0162562582998824
0.0,0.0003117154523183,0.0160161395885332
0.0,0.0003071111509298,0.0157795676340389
0.0,0.0003025748589743,0.0155464900477969
0.0,0.0002981055718946,0.0153168552150273
0.0,0.0002937022999719,0.0150906122833438
0.0,0.0002893640681064,0.0148677111514925
0.0,0.0002850899156016,0.0146481024582571
0.0,0.000280878895951,0.0144317375715284
0.0,0.0002767300766291,0.0142185685775346
0.0,0.0002726425388843,0.0140085482702312
0.0,0.0002686153775359,0.013801630140847
0.0,0.0002646477007734,0.0135977683675848
0.0,0.0002607386299591,0.0133969178054746
0.0,0.0002568872994335,0.0131990339763757
0.0,0.0002530928563236,0.0130040730591273
0.0,0.0002493544603541,0.0128119918798445
0.0,0.0002456712836611,0.0126227479023571
0.0,0.0002420425106092,0.0124362992187904
0.0,0.0002384673376105,0.0122526045402843
0.0,0.0002349449729467,0.0120716231878503
0.0,0.000231474636594,0.0118933150833629
0.0,0.0002280555600502,0.0117176407406846
0.0,0.0002246869861644,0.0115445612569216
0.0,0.0002213681689695,0.0113740383038086
0.0,0.0002180983735171,0.0112060341192214
0.0,0.0002148768757145,0.0110405114988145
0.0,0.0002117029621645,0.0108774337877818
0.0,0.0002085759300073,0.0107167648727401
0.0,0.000205495086765,0.0105584691737311
0.0,0.0002024597501883,0.010402511636343
0.0,0.0001994692481051,0.0102488577239471
0.0,0.0001965229182719,0.0100974734100501
0.0,0.0001936201082272,0.0099483251707587
0.0,0.0001907601751469,0.0098013799773563
0.0,0.0001879424857017,0.0096566052889879
0.0,0.0001851664159175,0.009513969045455
0.0,0.0001824313510366,0.0093734396601149
0.0,0.0001797366853818,0.0092349860128869
0.0,0.0001770818222222,0.0090985774433599
0.0,0.0001744661736414,0.0089641837440032
0.0,0.0001718891604067,0.0088317751534768
0.0,0.0001693502118414,0.0087013223500412
0.0,0.000166848765698,0.0085727964450635
0.0,0.0001643842680339,0.0084461689766206
0.0,0.0001619561730889,0.0083214119031961
0.0,0.0001595639431639,0.0081984975974704
0.0,0.0001572070485022,0.0080773988402031
0.0,0.0001548849671719,0.0079580888142048
0.0,0.0001525971849507,0.0078405410983989
0.0,0.0001503431952117,0.0077247296619703
0.0,0.0001481224988112,0.0076106288586012
0.0,0.0001459346039786,0.0074982134207918
0.0,0.0001437790262067,0.0073874584542644
0.0,0.0001416552881452,0.007278339432451
0.0,0.0001395629194946,0.0071708321910618
0.0,0.0001375014569021,0.0070649129227342
0.0,0.0001354704438592,0.0069605581717602
0.0,0.0001334694306,0.0068577448288927
0.0,0.0001314979740024,0.0067564501262277
0.0,0.0001295556374895,0.0066566516321625
0.0,0.0001276419909328,0.0065583272464281
0.0,0.0001257566105575,0.0064614551951952
0.0,0.0001238990788482,0.0063660140262525
0.0,0.0001220689844563,0.006271982604256
0.0,0.0001202659221094,0.0061793401060485
0.0,0.0001184894925215,0.0060880660160487
0.0,0.0001167393023039,0.0059981401217078
0.0,0.0001150149638791,0.0059095425090332
0.0,0.0001133160953941,0.0058222535581792
0.0,0.0001116423206363,0.0057362539391016
0.0,0.0001099932689501,0.0056515246072776
0.0,0.0001083685751547,0.0055680467994878
0.0,0.0001067678794636,0.0054858020296616
0.0,0.0001051908274043,0.0054047720847835
0.0,0.0001036370697404,0.0053249390208594
0.0,0.0001021062623939,0.0052462851589434
0.0,0.0001005980663692,0.0051687930812224
0.0,9.91121476779169e-05,0.0050924456271595
0.0,9.7648177264896e-05,0.0050172258896931
0.0,9.62058309355168e-05,0.0049431172114935
0.0,9.47847892837153e-05,0.0048701031812737
0.0,9.33847376213687e-05,0.0047981676301554
0.0,9.20053659085387e-05,0.0047272946280884
0.0,9.06463686848463e-05,0.0046574684803227
0.0,8.930744500181e-05,0.0045886737239331
0.0,8.79882983562397e-05,0.0045208951243949
0.0,8.66886366245254e-05,0.0044541176722104
0.0,8.54081719979666e-05,0.0043883265795847
0.0,8.41466209190733e-05,0.0043235072771512
0.0,8.29037040186997e-05,0.0042596454107452
0.0,8.16791460542463e-05,0.0041967268382253
0.0,8.04726758486668e-05,0.0041347376263414
0.0,7.92840262304403e-05,0.0040736640476492
0.0,7.8112933974403e-05,0.0040134925774707
0.0,7.69591397433989e-05,0.0039542098908986
0.0,7.58223880309716e-05,0.0038958028598458
0.0,7.47024271046601e-05,0.0038382585501382
0.0,7.35990089503341e-05,0.0037815642186504
0.0,7.25118892172319e-05,0.0037257073104839
0.0,7.14408271638711e-05,0.0036706754561866
0.0,7.03855856046889e-05,0.0036164564690135
0.0,6.93459308575908e-05,0.0035630383422284
0.0,6.83216326921587e-05,0.0035104092464447
0.0,6.73124642786571e-05,0.0034585575270059
0.0,6.63182021378439e-05,0.0034074717014045
0.0,6.53386260914268e-05,0.0033571404567395
0.0,6.43735192133454e-05,0.003307552647211
0.0,6.34226677817262e-05,0.0032586972916521
0.0,6.24858612315524e-05,0.0032105635710968
0.0,6.15628921080066e-05,0.0031631408263847
0.0,6.06535560205845e-05,0.0031164185558001
0.0,5.97576515977694e-05,0.0030703864127464
0.0,5.88749804425193e-05,0.0030250342034552
0.0,5.800534708824e-05,0.0029803518847285
0.0,5.71485589555693e-05,0.0029363295617152
0.0,5.6304426309696e-05,0.0028929574857191
0.0,5.54727622183587e-05,0.0028502260520409
0.0,5.46533825104278e-05,0.0028081257978505
0.0,5.38461057351738e-05,0.0027666474000919
0.0,5.30507531219977e-05,0.0027257816734189
0.0,5.22671485409486e-05,0.0026855195681601
0.0,5.14951184636056e-05,0.0026458521683158
0.0,5.07344919247685e-05,0.0026067706895831
0.0,4.99851004844912e-05,0.0025682664774105
0.0,4.92467781908514e-05,0.0025303310050818
0.0,4.85193615431777e-05,0.0024929558718275
0.0,4.78026894558323e-05,0.0024561328009647
0.0,4.70966032225517e-05,0.0024198536380639
0.0,4.6400946481305e-05,0.0023841103491437
0.0,4.57155651796548e-05,0.0023488950188911
0.0,4.50403075406558e-05,0.0023141998489094
0.0,4.43750240292189e-05,0.0022800171559904
0.0,4.37195673190435e-05,0.0022463393704137
0.0,4.30737922599359e-05,0.00221315903427
0.0,4.24375558457091e-05,0.0021804687998095
0.0,4.18107171824937e-05,0.0021482614278151
0.0,4.11931374575437e-05,0.0021165297859989
0.0,4.05846799084938e-05,0.0020852668474231
0.0,3.99852097930746e-05,0.0020544656889436
0.0,3.93945943592787e-05,0.002024119489677
0.0,3.88127028159539e-05,0.0019942215294902
0.0,3.82394063038402e-05,0.0019647651875122
0.0,3.76745778670438e-05,0.0019357439406678
0.0,3.71180924249176e-05,0.0019071513622331
0.0,3.65698267443676e-05,0.0018789811204124
0.0,3.60296594125419e-05,0.001851226976936
0.0,3.54974708099628e-05,0.0018238827856788
0.0,3.49731430840453e-05,0.0017969424912992
0.0,3.44565601229779e-05,0.0017704001278978
0.0,3.39476075300188e-05,0.001744249817697
0.0,3.34461725981644e-05,0.0017184857697388
0.0,3.29521442851942e-05,0.0016931022786024
0.0,3.24654131890652e-05,0.0016680937231411
0.0,3.19858715237022e-05,0.0016434545652374
0.0,3.1513413095121e-05,0.0016191793485761
0.0,3.10479332779091e-05,0.0015952626974367
0.0,3.05893289920638e-05,0.0015716993155027
0.0,3.01374986801661e-05,0.0015484839846884
0.0,2.96923422848719e-05,0.0015256115639839
0.0,2.92537612267864e-05,0.0015030769883163
1.0,0.170128821658383,0.002742160540786226
1.0,0.163151593959064,0.07624440290754918
1.0,0.142993083484283,0.1929833423051356
1.0,0.11701757591308,0.35232775784944936
1.0,0.0904750794887245,0.5222915111317568
1.0,0.0666894701761296,0.666218666522846
1.0,0.0474005879070456,0.8012188768611083
1.0,0.033161833671147,0.8468257605686862
1.0,0.0237256863678169,0.9712917889073349
1.0,0.0183766192543993,0.9350804391566927
1.0,0.01619242769318,0.9754173766433825
1.0,0.0162305618454232,0.993887509365303
1.0,0.0176461249714033,0.9823669415075797
1.0,0.0197536652118177,0.968477049739178
1.0,0.0220468621529968,0.9313532910483887
1.0,0.0241897841496365,0.9180691554242119
1.0,0.0259915284037464,0.9106883269810677
1.0,0.0273735172362299,0.9167700120326014
1.0,0.0283360638559421,0.9047296050021542
1.0,0.0289283965968908,0.9053404612805719
1.0,0.0292243362127624,0.9243906380550114
1.0,0.0293043265574363,0.90686139370039
1.0,0.0292435098662605,0.9469361088226302
1.0,0.0291049478329286,0.9251691587937005
1.0,0.0289368287325487,0.894405244301481
1.0,0.0287724746160307,0.9181761118124864
1.0,0.0286320850849539,0.9504364228111077
1.0,0.0285253545827757,0.9594226111292001
1.0,0.0284543254782297,0.9123079114542046
1.0,0.0284160536508956,0.9162924286453012
1.0,0.0284048458677169,0.9261735743602373
1.0,0.028413969690668,0.9208336156899692
1.0,0.0284368360384586,0.9284152246997035
1.0,0.0284677161769722,0.9458644549360399
1.0,0.0285020859400569,0.9515379191184634
1.0,0.0285366983766542,0.9241878923543487
1.0,0.0285694793891569,0.9282736998297243
1.0,0.0285993257494301,0.9154731834044334
1.0,0.028625866172777,0.9207216050053242
1.0,0.0286492274236263,0.9204497330989645
1.0,0.0286698309086311,0.9287003448644247
1.0,0.0286882319852717,0.9552570898816847
1.0,0.0287050045757613,0.9502284244358037
1.0,0.0287206673925728,0.962428075855233
1.0,0.0287356446152045,0.9687694198256743
1.0,0.0287502525445065,0.939410760188458
1.0,0.028764703937378,0.9631865245302949
1.0,0.0287791228049359,0.959325822829584
1.0,0.0287935639719146,0.9591267542994256
1.0,0.0288080333020471,0.9047783884421928
1.0,0.0288225059704375,0.9570809442901708
1.0,0.0288369413863596,0.9279970874538835
1.0,0.0288512942918138,0.9612115405193099
1.0,0.0288655221887466,0.9485737876789948
1.0,0.0288795896193432,0.9444656870943258
1.0,0.0288934699929682,0.9924266544263776
1.0,0.0289071456771535,0.9277672187203483
1.0,0.0289206070008701,0.9546407152953197
1.0,0.0289338506995691,0.9522247156929031
1.0,0.0289468781958508,0.9357616540949028
1.0,0.0289596939793706,0.9941466645049917
1.0,0.0289723042379422,0.9344176168484096
1.0,0.0289847158047321,0.9427688392337973
1.0,0.0289969354248378,0.9252165435766841
1.0,0.0290089693059161,0.9798187405999705
1.0,0.0290208228977038,0.9391313334225533
1.0,0.0290325008394299,0.9407860289282917
1.0,0.029044007017621,0.9574728585789831
1.0,0.0290553446857043,0.9534201552086429
1.0,0.0290665166080308,0.9172073705686932
1.0,0.0290775252022573,0.9753876039101649
1.0,0.0290883726641189,0.9653872762479772
1.0,0.0290990610667368,0.9525641432629574
1.0,0.0291095924325644,0.9850374331935549
1.0,0.0291199687800001,0.9501707658964899
1.0,0.0291301921488858,0.9649897292246545
1.0,0.0291402646099761,0.9760509798163866
1.0,0.0291501882634126,0.9665108712547847
1.0,0.0291599652306107,0.963395496752705
1.0,0.0291695976430593,1.0180886147507993
1.0,0.029179087630576,0.9613975786685612
1.0,0.0291884373106468,0.9461215324918509
1.0,0.0291976487797401,0.9587609308636652
1.0,0.0292067241069138,0.9473355110136222
1.0,0.029215665329648,0.9788455192607514
1.0,0.0292244744515884,0.9668862290741949
1.0,0.0292331534417978,0.9806978321773976
1.0,0.0292417042350743,0.9979364766668185
1.0,0.0292501287329443,0.9938445353010176
1.0,0.0292584288050033,0.9831206596066792
1.0,0.0292666062903695,1.000327727334918
1.0,0.0292746629990706,0.9837636266693849
1.0,0.0292826007132869,0.9718796419616413
1.0,0.0292904211883924,0.9645057870451648
1.0,0.0292981261538008,0.9446733774727495
1.0,0.0293057173136317,1.0025672465376467
1.0,0.0293131963472275,0.9726158006805788
1.0,0.0293205649095665,0.9714571569113779
1.0,0.0293278246315971,0.9663574654247573
1.0,0.02933497712053,0.9886462006991427
1.0,0.0293420239601063,0.975849533024183
1.0,0.0293489667108657,0.976206255874112
1.0,0.0293558069104127,0.976557709630758
1.0,0.0293625460736988,0.976903972121927
1.0,0.0293691856933123,0.977245120025779
1.0,0.029375727239781,0.977581228887973
1.0,0.0293821721618808,0.977912373138494
1.0,0.0293885218869527,0.97823862610816
1.0,0.0293947778212178,0.978560060044858
1.0,0.0294009413500933,0.978876746129507
1.0,0.0294070138385081,0.97918875449178
1.0,0.0294129966312113,0.979496154225584
1.0,0.0294188910530766,0.97979901340432
1.0,0.029424698409402,0.980097399095927
1.0,0.0294304199862028,0.980391377377705
1.0,0.0294360570504997,0.98068101335093
1.0,0.0294416108505995,0.980966371155267
1.0,0.029447082616374,0.981247513982961
1.0,0.0294524735595321,0.981524504092836
1.0,0.0294577848738871,0.981797402824082
1.0,0.0294630177356217,0.982066270609844
1.0,0.029468173303546,0.982331166990607
1.0,0.0294732527193562,0.982592150627386
1.0,0.0294782571078844,0.982849279314719
1.0,0.029483187577348,0.983102609993466
1.0,0.0294880452195965,0.983352198763425
1.0,0.0294928311103502,0.983598100895752
1.0,0.0294975463094405,0.983840370845202
1.0,0.0295021918610439,0.984079062262191
1.0,0.0295067687939139,0.984314228004671
1.0,0.0295112781216074,0.984545920149843
1.0,0.0295157208427095,0.984774190005681
1.0,0.029520097941057,0.9849990881223
1.0,0.0295244103859529,0.985220664303144
1.0,0.0295286591323838,0.985438967616022
1.0,0.0295328451212291,0.985654046403967
1.0,0.0295369692794727,0.985865948295946
1.0,0.029541032520404,0.986074720217405
1.0,0.0295450357438232,0.986280408400662
1.0,0.0295489798362396,0.986483058395144
1.0,0.0295528656710693,0.986682715077472
1.0,0.0295566941088252,0.986879422661406
1.0,0.029560465997311,0.987073224707626
1.0,0.0295641821718076,0.987264164133389
1.0,0.0295678434552575,0.987452283222022
1.0,0.0295714506584481,0.987637623632297
1.0,0.0295750045801906,0.987820226407647
1.0,0.0295785060074973,0.98800013198526
1.0,0.0295819557157553,0.988177380205032
1.0,0.0295853544688989,0.98835201031839
1.0,0.0295887030195787,0.988524060996986
1.0,0.0295920021093268,0.988693570341255
1.0,0.0295952524687235,0.988860575888861
1.0,0.0295984548175574,0.989025114623
1.0,0.0296016098649852,0.9891872229806
1.0,0.0296047183096895,0.98934693686038
1.0,0.0296077808400306,0.989504291630807
1.0,0.0296107981342031,0.989659322137926
1.0,0.0296137708603843,0.989812062713075
1.0,0.0296166996768803,0.98996254718049
1.0,0.0296195852322745,0.990110808864795
1.0,0.0296224281655704,0.99025688059838
1.0,0.0296252291063324,0.990400794728672
1.0,0.0296279886748254,0.990542583125301
1.0,0.0296307074821531,0.990682277187155
1.0,0.0296333861303928,0.990819907849331
1.0,0.0296360252127281,0.990955505589994
1.0,0.029638625313581,0.991089100437116
1.0,0.0296411870087403,0.991220721975132
1.0,0.0296437108654917,0.99135039935149
1.0,0.0296461974427396,0.991478161283105
1.0,0.0296486472911344,0.991604036062719
1.0,0.0296510609531926,0.991728051565167
1.0,0.0296534389634164,0.991850235253548
1.0,0.029655781848414,0.991970614185307
1.0,0.0296580901270151,0.99208921501823
1.0,0.029660364310385,0.992206064016344
1.0,0.0296626049021391,0.992321187055732
1.0,0.0296648123984544,0.992434609630269
1.0,0.0296669872881783,0.992546356857261
1.0,0.0296691300529379,0.99265645348301
1.0,0.0296712411672464,0.992764923888298
1.0,0.0296733210986071,0.992871792093776
1.0,0.0296753703076191,0.992977081765295
1.0,0.0296773892480775,0.993080816219139
1.0,0.0296793783670743,0.99318301842719
1.0,0.0296813381050982,0.993283711022019
1.0,0.0296832688961304,0.99338291630189
1.0,0.0296851711677426,0.993480656235707
1.0,0.0296870453411913,0.993576952467873
1.0,0.0296888918315099,0.993671826323084
1.0,0.0296907110476017,0.993765298811053
1.0,0.0296925033923303,0.993857390631162
1.0,0.0296942692626083,0.993948122177046
1.0,0.0296960090494855,0.994037513541107
1.0,0.0296977231382363,0.994125584518967
1.0,0.0296994119084437,0.99421235461385
1.0,0.0297010757340839,0.994297843040899
1.0,0.0297027149836098,0.994382068731433
1.0,0.0297043300200306,0.994465050337141
1.0,0.0297059212009949,0.994546806234212
1.0,0.029707488878868,0.994627354527399
1.0,0.0297090334008103,0.994706713054035
1.0,0.0297105551088548,0.994784899387982
1.0,0.0297120543399818,0.994861930843517
1.0,0.0297135314261947,0.994937824479175
1.0,0.0297149866945925,0.995012597101518
1.0,0.0297164204674423,0.995086265268865
1.0,0.0297178330622523,0.99515884529495
