Setpoint,ControllerOutput,PlantOutput
0.0,0.0,0.0
0.0,0.0,0.0
0.0,0.0,0.0
0.0,0.0,0.0
0.0,0.0,0.0
0.0,0.0,0.0
0.0,0.0,0.0
0.0,0.0,0.0
0.0,0.0,0.0
0.0,0.0,0.0
0.0,0.0,0.0
0.0,0.0,0.0
0.0,0.0,0.0
0.0,0.0,0.0
0.0,0.0,0.0
0.0,0.0,0.0
0.0,0.0,0.0
0.0,0.0,0.0
0.0,0.0,0.0
0.0,0.0,0.0
0.0,0.0,0.0
0.0,0.0,0.0
0.0,0.0,0.0
0.0,0.0,0.0
0.0,0.0,0.0
0.0,0.0,0.0
0.0,0.0,0.0
0.0,0.0,0.0
0.0,0.0,0.0
0.0,0.0,0.0
0.0,0.0,0.0
0.0,0.0,0.0
0.0,0.0,0.0
0.0,0.0,0.0
0.0,0.0,0.0
0.0,0.0,0.0
0.0,0.0,0.0
0.0,0.0,0.0
0.0,0.0,0.0
0.0,0.0,0.0
0.0,0.0,0.0
0.0,0.0,0.0
0.0,0.0,0.0
0.0,0.0,0.0
0.0,0.0,0.0
0.0,0.0,0.0
0.0,0.0,0.0
0.0,0.0,0.0
0.0,0.0,0.0
0.0,0.0,0.0
0.0,0.0,0.0
0.0,0.0,0.0
0.0,0.0,0.0
0.0,0.0,0.0
0.0,0.0,0.0
0.0,0.0,0.0
0.0,0.0,0.0
0.0,0.0,0.0
0.0,0.0,0.0
0.0,0.0,0.0
0.0,0.0,0.0
0.0,0.0,0.0
0.0,0.0,0.0
0.0,0.0,0.0
0.0,0.0,0.0
0.0,0.0,0.0
0.0,0.0,0.0
0.0,0.0,0.0
0.0,0.0,0.0
0.0,0.0,0.0
0.0,0.0,0.0
0.0,0.0,0.0
0.0,0.0,0.0
0.0,0.0,0.0
0.0,0.0,0.0
0.0,0.0,0.0
0.0,0.0,0.0
0.0,0.0,0.0
0.0,0.0,0.0
0.0,0.0,0.0
0.0,0.0,0.0
0.0,0.0,0.0
0.0,0.0,0.0
0.0,0.0,0.0
0.0,0.0,0.0
0.0,0.0,0.0
0.0,0.0,0.0
0.0,0.0,0.0
0.0,0.0,0.0
0.0,0.0,0.0
0.0,0.0,0.0
0.0,0.0,0.0
0.0,0.0,0.0
0.0,0.0,0.0
0.0,0.0,0.0
0.0,0.0,0.0
0.0,0.0,0.0
0.0,0.0,0.0
0.0,0.0,0.0
0.0,0.0,0.0
0.0,0.0,0.0
0.0,0.0,0.0
0.0,0.0,0.0
0.0,0.0,0.0
0.0,0.0,0.0
0.0,0.0,0.0
0.0,0.0,0.0
0.0,0.0,0.0
0.0,0.0,0.0
0.0,0.0,0.0
0.0,0.0,0.0
0.0,0.0,0.0
0.0,0.0,0.0
0.0,0.0,0.0
0.0,0.0,0.0
0.0,0.0,0.0
0.0,0.0,0.0
0.0,0.0,0.0
0.0,0.0,0.0
0.0,0.0,0.0
0.0,0.0,0.0
0.0,0.0,0.0
0.0,0.0,0.0
0.0,0.0,0.0
0.0,0.0,0.0
0.0,0.0,0.0
0.0,0.0,0.0
0.0,0.0,0.0
0.0,0.0,0.0
0.0,0.0,0.0
0.0,0.0,0.0
0.0,0.0,0.0
0.0,0.0,0.0
0.0,0.0,0.0
0.0,0.0,0.0
0.0,0.0,0.0
0.0,0.0,0.0
0.0,0.0,0.0
0.0,0.0,0.0
0.0,0.0,0.0
0.0,0.0,0.0
0.0,0.0,0.0
0.0,0.0,0.0
0.0,0.0,0.0
0.0,0.0,0.0
0.0,0.0,0.0
0.0,0.0,0.0
0.0,0.0,0.0
0.0,0.0,0.0
0.0,0.0,0.0
0.0,0.0,0.0
0.0,0.0,0.0
0.0,0.0,0.0
0.0,0.0,0.0
0.0,0.0,0.0
0.0,0.0,0.0
0.0,0.0,0.0
0.0,0.0,0.0
0.0,0.0,0.0
0.0,0.0,0.0
0.0,0.0,0.0
0.0,0.0,0.0
0.0,0.0,0.0
0.0,0.0,0.0
0.0,0.0,0.0
0.0,0.0,0.0
0.0,0.0,0.0
0.0,0.0,0.0
0.0,0.0,0.0
0.0,0.0,0.0
0.0,0.0,0.0
0.0,0.0,0.0
0.0,0.0,0.0
0.0,0.0,0.0
0.0,0.0,0.0
0.0,0.0,0.0
0.0,0.0,0.0
0.0,0.0,0.0
0.0,0.0,0.0
0.0,0.0,0.0
0.0,0.0,0.0
0.0,0.0,0.0
0.0,0.0,0.0
0.0,0.0,0.0
0.0,0.0,0.0
0.0,0.0,0.0
0.0,0.0,0.0
0.0,0.0,0.0
0.0,0.0,0.0
0.0,0.0,0.0
0.0,0.0,0.0
0.0,0.0,0.0
0.0,0.0,0.0
0.0,0.0,0.0
0.0,0.0,0.0
0.0,0.0,0.0
0.0,0.0,0.0
0.0,0.0,0.0
0.0,0.0,0.0
0.0,0.0,0.0
0.0,0.0,0.0
0.0,0.0,0.0
0.0,0.0,0.0
0.0,0.0,0.0
0.0,0.0,0.0
0.0,0.0,0.0
0.0,0.0,0.0
0.0,0.0,0.0
0.0,0.0,0.0
0.0,0.0,0.0
0.0,0.0,0.0
0.0,0.0,0.0
0.0,0.0,0.0
0.0,0.0,0.0
0.0,0.0,0.0
0.0,0.0,0.0
0.0,0.0,0.0
0.0,0.0,0.0
0.0,0.0,0.0
0.0,0.0,0.0
0.0,0.0,0.0
0.0,0.0,0.0
0.0,0.0,0.0
0.0,0.0,0.0
0.0,0.0,0.0
0.0,0.0,0.0
0.0,0.0,0.0
0.0,0.0,0.0
0.0,0.0,0.0
0.0,0.0,0.0
0.0,0.0,0.0
0.0,0.0,0.0
0.0,0.0,0.0
0.0,0.0,0.0
0.0,0.0,0.0
0.0,0.0,0.0
0.0,0.0,0.0
0.0,0.0,0.0
0.0,0.0,0.0
0.0,0.0,0.0
0.0,0.0,0.0
0.0,0.0,0.0
0.0,0.0,0.0
0.0,0.0,0.0
0.0,0.0,0.0
0.0,0.0,0.0
0.0,0.0,0.0
0.0,0.0,0.0
0.0,0.0,0.0
0.0,0.0,0.0
0.0,0.0,0.0
0.0,0.0,0.0
0.0,0.0,0.0
0.0,0.0,0.0
0.0,0.0,0.0
1.0,0.1701,-0.0022850020322948694
1.0,0.163123198021,0.049617547851302624
1.0,0.142965106978289,0.18625047651453386
1.0,0.116990012643787,0.34598020734161533
1.0,0.0904479233522777,0.534869985370899
1.0,0.0666627151588314,0.673722962949172
1.0,0.0473742280840264,0.7959466864208975
1.0,0.0331358632050521,0.8714975449507125
1.0,0.0237000995075146,0.9402032379781913
1.0,0.0183514103337071,0.9507121571359035
1.0,0.0161675911296097,0.9704864265450398
1.0,0.0162060921389443,0.9834128826782264
1.0,0.0176220167032256,0.9599718567754371
1.0,0.0197299130431912,0.9705336155458698
1.0,0.0220234608240295,0.9448166826299272
1.0,0.0241667284781294,0.9167145645723688
1.0,0.025968813284046,0.9314223919469241
1.0,0.027351137638097,0.9206023472328159
1.0,0.0283140148234391,0.9128892840940757
1.0,0.0289066732472834,0.9107992301920378
1.0,0.0292029337354378,0.9160665042312804
1.0,0.0292832402128392,0.8963927803560241
1.0,0.0292227349848425,0.9130622371963073
1.0,0.0290844798141147,0.9192466557353904
1.0,0.0289166630437181,0.9355121316219368
1.0,0.0287526067915135,0.9178838438905077
1.0,0.0286125107250415,0.9254736671204444
1.0,0.0285060693527475,0.9274054392153056
1.0,0.028435325107392,0.9265346523612585
1.0,0.0283973339316368,0.9417285065179332
1.0,0.0283864026545756,0.9294877007515666
1.0,0.0283957988994141,0.930196400376781
1.0,0.0284189336451903,0.9502226006704091
1.0,0.0284500782172241,0.9389240582730355
1.0,0.0284847085079212,0.919220158733834
1.0,0.0285195776239175,0.9258758212973673
1.0,0.0285526115244472,0.9352495390877394
1.0,0.0285827070373765,0.9390253922005075
1.0,0.0286094929331839,0.9503160206739979
1.0,0.0286330960306571,0.9507259658965589
1.0,0.0286539377900061,0.9381703544954815
1.0,0.0286725736214777,0.931044739959458
1.0,0.0286895774992701,0.9444925740046785
1.0,0.0287054681870749,0.9518652310799627
1.0,0.0287206699148521,0.9243478332735757
1.0,0.0287354990331687,0.9375853353713787
1.0,0.0287501683479054,0.9420678672644727
1.0,0.0287648019184379,0.9255934153285
1.0,0.0287794546170461,0.9466723154770926
1.0,0.0287941323543068,0.9481213438897713
1.0,0.0288088103514756,0.9573370272327626
1.0,0.0288234480632963,0.9644399517099195
1.0,0.0288380002765669,0.9255936835205089
1.0,0.0288524245373709,0.9432563400316301
1.0,0.0288666854313777,0.951637772359448
1.0,0.0288807564107945,0.9455800122547047
1.0,0.0288946198853628,0.9660256406963158
1.0,0.0289082662256388,0.9532578957261726
1.0,0.0289216922080457,0.9404958378706165
1.0,0.0289348992955512,0.9433706680744866
1.0,0.0289478920175803,0.9441992100654103
1.0,0.0289606766011286,0.9545191798942989
1.0,0.0289732599179677,0.9552733260356642
1.0,0.0289856487512294,0.9567881518502085
1.0,0.0289978493460417,0.9566198459322355
1.0,0.0290098671890602,0.9555168801356584
1.0,0.0290217069558873,0.9590586874535809
1.0,0.0290333725688856,0.9580561620446413
1.0,0.0290448673167889,0.9639532308476721
1.0,0.029056193998733,0.9581987233152504
1.0,0.0290673550666465,0.9708257608109976
1.0,0.0290783527500296,0.9635285836760241
1.0,0.0290891891552703,0.9564698565040572
1.0,0.0290998663375961,0.9827123470740026
1.0,0.0291103863476969,0.9677454937507667
1.0,0.0291207512572285,0.9685431258912716
1.0,0.029130963168289,0.9731133869861815
1.0,0.0291410242119017,0.9649874850050078
1.0,0.0291509365399061,0.9570101429055875
1.0,0.0291607023137677,0.9574721417833354
1.0,0.0291703236928365,0.9604559594505069
1.0,0.0291798028236949,0.9801542193884955
1.0,0.0291891418314774,0.962655081172177
1.0,0.0291983428134863,0.9555919742311402
1.0,0.0292074078350271,0.994964880928184
1.0,0.0292163389271605,0.9817784827154967
1.0,0.0292251380859603,0.9763449226500907
1.0,0.0292338072728353,0.9839671569852823
1.0,0.0292423484155291,0.9726570843982241
1.0,0.0292507634094705,0.9732685414073327
1.0,0.0292590541192244,0.9691420246087382
1.0,0.0292672223798933,0.9819751487373894
1.0,0.0292752699983603,0.9801473021774746
1.0,0.0292831987543378,0.9692023337417892
1.0,0.0292910104012181,0.9759930631577587
1.0,0.0292987066667443,0.9736746214810692
1.0,0.0293062892535358,0.9712101722127979
1.0,0.0293137598395021,0.9708223319583236
1.0,0.0293211200781849,0.9786498312986327
1.0,0.0293283715990531,0.9598348208057251
1.0,0.0293355160077795,0.975515150265396
1.0,0.0293425548865098,0.975876812232043
1.0,0.0293494897941362,0.976233132150467
1.0,0.0293563222665829,0.976584188926081
1.0,0.0293630538171015,0.976930060298734
1.0,0.0293696859365782,0.977270822860092
1.0,0.0293762200938463,0.977606552070695
1.0,0.0293826577360072,0.977937322276698
1.0,0.0293890002887514,0.978263206726324
1.0,0.0293952491566771,0.978584277586054
1.0,0.0294014057236125,0.978900605956564
1.0,0.0294074713529251,0.979212261888422
1.0,0.0294134473878331,0.97951931439756
1.0,0.0294193351517074,0.979821831480526
1.0,0.0294251359483699,0.98011988012951
1.0,0.0294308510623833,0.980413526347169
1.0,0.0294364817593393,0.980702835161231
1.0,0.0294420292861386,0.980987870638888
1.0,0.0294474948712664,0.981268695900988
1.0,0.0294528797250666,0.981545373136011
1.0,0.0294581850400057,0.981817963613846
1.0,0.02946341199094,0.982086527699367
1.0,0.0294685617353723,0.982351124865796
1.0,0.0294736354137091,0.982611813707882
1.0,0.0294786341495124,0.982868651954881
1.0,0.0294835590497486,0.983121696483336
1.0,0.0294884112050324,0.983371003329678
1.0,0.02949319168987,0.983616627702631
1.0,0.0294979015628949,0.983858623995445
1.0,0.0295025418671042,0.984097045797934
1.0,0.0295071136300886,0.984331945908349
1.0,0.0295116178642598,0.984563376345065
1.0,0.0295160555670759,0.984791388358102
1.0,0.0295204277212615,0.985016032440477
1.0,0.0295247352950248,0.98523735833938
1.0,0.0295289792422733,0.985455415067193
1.0,0.0295331605028251,0.985670250912345
1.0,0.029537280002615,0.985881913450002
1.0,0.0295413386539021,0.986090449552605
1.0,0.0295453373554702,0.986295905400251
1.0,0.0295492769928276,0.986498326490916
1.0,0.0295531584384023,0.986697757650531
1.0,0.0295569825517366,0.986894243042913
1.0,0.0295607501796762,0.98708782617954
1.0,0.0295644621565583,0.987278549929189
1.0,0.0295681193043964,0.987466456527428
1.0,0.0295717224330612,0.987651587585971
1.0,0.0295752723404621,0.987833984101892
1.0,0.0295787698127226,0.988013686466702
1.0,0.0295822156243537,0.988190734475297
1.0,0.0295856105384273,0.988365167334767
1.0,0.0295889553067428,0.988537023673081
1.0,0.0295922506699957,0.988706341547639
1.0,0.0295954973579409,0.988873158453703
1.0,0.0295986960895536,0.989037511332697
1.0,0.0296018475731901,0.989199436580388
1.0,0.0296049525067421,0.989358970054948
1.0,0.0296080115777946,0.989516147084894
1.0,0.0296110254637749,0.989671002476909
1.0,0.0296139948321055,0.989823570523554
1.0,0.0296169203403491,0.989973885010857
1.0,0.029619802636357,0.990121979225799
1.0,0.0296226423584103,0.990267885963686
1.0,0.0296254401353624,0.990411637535406
1.0,0.029628196586778,0.990553265774591
1.0,0.02963091232307,0.990692802044661
1.0,0.0296335879456358,0.990830277245773
1.0,0.029636224046989,0.990965721821663
1.0,0.0296388212108909,0.991099165766385
1.0,0.0296413800124813,0.991230638630958
1.0,0.0296439010184038,0.991360169529905
1.0,0.0296463847869319,0.991487787147706
1.0,0.0296488318680945,0.991613519745142
1.0,0.0296512428037945,0.991737395165564
1.0,0.0296536181279308,0.991859440841048
1.0,0.0296559583665168,0.991979683798479
1.0,0.0296582640377958,0.99209815066553
1.0,0.0296605356523563,0.99221486767656
1.0,0.0296627737132444,0.992329860678427
1.0,0.0296649787160765,0.992443155136206
1.0,0.029667151149148,0.992554776138834
1.0,0.0296692914935421,0.99266474840466
1.0,0.0296714002232359,0.992773096286925
1.0,0.0296734778052052,0.992879843779149
1.0,0.0296755246995279,0.992985014520452
1.0,0.0296775413594872,0.993088631800779
1.0,0.0296795282316695,0.993190718566066
1.0,0.0296814857560659,0.993291297423318
1.0,0.0296834143661684,0.993390390645613
1.0,0.029685314489065,0.993488020177039
1.0,0.0296871865455361,0.993584207637551
1.0,0.0296890309501472,0.993678974327757
1.0,0.0296908481113387,0.99377234123364
1.0,0.0296926384315195,0.9938643290312
1.0,0.0296944023071539,0.993954958091036
1.0,0.0296961401288509,0.994044248482855
1.0,0.0296978522814486,0.994132219979918
1.0,0.0296995391441013,0.994218892063419
1.0,0.0297012010903628,0.994304283926797
1.0,0.02970283848827,0.994388414479989
1.0,0.0297044517004226,0.994471302353614
1.0,0.0297060410840644,0.994552965903103
1.0,0.0297076069911628,0.994633423212761
1.0,0.0297091497684863,0.994712692099772
1.0,0.0297106697576814,0.994790790118146
1.0,0.0297121672953482,0.994867734562605
1.0,0.0297136427131148,0.994943542472413
1.0,0.0297150963377102,0.995018230635151
1.0,0.0297165284910386,0.995091815590431
1.0,0.0297179394902487,0.995164313633563
1.0,0.0297193296478047,0.995235740819159
1.0,0.0297206992715555,0.995306112964695
1.0,0.0297220486648029,0.995375445654004
1.0,0.0297233781263684,0.995443754240736
1.0,0.0297246879506601,0.995511053851755
1.0,0.0297259784277371,0.995577359390487
1.0,0.0297272498433736,0.995642685540221
1.0,0.0297285024791241,0.995707046767364
1.0,0.0297297366123828,0.99577045732464
1.0,0.0297309525164473,0.995832931254248
1.0,0.0297321504605785,0.995894482390973
1.0,0.02973333071006,0.995955124365247
1.0,0.0297344935262562,0.996014870606171
1.0,0.0297356391666717,0.996073734344484
1.0,0.0297367678850078,0.996131728615499
1.0,0.0297378799312171,0.996188866261984
1.0,0.0297389755515614,0.996245159937011
1.0,0.0297400549886651,0.996300622106751
1.0,0.0297411184815679,0.996355265053243
1.0,0.0297421662657791,0.996409100877109
1.0,0.0297431985733299,0.996462141500233
1.0,0.0297442156328234,0.996514398668405
1.0,0.0297452176694859,0.996565883953918
1.0,0.029746204905218,0.996616608758134
1.0,0.0297471775586415,0.996666584314005
1.0,0.0297481358451497,0.996715821688565
1.0,0.029749079976954,0.996764331785376
1.0,0.0297500101631314,0.996812125346949
1.0,0.0297509266096709,0.996859212957114
1.0,0.0297518295195185,0.996905605043372
1.0,0.0297527190926221,0.996951311879202
1.0,0.0297535955259773,0.996996343586333
1.0,0.0297544590136694,0.997040710136988
1.0,0.0297553097469163,0.997084421356091
1.0,0.0297561479141122,0.997127486923446
1.0,0.0297569737008685,0.997169916375875
1.0,0.0297577872900543,0.997211719109335
1.0,0.0297585888618386,0.997252904380997
1.0,0.0297593785937282,0.997293481311294
1.0,0.0297601566606085,0.997333458885945
1.0,0.0297609232347817,0.997372845957939
1.0,0.0297616784860046,0.997411651249501
1.0,0.0297624225815269,0.997449883354023
1.0,0.029763155686128,0.99748755073796
1.0,0.0297638779621527,0.997524661742716
1.0,0.0297645895695486,0.997561224586482
1.0,0.0297652906659001,0.99759724736606
1.0,0.0297659814064646,0.997632738058658
1.0,0.029766661944205,0.997667704523649
1.0,0.0297673324298267,0.997702154504321
1.0,0.0297679930118075,0.997736095629583
1.0,0.0297686438364326,0.997769535415662
1.0,0.0297692850478262,0.997802481267763
1.0,0.0297699167879846,0.997834940481708
1.0,0.0297705391968051,0.997866920245556
1.0,0.02977115241212,0.997898427641191
1.0,0.0297717565697253,0.997929469645892
1.0,0.0297723518034103,0.997960053133876
1.0,0.0297729382449896,0.997990184877826
1.0,0.0297735160243302,0.998019871550382
1.0,0.02977408526938,0.998049119725627
1.0,0.0297746461061978,0.998077935880538
1.0,0.0297751986589805,0.998106326396421
1.0,0.0297757430500905,0.998134297560325
1.0,0.0297762794000827,0.998161855566433
1.0,0.0297768078277305,0.998189006517438
1.0,0.0297773284500547,0.998215756425888
1.0,0.0297778413823453,0.998242111215521
1.0,0.0297783467381918,0.998268076722577
1.0,0.0297788446295038,0.998293658697089
1.0,0.0297793351665396,0.998318862804159
1.0,0.0297798184579272,0.998343694625208
1.0,0.029780294610692,0.998368159659217
1.0,0.0297807637302765,0.998392263323941
1.0,0.0297812259205676,0.99841601095711
1.0,0.0297816812839162,0.998439407817613
1.0,0.029782129921162,0.998462459086658
1.0,0.0297825719316556,0.998485169868926
1.0,0.0297830074132799,0.998507545193692
1.0,0.0297834364624716,0.99852959001595
1.0,0.029783859174243,0.998551309217502
1.0,0.0297842756422033,0.998572707608041
1.0,0.0297846859585789,0.998593789926218
1.0,0.029785090214234,0.998614560840689
1.0,0.0297854884986901,0.998635024951152
1.0,0.0297858809001479,0.998655186789361
1.0,0.029786267505503,0.998675050820134
1.0,0.0297866484003697,0.998694621442338
1.0,0.0297870236690965,0.998713902989868
1.0,0.0297873933947856,0.998732899732601
1.0,0.0297877576593133,0.998751615877346
1.0,0.0297881165433453,0.99877005556877
1.0,0.0297884701263564,0.998788222890326
0.0,-0.140311181513354,0.9965211198328521
0.0,-0.13333403631964,0.9334877243082437
0.0,-0.113175607131788,0.8020938644668119
0.0,-0.0872001796468356,0.6298136993167043
0.0,-0.0606577621257893,0.485492186398979
0.0,-0.0368722305510349,0.329033688779844
0.0,-0.0175834248715381,0.21367855989044043
0.0,-0.0033447460939328,0.11493963063487148
0.0,0.0060913268656863,0.06869250474951882
0.0,0.011440320733513,0.014195821387573321
0.0,0.0136244401310406,0.007246440817111531
0.0,0.0135862348810244,0.02001874186146019
0.0,0.0121706017074461,0.01262158034519021
0.0,0.0100629924540956,0.0470991907753567
0.0,0.0077697275193598,0.047087308446900435
0.0,0.0056267385334861,0.04250017503182234
0.0,0.0038249282796298,0.07632437718877964
0.0,0.0024428744222722,0.07937060321383337
0.0,0.0014802637381583,0.08036381140201325
0.0,0.0008878678790933,0.08248378458079177
0.0,0.0005918660774139,0.08840682309707996
0.0,0.0005118144654689,0.06683894987745116
0.0,0.0005725707943432,0.07998982452178433
0.0,0.000711073356976,0.08179943425503615
0.0,0.0008791338650896,0.09341455706477413
0.0,0.0010434302547985,0.07125670182509354
0.0,0.0011837629117403,0.07467325800252869
0.0,0.0012904373798624,0.07289618415449825
0.0,0.0013614112780228,0.06879734186631976
0.0,0.0013996287144167,0.08120140094502021
0.0,0.0014107829100551,0.06653490689472971
0.0,0.0014016062910973,0.06509687334296352
0.0,0.0013786879271416,0.08317323110529527
0.0,0.0013477565407857,0.07005113899111902
0.0,0.001313336286833,0.048594709873077555
0.0,0.0012786741051603,0.053529517377701175
0.0,0.0012458440823592,0.061189146833597136
0.0,0.0012159494357116,0.06324459581872519
0.0,0.0011893614392209,0.07280424323499712
0.0,0.0011659533179234,0.07147429542757484
0.0,0.0011453036547869,0.057174980909501155
0.0,0.0011268570821041,0.04830844603364657
0.0,0.0011100396675873,0.0600248451306124
0.0,0.0010943326888383,0.06568149578262193
0.0,0.0010793119565779,0.03646825387788181
0.0,0.0010646611603213,0.04803346165987741
0.0,0.0010501675336762,0.05086936326357772
0.0,0.0010357070561736,0.03277498104681475
0.0,0.0010212248938644,0.052260856368282434
0.0,0.0010067151739371,0.052143391792675124
0.0,0.0009922027123433,0.059818385686135546
0.0,0.0009777280909971,0.06540552256480392
0.0,0.0009633365592162,0.02506742690130806
0.0,0.0009490706065001,0.041261322283997474
0.0,0.0009349656822369,0.04819626353576267
0.0,0.0009210483687582,0.04071360347570832
0.0,0.000907336290352,0.059755360650746096
0.0,0.0008938391099883,0.04560431353343893
0.0,0.0008805600842753,0.03147914596747522
0.0,0.0008674977827893,0.03301074352184408
0.0,0.0008546477081674,0.032515655797296476
0.0,0.0008420036650027,0.04153134919269836
0.0,0.0008295588126469,0.04100033422389106
0.0,0.0008173063986308,0.04124887917041997
0.0,0.0008052402080361,0.039832935092014826
0.0,0.000793354783971,0.03750073130270439
0.0,0.0007816454801573,0.03983145271453225
0.0,0.0007701084031232,0.037635740634819
0.0,0.0007587402925987,0.042357265865689026
0.0,0.0007475383774919,0.0354446001851227
0.0,0.0007365002335041,0.04693060744374841
0.0,0.0007256236583559,0.03850927209572195
0.0,0.0007149065724795,0.0303430056147702
0.0,0.0007043469470695,0.055494326227195905
0.0,0.0006939427574689,0.039452426802093585
0.0,0.0006836919576709,0.039190895490427646
0.0,0.0006735924708461,0.04271763890754598
0.0,0.0006636421908682,0.03356363238910526
0.0,0.0006538389904255,0.02457337033537379
0.0,0.0006441807322195,0.02403740916176575
0.0,0.0006346652807087,0.026038005676203173
0.0,0.0006252905127688,0.044767565845620604
0.0,0.0006160543263759,0.026314035060786466
0.0,0.0006069546469974,0.018310631767600383
0.0,0.0005979894317615,0.05675713044391738
0.0,0.0005891566717089,0.04265800767827557
0.0,0.0005804543925422,0.03632520462680569
0.0,0.000571880654306,0.04306147855974145
0.0,0.0005634335503932,0.030878532052627198
0.0,0.0005551112062012,0.030630008372145665
0.0,0.0005469117776807,0.02565621368273945
0.0,0.000538833449944,0.0376545750776955
0.0,0.000530874436024,0.035004296058252574
0.0,0.0005230329758291,0.023249043279862616
0.0,0.0005153073352988,0.029241457003322115
0.0,0.0005076958057355,0.026136491471971765
0.0,0.0005001967032852,0.02289713599127935
0.0,0.0004928083685256,0.02174583554953963
0.0,0.0004855291661298,0.02882115165071261
0.0,0.0004783574845736,0.009265068291482582
0.0,0.0004712917358647,0.0242152711460706
0.0,0.000464330355277,0.023857591083629
0.0,0.00045747180108,0.0235051942533109
0.0,0.0004507145542578,0.0231580026184661
0.0,0.0004440571182173,0.0228159392951784
0.0,0.0004374980184855,0.0224789285350688
0.0,0.0004310358023986,0.02214689570843
0.0,0.0004246690387866,0.0218197672876681
0.0,0.0004183963176554,0.0214974708310288
0.0,0.0004122162498699,0.0211799349665882
0.0,0.0004061274668388,0.0208670893764921
0.0,0.0004001286202047,0.0205588647814299
0.0,0.0003942183815385,0.0202551929253347
0.0,0.0003883954420396,0.0199560065603022
0.0,0.0003826585122418,0.0196612394317243
0.0,0.0003770063217252,0.0193708262636336
0.0,0.0003714376188327,0.0190847027442589
0.0,0.0003659511703922,0.0188028055117871
0.0,0.0003605457614437,0.0185250721403321
0.0,0.0003552201949701,0.0182514411261089
0.0,0.0003499732916331,0.0179818518738098
0.0,0.0003448038895123,0.0177162446831816
0.0,0.0003397108438487,0.0174545607358018
0.0,0.0003346930267917,0.0171967420820496
0.0,0.0003297493271497,0.0169427316282714
0.0,0.0003248786501441,0.0166924731241348
0.0,0.0003200799171676,0.0164459111501719
0.0,0.0003153520655449,0.0162029911055055
0.0,0.0003106940482975,0.0159636591957581
0.0,0.0003061048339121,0.0157278624211392
0.0,0.0003015834061117,0.0154955485647088
0.0,0.0002971287636309,0.0152666661808144
0.0,0.0002927399199941,0.0150411645836986
0.0,0.0002884159032965,0.0148189938362751
0.0,0.0002841557559894,0.0146001047390705
0.0,0.0002799585346679,0.0143844488193295
0.0,0.0002758233098621,0.0141719783202802
0.0,0.0002717491658309,0.013962646190559
0.0,0.0002677352003596,0.0137564060737909
0.0,0.0002637805245599,0.013553212298324
0.0,0.0002598842626731,0.0133530198671154
0.0,0.0002560455518764,0.013155784447767
0.0,0.0002522635420912,0.0129614623627077
0.0,0.0002485373957957,0.0127700105795211
0.0,0.0002448662878387,0.0125813867014162
0.0,0.0002412494052572,0.0123955489578386
0.0,0.0002376859470967,0.0122124561952202
0.0,0.000234175124233,0.0120320678678662
0.0,0.0002307161591982,0.0118543440289758
0.0,0.0002273082860083,0.0116792453217966
0.0,0.0002239507499933,0.0115067329709084
0.0,0.0002206428076307,0.0113367687736371
0.0,0.0002173837263799,0.0111693150915944
0.0,0.0002141727845212,0.0110043348423428
0.0,0.0002110092709947,0.0108417914911838
0.0,0.000207892485244,0.0106816490430676
0.0,0.0002048217370601,0.0105238720346216
0.0,0.0002017963464291,0.0103684255262972
0.0,0.0001988156433816,0.0102152750946327
0.0,0.0001958789678441,0.01006438682463
0.0,0.0001929856694929,0.0099157273022442
0.0,0.0001901351076103,0.0097692636069845
0.0,0.0001873266509424,0.0096249633046233
0.0,0.0001845596775595,0.0094827944400141
0.0,0.0001818335747183,0.0093427255300151
0.0,0.0001791477387262,0.0092047255565171
0.0,0.0001765015748079,0.0090687639595747
0.0,0.0001738944969731,0.0089348106306387
0.0,0.0001713259278873,0.0088028359058887
0.0,0.0001687952987436,0.0086728105596643
0.0,0.0001663020491369,0.0085447057979926
0.0,0.0001638456269398,0.0084184932522121
0.0,0.0001614254881802,0.0082941449726907
0.0,0.000159041096921,0.0081716334226357
0.0,0.0001566919251413,0.0080509314719966
0.0,0.0001543774526196,0.0079320123914563
0.0,0.0001520971668185,0.0078148498465126
0.0,0.000149850562771,0.0076994178916462
0.0,0.0001476371429692,0.0075856909645751
0.0,0.0001454564172536,0.0074736438805938
0.0,0.0001433079027049,0.0073632518269964
0.0,0.0001411911235368,0.0072544903575815
0.0,0.0001391056109908,0.0071473353872389
0.0,0.0001370509032325,0.0070417631866159
0.0,0.000135026545249,0.0069377503768624
0.0,0.0001330320887485,0.0068352739244539
0.0,0.0001310670920607,0.0067343111360903
0.0,0.0001291311200392,0.0066348396536709
0.0,0.000127223743965,0.0065368374493432
0.0,0.0001253445414519,0.0064402828206246
0.0,0.0001234930963524,0.0063451543855967
0.0,0.000121668998666,0.00625143107817
0.0,0.0001198718444483,0.006159092143419
0.0,0.0001181012357213,0.0060681171329862
0.0,0.0001163567803858,0.0059784859005536
0.0,0.0001146380921338,0.0058901785973813
0.0,0.0001129447903638,0.0058031756679122
0.0,0.000111276500096,0.0057174578454413
0.0,0.0001096328518892,0.0056330061478492
0.0,0.0001080134817593,0.0055498018733985
0.0,0.0001064180310985,0.0054678265965922
0.0,0.000104846146596,0.0053870621640936
0.0,0.0001032974801598,0.0053074906907063
0.0,0.0001017716888392,0.005229094555413
0.0,0.0001002684347494,0.0051518563974743
0.0,9.8787384996489e-05,0.0050757591125832
0.0,9.73282116034993e-05,0.005000785849078
0.0,9.58905914380873e-05,0.0049269200042102
0.0,9.44742061408099e-05,0.0048541452204682
0.0,9.30787420546711e-05,0.0047824453819545
0.0,9.17038901556699e-05,0.0047118046108171
0.0,9.03493459843349e-05,0.0046422072637333
0.0,8.90148095783055e-05,0.0045736379284458
0.0,8.76999854059202e-05,0.0045060814203489
0.0,8.640458230081e-05,0.0044395227791269
0.0,8.51283133973396e-05,0.0043739472654403
0.0,8.38708960671439e-05,0.0043093403576624
0.0,8.26320518564905e-05,0.0042456877486629
0.0,8.14115064246904e-05,0.0041829753426403
0.0,8.02089894832506e-05,0.0041211892519997
0.0,7.90242347361025e-05,0.0040603157942781
0.0,7.785697982058e-05,0.0040003414891137
0.0,7.67069662493472e-05,0.0039412530552614
0.0,7.55739393531185e-05,0.0038830374076511
0.0,7.44576482243353e-05,0.0038256816544904
0.0,7.33578456615092e-05,0.0037691730944096
0.0,7.22742881145502e-05,0.0037134992136489
0.0,7.12067356308105e-05,0.0036586476832875
0.0,7.01549518019526e-05,0.0036046063565129
0.0,6.9118703711582e-05,0.0035513632659318
0.0,6.80977618836565e-05,0.0034989066209189
0.0,6.70919002317139e-05,0.0034472248050069
0.0,6.61008960087944e-05,0.0033963063733132
0.0,6.51245297580497e-05,0.0033461400500061
0.0,6.41625852642533e-05,0.0032967147258073
0.0,6.32148495058188e-05,0.003248019455532
0.0,6.22811126076844e-05,0.0032000434556651
0.0,6.13611677948295e-05,0.0031527761019732
0.0,6.04548113464637e-05,0.0031062069271516
0.0,5.95618425509176e-05,0.0030603256185068
0.0,5.86820636612265e-05,0.0030151220156724
0.0,5.78152798512907e-05,0.0029705861083594
0.0,5.6961299172778e-05,0.0029267080341389
0.0,5.61199325125813e-05,0.0028834780762589
0.0,5.52909935509771e-05,0.0028408866614916
0.0,5.44742987203112e-05,0.0027989243580142
0.0,5.36696671643924e-05,0.0027575818733197
0.0,5.28769206984345e-05,0.0027168500521596
0.0,5.20958837695873e-05,0.0026767198745159
0.0,5.1326383418062e-05,0.0026371824536039
0.0,5.05682492388318e-05,0.0025982290339046
0.0,4.98213133439118e-05,0.0025598509892249
0.0,4.90854103251323e-05,0.0025220398207884
0.0,4.83603772175878e-05,0.0024847871553524
0.0,4.76460534634612e-05,0.0024480847433544
0.0,4.69422808765281e-05,0.0024119244570848
0.0,4.62489036071115e-05,0.0023762982888871
0.0,4.55657681075645e-05,0.0023411983493848
0.0,4.48927230982631e-05,0.0023066168657342
0.0,4.42296195341148e-05,0.0022725461799029
0.0,4.35763105715511e-05,0.0022389787469742
0.0,4.29326515360047e-05,0.0022059071334764
0.0,4.22984998898791e-05,0.0021733240157362
0.0,4.16737152009738e-05,0.0021412221782573
0.0,4.10581591113908e-05,0.0021095945121225
0.0,4.04516953068992e-05,0.002078434013419
0.0,3.98541894867446e-05,0.0020477337816882
0.0,3.92655093339016e-05,0.0020174870183967
0.0,3.86855244857917e-05,0.0019876870254314
0.0,3.81141065053901e-05,0.0019583272036159
0.0,3.75511288528071e-05,0.0019294010512494
0.0,3.69964668572378e-05,0.0019009021626667
0.0,3.64499976893903e-05,0.0018728242268194
0.0,3.59116003342541e-05,0.001845161025879
0.0,3.53811555643124e-05,0.0018179064338595
0.0,3.48585459131433e-05,0.0017910544152608
0.0,3.43436556494055e-05,0.0017645990237324
0.0,3.38363707511995e-05,0.0017385344007562
0.0,3.33365788808375e-05,0.0017128547743496
0.0,3.28441693599434e-05,0.0016875544577871
0.0,3.23590331449616e-05,0.0016626278483408
0.0,3.18810628029999e-05,0.0016380694260398
0.0,3.14101524880456e-05,0.0016138737524481
0.0,3.09461979175057e-05,0.0015900354694597
0.0,3.04890963491525e-05,0.0015665492981127
0.0,3.00387465583321e-05,0.0015434100374196
0.0,2.9595048815563e-05,0.0015206125632161
0.0,2.9157904864463e-05,0.0014981518270262
0.0,2.87272178999751e-05,0.001476022854944
0.0,2.830289254694e-05,0.0014542207465324
0.0,2.78848348389538e-05,0.0014327406737382
0.0,2.74729521975992e-05,0.0014115778798222
0.0,2.70671534119034e-05,0.0013907276783065
0.0,2.66673486181614e-05,0.0013701854519367
0.0,2.62734492800336e-05,0.0013499466516586
0.0,2.58853681689378e-05,0.0013300067956119
0.0,2.55030193447303e-05,0.0013103614681368
0.0,2.51263181366753e-05,0.0012910063187969
0.0,2.47551811246947e-05,0.001271937061415
0.0,2.43895261208965e-05,0.0012531494731248
0.0,2.40292721513796e-05,0.001234639393435
0.0,2.36743394382843e-05,0.0012164027233085
0.0,2.33246493821469e-05,0.0011984354242543
0.0,2.29801245444812e-05,0.0011807335174333
0.0,2.26406886306325e-05,0.0011632930827774
0.0,2.23062664728817e-05,0.0011461102581212
0.0,2.19767840138069e-05,0.0011291812383466
0.0,2.16521682898704e-05,0.0011125022745404
0.0,2.13323474152673e-05,0.001096069673164
0.0,2.10172505660123e-05,0.0010798797952357
0.0,2.07068079642481e-05,0.0010639290555244
0.0,2.0400950862795e-05,0.001048213921756
0.0,2.00996115299265e-05,0.0010327309138309
0.0,1.98027232343693e-05,0.0010174766030539
0.0,1.95102202305356e-05,0.0010024476113742
0.0,1.92220377439444e-05,0.0009876406106378
0.0,1.89381119569017e-05,0.0009730523218504
0.0,1.86583799943428e-05,0.0009586795144511
0.0,1.83827799099291e-05,0.0009445190055972
0.0,1.81112506723174e-05,0.0009305676594593
0.0,1.78437321516484e-05,0.0009168223865268
0.0,1.75801651062391e-05,0.0009032801429238
0.0,1.73204911694449e-05,0.0008899379297351
0.0,1.70646528367593e-05,0.000876792792342
0.0,1.68125934530521e-05,0.0008638418197679
0.0,1.65642572000496e-05,0.0008510821440339
0.0,1.63195890839542e-05,0.0008385109395237
0.0,1.60785349232768e-05,0.0008261254223574
1.0,0.170115841041337,-0.0014710791825192694
1.0,0.163138805076732,0.05041944837083452
1.0,0.142980483504581,0.18704053228382786
1.0,0.117005162045756,0.34675859331767034
1.0,0.090462848984741,0.535636873926451
1.0,0.0666774203270546,0.674478523910865
1.0,0.0473887160444532,0.7966910871068914
1.0,0.0331501371660258,0.8722309502077374
1.0,0.0237141626299882,0.9409258102180522
1.0,0.0183652657319441,0.9514240563714436
1.0,0.016181241871873,0.9711878104255778
1.0,0.016219541248176,0.9841039065244664
1.0,0.0176352671577168,0.960652673613865
1.0,0.0197429677772407,0.9712043761426408
1.0,0.022036322728594,0.9454775355242533
1.0,0.0241794004014636,0.9173656561094108
1.0,0.0259812980323338,0.9320638663102021
1.0,0.0273634379760727,0.9212343464761349
1.0,0.0283261334749991,0.9135119481729886
1.0,0.0289186128960898,0.9114126969948327
1.0,0.0292146970255133,0.9166709096095205
1.0,0.0292948297491517,0.896988258154629
1.0,0.0292341533338822,0.9136489192831934
1.0,0.0290957295044626,0.9198246720306754
1.0,0.028927746566606,0.9360816101267049
1.0,0.0287635266013756,0.9184449107151598
1.0,0.0286232692400581,0.9260264465126254
1.0,0.0285166689553801,0.9279500535874157
1.0,0.0284457681449113,0.9270712223175626
1.0,0.0284076227166419,0.9422571508812702
1.0,0.028396539465507,0.9300085365896616
1.0,0.0284057859810578,0.930709543028169
1.0,0.0284287732091748,0.950728163769977
1.0,0.02845977244251,0.9394221537771875
1.0,0.0284942595412843,0.9197108969452821
1.0,0.0285289875804242,0.9263593108895594
1.0,0.0285618824879217,0.9357258871289265
1.0,0.0285918410608641,0.9394947041774485
1.0,0.0286184920394039,0.9507784005153249
1.0,0.0286419622124519,0.9511815159957888
1.0,0.0286626730107824,0.9386191757336935
1.0,0.0286811798156401,0.9314869317276311
1.0,0.028698056572652,0.9449282342257044
1.0,0.0287138220173571,0.9522944562303266
1.0,0.0287289003519819,0.9247707184047247
1.0,0.0287436078997672,0.9380019741307707
1.0,0.0287581574396722,0.9424783519163127
1.0,0.028772673004549,0.92599783677417
1.0,0.0287872094405452,0.9470707632752856
1.0,0.028801772632491,0.9485139062763234
1.0,0.0288163377762765,0.9577237911401916
1.0,0.0288308643016537,0.9648210027866755
1.0,0.028845306970799,0.9259691061499419
1.0,0.0288596233055374,0.9436262173506771
1.0,0.0288737778676376,0.952002186277044
1.0,0.0288877440857602,0.9459390434699187
1.0,0.0289015043464476,0.9663793687162238
1.0,0.0289150489973993,0.9536063988834627
1.0,0.0289283747925193,0.9408391933409376
1.0,0.0289414831725887,0.9437089518935375
1.0,0.0289543786451743,0.9445324971457773
1.0,0.0289670674157363,0.954847544042047
1.0,0.0289795563348281,0.9555968399666802
1.0,0.0289918521646768,0.9571068872063034
1.0,0.0290039611298154,0.9569338732970114
1.0,0.0290158886966083,0.9558262690501363
1.0,0.0290276395206659,0.959363506431603
1.0,0.0290392175046545,0.9583564785880423
1.0,0.0290506259179037,0.9642491114612252
1.0,0.0290618675404295,0.9584902335214003
1.0,0.029072944805324,0.9711129651643646
1.0,0.0290838599235297,0.9638115457777031
1.0,0.0290946149831504,0.9567486390157013
1.0,0.0291052120214004,0.9829870117316976
1.0,0.0291156530712213,0.9680161013787046
1.0,0.0291259401867834,0.9688097364152205
1.0,0.029136075452957,0.9733760594467535
1.0,0.029146060983793,0.9652462775707368
1.0,0.0291558989144087,0.9572651128858075
1.0,0.0291655913897935,0.9577233456408754
1.0,0.0291751405530662,0.9607034528141909
1.0,0.0291845485348168,0.9803980570654615
1.0,0.029193817444424,0.962895317160016
1.0,0.0292029493636674,0.9558286617298541
1.0,0.0292119463425582,0.995198072351962
1.0,0.0292208103970895,0.9820082297043307
1.0,0.0292295435084893,0.9765712760812006
1.0,0.0292381476235397,0.9841901669843942
1.0,0.0292466246555758,0.9728768003506622
1.0,0.0292549764858274,0.9734850119689566
1.0,0.0292632049648731,0.9693552977167212
1.0,0.0292713119140344,0.9821852716208304
1.0,0.0292792991266164,0.9803543213678606
1.0,0.0292871683689548,0.9694062950832962
1.0,0.0292949213812634,0.9761940118174057
1.0,0.0293025598783001,0.9738726019587212
1.0,0.0293100855498918,0.971405228351018
1.0,0.0293175000613433,0.9710145069520836
1.0,0.0293248050537798,0.9788391677048777
1.0,0.0293320021444359,0.9600213605527981
1.0,0.0293390929269302,0.975698934662323
1.0,0.0293460789715334,0.97605788197768
1.0,0.0293529618254378,0.976411527342514
1.0,0.0293597430130399,0.976759949069962
1.0,0.0293664240362346,0.977103224316343
1.0,0.0293730063747182,0.977441429098415
1.0,0.029379491486301,0.9777746383103
1.0,0.0293858808072234,0.9781029257401
1.0,0.029392175752474,0.978426364086232
1.0,0.02939837771611,0.97874502497349
1.0,0.0294044880715711,0.979058978968864
1.0,0.0294105081719924,0.979368295597118
1.0,0.0294164393505092,0.979673043356149
1.0,0.0294222829205593,0.97997328973212
1.0,0.0294280401761777,0.980269101214376
1.0,0.0294337123922852,0.980560543310156
1.0,0.029439300824974,0.980847680559086
1.0,0.0294448067117845,0.981130576547468
1.0,0.0294502312719818,0.981409293922363
1.0,0.0294555757068247,0.981683894405461
1.0,0.0294608411998285,0.981954438806758
1.0,0.0294660289170312,0.982220987038025
1.0,0.0294711400072474,0.982483598126075
1.0,0.0294761756023234,0.982742330225844
1.0,0.0294811368173884,0.982997240633268
1.0,0.0294860247510993,0.983248385797971
1.0,0.0294908404858845,0.983495821335773
1.0,0.0294955850881855,0.983739602041001
1.0,0.0295002596086893,0.983979781898623
1.0,0.0295048650825636,0.984216414096208
1.0,0.0295094025296867,0.9844495510357
1.0,0.0295138729548714,0.984679244345021
1.0,0.029518277348088,0.984905544889508
1.0,0.0295226166846849,0.985128502783173
1.0,0.0295268919256033,0.985348167399802
1.0,0.029531104017591,0.985564587383888
1.0,0.0295352538934106,0.985777810661405
1.0,0.0295393424720474,0.985987884450418
1.0,0.029543370658913,0.986194855271541
1.0,0.0295473393460453,0.98639876895824
1.0,0.0295512494123054,0.986599670666982
1.0,0.0295551017235731,0.986797604887233
1.0,0.0295588971329386,0.986992615451314
1.0,0.0295626364808914,0.987184745544104
1.0,0.0295663205955059,0.987374037712604
1.0,0.0295699502926257,0.987560533875362
1.0,0.0295735263760428,0.987744275331751
1.0,0.0295770496376775,0.987925302771119
1.0,0.029580520857752,0.988103656281798
1.0,0.0295839408049638,0.98827937535998
1.0,0.0295873102366577,0.988452498918465
1.0,0.0295906298989901,0.988623065295279
1.0,0.0295939005270964,0.988791112262162
1.0,0.0295971228452541,0.988956677032935
1.0,0.0296002975670415,0.989119796271736
1.0,0.029603425395498,0.989280506101147
1.0,0.0296065070232774,0.989438842110184
1.0,0.0296095431328034,0.989594839362187
1.0,0.0296125343964184,0.98974853240258
1.0,0.029615481476535,0.98989995526652
1.0,0.029618385025781,0.990049141486437
1.0,0.0296212456871436,0.990196124099459
1.0,0.0296240640941139,0.990340935654728
1.0,0.0296268408708251,0.990483608220606
1.0,0.0296295766321906,0.990624173391779
1.0,0.0296322719840425,0.990762662296254
1.0,0.0296349275232635,0.990899105602247
1.0,0.0296375438379197,0.991033533524984
1.0,0.0296401215073909,0.991165975833382
1.0,0.0296426611025005,0.991296461856648
1.0,0.0296451631856371,0.991425020490771
1.0,0.0296476283108862,0.991551680204922
1.0,0.029650057024146,0.991676469047758
1.0,0.0296524498632529,0.991799414653633
1.0,0.0296548073580982,0.991920544248721
1.0,0.0296571300307467,0.992039884657039
1.0,0.0296594183955519,0.992157462306392
1.0,0.02966167295927,0.992273303234224
1.0,0.0296638942211713,0.992387433093383
1.0,0.0296660826731516,0.992499877157804
1.0,0.0296682387998417,0.992610660328104
1.0,0.0296703630787136,0.992719807137096
1.0,0.0296724559801862,0.992827341755223
1.0,0.0296745179677307,0.992933287995912
1.0,0.0296765494979716,0.993037669320842
1.0,0.0296785510207891,0.993140508845145
1.0,0.0296805229794184,0.993241829342525
1.0,0.0296824658105479,0.993341653250294
1.0,0.0296843799444149,0.993440002674351
1.0,0.0296862658049026,0.99353689939407
1.0,0.0296881238096329,0.993632364867123
1.0,0.0296899543700586,0.993726420234239
1.0,0.0296917578915554,0.993819086323876
1.0,0.0296935347735114,0.99391038365684
1.0,0.0296952854094152,0.994000332450826
1.0,0.0296970101869429,0.994088952624899
1.0,0.0296987094880454,0.9941762638039
1.0,0.0297003836890302,0.994262285322796
1.0,0.0297020331606477,0.99434703623096
1.0,0.0297036582681716,0.994430535296388
1.0,0.0297052593714802,0.99451280100986
1.0,0.0297068368251359,0.994593851589028
1.0,0.0297083909784646,0.994673704982456
1.0,0.0297099221756316,0.994752378873592
1.0,0.0297114307557187,0.994829890684685
1.0,0.0297129170527994,0.994906257580641
1.0,0.0297143813960128,0.994981496472827
1.0,0.0297158241096358,0.995055624022815
1.0,0.0297172455131562,0.995128656646071
1.0,0.0297186459213419,0.99520061051559
1.0,0.029720025644312,0.99527150156548
1.0,0.0297213849876046,0.995341345494487
1.0,0.0297227242522446,0.995410157769474
1.0,0.0297240437348112,0.995477953628844
1.0,0.0297253437275022,0.995544748085919
1.0,0.0297266245181991,0.995610555932259
1.0,0.0297278863905324,0.995675391740939
1.0,0.0297291296239417,0.995739269869781
1.0,0.02973035449374,0.995802204464526
1.0,0.0297315612711735,0.995864209461974
1.0,0.0297327502234817,0.995925298593064
1.0,0.0297339216139567,0.995985485385918
1.0,0.0297350757020018,0.996044783168837
1.0,0.0297362127431882,0.996103205073251
1.0,0.0297373329893125,0.996160764036628
1.0,0.0297384366884523,0.996217472805338
1.0,0.0297395240850207,0.996273343937476
1.0,0.0297405954198202,0.996328389805645
1.0,0.0297416509300967,0.996382622599693
1.0,0.0297426908495924,0.996436054329414
1.0,0.0297437154085953,0.996488696827206
1.0,0.0297447248339939,0.996540561750694
1.0,0.0297457193493238,0.99659166058531
1.0,0.0297466991748194,0.996642004646836
1.0,0.0297476645274621,0.996691605083909
1.0,0.0297486156210283,0.996740472880493
1.0,0.0297495526661362,0.996788618858309
1.0,0.029750475870294,0.996836053679232
1.0,0.0297513854379441,0.996882787847652
1.0,0.0297522815705091,0.996928831712799
1.0,0.0297531644664368,0.996974195471039
1.0,0.029754034321243,0.997018889168126
1.0,0.0297548913275572,0.997062922701432
1.0,0.0297557356751614,0.997106305822134
1.0,0.0297565675510365,0.99714904813738
1.0,0.0297573871393995,0.997191159112407
1.0,0.029758194621748,0.997232648072647
1.0,0.0297589901768978,0.997273524205785
1.0,0.0297597739810238,0.997313796563796
1.0,0.0297605462076989,0.997353474064951
1.0,0.0297613070279314,0.997392565495789
1.0,0.0297620566102046,0.997431079513066
1.0,0.0297627951205119,0.99746902464567
1.0,0.0297635227223962,0.997506409296508
1.0,0.0297642395769846,0.997543241744373
1.0,0.0297649458430227,0.997579530145769
1.0,0.029765641676913,0.997615282536724
1.0,0.0297663272327471,0.997650506834567
1.0,0.0297670026623404,0.99768521083968
1.0,0.0297676681152665,0.997719402237228
1.0,0.029768323738889,0.997753088598859
1.0,0.0297689696783947,0.997786277384381
1.0,0.0297696060768269,0.997818975943416
1.0,0.0297702330751146,0.997851191517023
1.0,0.0297708508121062,0.997882931239308
1.0,0.029771459424599,0.997914202138998
1.0,0.0297720590473698,0.997945011140998
1.0,0.0297726498132038,0.99797536506793
1.0,0.0297732318529256,0.998005270641637
1.0,0.0297738052954279,0.998034734484678
1.0,0.0297743702676985,0.998063763121787
1.0,0.0297749268948502,0.998092362981327
1.0,0.0297754753001462,0.998120540396705
1.0,0.0297760156050317,0.998148301607779
1.0,0.0297765479291565,0.998175652762239
1.0,0.0297770723904023,0.99820259991697
1.0,0.0297775891049115,0.998229149039389
1.0,0.0297780981871094,0.998255306008771
1.0,0.0297785997497317,0.998281076617548
1.0,0.0297790939038491,0.998306466572595
1.0,0.0297795807588916,0.998331481496489
1.0,0.0297800604226719,0.998356126928759
1.0,0.0297805330014125,0.998380408327109
1.0,0.0297809985997641,0.998404331068628
1.0,0.0297814573208337,0.998427900450982
1.0,0.0297819092662039,0.998451121693584
1.0,0.0297823545359586,0.998473999938755
1.0,0.0297827932287014,0.998496540252856
1.0,0.0297832254415806,0.998518747627417
1.0,0.0297836512703094,0.998540626980236
1.0,0.029784070809187,0.998562183156472
1.0,0.0297844841511197,0.998583420929718
1.0,0.029784891387642,0.998604345003055
1.0,0.0297852926089357,0.998624960010096
1.0,0.0297856879038507,0.998645270516015
1.0,0.029786077359925,0.998665281018548
1.0,0.0297864610634027,0.998684995949002
1.0,0.0297868390992553,0.998704419673225
1.0,0.0297872115511977,0.99872355649258
1.0,0.0297875785017092,0.998742410644897
1.0,0.0297879400320511,0.998760986305406
1.0,0.0297882962222831,0.998779287587668
1.0,0.0297886471512838,0.998797318544481
1.0,0.0297889928967661,0.998815083168781
1.0,0.0297893335352941,0.998832585394527
1.0,0.0297896691423025,0.998849829097566
1.0,0.0297899997921107,0.998866818096498
1.0,0.0297903255579415,0.998883556153519
1.0,0.0297906465119346,0.998900046975254
1.0,0.0297909627251651,0.998916294213576
1.0,0.0297912742676585,0.99893230146642
1.0,0.0297915812084049,0.998948072278574
1.0,0.0297918836153765,0.998963610142467
1.0,0.0297921815555411,0.998978918498943
1.0,0.029792475094877,0.998994000738021
1.0,0.029792764298388,0.999008860199646
1.0,0.0297930492301184,0.999023500174431
1.0,0.0297933299531652,0.999037923904381
1.0,0.0297936065296949,0.999052134583617
1.0,0.0297938790209549,0.999066135359079
1.0,0.0297941474872878,0.999079929331221
1.0,0.0297944119881459,0.999093519554706
1.0,0.0297946725821019,0.999106909039073
1.0,0.0297949293268642,0.999120100749409
1.0,0.029795182279289,0.999133097607004
1.0,0.0297954314953917,0.999145902489999
1.0,0.0297956770303618,0.99915851823402
1.0,0.0297959189385726,0.99917094763281
1.0,0.0297961572735936,0.999183193438848
1.0,0.0297963920882045,0.999195258363952
1.0,0.0297966234344045,0.999207145079889
1.0,0.0297968513634255,0.999218856218957
1.0,0.0297970759257415,0.999230394374577
1.0,0.0297972971710818,0.999241762101861
1.0,0.0297975151484406,0.999252961918179
1.0,0.0297977299060894,0.999263996303719
1.0,0.0297979414915857,0.999274867702034
1.0,0.029798149951785,0.999285578520582
1.0,0.0297983553328505,0.999296131131264
1.0,0.0297985576802633,0.999306527870943
1.0,0.0297987570388336,0.999316771041967
1.0,0.0297989534527088,0.999326862912674
1.0,0.0297991469653847,0.999336805717899
1.0,0.0297993376197141,0.999346601659465
0.0,-0.140300474542082,0.9970712508743771
0.0,-0.133323487499408,0.9340297294480816
0.0,-0.11316521412657,0.8026278637314168
0.0,-0.0871899401551122,0.6303398109596363
0.0,-0.0606476738800363,0.486010526927096
0.0,-0.036862291317221,0.329544372979098
0.0,-0.0175736324486304,0.21418170085129645
0.0,-0.0033350983134103,0.11543533977735247
0.0,0.006100832140315,0.06918089184788052
0.0,0.01144968560718,0.014676994594612323
0.0,0.0136336666775871,0.007720506688116132
0.0,0.0135953251436598,0.02048580537780659
0.0,0.0121795576991988,0.01308174493759081
0.0,0.0100718161582604,0.0475525583467645
0.0,0.0077784208899366,0.047533979395075636
0.0,0.0056353034956124,0.04294024827156513
0.0,0.0038333667300072,0.07675795017383474
0.0,0.0024511882295863,0.07979777195847117
0.0,0.001488454743493,0.08078467050229195
0.0,0.0008959378963379,0.08289842723550567
0.0,0.0005998168936648,0.08881534112839806
0.0,0.0005196478414259,0.06724143375125147
0.0,0.000580288464699,0.08038636336768681
0.0,0.0007186770308004,0.08219011588614095
0.0,0.0008866252262078,0.09379946799710753
0.0,0.0010508109621646,0.07163592729676654
0.0,0.0011910345998037,0.0750468819926135
0.0,0.0012976016589308,0.07326428940162465
0.0,0.0013684697346182,0.06916000988699807
0.0,0.0014065829116265,0.081558712051693
0.0,0.0014176343878789,0.06688694021355641
0.0,0.0014083565667873,0.06544370683134312
0.0,0.0013853384955393,0.08351494156913018
0.0,0.0013543088746522,0.07038780210182333
0.0,0.0013197918371755,0.04892640018433425
0.0,0.0012850343015535,0.05385630834197218
0.0,0.001252110333262,0.06151111081838943
0.0,0.0012221231287782,0.06356180412261629
0.0,0.0011954439416089,0.07311676610342413
0.0,0.0011719459765966,0.07178220206839014
0.0,0.0011512077968131,0.05747833950829856
0.0,0.0011326740149492,0.04860732376886077
0.0,0.0011157706794048,0.060319308188395905
0.0,0.0010999790487544,0.06597160937150154
0.0,0.0010848749149732,0.03675408224319921
0.0,0.0010701419491066,0.04831506809801611
0.0,0.0010555673665667,0.05114681013597992
0.0,0.0010410271289562,0.033048329793791346
0.0,0.0010264663846636,0.05253016752261893
0.0,0.0010118792434754,0.05240872499303642
0.0,0.0009972905041981,0.06007979969027305
0.0,0.0009827407318546,0.06566307526256712
0.0,0.0009682751591203,0.02532117532746426
0.0,0.0009539362590985,0.041511322630862275
0.0,0.0009397594650231,0.048442571165643274
0.0,0.0009257713433102,0.04095627293316422
0.0,0.0009119895025673,0.059994445674666996
0.0,0.0008984235903158,0.04583986706894583
0.0,0.0008850768479434,0.03171122017764462
0.0,0.0008719478300304,0.03323938979925977
0.0,0.0008590320244395,0.032740924775430176
0.0,0.000846323221208,0.04175329075712256
0.0,0.0008338145653464,0.04121899752332616
0.0,0.0008214992902564,0.04146431262761787
0.0,0.0008093711670992,0.040045186414482424
0.0,0.0007974247252681,0.03770984749326829
0.0,0.0007856553049723,0.040037480081747644
0.0,0.0007740589994277,0.0378387248032243
0.0,0.0007626325352478,0.042557251785909626
0.0,0.0007513731284187,0.0356416321438252
0.0,0.00074027834191,0.04712472907344761
0.0,0.000729345960899,0.03870052638444365
0.0,0.0007185738934595,0.0305314349155706
0.0,0.0007079600986106,0.0556799722675406
0.0,0.0006975025396999,0.039635330693098186
0.0,0.0006871991589016,0.039371097735961647
0.0,0.0006770478677426,0.04289517941320248
0.0,0.0006670465486242,0.033738550471037854
0.0,0.0006571930629325,0.02474570472900319
0.0,0.000647485262233,0.02420719803035775
0.0,0.0006379210000136,0.026205286619319673
0.0,0.0006284981423407,0.0449323759074463
0.0,0.0006192145765407,0.026476410738331964
0.0,0.0006100682175891,0.01847060901878468
0.0,0.0006010570122771,0.05691474469553018
0.0,0.0005921789414606,0.04281329383382328
0.0,0.0005834320208084,0.03647819707423999
0.0,0.0005748143004793,0.04321221117907485
0.0,0.0005663238641265,0.031027038223435898
0.0,0.0005579588275512,0.030776320980961065
0.0,0.0005497173372503,0.02580036513033115
0.0,0.0005415975690212,0.03779659728624629
0.0,0.00053359772672,0.03514422047842738
0.0,0.0005257160412138,0.023386900897773715
0.0,0.0005179507695338,0.029377278347390415
0.0,0.0005103001942067,0.026270306619687368
0.0,0.0005027626227316,0.02302897457586265
0.0,0.0004953363871674,0.02187572676650303
0.0,0.0004880198437939,0.028949124264326106
0.0,0.0004808113728179,0.009391150641143684
0.0,0.0004737093781001,0.0243394911525797
0.0,0.0004667122868878,0.0239799762553727
0.0,0.0004598185495423,0.0236257716923535
0.0,0.0004530266392566,0.0232767990265517
0.0,0.0004463350517613,0.0229329809796434
0.0,0.0004397423050206,0.0225942414146681
0.0,0.0004332469389197,0.0222605053190766
0.0,0.0004268475149475,0.0219316987880879
0.0,0.0004205426158773,0.0216077490083319
0.0,0.0004143308454482,0.0212885842417582
0.0,0.0004082108280484,0.0209741338097938
0.0,0.0004021812084037,0.0206643280777377
0.0,0.0003962406512704,0.0203590984393821
0.0,0.0003903878411337,0.0200583773018533
0.0,0.0003846214819129,0.0197620980706694
0.0,0.0003789402966708,0.0194701951350097
0.0,0.0003733430273293,0.0191826038531954
0.0,0.0003678284343906,0.018899260538379
0.0,0.000362395296662,0.0186201024444412
0.0,0.0003570424109859,0.0183450677520936
0.0,0.0003517685919741,0.0180740955551855
0.0,0.0003465726717458,0.0178071258472122
0.0,0.0003414534996697,0.0175440995080231
0.0,0.0003364099421094,0.0172849582907264
0.0,0.0003314408821731,0.0170296448087878
0.0,0.0003265452194664,0.0167781025233211
0.0,0.0003217218698488,0.0165302757305662
0.0,0.0003169697651935,0.0162861095495532
0.0,0.0003122878531514,0.0160455499099492
0.0,0.0003076750969175,0.0158085435400841
0.0,0.0003031304750019,0.0155750379551543
0.0,0.0002986529810026,0.0153449814456004
0.0,0.0002942416233834,0.015118323065656
0.0,0.0002898954252541,0.0148950126220667
0.0,0.0002856134241539,0.0146750006629745
0.0,0.0002813946718384,0.0144582384669674
0.0,0.0002772382340695,0.0142446780322901
0.0,0.0002731431904087,0.0140342720662137
0.0,0.000269108634013,0.0138269739745633
0.0,0.0002651336714344,0.0136227378513998
0.0,0.0002612174224216,0.0134215184688534
0.0,0.0002573590197255,0.0132232712671087
0.0,0.0002535576089072,0.0130279523445365
0.0,0.0002498123481481,0.0128355184479719
0.0,0.0002461224080644,0.0126459269631359
0.0,0.0002424869715228,0.0124591359051985
0.0,0.0002389052334597,0.0122751039094814
0.0,0.0002353764007032,0.0120937902222974
0.0,0.0002318996917969,0.011915154691926
0.0,0.0002284743368275,0.0117391577597215
0.0,0.0002250995772538,0.0115657604513528
0.0,0.0002217746657389,0.011394924368173
0.0,0.0002184988659847,0.0112266116787155
0.0,0.000215271452569,0.0110607851103165
0.0,0.0002120917107844,0.0108974079408613
0.0,0.0002089589364807,0.0107364439906516
0.0,0.0002058724359082,0.0105778576143942
0.0,0.0002028315255649,0.0104216136933069
0.0,0.0001998355320443,0.0102676776273417
0.0,0.0001968837918869,0.0101160153275228
0.0,0.0001939756514331,0.0099665932083971
0.0,0.0001911104666783,0.0098193781805976
0.0,0.0001882876031304,0.0096743376435149
0.0,0.0001855064356693,0.0095314394780785
0.0,0.0001827663484085,0.0093906520396434
0.0,0.0001800667345586,0.0092519441509832
0.0,0.000177406996293,0.0091152850953855
0.0,0.0001747865446156,0.0089806446098496
0.0,0.0001722047992301,0.0088479928783851
0.0,0.0001696611884119,0.008717300525409
0.0,0.000167155148881,0.0085885386092405
0.0,0.0001646861256777,0.0084616786156921
0.0,0.0001622535720395,0.008336692451755
0.0,0.0001598569492799,0.0082135524393777
0.0,0.0001574957266696,0.0080922313093373
0.0,0.0001551693813181,0.0079727021952003
0.0,0.000152877398059,0.0078549386273731
0.0,0.0001506192693349,0.0077389145272405
0.0,0.0001483944950857,0.0076246042013905
0.0,0.0001462025826375,0.0075119823359248
0.0,0.0001440430465937,0.0074010239908525
0.0,0.0001419154087274,0.0072917045945677
0.0,0.0001398191978754,0.0071839999384079
0.0,0.0001377539498341,0.007077886171293
0.0,0.0001357192072565,0.0069733397944437
0.0,0.0001337145195512,0.0068703376561775
0.0,0.0001317394427821,0.0067688569467819
0.0,0.0001297935395706,0.006668875193463
0.0,0.0001278763789986,0.0065703702553694
0.0,0.000125987536513,0.0064733203186887
0.0,0.0001241265938315,0.006377703891817
0.0,0.0001222931388505,0.0062834998005996
0.0,0.0001204867655533,0.006190687183642
0.0,0.0001187070739206,0.0060992454876901
0.0,0.0001169536698414,0.0060091544630791
0.0,0.0001152261650263,0.0059203941592484
0.0,0.0001135241769214,0.0058329449203246
0.0,0.0001118473286231,0.0057467873807678
0.0,0.0001101952487952,0.0056619024610839
0.0,0.0001085675715864,0.0055782713635987
0.0,0.0001069639365493,0.0054958755682959
0.0,0.0001053839885607,0.0054146968287154
0.0,0.0001038273777428,0.0053347171679128
0.0,0.0001022937593858,0.0052559188744784
0.0,0.0001007827938717,0.005178284498615
0.0,9.92941465986566e-05,0.0051017968482738
0.0,9.78274879073412e-05,0.0050264389853469
0.0,9.63824930078142e-05,0.0049521942219169
0.0,9.49588419074943e-05,0.0048790461165609
0.0,9.35562193404016e-05,0.0048069784707098
0.0,9.21743146972478e-05,0.0047359753250611
0.0,9.08128219567692e-05,0.0046660209560447
0.0,8.94714396178567e-05,0.004597099872341
0.0,8.81498706328324e-05,0.0045291968114502
0.0,8.6847822341668e-05,0.0044622967363126
0.0,8.55650064071692e-05,0.0043963848319788
0.0,8.43011387511375e-05,0.0043314465023286
0.0,8.30559394914415e-05,0.0042674673668387
0.0,8.18291328800527e-05,0.0042044332573986
0.0,8.06204472419483e-05,0.0041423302151728
0.0,7.94296149150137e-05,0.0040811444875093
0.0,7.82563721907215e-05,0.0040208625248948
0.0,7.71004592557065e-05,0.0039614709779536
0.0,7.59616201343252e-05,0.0039029566944917
0.0,7.48396026318543e-05,0.0038453067165839
0.0,7.37341582787501e-05,0.0037885082777048
0.0,7.26450422755404e-05,0.0037325487999014
0.0,7.15720134386519e-05,0.0036774158910076
0.0,7.0514834147023e-05,0.0036230973419001
0.0,6.94732702894232e-05,0.0035695811237947
0.0,6.84470912126686e-05,0.0035168553855826
0.0,6.74360696705095e-05,0.003464908451206
0.0,6.6439981773303e-05,0.0034137288170721
0.0,6.54586069384691e-05,0.0033633051495062
0.0,6.44917278415993e-05,0.0033136262822413
0.0,6.35391303683772e-05,0.0032646812139459
0.0,6.26006035670951e-05,0.0032164591057874
0.0,6.16759396020183e-05,0.0031689492790318
0.0,6.07649337072969e-05,0.0031221412126792
0.0,5.9867384141675e-05,0.0030760245411338
0.0,5.89830921437565e-05,0.0030305890519083
0.0,5.81118618880327e-05,0.0029858246833626
0.0,5.72535004415009e-05,0.0029417215224755
0.0,5.64078177209548e-05,0.0028982698026497
0.0,5.55746264508522e-05,0.0028554599015485
0.0,5.47537421218894e-05,0.0028132823389654
0.0,5.39449829501173e-05,0.0027717277747248
0.0,5.31481698366927e-05,0.0027307870066131
0.0,5.23631263282011e-05,0.0026904509683413
0.0,5.1589678577612e-05,0.0026507107275373
0.0,5.08276553057539e-05,0.0026115574837675
0.0,5.00768877633902e-05,0.0025729825665883
0.0,4.93372096938526e-05,0.0025349774336258
0.0,4.86084572962411e-05,0.0024975336686844
0.0,4.78904691891234e-05,0.0024606429798825
0.0,4.7183086374792e-05,0.002424297197817
0.0,4.64861522041018e-05,0.0023884882737535
0.0,4.57995123417203e-05,0.0023532082778445
0.0,4.51230147319945e-05,0.0023184493973728
0.0,4.44565095652598e-05,0.0022842039350218
0.0,4.37998492446544e-05,0.0022504643071707
0.0,4.31528883534753e-05,0.0022172230422154
0.0,4.2515483622909e-05,0.0021844727789136
1.0,0.1701418874939,-0.00013279576754016923
1.0,0.163164466801118,0.051737964205656524
1.0,0.143005766183552,0.18833957252240385
1.0,0.117030071278132,0.3480384456310613
1.0,0.0904873902866458,0.536897821736572
1.0,0.0667015991331331,0.67572084645325
1.0,0.0474125377090757,0.7979150594925284
1.0,0.0331736069644745,0.8734368434839934
1.0,0.0237372857596245,0.9421138914286922
1.0,0.0183880473133601,0.9525945886157725
1.0,0.0162036869500255,0.9723410529166988
1.0,0.0162416547935035,0.9852401146466874
1.0,0.0176570540672397,0.96177209897925
1.0,0.0197644328756468,0.9723072666467308
1.0,0.0220574707693061,0.9465641354009612
1.0,0.0242002360676928,0.9184362059851098
1.0,0.0260018259381157,0.9331186032570081
1.0,0.02738366266729,0.9222735040644089
1.0,0.0283460594303877,0.9145357565230576
1.0,0.0289382445282315,0.9124213828279527
1.0,0.0292340386818113,0.9176646962980824
1.0,0.0293138857127954,0.8979673657716241
1.0,0.0292529278247941,0.9146135646509483
1.0,0.0291142266802333,0.9207750687688664
1.0,0.0289459705234155,0.9370179686996668
1.0,0.0287814813748991,0.9193674384784898
1.0,0.0286409588063611,0.9269353477591024
1.0,0.0285340972317978,0.9288455295922406
1.0,0.0284629389909168,0.9279534713829326
1.0,0.0284245399347005,0.9431263683802901
1.0,0.0284132068019185,0.9308649150096097
1.0,0.0284222071267861,0.931553272013123
1.0,0.0284449518006646,0.9515594301628121
1.0,0.028475712062493,0.9402411416609495
1.0,0.0285099637195727,0.9205177876839561
1.0,0.0285444597946904,0.9271542831682303
1.0,0.0285771261644716,0.9365091169933474
1.0,0.028606859575393,0.9402663650730305
1.0,0.0286332887177461,0.9515386633255409
1.0,0.0286565403313157,0.9519305490800198
1.0,0.0286770357984765,0.9393571449645075
1.0,0.0286953304527886,0.9322140005275201
1.0,0.0287119981928976,0.9456445636032694
1.0,0.028727557708057,0.9530002048159376
1.0,0.0287424331548898,0.9254660424856467
1.0,0.0287569408117077,0.9386870276857697
1.0,0.0287712934132049,0.9431532866497607
1.0,0.0287856149486205,0.926662802149637
1.0,0.0287999602211351,0.9477259065486376
1.0,0.0288143350732459,0.9491593725283323
1.0,0.0288287146591357,0.9583597233086636
1.0,0.0288430583674646,0.9654475416981025
1.0,0.0288573209199239,0.9265863905506918
1.0,0.0288714597984525,0.9442343839377151
1.0,0.0288854395255216,0.952601369728206
1.0,0.0288992334910747,0.9465293764737327
1.0,0.028912824043509,0.9669609820012988
1.0,0.0289262014929423,0.9541794212474336
1.0,0.0289393625562522,0.9414037516789885
1.0,0.0289523086377397,0.9442651712265046
1.0,0.0289650442090312,0.9450805006478322
1.0,0.0289775754401767,0.955387453067976
1.0,0.0289899091468422,0.9561287740787552
1.0,0.0290020520568841,0.9576309642007594
1.0,0.0290140103609711,0.9574502092301345
1.0,0.0290257894921035,0.9563349782639614
1.0,0.0290373940730215,0.959864701579239
1.0,0.0290488279740055,0.9588502706586123
1.0,0.0290600944324779,0.9647356098044532
1.0,0.0290711961970194,0.9589695458718193
1.0,0.0290821356697506,0.9715851976651786
1.0,0.0290929150311001,0.9642768030042902
1.0,0.0291035363391083,0.9572070239987733
1.0,0.0291140016013705,0.9834386259801146
1.0,0.0291243128216467,0.9684610449019567
1.0,0.0291344720253561,0.9692481077455696
1.0,0.0291444812690442,0.9738079556610596
1.0,0.0291543426388527,0.9656717943119497
1.0,0.0291640582424046,0.9576843443841535
1.0,0.0291736301976007,0.9581363847347163
1.0,0.0291830606208696,0.9611103909705879
1.0,0.0291923516165069,0.9807989844004324
1.0,0.029201505267985,0.963290322458487
1.0,0.0292105236315594,0.9562178324653212
1.0,0.0292194087320947,0.995581494705867
1.0,0.0292281625608086,0.9823859885851407
1.0,0.0292367870745194,0.9769434551432127
1.0,0.0292452841959614,0.9845568486462593
1.0,0.0292536558147751,0.9732380658136401
1.0,0.0292619037888469,0.9738409412348946
1.0,0.0292700299457567,0.9697059696057713
1.0,0.029278036084166,0.9825307637889064
1.0,0.0292859239750569,0.9806947103238296
1.0,0.0292936953627696,0.9697416562059252
1.0,0.0293013519658485,0.9765244193720547
1.0,0.0293088954777014,0.9741981291137861
1.0,0.0293163275671204,0.971725947194137
1.0,0.0293236498786886,0.9713304885060985
1.0,0.0293308640331107,0.9791504819435647
1.0,0.0293379716275073,0.9603280764163581
1.0,0.0293449742356784,0.976001120072654
1.0,0.0293518734083673,0.976355603853416
1.0,0.0293586706735292,0.976704851613843
1.0,0.029365367536607,0.977048940693229
1.0,0.0293719654808218,0.977387947288431
1.0,0.0293784659674732,0.977721946470918
1.0,0.0293848704362443,0.978051012203489
1.0,0.0293911803055174,0.978375217356676
1.0,0.0293973969726873,0.97869463372488
1.0,0.0294035218144757,0.979009332042233
1.0,0.0294095561872449,0.979319381998216
1.0,0.0294155014273025,0.97962485225305
1.0,0.0294213588512069,0.979925810452857
1.0,0.0294271297560627,0.980222323244603
1.0,0.0294328154198136,0.980514456290838
1.0,0.0294384171015258,0.980802274284214
1.0,0.0294439360416721,0.981085840961804
1.0,0.0294493734624037,0.981365219119212
1.0,0.0294547305678248,0.981640470624476
1.0,0.0294600085442545,0.981911656431775
1.0,0.0294652085604932,0.982178836594928
1.0,0.0294703317680778,0.982442070280699
1.0,0.0294753793015374,0.9827014157819
1.0,0.0294803522786447,0.982956930530304
1.0,0.029485251800661,0.983208671109369
1.0,0.0294900789525816,0.983456693266765
1.0,0.0294948348033757,0.983701051926725
1.0,0.0294995204062218,0.983941801202203
1.0,0.029504136798743,0.984178994406863
1.0,0.0295086850032347,0.98441268406688
1.0,0.0295131660268926,0.984642921932577
1.0,0.029517580862034,0.984869758989881
1.0,0.0295219304863195,0.985093245471613
1.0,0.029526215862969,0.985313430868615
1.0,0.0295304379409744,0.985530363940707
1.0,0.0295345976553096,0.985744092727483
1.0,0.0295386959271391,0.985954664558954
1.0,0.029542733664021,0.986162126066027
1.0,0.0295467117601078,0.986366523190828
1.0,0.0295506310963438,0.98656790119688
1.0,0.0295544925406623,0.986766304679128
1.0,0.0295582969481754,0.986961777573808
1.0,0.0295620451613658,0.987154363168182
1.0,0.0295657380102712,0.987344104110122
1.0,0.0295693763126683,0.987531042417555
1.0,0.0295729608742561,0.987715219487768
1.0,0.0295764924888313,0.987896676106575
1.0,0.0295799719384662,0.988075452457348
1.0,0.0295833999936816,0.988251588129918
1.0,0.0295867774136163,0.988425122129339
1.0,0.0295901049461966,0.988596092884529
1.0,0.0295933833283004,0.988764538256776
1.0,0.0295966132859224,0.988930495548128
1.0,0.0295997955343332,0.989094001509647
1.0,0.0296029307782379,0.989255092349553
1.0,0.0296060197119339,0.989413803741238
1.0,0.0296090630194612,0.989570170831169
1.0,0.029612061374757,0.98972422824667
1.0,0.0296150154418049,0.989876010103589
1.0,0.0296179258747784,0.990025550013854
1.0,0.0296207933181909,0.99017288109292
1.0,0.0296236184070335,0.990318035967092
1.0,0.0296264017669201,0.990461046780763
1.0,0.0296291440142229,0.990601945203523
1.0,0.0296318457562086,0.990740762437174
1.0,0.0296345075911759,0.990877529222645
1.0,0.0296371301085849,0.991012275846793
1.0,0.0296397138891897,0.991145032149112
1.0,0.0296422595051651,0.991275827528343
1.0,0.0296447675202351,0.991404690948981
1.0,0.0296472384897972,0.991531650947692
1.0,0.0296496729610447,0.991656735639631
1.0,0.029652071473089,0.991779972724668
1.0,0.0296544345570779,0.991901389493522
1.0,0.0296567627363133,0.992021012833807
1.0,0.029659056526369,0.992138869235982
1.0,0.0296613164352013,0.99225498479922
1.0,0.0296635429632655,0.992369385237188
1.0,0.0296657366036226,0.99248209588374
1.0,0.029667897842053,0.992593141698526
1.0,0.0296700271571602,0.992702547272524
1.0,0.029672125020479,0.992810336833478
1.0,0.0296741918965784,0.992916534251271
1.0,0.0296762282431666,0.993021163043208
1.0,0.0296782345111897,0.99312424637922
1.0,0.0296802111449341,0.993225807087003
1.0,0.029682158582123,0.993325867657064
1.0,0.0296840772540146,0.993424450247711
1.0,0.0296859675854957,0.99352157668995
1.0,0.0296878299951795,0.993617268492328
1.0,0.0296896648954936,0.993711546845693
1.0,0.0296914726927751,0.993804432627882
1.0,0.0296932537873589,0.993895946408354
1.0,0.0296950085736665,0.993986108452735
1.0,0.029696737440293,0.994074938727313
1.0,0.029698440770094,0.994162456903458
1.0,0.029700118940271,0.994248682361974
1.0,0.0297017723224522,0.994333634197397
1.0,0.029703401282777,0.994417331222219
1.0,0.0297050061819779,0.994499791971056
1.0,0.0297065873754572,0.994581034704752
1.0,0.0297081452133687,0.994661077414423
1.0,0.0297096800406944,0.99473993782544
1.0,0.0297111921973199,0.994817633401356
1.0,0.0297126820181102,0.994894181347774
1.0,0.0297141498329854,0.994969598616153
1.0,0.0297155959669906,0.995043901907567
1.0,0.029717020740371,0.995117107676399
1.0,0.0297184244686413,0.995189232133988
1.0,0.0297198074626552,0.995260291252216
1.0,0.0297211700286759,0.99533030076705
1.0,0.0297225124684419,0.995399276182021
1.0,0.0297238350792346,0.99546723277166
1.0,0.029725138153945,0.995534185584881
1.0,0.0297264219811377,0.995600149448312
1.0,0.0297276868451148,0.995665138969579
1.0,0.0297289330259791,0.995729168540543
1.0,0.0297301607996958,0.995792252340482
1.0,0.0297313704381545,0.995854404339236
1.0,0.0297325622092279,0.995915638300298
1.0,0.0297337363768326,0.995975967783863
1.0,0.0297348932009871,0.99603540614983
1.0,0.0297360329378682,0.99609396656076
1.0,0.0297371558398696,0.996151661984795
1.0,0.029738262155657,0.996208505198524
1.0,0.0297393521302227,0.996264508789814
1.0,0.0297404260049403,0.996319685160601
1.0,0.0297414840176184,0.996374046529633
1.0,0.0297425264025524,0.996427604935177
1.0,0.0297435533905777,0.996480372237682
1.0,0.0297445652091197,0.996532360122413
1.0,0.029745562082244,0.996583580102029
1.0,0.0297465442307077,0.996634043519141
1.0,0.0297475118720063,0.996683761548817
1.0,0.0297484652204225,0.996732745201061
1.0,0.0297494044870752,0.996781005323251
1.0,0.0297503298799633,0.996828552602538
1.0,0.0297512416040142,0.996875397568217
1.0,0.0297521398611285,0.996921550594054
1.0,0.0297530248502238,0.996967021900588
1.0,0.0297538967672799,0.997011821557389
1.0,0.0297547558053823,0.997055959485295
1.0,0.0297556021547642,0.997099445458602
1.0,0.0297564360028484,0.99714228910723
1.0,0.0297572575342899,0.997184499918861
1.0,0.0297580669310156,0.997226087241033
1.0,0.0297588643722657,0.997267060283214
1.0,0.0297596500346329,0.997307428118839
1.0,0.0297604240921012,0.997347199687323
1.0,0.0297611867160845,0.997386383796036
1.0,0.0297619380754655,0.997424989122257
1.0,0.0297626783366316,0.997463024215094
1.0,0.0297634076635129,0.997500497497377
1.0,0.029764126217618,0.997537417267525
1.0,0.0297648341580701,0.99757379170138
1.0,0.0297655316416421,0.997609628854022
1.0,0.0297662188227903,0.997644936661549
1.0,0.0297668958536905,0.997679722942839
1.0,0.0297675628842708,0.997713995401274
1.0,0.0297682200622444,0.997747761626454
1.0,0.029768867533142,0.997781029095873
1.0,0.0297695054403457,0.997813805176576
1.0,0.02977013392512,0.997846097126792
1.0,0.0297707531266409,0.997877912097537
1.0,0.0297713631820309,0.997909257134204
1.0,0.0297719642263856,0.997940139178116
1.0,0.0297725563928062,0.997970565068068
1.0,0.0297731398124266,0.998000541541841
1.0,0.029773714614445,0.998030075237693
1.0,0.0297742809261505,0.998059172695829
1.0,0.0297748388729522,0.998087840359851
1.0,0.0297753885784069,0.99811608457818
1.0,0.0297759301642462,0.99814391160547
1.0,0.0297764637504032,0.998171327603984
1.0,0.029776989455041,0.998198338644967
1.0,0.0297775073945752,0.998224950709985
1.0,0.0297780176837041,0.99825116969225
1.0,0.0297785204354299,0.998277001397929
1.0,0.0297790157610867,0.998302451547423
1.0,0.0297795037703639,0.998327525776642
1.0,0.0297799845713302,0.998352229638246
1.0,0.0297804582704593,0.99837656860288
1.0,0.0297809249726504,0.998400548060379
1.0,0.0297813847812549,0.998424173320971
1.0,0.0297818377980963,0.998447449616442
1.0,0.0297822841234956,0.998470382101303
1.0,0.02978272385629,0.99849297585393
1.0,0.0297831570938587,0.998515235877683
1.0,0.029783583932141,0.998537167102021
1.0,0.0297840044656605,0.998558774383591
1.0,0.0297844187875433,0.998580062507301
1.0,0.0297848269895411,0.998601036187383
1.0,0.0297852291620491,0.998621700068436
1.0,0.0297856253941284,0.998642058726455
1.0,0.0297860157735244,0.998662116669842
1.0,0.0297864003866859,0.998681878340407
1.0,0.0297867793187847,0.998701348114351
1.0,0.0297871526537352,0.998720530303234
1.0,0.0297875204742124,0.998739429154932
1.0,0.0297878828616698,0.998758048854575
1.0,0.0297882398963567,0.998776393525475
1.0,0.0297885916573388,0.998794467230039
1.0,0.0297889382225134,0.998812273970671
1.0,0.0297892796686265,0.998829817690654
1.0,0.0297896160712909,0.998847102275025
1.0,0.0297899475050032,0.998864131551437
1.0,0.0297902740431588,0.998880909291005
0.0,-0.140309404241931,0.9966124371768471
0.0,-0.133332285300023,0.9335776928176817
0.0,-0.113173881976214,0.8021825040651228
0.0,-0.0871984799732715,0.6299010296330303
0.0,-0.0606560875578444,0.48557822677252604
0.0,-0.0368705807178777,0.32911845826415903
0.0,-0.0175817994078145,0.21376207725763444
0.0,-0.0033431446396861,0.11502191437977646
0.0,0.0060929046650968,0.06877357309378043
0.0,0.0114418752274892,0.014275692283689322
0.0,0.0136259716638233,0.0073251319524059305
0.0,0.0135877437917702,0.02009627066200019
0.0,0.0121720883303014,0.012697963979645111
0.0,0.0100644571182715,0.0471744461588
0.0,0.0077711705492047,0.04716145224455583
0.0,0.0056281602485572,0.042573223662753935
0.0,0.0038263289947644,0.07639634682952803
0.0,0.0024442544476571,0.07944150980199788
0.0,0.0014816233793989,0.08043367063978125
0.0,0.0008892074372807,0.08255261193841626
0.0,0.0005931858491915,0.08847463381630516
0.0,0.0005131147430991,0.06690575897488786
0.0,0.0005738518657708,0.08005564679223502
0.0,0.000712335505893,0.08186428427477165
0.0,0.0008803773709974,0.09347844919476153
0.0,0.0010446553930703,0.07131965021417613
0.0,0.0011849699536814,0.0747352765905594
0.0,0.0012916265927712,0.07295728667542645
0.0,0.0013625829252493,0.06885754185123276
0.0,0.0014007830554206,0.08126071172514011
0.0,0.0014119202004644,0.06659334160436471
0.0,0.0014027267827635,0.06515444492241712
0.0,0.0013797918681962,0.08322995230373179
0.0,0.0013488441756954,0.07010702236938693
0.0,0.0013144078564534,0.04864976780649065
0.0,0.0012797298467892,0.05358376205877928
0.0,0.0012468842297896,0.061242590274766626
0.0,0.0012169742192831,0.0632972498549784
0.0,0.0011903710858705,0.07285611952651364
0.0,0.0011669480512365,0.07152540546230345
0.0,0.0011462836950457,0.05722533600570406
0.0,0.0011278226463379,0.04835805734240547
0.0,0.001110990969619,0.060073723638298104
0.0,0.0010952699393328,0.06572965231332734
0.0,0.0010802353630884,0.03651569909581861
0.0,0.0010655709273351,0.04808020607173811
0.0,0.0010510638626604,0.05091541722086202
0.0,0.001036590145619,0.03282035474812185
0.0,0.0010220949393304,0.052305559861569734
0.0,0.0010075723680944,0.05218743497748292
0.0,0.0009930472450163,0.05986177831577985
0.0,0.0009785601492068,0.0654482742485358
0.0,0.000964156327221,0.025109547106441664
0.0,0.0009498782658368,0.04130282033800687
0.0,0.0009357614117607,0.048237148628347076
0.0,0.0009218323446826,0.04075388466082752
0.0,0.0009081086862876,0.0597950468486251
0.0,0.0008946000969815,0.04564341353254343
0.0,0.0008813098308456,0.03151766842645802
0.0,0.0008682364549674,0.03304869697146218
0.0,0.0008553754695315,0.03255304864230028
0.0,0.0008427206767147,0.04156818971369316
0.0,0.0008302652334882,0.041036630579170556
0.0,0.0008180023850377,0.04128463939777297
0.0,0.000805925914134,0.039868167110505025
0.0,0.0007940303616088,0.03753544291442429
0.0,0.0007823110789407,0.03986565160633104
0.0,0.0007707641704486,0.037669434380004294
0.0,0.000759386373685,0.042390461925704524
0.0,0.000748174915413,0.035477305911200005
0.0,0.0007371273692207,0.046962830078535314
0.0,0.0007262415307466,0.038541018774886145
0.0,0.0007155153183713,0.030374283368579703
0.0,0.0007049467012685,0.0555251419820756
0.0,0.0006945336527902,0.039482787382159185
0.0,0.0006842741249675,0.03922080761899695
0.0,0.0006741660390385,0.04274710920862748
0.0,0.0006642072869721,0.033592667388865356
0.0,0.0006543957395812,0.02460197646358199
0.0,0.0006447292577183,0.02406559275321825
0.0,0.0006352057040212,0.02606577297212577
0.0,0.000625822953571,0.0447949229950513
0.0,0.0006165789025762,0.026340988121936464
0.0,0.0006074714747627,0.018337186709196082
0.0,0.0005984986255427,0.056783293146521974
0.0,0.0005896583442664,0.042683783935591475
0.0,0.0005809486549708,0.03635060014695719
0.0,0.0005723676160597,0.043086498966539044
0.0,0.0005639133193092,0.030903182886813096
0.0,0.0005555838885236,0.030654295092620364
0.0,0.0005473774780848,0.02568014166777115
0.0,0.0005392922715585,0.037678149626110595
0.0,0.0005313264804543,0.03502752239060948
0.0,0.0005234783431802,0.023271926539607614
0.0,0.0005157461241966,0.029264002257928513
0.0,0.0005081281133494,0.026158703714061766
0.0,0.0005006226253493,0.02291902013973025
0.0,0.0004932279993599,0.02176739645057233
0.0,0.0004859425986611,0.028842394078965407
0.0,0.000478764810356,0.009285996951068385
0.0,0.0004716930451001,0.0242358906716185
0.0,0.000464725736835,0.0238779060413107
0.0,0.0004578613425172,0.0235252091418519
0.0,0.0004510983418379,0.023177721870142
0.0,0.0004444352369297,0.0228353672767961
0.0,0.000437870552064,0.0224980695489338
0.0,0.0004314028333404,0.0221657539932993
0.0,0.0004250306483704,0.0218383470196886
0.0,0.0004187525859592,0.021515776124662
0.0,0.0004125672557889,0.0211979698755217
0.0,0.000406473288103,0.0208848578945371
0.0,0.0004004693333958,0.0205763708434055
0.0,0.000394554062107,0.0202724404079396
0.0,0.0003887261643216,0.0199729992829729
0.0,0.0003829843494755,0.0196779811574807
0.0,0.0003773273460668,0.019387320699913
0.0,0.0003717539013727,0.0191009535437364
0.0,0.0003662627811711,0.0188188162731847
0.0,0.0003608527694673,0.0185408464092157
0.0,0.000355522668225,0.0182669823956733
0.0,0.0003502712971017,0.0179971635856524
0.0,0.0003450974931875,0.0177313302280646
0.0,0.0003400001107489,0.0174694234544027
0.0,0.0003349780209746,0.0172113852657015
0.0,0.0003300301117269,0.0169571585196915
0.0,0.0003251552872953,0.0167066869181427
0.0,0.0003203524681537,0.0164599149943968
0.0,0.0003156205907219,0.0162167881010837
0.0,0.0003109586071301,0.0159772523980195
0.0,0.0003063654849865,0.0157412548402838
0.0,0.0003018402071488,0.0155087431664733
0.0,0.0002973817714991,0.0152796658871292
0.0,0.0002929891907217,0.0150539722733346
0.0,0.0002886614920842,0.0148316123454814
0.0,0.0002843977172226,0.0146125368622024
0.0,0.0002801969219286,0.0143966973094672
0.0,0.0002760581759409,0.0141840458898387
0.0,0.0002719805627387,0.0139745355118886
0.0,0.000267963179339,0.0137681197797689
0.0,0.0002640051360965,0.013564752982938
0.0,0.0002601055565071,0.0133643900860377
0.0,0.0002562635770129,0.0131669867189202
0.0,0.0002524783468117,0.0129724991668226
0.0,0.0002487490276684,0.0127808843606862
0.0,0.0002450747937292,0.0125920998676186
0.0,0.0002414548313391,0.0124061038814974
0.0,0.0002378883388613,0.0122228552137119
0.0,0.0002343745264997,0.0120423132840422
0.0,0.0002309126161245,0.0118644381116725
0.0,0.0002275018410992,0.0116891903063377
0.0,0.0002241414461116,0.0115165310596
0.0,0.0002208306870056,0.0113464221362555
0.0,0.0002175688306173,0.0111788258658662
0.0,0.0002143551546121,0.0110137051344187
0.0,0.0002111889473249,0.010851023376105
0.0,0.0002080695076024,0.0106907445652251
0.0,0.0002049961446483,0.0105328332082088
0.0,0.0002019681778695,0.0103772543357564
0.0,0.000198984936726,0.0102239734950943
0.0,0.0001960457605823,0.0100729567423454
0.0,0.000193149998561,0.0099241706350125
0.0,0.0001902970093988,0.0097775822245726
0.0,0.0001874861613043,0.00963315904918
0.0,0.0001847168318181,0.0094908691264783
0.0,0.0001819884076754,0.0093506809465174
0.0,0.0001793002846693,0.0092125634647759
0.0,0.0001766518675181,0.0090764860952863
0.0,0.0001740425697327,0.0089424187038618
0.0,0.0001714718134867,0.008810331601423
0.0,0.000168939029489,0.0086801955374233
0.0,0.0001664436568574,0.0085519816933718
0.0,0.0001639851429943,0.0084256616764507
0.0,0.0001615629434643,0.0083012075132284
0.0,0.0001591765218741,0.0081785916434646
0.0,0.0001568253497531,0.0080577869140071
0.0,0.0001545089064369,0.0079387665727787
0.0,0.0001522266789514,0.0078215042628531
0.0,0.0001499781619,0.0077059740166181
0.0,0.0001477628573509,0.0075921502500253
0.0,0.0001455802747274,0.007480007756924
0.0,0.0001434299306988,0.0073695217034802
0.0,0.0001413113490738,0.0072606676226763
0.0,0.0001392240606948,0.0071534214088933
0.0,0.0001371676033339,0.0070477593125729
0.0,0.0001351415215911,0.0069436579349577
0.0,0.0001331453667926,0.0068410942229098
0.0,0.000131178696892,0.0067400454638056
0.0,0.0001292410763726,0.0066404892805064
0.0,0.0001273320761502,0.0065424036264026
0.0,0.0001254512734789,0.0064457667805318
0.0,0.0001235982518569,0.0063505573427687
0.0,0.0001217726009346,0.0062567542290859
0.0,0.0001199739164236,0.0061643366668848
0.0,0.0001182018000071,0.006073284190396
0.0,0.0001164558592517,0.0059835766361467
0.0,0.000114735707521,0.0058951941384956
0.0,0.000113040963889,0.0058081171252338
0.0,0.0001113712530567,0.0057223263132507
0.0,0.0001097262052684,0.0056378027042633
0.0,0.0001081054562299,0.0055545275806095
0.0,0.0001065086470283,0.005472482501103
0.0,0.0001049354240518,0.0053916492969492
0.0,0.0001033854389118,0.0053120100677222
0.0,0.0001018583483659,0.0052335471774005
0.0,0.0001003538142415,0.0051562432504617
0.0,9.88715033611171e-05,0.0050800811680344
0.0,9.74110874686074e-05,0.0050050440641074
0.0,9.59722431564183e-05,0.0049311153217951
0.0,9.45546517940737e-05,0.0048582785696571
0.0,9.31579994574855e-05,0.0047865176780731
0.0,9.17819768594674e-05,0.004715816755671
0.0,9.04262792813387e-05,0.0046461601458077
0.0,8.90906065053043e-05,0.004577532423102
0.0,8.77746627480913e-05,0.0045099183900187
0.0,8.64781565953487e-05,0.0044433030735031
0.0,8.52008009371991e-05,0.004377671721665
0.0,8.39423129046085e-05,0.0043130098005123
0.0,8.27024138067428e-05,0.0042493029907323
0.0,8.1480829069315e-05,0.0041865371845206
0.0,8.02772881736621e-05,0.0041246984824571
0.0,7.90915245969734e-05,0.0040637731904277
0.0,7.79232757531778e-05,0.0040037478165923
0.0,7.6772282934838e-05,0.0039446090683964
0.0,7.56382912558209e-05,0.0038863438496281
0.0,7.45210495948986e-05,0.0038289392575174
0.0,7.34203105400982e-05,0.0037723825798792
0.0,7.23358303339472e-05,0.0037166612922983
0.0,7.12673688194818e-05,0.0036617630553555
0.0,7.02146893870464e-05,0.0036076757118955
0.0,6.91775589219124e-05,0.0035543872843342
0.0,6.81557477526518e-05,0.0035018859720069
0.0,6.714902960029e-05,0.0034501601485544
0.0,6.61571815281717e-05,0.003399198359349
0.0,6.51799838926187e-05,0.0033489893189574
0.0,6.42172202942534e-05,0.0032995219086416
0.0,6.32686775301275e-05,0.0032507851738969
0.0,6.23341455464679e-05,0.003202768322026
0.0,6.14134173921588e-05,0.0031554607197487
0.0,6.05062891729513e-05,0.0031088518908475
0.0,5.96125600062919e-05,0.0030629315138475
0.0,5.8732031976802e-05,0.0030176894197306
0.0,5.78645100925007e-05,0.0029731155896838
0.0,5.70098022416032e-05,0.0029292001528807
0.0,5.61677191499854e-05,0.0028859333842949
0.0,5.53380743392451e-05,0.0028433057025471
0.0,5.45206840854365e-05,0.0028013076677833
0.0,5.37153673783666e-05,0.0027599299795839
0.0,5.29219458815164e-05,0.0027191634749044
0.0,5.21402438925615e-05,0.0026789991260462
0.0,5.13700883044248e-05,0.0026394280386576
0.0,5.06113085669939e-05,0.002600441449764
0.0,4.98637366493013e-05,0.0025620307258272
0.0,4.91272070023557e-05,0.0025241873608338
0.0,4.84015565224635e-05,0.0024869029744115
0.0,4.76866245151079e-05,0.002450169309973
0.0,4.69822526593597e-05,0.0024139782328878
0.0,4.6288284972839e-05,0.0023783217286811
0.0,4.56045677771494e-05,0.0023431919012583
0.0,4.49309496638461e-05,0.0023085809711571
0.0,4.42672814609281e-05,0.0022744812738242
0.0,4.36134161997878e-05,0.0022408852579185
0.0,4.29692090826682e-05,0.0022077854836383
0.0,4.23345174505943e-05,0.0021751746210744
0.0,4.17092007517911e-05,0.0021430454485865
0.0,4.10931205105519e-05,0.0021113908512037
0.0,4.04861402965653e-05,0.0020802038190498
0.0,3.98881256947307e-05,0.0020494774457899
0.0,3.92989442753386e-05,0.002019204927102
0.0,3.8718465564809e-05,0.0019893795591693
0.0,3.81465610167532e-05,0.0019599947371962
0.0,3.75831039835309e-05,0.0019310439539456
0.0,3.70279696881894e-05,0.0019025207982977
0.0,3.64810351968295e-05,0.0018744189538305
0.0,3.59421793914017e-05,0.0018467321974207
0.0,3.54112829428731e-05,0.0018194543978661
0.0,3.48882282847941e-05,0.0017925795145272
0.0,3.43728995872705e-05,0.0017661015959901
0.0,3.38651827313172e-05,0.0017400147787484
0.0,3.33649652835936e-05,0.0017143132859043
0.0,3.28721364714762e-05,0.0016889914258901
0.0,3.23865871585602e-05,0.0016640435912072
0.0,3.19082098204672e-05,0.0016394642571843
0.0,3.14368985210554e-05,0.0016152479807545
0.0,3.09725488889488e-05,0.0015913893992495
0.0,3.0515058094413e-05,0.0015678832292121
0.0,3.00643248266098e-05,0.0015447242652262
0.0,2.96202492711464e-05,0.0015219073787644
0.0,2.91827330879645e-05,0.0014994275170515
0.0,2.87516793895728e-05,0.0014772797019465
0.0,2.83269927196031e-05,0.0014554590288396
0.0,2.79085790316456e-05,0.0014339606655663
0.0,2.74963456684402e-05,0.0014127798513371
0.0,2.70902013413572e-05,0.0013919118956837
0.0,2.66900561101627e-05,0.0013713521774196
0.0,2.62958213631363e-05,0.0013510961436174
0.0,2.59074097974168e-05,0.0013311393086003
0.0,2.55247353996759e-05,0.0013114772529487
1.0,0.170125147713427,-0.0009928964097733694
1.0,0.163147974281388,0.050890567978794723
1.0,0.142989517272315,0.18750469305593187
1.0,0.117014062377084,0.3472158980418213
1.0,0.0904716178506332,0.536087423872286
1.0,0.0666860596693666,0.674922418852185
1.0,0.0473972277763578,0.7971284253437535
1.0,0.0331585231724368,0.8726618285882225
1.0,0.0237224247679779,0.9413503241597132
1.0,0.0183734058311541,0.9518422998824345
1.0,0.0161892617349193,0.9715998761254738
1.0,0.016227442651049,0.9845098856647734
1.0,0.0176430518501732,0.961052656098226
1.0,0.0197506374831926,0.9715984505467448
1.0,0.0220438791464894,0.9458657891154533
1.0,0.024186845204663,0.9177481748660458
1.0,0.0259886328694809,0.9324407349406392
1.0,0.0273706644714593,0.9216056484375269
1.0,0.0283332532289248,0.9138777656897537
1.0,0.0289256274852163,0.9117731110768668
1.0,0.0292216080032139,0.9170260000701335
1.0,0.0293016386458549,0.8973381036282201
1.0,0.029240861657411,0.9139935972426663
1.0,0.0291023387403679,0.9201642588045914
1.0,0.0289342581784962,0.9364161809161898
1.0,0.0287699420312401,0.9187745396105548
1.0,0.0286295899085866,0.9263512065098934
1.0,0.0285228962622779,0.9282700166043096
1.0,0.0284519034692089,0.9273864592095465
1.0,0.0284136674170005,0.9425677314572151
1.0,0.0284024948805186,0.9303145296273007
1.0,0.0284116534295431,0.93101101628933
1.0,0.0284345539904733,0.9510251840155901
1.0,0.0284654678367697,0.9397147867820655
1.0,0.0284998708097446,0.919999207512688
1.0,0.0285345159656942,0.9266433628655584
1.0,0.0285673292142561,0.9360057434165214
1.0,0.0285972073344347,0.9397704267505135
1.0,0.0286237790485664,0.9510500504323269
1.0,0.0286471711280087,0.9514491534133088
1.0,0.0286678049862423,0.9388828599197495
1.0,0.0286862359874736,0.931746721074802
1.0,0.0287030380605424,0.9451841862640614
1.0,0.02871872992445,0.9525466276401726
1.0,0.0287337357651274,0.9250191650291477
1.0,0.028748371889763,0.9382467509880057
1.0,0.0287628510614988,0.9427195132119317
1.0,0.0287772972976035,0.9262354359130831
1.0,0.0287917654288723,0.9473048528735666
1.0,0.0288062613250097,0.9487445381728603
1.0,0.0288207601670027,0.9579510164081696
1.0,0.0288352213699212,0.9650448717448845
1.0,0.0288495996814759,0.9261896683739229
1.0,0.0288638526092393,0.9438435216836961
1.0,0.02887794470094,0.9522162808409109
1.0,0.0288918493714039,0.9461499756756437
1.0,0.0289055489935433,0.9665871852745168
1.0,0.0289190339016296,0.9538111458150776
1.0,0.0289323008363376,0.9410409159868606
1.0,0.0289453512254128,0.9439076949250316
1.0,0.0289581895635802,0.9447283045742733
1.0,0.0289708220436478,0.9550404592288889
1.0,0.0289832555037033,0.9557869056327282
1.0,0.0289954966936925,0.9572941454413955
1.0,0.0290075518260493,0.9571183655692804
1.0,0.0290194263552157,0.9560080362151974
1.0,0.0290311249250581,0.9595425887415989
1.0,0.0290426514266702,0.9585329157005563
1.0,0.0290540091179807,0.9644229424480681
1.0,0.0290652007677745,0.9586614968772553
1.0,0.0290762287980764,0.9712816988153186
1.0,0.0290870954089264,0.9639777870896401
1.0,0.0290978026776856,0.9569124248025813
1.0,0.0291083526309859,0.9831483782637056
1.0,0.0291187472913419,0.9681750843902877
1.0,0.0291289887026505,0.9689663711129926
1.0,0.0291390789396613,0.9735303805173016
1.0,0.0291490201064535,0.9653983191882938
1.0,0.0291588143283195,0.9574149087198275
1.0,0.0291684637405702,0.9578709288634843
1.0,0.0291779704767878,0.9608488561075329
1.0,0.0291873366581668,0.9805413126289405
1.0,0.0291965643848295,0.963036456717422
1.0,0.0292056557294351,0.9559677165363882
1.0,0.0292146127330102,0.995335073201163
1.0,0.0292234374026952,0.9821432069348877
1.0,0.0292321317109958,0.9767042595836777
1.0,0.0292406975961019,0.9843211862078433
1.0,0.0292491369628824,0.9730058843091501
1.0,0.0292574516842254,0.9736121892479866
1.0,0.0292656436024938,0.9694805964795643
1.0,0.0292737145309105,0.9823087196147624
1.0,0.0292816662548054,0.9804759459303076
1.0,0.0292895005326543,0.9695261231478862
1.0,0.0292972190969285,0.9763120699199347
1.0,0.0293048236547582,0.9739889162430272
1.0,0.029312315888453,0.9715198245747739
1.0,0.0293196974559142,0.9711274104925015
1.0,0.0293269699909702,0.9789504035643257
1.0,0.0293341351036691,0.9601309533643351
1.0,0.0293411943805484,0.97580690869516
1.0,0.029348149384901,0.976164261142551
1.0,0.0293550016570454,0.97651633519697
1.0,0.0293617527146057,0.976863208823589
1.0,0.0293684040528053,0.977204958835902
1.0,0.0293749571447666,0.977541660912906
1.0,0.0293814134418224,0.97787338961595
1.0,0.0293877743738324,0.97820021840528
1.0,0.0293940413494995,0.978522219656298
1.0,0.0294002157566868,0.978839464675555
1.0,0.0294062989627308,0.979152023716496
1.0,0.0294122923147553,0.979459965994978
1.0,0.0294181971399714,0.979763359704547
1.0,0.0294240147459817,0.980062272031514
1.0,0.0294297464210704,0.980356769169801
1.0,0.0294353934344949,0.980646916335586
1.0,0.0294409570367655,0.980932777781734
1.0,0.0294464384599249,0.981214416812023
1.0,0.0294518389178193,0.98149189579516
1.0,0.0294571596063704,0.981765276178597
1.0,0.0294624017038361,0.982034618502138
1.0,0.0294675663710722,0.982299982411356
1.0,0.029472654751789,0.982561426670798
1.0,0.0294776679728048,0.982819009177006
1.0,0.0294826071442931,0.98307278697134
1.0,0.0294874733600292,0.98332281625261
1.0,0.0294922676976335,0.983569152389521
1.0,0.029496991218807,0.983811849932941
1.0,0.0295016449695698,0.984050962627974
1.0,0.02950622998049,0.984286543425865
1.0,0.0295107472669145,0.984518644495726
1.0,0.0295151978291903,0.98474731723609
1.0,0.0295195826528905,0.984972612286288
1.0,0.0295239027090295,0.985194579537667
1.0,0.0295281589542788,0.985413268144635
1.0,0.0295323523311788,0.985628726535552
1.0,0.0295364837683485,0.985841002423444
1.0,0.0295405541806906,0.986050142816581
1.0,0.0295445644695929,0.986256194028876
1.0,0.0295485155231292,0.986459201690148
1.0,0.0295524082162573,0.986659210756227
1.0,0.0295562434110082,0.986856265518904
1.0,0.0295600219566827,0.987050409615744
1.0,0.0295637446900359,0.987241686039748
1.0,0.0295674124354621,0.987430137148874
1.0,0.0295710260051805,0.987615804675416
1.0,0.0295745861994114,0.98779872973525
1.0,0.0295780938065568,0.987978952836931
1.0,0.0295815496033722,0.988156513890672
1.0,0.0295849543551399,0.988331452217177
1.0,0.0295883088158386,0.988503806556349
1.0,0.0295916137283099,0.988673615075871
1.0,0.0295948698244233,0.988840915379657
1.0,0.029598077825238,0.989005744516179
1.0,0.0296012384411624,0.98916813898667
1.0,0.0296043523721106,0.989328134753213
1.0,0.0296074203076602,0.989485767246696
1.0,0.0296104429272015,0.989641071374667
1.0,0.0296134209000911,0.989794081529056
1.0,0.0296163548857971,0.989944831593798
1.0,0.029619245534048,0.990093354952331
1.0,0.0296220934849742,0.990239684494994
1.0,0.0296248993692521,0.990383852626306
1.0,0.0296276638082416,0.990525891272145
1.0,0.0296303874141244,0.990665831886814
1.0,0.0296330707900399,0.990803705460014
1.0,0.0296357145302191,0.990939542523698
1.0,0.0296383192201155,0.991073373158837
1.0,0.0296408854365351,0.991205227002081
1.0,0.0296434137477632,0.991335133252321
1.0,0.0296459047136921,0.991463120677158
1.0,0.0296483588859433,0.991589217619268
1.0,0.0296507768079903,0.991713452002683
1.0,0.0296531590152795,0.991835851338974
1.0,0.0296555060353485,0.991956442733342
1.0,0.0296578183879423,0.99207525289062
1.0,0.0296600965851281,0.992192308121191
1.0,0.0296623411314114,0.992307634346808
1.0,0.0296645525238441,0.992421257106341
1.0,0.0296667312521359,0.992533201561427
1.0,0.0296688777987653,0.992643492502044
1.0,0.029670992639081,0.992752154352004
1.0,0.0296730762414139,0.992859211174355
1.0,0.0296751290671742,0.992964686676715
1.0,0.0296771515709582,0.993068604216521
1.0,0.0296791442006477,0.9931709868062
1.0,0.0296811073975076,0.993271857118266
1.0,0.0296830415962865,0.993371237490341
1.0,0.0296849472253107,0.993469149930102
1.0,0.0296868247065785,0.993565616120152
1.0,0.0296886744558575,0.993660657422826
1.0,0.0296904968827718,0.993754294884918
1.0,0.029692292390896,0.993846549242342
1.0,0.0296940613778442,0.993937440924726
1.0,0.0296958042353557,0.994026990059936
1.0,0.0296975213493846,0.994115216478531
1.0,0.0296992131001845,0.994202139718157
1.0,0.029700879862391,0.994287779027871
1.0,0.0297025220051075,0.994372153372406
1.0,0.0297041398919848,0.99445528143637
1.0,0.0297057338813014,0.994537181628383
1.0,0.0297073043260452,0.994617872085155
1.0,0.0297088515739889,0.994697370675499
1.0,0.0297103759677695,0.994775695004294
1.0,0.0297118778449625,0.994852862416377
1.0,0.0297133575381563,0.994928890000388
1.0,0.0297148153750275,0.995003794592555
1.0,0.0297162516784129,0.995077592780418
1.0,0.0297176667663799,0.995150300906507
1.0,0.0297190609522984,0.995221935071958
1.0,0.0297204345449098,0.995292511140079
1.0,0.0297217878483937,0.995362044739865
1.0,0.0297231211624389,0.995430551269455
1.0,0.0297244347823056,0.995498045899549
1.0,0.0297257289988935,0.995564543576758
1.0,0.0297270040988058,0.995630059026922
1.0,0.0297282603644116,0.995694606758366
1.0,0.02972949807391,0.995758201065117
1.0,0.0297307175013899,0.995820856030065
1.0,0.0297319189168928,0.995882585528084
1.0,0.0297331025864704,0.995943403229106
1.0,0.0297342687722455,0.996003322601143
1.0,0.0297354177324678,0.996062356913278
1.0,0.0297365497215747,0.996120519238593
1.0,0.029737664990243,0.996177822457075
1.0,0.029738763785448,0.996234279258458
1.0,0.0297398463505165,0.996289902145041
1.0,0.0297409129251813,0.996344703434452
1.0,0.0297419637456346,0.996398695262378
1.0,0.0297429990445799,0.996451889585249
1.0,0.0297440190512817,0.996504298182894
1.0,0.0297450239916202,0.996555932661138
1.0,0.029746014088138,0.996606804454381
1.0,0.0297469895600919,0.996656924828127
1.0,0.0297479506234981,0.996706304881478
1.0,0.0297488974911833,0.996754955549595
1.0,0.0297498303728303,0.996802887606115
1.0,0.0297507494750249,0.996850111665541
1.0,0.0297516550013013,0.996896638185589
1.0,0.0297525471521869,0.996942477469507
1.0,0.0297534261252483,0.996987639668357
1.0,0.0297542921151326,0.997032134783256
1.0,0.029755145313612,0.997075972667602
1.0,0.0297559859096272,0.997119163029245
1.0,0.0297568140893267,0.997161715432646
1.0,0.0297576300361106,0.997203639300988
1.0,0.0297584339306685,0.997244943918266
1.0,0.0297592259510229,0.997285638431344
1.0,0.0297600062725654,0.997325731851978
1.0,0.0297607750680975,0.997365233058812
1.0,0.0297615325078679,0.997404150799345
0.0,-0.140337721240389,0.9951574916595761
0.0,-0.133360184032416,0.9321442380786836
0.0,-0.113201368620687,0.8007702226673898
0.0,-0.0872255606167129,0.6285096088283694
0.0,-0.0606827681972326,0.484207358432298
0.0,-0.0368968672616121,0.327767838811049
0.0,-0.0176076976770216,0.21243140759841844
0.0,-0.0033686603695097,0.11371089983909247
0.0,0.0060677658242259,0.06748192334887153
0.0,0.0114171077086014,0.013003121300111223
0.0,0.0136015699821787,0.006071357920685631
0.0,0.0135637025436425,0.01886101593522939
0.0,0.0121484021917819,0.01148095501199561
0.0,0.0100411208440907,0.0459754134449475
0.0,0.0077481789715696,0.045980130259997636
0.0,0.0056055082760079,0.04140935080500974
0.0,0.0038040116110459,0.07524966536020754
0.0,0.002422266710609,0.07831176578972537
0.0,0.0014599604198603,0.07932061390396275
0.0,0.0008678644580125,0.08145599599383706
0.0,0.0005721581238141,0.08739421581854616
0.0,0.0004923976150451,0.06584129966654757
0.0,0.0005534407472548,0.07900691044994672
0.0,0.0006922258768947,0.08083103865700245
0.0,0.0008605647782611,0.09246046549038273
0.0,0.0010251354491188,0.07031670299179324
0.0,0.0011657383358442,0.0737471437485908
0.0,0.001272679042227,0.07198374939291925
0.0,0.0013439152460836,0.06789838453940476
0.0,0.001382391113696,0.080315721979638
0.0,0.0013937999233051,0.06566231015822782
0.0,0.0013848741574538,0.06423716559973493
0.0,0.0013622029412916,0.08232622197398679
0.0,0.0013315150521466,0.06921664090247143
0.0,0.0012973346987449,0.04777253802838825
0.0,0.0012629088740885,0.05271948970790108
0.0,0.0012303117171107,0.06039108395893173
0.0,0.0012006464966606,0.062458321009030794
0.0,0.0011742845375478,0.07202958237056442
0.0,0.001151099114865,0.07071107696059015
0.0,0.0011306688608955,0.056423035826057455
0.0,0.0011124384565207,0.04756760781631527
0.0,0.0010958340173228,0.0592949497215686
0.0,0.0010803368680665,0.06496238154731374
0.0,0.0010655228659397,0.035759761569236714
0.0,0.0010510757462372,0.04733543438303721
0.0,0.0010367827876711,0.05018164644115422
0.0,0.0010225200142097,0.03209742238465865
0.0,0.0010082326356857,0.05159330582175823
0.0,0.0009939148224219,0.05148570153343352
0.0,0.0009795914328674,0.05917041006937745
0.0,0.0009653030908064,0.06476711809702732
0.0,0.0009510950868077,0.024438452208531358
0.0,0.0009370099510132,0.04064163808045277
0.0,0.0009230831728521,0.047585732593050774
0.0,0.0009093413741069,0.04011209059241002
0.0,0.0008958022179326,0.0591627326224815
0.0,0.000882475405593,0.04502043912336973
0.0,0.0008693642314241,0.03090389587724262
0.0,0.0008564673021725,0.03244399036293547
0.0,0.000843780157097,0.031957274062835474
0.0,0.0008312966368713,0.040981215229651556
0.0,0.0008190099363944,0.04045832620568536
0.0,0.0008069133382201,0.04071487706996367
0.0,0.0007950006619352,0.03930682065511803
0.0,0.0007832664846435,0.03698238802189199
0.0,0.00077170619356,0.03932076580324335
0.0,0.000760315928212,0.03713259700198739
0.0,0.0007490924608405,0.041861554090699526
0.0,0.0007380330523848,0.034956210493136804
0.0,0.0007271353101041,0.04644943168139521
0.0,0.0007163970628107,0.038035203707147344
0.0,0.0007058162615695,0.0298759396180404
0.0,0.000695390907755,0.0550341591910492
0.0,0.000685119006445,0.03899905682303579
0.0,0.0006749985409272,0.038744222170165446
0.0,0.0006650274632349,0.04227756333075388
0.0,0.0006552036956776,0.033130057101520956
0.0,0.0006455251389602,0.024146199322217086
0.0,0.0006359896833856,0.02361654782647605
0.0,0.0006265952206077,0.02562336081949127
0.0,0.0006173396542945,0.0443590456448299
0.0,0.0006082209088191,0.025911549049558766
0.0,0.0005992369356562,0.017914090815842183
0.0,0.0005903857175572,0.05636644673806208
0.0,0.0005816652708071,0.042273094701837675
0.0,0.0005730736459801,0.0359459771412214
0.0,0.0005646089276254,0.042687852585492445
0.0,0.0005562692332782,0.030510424850644296
0.0,0.0005480527121212,0.030267338425485565
0.0,0.0005399575435401,0.02529890067853325
0.0,0.000531981935735,0.03730253988936359
0.0,0.0005241241244859,0.03465746072798178
0.0,0.000516382372113,0.022907331001342915
0.0,0.0005087549666356,0.028904792104737613
0.0,0.0005012402211102,0.025804799399243267
0.0,0.0004938364731155,0.02257034329155505
0.0,0.0004865420843455,0.02142386985492803
0.0,0.0004793554402774,0.02850394166225771
0.0,0.0004722749498839,0.008952543763374385
0.0,0.0004652990453669,0.0239073628700891
0.0,0.0004584261818963,0.0235542308738182
0.0,0.0004516548373436,0.0232063149308792
0.0,0.0004449835120053,0.0228635379969097
0.0,0.0004384107283156,0.0225258241656241
0.0,0.0004319350305476,0.0221930986518338
0.0,0.0004255549845069,0.0218652877747946
0.0,0.0004192691772198,0.0215423189418589
0.0,0.0004130762166201,0.0212241206324086
0.0,0.0004069747312354,0.0209106223820501
0.0,0.0004009633698764,0.0206017547670544
0.0,0.0003950408013307,0.0202974493890294
0.0,0.0003892057140608,0.0199976388598144
0.0,0.0003834568159085,0.0197022567865919
0.0,0.0003777928338039,0.0194112377572099
0.0,0.0003722125134813,0.0191245173257138
0.0,0.0003667146191989,0.0188420319980848
0.0,0.0003612979334655,0.0185637192181833
0.0,0.0003559612567698,0.0182895173538967
0.0,0.0003507034073154,0.0180193656834882
0.0,0.0003455232207597,0.0177532043821471
0.0,0.0003404195499569,0.0174909745087364
0.0,0.000335391264704,0.0172326179927365
0.0,0.0003304372514915,0.0169780776213832
0.0,0.0003255564132572,0.0167272970269944
0.0,0.0003207476691431,0.0164802206744871
0.0,0.0003160099542568,0.0162367938490771
0.0,0.0003113422194353,0.0159969626441626
0.0,0.0003067434310131,0.0157606739493865
0.0,0.0003022125705928,0.0155278754388748
0.0,0.0002977486348201,0.0152985155596499
0.0,0.0002933506351611,0.0150725435202142
0.0,0.0002890175976835,0.0148499092793032
0.0,0.0002847485628408,0.0146305635348034
0.0,0.0002805425852602,0.0144144577128354
0.0,0.0002763987335323,0.014201543956997
0.0,0.000272316090006,0.0139917751177657
0.0,0.0002682937505842,0.0137851047420574
0.0,0.0002643308245244,0.0135814870629398
0.0,0.0002604264342408,0.0133808769894969
0.0,0.0002565797151105,0.0131832300968439
0.0,0.0002527898152816,0.0129885026162894
0.0,0.000249055895485,0.0127966514256426
0.0,0.0002453771288482,0.0126076340396642
0.0,0.0002417527007121,0.0124214086006578
0.0,0.0002381818084511,0.0122379338692006
0.0,0.000234663661295,0.0120571692150111
0.0,0.0002311974801538,0.0118790746079515
0.0,0.0002277824974454,0.0117036106091631
0.0,0.0002244179569257,0.0115307383623323
0.0,0.0002211031135207,0.0113604195850865
0.0,0.0002178372331619,0.0111926165605159
0.0,0.0002146195926236,0.0110272921288216
0.0,0.0002114494793629,0.0108644096790864
0.0,0.0002083261913615,0.0107039331411672
0.0,0.0002052490369707,0.0105458269777077
0.0,0.000202217334758,0.0103900561762684
0.0,0.0001992304133561,0.010236586241573
0.0,0.0001962876113145,0.0100853831878701
0.0,0.000193388276953,0.0099364135314061
0.0,0.000190531768217,0.0097896442830113
0.0,0.0001877174525358,0.0096450429407937
0.0,0.0001849447066822,0.009502577482942
0.0,0.0001822129166345,0.009362216360634
0.0,0.0001795214774409,0.0092239284910504
0.0,0.0001768697930851,0.0090876832504915
0.0,0.0001742572763543,0.0089534504675956
0.0,0.0001716833487096,0.0088212004166577
0.0,0.0001691474401574,0.0086909038110463
0.0,0.0001666489891236,0.0085625317967187
0.0,0.0001641874423288,0.0084360559458306
0.0,0.0001617622546663,0.008311448250441
0.0,0.0001593728890807,0.0081886811163102
0.0,0.0001570188164497,0.0080677273567885
0.0,0.0001546995154663,0.0079485601867963
0.0,0.000152414472524,0.0078311532168921
0.0,0.0001501631816024,0.007715480447429
0.0,0.0001479451441555,0.007601516262797
0.0,0.0001457598690014,0.0074892354257499
0.0,0.0001436068722132,0.0073786130718176
0.0,0.000141485677012,0.0072696247037989
0.0,0.0001393958136616,0.0071622461863372
0.0,0.000137336819364,0.0070564537405755
0.0,0.000135308238157,0.0069522239388907
0.0,0.0001333096208135,0.0068495336997054
0.0,0.0001313405247419,0.006748360282377
0.0,0.0001294005138879,0.0066486812821611
0.0,0.0001274891586384,0.0065504746252507
0.0,0.0001256060357256,0.0064537185638872
0.0,0.000123750728134,0.0063583916715453
0.0,0.0001219228250079,0.0062644728381873
0.0,0.00012012192156,0.0061719412655887
0.0,0.0001183476189822,0.0060807764627326
0.0,0.000116599524357,0.0059909582412716
0.0,0.0001148772505709,0.0059024667110573
0.0,0.0001131804162282,0.0058152822757357
0.0,0.0001115086455666,0.0057293856284076
0.0,0.0001098615683745,0.005644757747353
0.0,0.0001082388199083,0.0055613798918188
0.0,0.0001066400408121,0.0054792335978687
0.0,0.000105064877038,0.0053983006742945
0.0,0.0001035129797677,0.0053185631985875
0.0,0.0001019840053353,0.0052400035129696
0.0,0.000100477615151,0.005162604220483
0.0,9.89934756262592e-05,0.0050863481811379
0.0,9.75312581000046e-05,0.0050112185081165
0.0,9.60906387657695e-05,0.0049371985640337
0.0,9.46712985999409e-05,0.0048642719572526
0.0,9.32729232911711e-05,0.0047924225382548
0.0,9.18952031707526e-05,0.0047216343960637
0.0,9.05378331440485e-05,0.0046518918547217
0.0,8.92005126229278e-05,0.0045831794698181
0.0,8.78829454592084e-05,0.0045154820250693
0.0,8.65848398790628e-05,0.0044487845289491
0.0,8.53059084184038e-05,0.0043830722113689
0.0,8.40458678592407e-05,0.0043183305204067
0.0,8.28044391669516e-05,0.0042545451190848
0.0,8.1581347428486e-05,0.004191701882195
0.0,8.03763217914824e-05,0.00412978689317
0.0,7.91890954043376e-05,0.0040687864410022
0.0,7.80194053570382e-05,0.0040086870172074
0.0,7.68669926229787e-05,0.0039494753128328
0.0,7.57316020016038e-05,0.0038911382155103
0.0,7.46129820618849e-05,0.0038336628065525
0.0,7.35108850866348e-05,0.0037770363580922
0.0,7.2425067017684e-05,0.0037212463302632
0.0,7.1355287401785e-05,0.0036662803684241
0.0,7.03013093373769e-05,0.0036121263004219
0.0,6.92628994221692e-05,0.0035587721338965
0.0,6.82398277014051e-05,0.0035062060536252
0.0,6.72318676169445e-05,0.0034544164189062
0.0,6.62387959571228e-05,0.0034033917609808
0.0,6.52603928072912e-05,0.0033531207804934
0.0,6.42964415011119e-05,0.0033035923449895
0.0,6.33467285726247e-05,0.0032547954864505
0.0,6.24110437089168e-05,0.0032067193988647
0.0,6.14891797035763e-05,0.0031593534358342
0.0,6.05809324108336e-05,0.0031126871082176
0.0,5.96861007002916e-05,0.0030667100818068
0.0,5.88044864124268e-05,0.0030214121750391
0.0,5.79358943147146e-05,0.0029767833567416
0.0,5.70801320583653e-05,0.0029328137439108
0.0,5.62370101357609e-05,0.0028894935995231
0.0,5.54063418384335e-05,0.0028468133303794
0.0,5.45879432158128e-05,0.00280476348498
0.0,5.37816330343915e-05,0.002763334751432
0.0,5.29872327376425e-05,0.0027225179553869
0.0,5.22045664064878e-05,0.0026823040580093
0.0,5.14334607203161e-05,0.0026426841539749
0.0,5.06737449185932e-05,0.0026036494694987
0.0,4.99252507630797e-05,0.0025651913603918
0.0,4.91878125005452e-05,0.0025273013101474
0.0,4.84612668260817e-05,0.0024899709280548
0.0,4.77454528469388e-05,0.0024531919473411
0.0,4.70402120468817e-05,0.0024169562233405
0.0,4.63453882510907e-05,0.0023812557316911
0.0,4.56608275915885e-05,0.0023460825665575
0.0,4.49863784731455e-05,0.0023114289388801
0.0,4.43218915397448e-05,0.0022772871746505
0.0,4.36672196414585e-05,0.0022436497132117
0.0,4.30222178019087e-05,0.0022105091055841
0.0,4.23867431861326e-05,0.002177858012816
0.0,4.17606550689627e-05,0.002145689204358
0.0,4.11438148038498e-05,0.0021139955564621
0.0,4.05360857921935e-05,0.0020827700506041
0.0,3.99373334530571e-05,0.0020520057719295
0.0,3.93474251933687e-05,0.0020216959077219
0.0,3.87662303786007e-05,0.0019918337458944
0.0,3.8193620303769e-05,0.0019624126735036
0.0,3.76294681649972e-05,0.0019334261752847
0.0,3.70736490314036e-05,0.0019048678322089
0.0,3.65260398174326e-05,0.0018767313200618
0.0,3.59865192556229e-05,0.0018490104080432
0.0,3.54549678697226e-05,0.001821698957387
0.0,3.49312679482523e-05,0.0017947909200018
0.0,3.44153035184286e-05,0.0017682803371319
0.0,3.39069603204796e-05,0.0017421613380371
0.0,3.34061257823599e-05,0.0017164281386933
0.0,3.29126889947913e-05,0.0016910750405112
0.0,3.2426540686737e-05,0.0016660964290745
0.0,3.19475732011749e-05,0.0016414867728967
0.0,3.14756804712761e-05,0.0016172406221959
0.0,3.10107579968959e-05,0.0015933526076881
3.5527136788005e-13,3.05527028818878e-05,0.0015698174393984
1.0,0.170130101413507,-0.0007383721267854694
1.0,0.163152854811115,0.051141332722455725
1.0,0.142994325712479,0.18775175379183287
1.0,0.117018799792513,0.34745930948128434
1.0,0.0904762852904214,0.5363272399185051
1.0,0.0666906581671152,0.675158692612162
1.0,0.0474017583503995,0.7973612091400555
1.0,0.0331629868260622,0.8728911739705735
1.0,0.0237268224896581,0.9415762819164002
1.0,0.0183777385947592,0.9520649200515635
1.0,0.0161935304999351,0.9718192080060418
1.0,0.0162316483627883,0.9847259778275914
1.0,0.0176471954399864,0.961265556396672
1.0,0.0197547198686727,0.9718082061273629
1.0,0.0220479012316763,0.9460724464283893
1.0,0.0241908078802433,0.9179517796753407
1.0,0.0259925370129847,0.9326413323343581
1.0,0.0273745109474548,0.9218032828377458
1.0,0.0283370428892099,0.9140724808623987
1.0,0.0289293611690076,0.9119649501414028
1.0,0.0292252865373314,0.9172150055091145
1.0,0.029305262844906,0.897524317296696
1.0,0.0292444323239708,0.9141770603774533
1.0,0.0291058566651567,0.9203450120334045
1.0,0.0289377241405546,0.9365942642666348
1.0,0.0287733567981014,0.9189499925189988
1.0,0.0286329542364478,0.9265240678301944
1.0,0.0285262108961655,0.9284403246164187
1.0,0.0284551691431452,0.9275542516279905
1.0,0.0284168848541653,0.9427330454394431
1.0,0.0284056647934101,0.9304774017819176
1.0,0.0284147765201346,0.931171482684199
1.0,0.0284376309503704,0.9511832801858201
1.0,0.0284684993473614,0.9398705477378835
1.0,0.0285028575423558,0.9201526677471911
1.0,0.0285374585817337,0.9267945563623494
1.0,0.028570228365363,0.9361547036572374
1.0,0.0286000636626227,0.9399171867222395
1.0,0.0286265931863663,0.9511946426349
1.0,0.0286499436986087,0.9515916098665178
1.0,0.0286705366036246,0.9390232121704205
1.0,0.0286889272565523,0.9318850002037901
1.0,0.0287056895772964,0.9453204228931295
1.0,0.0287213422760544,0.9526808519387766
1.0,0.028736309530085,0.9251514067211137
1.0,0.0287509076380308,0.9383770393581147
1.0,0.0287653493546161,0.9428478771124027
1.0,0.0287797586888143,0.9263619037699621
1.0,0.0287941904632489,0.9474294526930246
1.0,0.0288086505395735,0.9488672975473933
1.0,0.0288231140908428,0.9580719625227095
1.0,0.0288375405243111,0.9651640313828175
1.0,0.0288518845799903,0.9263070679230229
1.0,0.0288661037578666,0.943959187141967
1.0,0.028880162598194,0.9523302378223439
1.0,0.0288940345084359,0.9462622494158888
1.0,0.0289077018542496,0.9666978006364738
1.0,0.0289211549627588,0.9539201272943977
1.0,0.0289343905675963,0.9411482877173765
1.0,0.0289474100895699,0.9440134806840966
1.0,0.0289602180165687,0.9448325277880303
1.0,0.0289728205346667,0.955143142977455
1.0,0.0289852244753162,0.9558880726553102
1.0,0.0289974365819266,0.9573938181413195
1.0,0.02900946306049,0.9572165660189594
1.0,0.0290213093591041,0.9561047861610154
1.0,0.0290329801153832,0.959637909608727
1.0,0.0290444792142621,0.9586268285976983
1.0,0.0290558099076013,0.9645154681721331
1.0,0.0290669749582062,0.9587526559179643
1.0,0.029077976782212,0.9713715113597436
1.0,0.0290888175738548,0.9640662730266731
1.0,0.0290994994047791,0.9569996037273373
1.0,0.0291100242959823,0.9832342694818647
1.0,0.0291203942644296,0.9682597069223667
1.0,0.0291306113485497,0.9690497436985606
1.0,0.0291406776177057,0.9736125216191276
1.0,0.0291505951706679,0.9654792469964367
1.0,0.0291603661275006,0.9574946411556635
1.0,0.0291699926183626,0.9579494835836734
1.0,0.0291794767717595,0.9609262505079349
1.0,0.0291888207038853,0.9806175638484605
1.0,0.029198026509935,0.963111581641811
1.0,0.029207096257714,0.9560417318019802
1.0,0.0292160319834653,0.9954079951985579
1.0,0.0292248356896183,0.9822150518125837
1.0,0.0292335093440363,0.9767750432516457
1.0,0.0292420548803349,0.9843909243410512
1.0,0.0292504741988771,0.9730745923510301
1.0,0.0292587691681119,0.9736798824138627
1.0,0.0292669416260263,0.9695472897600143
1.0,0.0292749933815353,0.9823744277789423
1.0,0.0292829262157224,0.9805406835292195
1.0,0.0292907418828809,0.9695899045176002
1.0,0.0292984421113605,0.9763749091847677
1.0,0.0293060286042301,0.9740508273186662
1.0,0.0293135030398004,0.9715808211713599
1.0,0.0293208670720304,0.9711875061176646
1.0,0.029328122330865,0.9790096115261767
1.0,0.0293352704225271,0.9601892867744151
1.0,0.0293423129297852,0.975864380471338
1.0,0.0293492514122171,0.97622088401189
1.0,0.0293560874064844,0.976572121698544
1.0,0.0293628224266054,0.97691817131126
1.0,0.0293694579642518,0.977259109481053
1.0,0.0293759954890478,0.977595011707138
1.0,0.0293824364488791,0.97792595237374
1.0,0.0293887822702081,0.978252004766593
1.0,0.0293950343583915,0.978573241089169
1.0,0.0294011940979955,0.978889732478623
1.0,0.0294072628531099,0.979201549021514
1.0,0.0294132419676563,0.97950875976927
1.0,0.0294191327656945,0.979811432753444
1.0,0.0294249365517201,0.980109635000739
1.0,0.0294306546109573,0.980403432547833
1.0,0.0294362882096473,0.98069289045598
1.0,0.0294418385953306,0.98097807282541
1.0,0.0294473069971226,0.98125904280952
1.0,0.0294526946259865,0.981535862628856
1.0,0.0294580026750029,0.9818085935849
1.0,0.02946323231963,0.982077296073642
1.0,0.0294683847179666,0.982342029598962
1.0,0.0294734610110068,0.98260285278581
1.0,0.0294784623228908,0.982859823393192
1.0,0.0294833897611553,0.983112998326965
1.0,0.0294882444169775,0.983362433652434
1.0,0.029493027365417,0.983608184606777
1.0,0.0294977396656537,0.983850305611271
1.0,0.0295023823612222,0.984088850283346
1.0,0.0295069564802428,0.98432387144846
1.0,0.0295114630356499,0.984555421151795
1.0,0.0295159030254148,0.984783550669784
1.0,0.0295202774327694,0.98500831052146
1.0,0.0295245872264205,0.985229750479654
1.0,0.0295288333607675,0.985447919582004
1.0,0.0295330167761125,0.985662866141825
1.0,0.0295371383988678,0.985874637758801
1.0,0.0295411991417622,0.986083281329529
1.0,0.029545199904043,0.986288843057905
1.0,0.0295491415716744,0.98649136846535
1.0,0.0295530250175342,0.9866909024009
1.0,0.029556851101608,0.986887489051128
1.0,0.0295606206711776,0.987081171949937
1.0,0.0295643345610097,0.987271993988196
1.0,0.0295679935935422,0.987459997423239
1.0,0.029571598579063,0.987645223888224
1.0,0.0295751503158928,0.987827714401354
1.0,0.0295786495905594,0.988007509374954
1.0,0.0295820971779739,0.988184648624429
1.0,0.0295854938416005,0.988359171377073
1.0,0.0295888403336273,0.988531116280763
1.0,0.0295921373951304,0.988700521412512
1.0,0.0295953857562412,0.988867424286904
1.0,0.0295985861363059,0.989031861864401
1.0,0.0296017392440446,0.989193870559526
1.0,0.0296048457777101,0.989353486248932
1.0,0.0296079064252408,0.98951074427934
1.0,0.0296109218644134,0.989665679475372
1.0,0.0296138927629943,0.98981832614726
1.0,0.0296168197788858,0.989968718098445
1.0,0.0296197035602714,0.990116888633062
1.0,0.0296225447457625,0.990262870563318
1.0,0.029625343964536,0.990406696216752
1.0,0.0296281018364759,0.990548397443401
1.0,0.0296308189723107,0.990688005622848
1.0,0.0296334959737461,0.990825551671175
1.0,0.0296361334336019,0.990961066047807
1.0,0.0296387319359406,0.991094578762255
1.0,0.0296412920561973,0.991226119380766
1.0,0.0296438143613085,0.991355717032868
1.0,0.0296462994098359,0.991483400417823
1.0,0.0296487477520904,0.991609197810977
1.0,0.0296511599302549,0.991733137070029
1.0,0.0296535364785036,0.991855245641193
1.0,0.0296558779231211,0.991975550565281
1.0,0.0296581847826172,0.992094078483688
1.0,0.0296604575678436,0.992210855644295
1.0,0.0296626967821059,0.992325907907279
1.0,0.0296649029212765,0.992439260750837
1.0,0.0296670764739015,0.992550939276837
1.0,0.0296692179213125,0.992660968216366
1.0,0.0296713277377303,0.992769371935216
1.0,0.0296734063903716,0.992876174439272
1.0,0.0296754543395521,0.992981399379834
1.0,0.0296774720387876,0.993085070058852
1.0,0.0296794599348957,0.993187209434086
1.0,0.0296814184680936,0.99328784012419
1.0,0.0296833480720962,0.993386984413723
1.0,0.0296852491742121,0.993484664258081
1.0,0.0296871221954396,0.99358090128836
1.0,0.0296889675505556,0.993675716816146
1.0,0.0296907856482129,0.993769131838235
1.0,0.0296925768910272,0.993861167041285
1.0,0.029694341675667,0.993951842806391
1.0,0.029696080392942,0.994041179213604
1.0,0.0296977934278897,0.994129196046376
1.0,0.0296994811598594,0.994215912795938
1.0,0.0297011439625976,0.994301348665621
1.0,0.0297027822043301,0.994385522575107
1.0,0.029704396247844,0.994468453164618
1.0,0.0297059864505673,0.994550158799043
1.0,0.0297075531646489,0.994630657572006
1.0,0.0297090967370361,0.994709967309875
1.0,0.0297106175095507,0.994788105575705
1.0,0.0297121158189666,0.994865089673131
1.0,0.0297135919970826,0.994940936650199
1.0,0.0297150463707969,0.995015663303139
1.0,0.0297164792621789,0.995089286180089
1.0,0.0297178909885407,0.995161821584755
1.0,0.0297192818625083,0.995233285580024
1.0,0.0297206521920885,0.995303693991522
1.0,0.0297220022807394,0.995373062411115
1.0,0.0297233324274369,0.995441406200365
1.0,0.0297246429267404,0.99550874049393
1.0,0.0297259340688587,0.995575080202918
1.0,0.0297272061397138,0.995640440018184
1.0,0.0297284594210043,0.99570483441359
1.0,0.0297296941902683,0.995768277649206
1.0,0.0297309107209434,0.995830783774467
1.0,0.0297321092824294,0.995892366631288
1.0,0.029733290140147,0.995953039857126
1.0,0.029734453555595,0.996012816888001
1.0,0.0297355997864113,0.996071710961472
1.0,0.029736729086427,0.996129735119569
1.0,0.0297378417057239,0.996186902211679
1.0,0.0297389378906914,0.996243224897392
1.0,0.0297400178840781,0.996298715649307
1.0,0.0297410819250472,0.996353386755791
1.0,0.0297421302492293,0.996407250323702
1.0,0.029743163088775,0.996460318281069
1.0,0.029744180672405,0.996512602379733
1.0,0.0297451832254629,0.996564114197952
1.0,0.0297461709699622,0.996614865142962
1.0,0.0297471441246382,0.996664866453507
1.0,0.0297481029049953,0.996714129202321
1.0,0.0297490475233537,0.996762664298589
1.0,0.0297499781888984,0.996810482490353
1.0,0.0297508951077243,0.996857594366903
1.0,0.0297517984828819,0.996904010361111
1.0,0.0297526885144235,0.99694974075175
1.0,0.0297535653994445,0.996994795665765
1.0,0.0297544293321306,0.997039185080518
1.0,0.0297552805037991,0.997082918825998
1.0,0.029756119102941,0.997126006586996
1.0,0.0297569453152622,0.997168457905249
1.0,0.0297577593237277,0.997210282181557
1.0,0.029758561308598,0.997251488677861
1.0,0.0297593514474723,0.997292086519293
1.0,0.0297601299153256,0.997332084696203
1.0,0.0297608968845497,0.997371492066144
1.0,0.0297616525249877,0.997410317355836
1.0,0.0297623970039766,0.997448569163096
1.0,0.0297631304863795,0.997486255958747
1.0,0.0297638531346263,0.997523386088489
1.0,0.0297645651087457,0.997559967774749
1.0,0.0297652665664034,0.997596009118502
1.0,0.0297659576629381,0.997631518101065
1.0,0.0297666385513906,0.997666502585864
1.0,0.0297673093825437,0.997700970320175
1.0,0.0297679703049525,0.997734928936841
1.0,0.0297686214649773,0.997768385955961
1.0,0.029769263006816,0.997801348786555
1.0,0.0297698950725389,0.997833824728208
1.0,0.029770517802115,0.99786582097268
1.0,0.0297711313334479,0.997897344605507
1.0,0.0297717358024026,0.997928402607563
0.0,-0.140327668657161,0.9956739998243131
0.0,-0.133350279934362,0.9326531169801157
0.0,-0.113191610814554,0.8012715849962029
0.0,-0.0872159469416454,0.6290035656107094
0.0,-0.0606732965242931,0.48469401905436305
0.0,-0.0368875354933083,0.32824731104331
0.0,-0.0175985037468438,0.21290379761948444
0.0,-0.0033596022414723,0.11417631225922446
0.0,0.006076690156036,0.06794046123314773
0.0,0.011425900220468,0.013454886191252322
0.0,0.0136102326211937,0.00651644986153993
0.0,0.0135722372281383,0.01929953349092759
0.0,0.012156810811755,0.01191299529177781
0.0,0.0100494052616208,0.0464010721236681
0.0,0.0077563410212324,0.04639950159931233
0.0,0.0056135497652802,0.04182252767424964
0.0,0.0038119343207071,0.07565673925694513
0.0,0.0024300723951343,0.07871282686003657
0.0,0.0014676508078104,0.07971575096238935
0.0,0.0008754412524154,0.08184529654305477
0.0,0.0005796230025428,0.08777776606874216
0.0,0.0004997522311889,0.06621918455451146
0.0,0.0005606867294856,0.07937921365787982
0.0,0.0006993648298275,0.08119784263104884
0.0,0.0008675982828092,0.09282185145888723
0.0,0.0010320650628442,0.07067275098328933
0.0,0.0011725655933025,0.0740979326095225
0.0,0.0012794054553069,0.07232935680510175
0.0,0.001350542304342,0.06823888703722726
0.0,0.001388920284688,0.0806511949670116
0.0,0.0014002326529082,0.06599282792528402
0.0,0.0013912118701893,0.06456280133927703
0.0,0.0013684470406392,0.08264704779769828
0.0,0.0013376669208554,0.06953272785688522
0.0,0.0013033956991394,0.04808395611061994
0.0,0.001268880348371,0.05302630788114927
0.0,0.0012361949876574,0.06069337016775033
0.0,0.0012064428663157,0.06275614219437499
0.0,0.0011799952899109,0.07232300448461483
0.0,0.0011567255145762,0.07100016498135775
0.0,0.0011362121539151,0.056707853771772856
0.0,0.0011178998704047,0.04784821875960577
0.0,0.0011012147614954,0.059571415803425204
0.0,0.001085638134088,0.06523476399085233
0.0,0.0010707458277693,0.03602812069325601
0.0,0.0010562215604945,0.04759982961537601
0.0,0.0010418525938911,0.05044213633185162
0.0,0.0010275149350955,0.03235406461892035
0.0,0.0010131537773571,0.05184615723273033
0.0,0.0009987632746604,0.05173481811478872
0.0,0.0009843682693576,0.05941584698771425
0.0,0.0009700093693735,0.06500892970408671
0.0,0.000955731849652,0.02467669205323316
0.0,0.0009415782249408,0.04087635892075387
0.0,0.0009275839695026,0.04781698640762828
0.0,0.0009137756901766,0.04033992859217192
0.0,0.0009001710353963,0.0593872052619073
0.0,0.0008867796919204,0.04524159611168373
0.0,0.0008736049397947,0.03112178618942142
0.0,0.0008606453716868,0.03265866225055397
0.0,0.0008478965129838,0.03216877506475178
0.0,0.0008353521906933,0.04118959218253466
0.0,0.0008230055862497,0.04066362525438686
0.0,0.0008108499689409,0.04091714367773667
0.0,0.0007988791452842,0.03950609961368503
0.0,0.0007870876795066,0.03717872346136359
0.0,0.0007754709461368,0.039514201201891044
0.0,0.0007640250722029,0.037323175195871694
0.0,0.0007527468176313,0.042049317283156126
0.0,0.0007416334312289,0.0351412002641224
0.0,0.0007306825083015,0.04663168899669521
0.0,0.0007198918658848,0.03821476892744775
0.0,0.0007092594434405,0.0300528525078659
0.0,0.0006987832309119,0.05520845892756861
0.0,0.000688461222114,0.03917078200473779
0.0,0.0006782913892384,0.03891341082540645
0.0,0.0006682716733862,0.04244425292617938
0.0,0.0006583999860957,0.033294284550362256
0.0,0.00064867421746,0.024308000992465786
0.0,0.0006390922473275,0.023775959548937645
0.0,0.0006296519570508,0.025780417895719873
0.0,0.0006203512401498,0.0445137828549458
0.0,0.0006111880109992,0.026064000659950362
0.0,0.0006021602112228,0.018064290586754385
0.0,0.0005932658138663,0.05651442793107238
0.0,0.000584502825653,0.042418890087221675
0.0,0.0005758692877363,0.036089619005209995
0.0,0.0005673632753838,0.04282937273742185
0.0,0.0005589828969859,0.0306498546299996
0.0,0.0005507262927163,0.030404708708841065
0.0,0.0005425916330841,0.02543424188639035
0.0,0.0005345771175442,0.037435881992886694
0.0,0.0005266809732606,0.03478883325563618
0.0,0.0005189014540645,0.023036763045433215
0.0,0.0005112368396118,0.029032312327850612
0.0,0.0005036854347193,0.025930436040594966
0.0,0.0004962455688475,0.02269412417324415
0.0,0.0004889155956919,0.02154582238809753
0.0,0.0004816938928498,0.028624092853164508
0.0,0.0004745788615301,0.009070920219370282
0.0,0.0004675689262857,0.0240239908055126
0.0,0.0004606625347504,0.0236691361158001
0.0,0.0004538581573708,0.0233195229250614
