Setpoint,ControllerOutput,PlantOutput
0.0,0.0,0.0
0.0,0.0,0.0
0.0,0.0,0.0
0.0,0.0,0.0
0.0,0.0,0.0
0.0,0.0,0.0
0.0,0.0,0.0
0.0,0.0,0.0
0.0,0.0,0.0
0.0,0.0,0.0
0.0,0.0,0.0
0.0,0.0,0.0
0.0,0.0,0.0
0.0,0.0,0.0
0.0,0.0,0.0
0.0,0.0,0.0
0.0,0.0,0.0
0.0,0.0,0.0
0.0,0.0,0.0
0.0,0.0,0.0
0.0,0.0,0.0
0.0,0.0,0.0
0.0,0.0,0.0
0.0,0.0,0.0
0.0,0.0,0.0
0.0,0.0,0.0
0.0,0.0,0.0
0.0,0.0,0.0
0.0,0.0,0.0
0.0,0.0,0.0
0.0,0.0,0.0
0.0,0.0,0.0
0.0,0.0,0.0
0.0,0.0,0.0
0.0,0.0,0.0
0.0,0.0,0.0
0.0,0.0,0.0
0.0,0.0,0.0
0.0,0.0,0.0
0.0,0.0,0.0
0.0,0.0,0.0
0.0,0.0,0.0
0.0,0.0,0.0
0.0,0.0,0.0
0.0,0.0,0.0
0.0,0.0,0.0
0.0,0.0,0.0
0.0,0.0,0.0
0.0,0.0,0.0
0.0,0.0,0.0
0.0,0.0,0.0
0.0,0.0,0.0
0.0,0.0,0.0
0.0,0.0,0.0
0.0,0.0,0.0
0.0,0.0,0.0
0.0,0.0,0.0
0.0,0.0,0.0
0.0,0.0,0.0
0.0,0.0,0.0
0.0,0.0,0.0
0.0,0.0,0.0
0.0,0.0,0.0
0.0,0.0,0.0
0.0,0.0,0.0
0.0,0.0,0.0
0.0,0.0,0.0
0.0,0.0,0.0
0.0,0.0,0.0
0.0,0.0,0.0
0.0,0.0,0.0
0.0,0.0,0.0
0.0,0.0,0.0
0.0,0.0,0.0
0.0,0.0,0.0
0.0,0.0,0.0
0.0,0.0,0.0
0.0,0.0,0.0
0.0,0.0,0.0
0.0,0.0,0.0
0.0,0.0,0.0
0.0,0.0,0.0
0.0,0.0,0.0
0.0,0.0,0.0
0.0,0.0,0.0
0.0,0.0,0.0
0.0,0.0,0.0
0.0,0.0,0.0
0.0,0.0,0.0
0.0,0.0,0.0
0.0,0.0,0.0
0.0,0.0,0.0
0.0,0.0,0.0
0.0,0.0,0.0
0.0,0.0,0.0
0.0,0.0,0.0
0.0,0.0,0.0
0.0,0.0,0.0
0.0,0.0,0.0
0.0,0.0,0.0
0.0,0.0,0.0
0.0,0.0,0.0
0.0,0.0,0.0
0.0,0.0,0.0
0.0,0.0,0.0
0.0,0.0,0.0
0.0,0.0,0.0
0.0,0.0,0.0
0.0,0.0,0.0
0.0,0.0,0.0
0.0,0.0,0.0
0.0,0.0,0.0
0.0,0.0,0.0
0.0,0.0,0.0
0.0,0.0,0.0
0.0,0.0,0.0
0.0,0.0,0.0
0.0,0.0,0.0
0.0,0.0,0.0
0.0,0.0,0.0
0.0,0.0,0.0
0.0,0.0,0.0
0.0,0.0,0.0
0.0,0.0,0.0
0.0,0.0,0.0
0.0,0.0,0.0
0.0,0.0,0.0
0.0,0.0,0.0
0.0,0.0,0.0
0.0,0.0,0.0
0.0,0.0,0.0
0.0,0.0,0.0
0.0,0.0,0.0
0.0,0.0,0.0
0.0,0.0,0.0
0.0,0.0,0.0
0.0,0.0,0.0
0.0,0.0,0.0
0.0,0.0,0.0
0.0,0.0,0.0
0.0,0.0,0.0
0.0,0.0,0.0
0.0,0.0,0.0
0.0,0.0,0.0
0.0,0.0,0.0
0.0,0.0,0.0
0.0,0.0,0.0
0.0,0.0,0.0
0.0,0.0,0.0
0.0,0.0,0.0
0.0,0.0,0.0
0.0,0.0,0.0
0.0,0.0,0.0
0.0,0.0,0.0
0.0,0.0,0.0
0.0,0.0,0.0
0.0,0.0,0.0
0.0,0.0,0.0
0.0,0.0,0.0
0.0,0.0,0.0
0.0,0.0,0.0
0.0,0.0,0.0
0.0,0.0,0.0
0.0,0.0,0.0
0.0,0.0,0.0
0.0,0.0,0.0
0.0,0.0,0.0
0.0,0.0,0.0
0.0,0.0,0.0
0.0,0.0,0.0
0.0,0.0,0.0
0.0,0.0,0.0
0.0,0.0,0.0
0.0,0.0,0.0
0.0,0.0,0.0
0.0,0.0,0.0
0.0,0.0,0.0
0.0,0.0,0.0
0.0,0.0,0.0
0.0,0.0,0.0
0.0,0.0,0.0
0.0,0.0,0.0
0.0,0.0,0.0
0.0,0.0,0.0
0.0,0.0,0.0
0.0,0.0,0.0
0.0,0.0,0.0
0.0,0.0,0.0
0.0,0.0,0.0
0.0,0.0,0.0
0.0,0.0,0.0
0.0,0.0,0.0
0.0,0.0,0.0
0.0,0.0,0.0
0.0,0.0,0.0
0.0,0.0,0.0
0.0,0.0,0.0
0.0,0.0,0.0
0.0,0.0,0.0
0.0,0.0,0.0
0.0,0.0,0.0
0.0,0.0,0.0
0.0,0.0,0.0
0.0,0.0,0.0
0.0,0.0,0.0
0.0,0.0,0.0
0.0,0.0,0.0
0.0,0.0,0.0
0.0,0.0,0.0
0.0,0.0,0.0
0.0,0.0,0.0
0.0,0.0,0.0
0.0,0.0,0.0
0.0,0.0,0.0
0.0,0.0,0.0
0.0,0.0,0.0
0.0,0.0,0.0
0.0,0.0,0.0
0.0,0.0,0.0
0.0,0.0,0.0
0.0,0.0,0.0
0.0,0.0,0.0
0.0,0.0,0.0
0.0,0.0,0.0
0.0,0.0,0.0
0.0,0.0,0.0
0.0,0.0,0.0
0.0,0.0,0.0
0.0,0.0,0.0
0.0,0.0,0.0
0.0,0.0,0.0
0.0,0.0,0.0
0.0,0.0,0.0
0.0,0.0,0.0
0.0,0.0,0.0
0.0,0.0,0.0
0.0,0.0,0.0
0.0,0.0,0.0
0.0,0.0,0.0
0.0,0.0,0.0
0.0,0.0,0.0
0.0,0.0,0.0
0.0,0.0,0.0
0.0,0.0,0.0
0.0,0.0,0.0
0.0,0.0,0.0
0.0,0.0,0.0
0.0,0.0,0.0
0.0,0.0,0.0
0.0,0.0,0.0
0.0,0.0,0.0
0.0,0.0,0.0
0.0,0.0,0.0
0.0,0.0,0.0
0.0,0.0,0.0
0.0,0.0,0.0
0.0,0.0,0.0
0.0,0.0,0.0
0.0,0.0,0.0
0.0,0.0,0.0
0.0,0.0,0.0
0.0,0.0,0.0
0.0,0.0,0.0
0.0,0.0,0.0
0.0,0.0,0.0
1.0,0.1701,-0.15000000596046448
1.0,0.163123198021,-0.03411861385007858
1.0,0.142965106978289,0.12114471511317859
1.0,0.116990012643787,0.30794329279929794
1.0,0.0904479233522777,0.49355951947625953
1.0,0.0666627151588314,0.6614059462284002
1.0,0.0473742280840264,0.790588112440268
1.0,0.0331358632050521,0.8801051711448469
1.0,0.0237000995075146,0.935225424987645
1.0,0.0183514103337071,0.967736053934395
1.0,0.0161675911296097,0.9836677152716676
1.0,0.0162060921389443,0.9853042179178603
1.0,0.0176220167032256,0.9785562818709058
1.0,0.0197299130431912,0.967793145784677
1.0,0.0220234608240295,0.9557762838925116
1.0,0.0241667284781294,0.9446183672652589
1.0,0.025968813284046,0.9351544180359069
1.0,0.027351137638097,0.92808402023762
1.0,0.0283140148234391,0.9234719460487617
1.0,0.0289066732472834,0.9211900504065627
1.0,0.0292029337354378,0.9204939281648014
1.0,0.0292832402128392,0.9210640690288587
1.0,0.0292227349848425,0.92246716142882
1.0,0.0290844798141147,0.9242763764552941
1.0,0.0289166630437181,0.9261872601526477
1.0,0.0287526067915135,0.9280897185757058
1.0,0.0286125107250415,0.9299139154531293
1.0,0.0285060693527475,0.9315531534520568
1.0,0.028435325107392,0.9328990221261826
1.0,0.0283973339316368,0.9340743774560852
1.0,0.0283864026545756,0.9350789626506654
1.0,0.0283957988994141,0.9359393588908008
1.0,0.0284189336451903,0.936724591022235
1.0,0.0284500782172241,0.9374512731354417
1.0,0.0284847085079212,0.9381429973490876
1.0,0.0285195776239175,0.9388250451603283
1.0,0.0285526115244472,0.9395083291411667
1.0,0.0285827070373765,0.9401637062231901
1.0,0.0286094929331839,0.9408452822034435
1.0,0.0286330960306571,0.9415281233339877
1.0,0.0286539377900061,0.9422216710249939
1.0,0.0286725736214777,0.9429190520287251
1.0,0.0286895774992701,0.941914346922411
1.0,0.0287054681870749,0.942777069678512
1.0,0.0287206699148521,0.943629641560481
1.0,0.0287354990331687,0.944470369869206
1.0,0.0287501683479054,0.945298198497244
1.0,0.0287648019184379,0.946112610453007
1.0,0.0287794546170461,0.946913503998706
1.0,0.0287941323543068,0.947701066911951
1.0,0.0288088103514756,0.94847566429865
1.0,0.0288234480632963,0.949237747944408
1.0,0.0288380002765669,0.94998778964038
1.0,0.0288524245373709,0.950726237190074
1.0,0.0288666854313777,0.951453489640756
1.0,0.0288807564107945,0.952169887345572
1.0,0.0288946198853628,0.952875712394743
1.0,0.0289082662256388,0.953571195434241
1.0,0.0289216922080457,0.954256525653977
1.0,0.0289348992955512,0.954931861577926
1.0,0.0289478920175803,0.955597341093228
1.0,0.0289606766011286,0.95625308983744
1.0,0.0289732599179677,0.956899227589444
1.0,0.0289856487512294,0.9556779307073279
1.0,0.0289978493460417,0.9561701529853768
1.0,0.0290098671890602,0.956661311434257
1.0,0.0290217069558873,0.957148796251932
1.0,0.0290333725688856,0.957624331981179
1.0,0.0290448673167889,0.9580896485979413
1.0,0.029056193998733,0.9585460058199132
1.0,0.0290673550666465,0.9589967980975176
1.0,0.0290783527500296,0.9594396374071303
1.0,0.0290891891552703,0.9598714323469295
1.0,0.0290998663375961,0.9603164417339122
1.0,0.0291103863476969,0.9607377339878388
1.0,0.0291207512572285,0.9611504761196259
1.0,0.029130963168289,0.9615627614328269
1.0,0.0291410242119017,0.9619627039986194
1.0,0.0291509365399061,0.962363701481322
1.0,0.0291607023137677,0.962762057499611
1.0,0.0291703236928365,0.963150405345538
1.0,0.0291798028236949,0.9635346092539833
1.0,0.0291891418314774,0.9639183545864014
1.0,0.0291983428134863,0.964294764130102
1.0,0.0292074078350271,0.9646621989680185
1.0,0.0292163389271605,0.965023284121314
1.0,0.0292251380859603,0.9653800722206451
1.0,0.0292338072728353,0.965733461917817
1.0,0.0292423484155291,0.9660769720126605
1.0,0.0292507634094705,0.9664161516283908
1.0,0.0292590541192244,0.9667516241021822
1.0,0.0292672223798933,0.9670820611789411
1.0,0.0292752699983603,0.9674076433561004
1.0,0.0292831987543378,0.9677402020031265
1.0,0.0292910104012181,0.968060860500074
1.0,0.0292987066667443,0.9683761860222431
1.0,0.0293062892535358,0.9686739731571858
1.0,0.0293137598395021,0.9689674957160501
1.0,0.0293211200781849,0.9784438998120708
1.0,0.0293283715990531,0.975148066161808
1.0,0.0293355160077795,0.975515150265396
1.0,0.0293425548865098,0.975876812232043
1.0,0.0293494897941362,0.976233132150467
1.0,0.0293563222665829,0.976584188926081
1.0,0.0293630538171015,0.976930060298734
1.0,0.0293696859365782,0.977270822860092
1.0,0.0293762200938463,0.977606552070695
1.0,0.0293826577360072,0.977937322276698
1.0,0.0293890002887514,0.978263206726324
1.0,0.0293952491566771,0.978584277586054
1.0,0.0294014057236125,0.978900605956564
1.0,0.0294074713529251,0.979212261888422
1.0,0.0294134473878331,0.97951931439756
1.0,0.0294193351517074,0.979821831480526
1.0,0.0294251359483699,0.98011988012951
1.0,0.0294308510623833,0.980413526347169
1.0,0.0294364817593393,0.980702835161231
1.0,0.0294420292861386,0.980987870638888
1.0,0.0294474948712664,0.981268695900988
1.0,0.0294528797250666,0.981545373136011
1.0,0.0294581850400057,0.981817963613846
1.0,0.02946341199094,0.982086527699367
1.0,0.0294685617353723,0.982351124865796
1.0,0.0294736354137091,0.982611813707882
1.0,0.0294786341495124,0.982868651954881
1.0,0.0294835590497486,0.983121696483336
1.0,0.0294884112050324,0.983371003329678
1.0,0.02949319168987,0.983616627702631
1.0,0.0294979015628949,0.983858623995445
1.0,0.0295025418671042,0.984097045797934
1.0,0.0295071136300886,0.984331945908349
1.0,0.0295116178642598,0.984563376345065
1.0,0.0295160555670759,0.984791388358102
1.0,0.0295204277212615,0.985016032440477
1.0,0.0295247352950248,0.98523735833938
1.0,0.0295289792422733,0.985455415067193
1.0,0.0295331605028251,0.985670250912345
1.0,0.029537280002615,0.985881913450002
1.0,0.0295413386539021,0.986090449552605
1.0,0.0295453373554702,0.986295905400251
1.0,0.0295492769928276,0.986498326490916
1.0,0.0295531584384023,0.986697757650531
1.0,0.0295569825517366,0.986894243042913
1.0,0.0295607501796762,0.98708782617954
1.0,0.0295644621565583,0.987278549929189
1.0,0.0295681193043964,0.987466456527428
1.0,0.0295717224330612,0.987651587585971
1.0,0.0295752723404621,0.987833984101892
1.0,0.0295787698127226,0.988013686466702
1.0,0.0295822156243537,0.988190734475297
1.0,0.0295856105384273,0.988365167334767
1.0,0.0295889553067428,0.988537023673081
1.0,0.0295922506699957,0.988706341547639
1.0,0.0295954973579409,0.988873158453703
1.0,0.0295986960895536,0.989037511332697
1.0,0.0296018475731901,0.989199436580388
1.0,0.0296049525067421,0.989358970054948
1.0,0.0296080115777946,0.989516147084894
1.0,0.0296110254637749,0.989671002476909
1.0,0.0296139948321055,0.989823570523554
1.0,0.0296169203403491,0.989973885010857
1.0,0.029619802636357,0.990121979225799
1.0,0.0296226423584103,0.990267885963686
1.0,0.0296254401353624,0.990411637535406
1.0,0.029628196586778,0.990553265774591
1.0,0.02963091232307,0.990692802044661
1.0,0.0296335879456358,0.990830277245773
1.0,0.029636224046989,0.990965721821663
1.0,0.0296388212108909,0.991099165766385
1.0,0.0296413800124813,0.991230638630958
1.0,0.0296439010184038,0.991360169529905
1.0,0.0296463847869319,0.991487787147706
1.0,0.0296488318680945,0.991613519745142
1.0,0.0296512428037945,0.991737395165564
1.0,0.0296536181279308,0.991859440841048
1.0,0.0296559583665168,0.991979683798479
1.0,0.0296582640377958,0.99209815066553
1.0,0.0296605356523563,0.99221486767656
1.0,0.0296627737132444,0.992329860678427
1.0,0.0296649787160765,0.992443155136206
1.0,0.029667151149148,0.992554776138834
1.0,0.0296692914935421,0.99266474840466
1.0,0.0296714002232359,0.992773096286925
1.0,0.0296734778052052,0.992879843779149
1.0,0.0296755246995279,0.992985014520452
1.0,0.0296775413594872,0.993088631800779
1.0,0.0296795282316695,0.993190718566066
1.0,0.0296814857560659,0.993291297423318
1.0,0.0296834143661684,0.993390390645613
1.0,0.029685314489065,0.993488020177039
1.0,0.0296871865455361,0.993584207637551
1.0,0.0296890309501472,0.993678974327757
1.0,0.0296908481113387,0.99377234123364
1.0,0.0296926384315195,0.9938643290312
1.0,0.0296944023071539,0.993954958091036
1.0,0.0296961401288509,0.994044248482855
1.0,0.0296978522814486,0.994132219979918
1.0,0.0296995391441013,0.994218892063419
1.0,0.0297012010903628,0.994304283926797
1.0,0.02970283848827,0.994388414479989
1.0,0.0297044517004226,0.994471302353614
1.0,0.0297060410840644,0.994552965903103
1.0,0.0297076069911628,0.994633423212761
1.0,0.0297091497684863,0.994712692099772
1.0,0.0297106697576814,0.994790790118146
1.0,0.0297121672953482,0.994867734562605
1.0,0.0297136427131148,0.994943542472413
1.0,0.0297150963377102,0.995018230635151
1.0,0.0297165284910386,0.995091815590431
1.0,0.0297179394902487,0.995164313633563
1.0,0.0297193296478047,0.995235740819159
1.0,0.0297206992715555,0.995306112964695
1.0,0.0297220486648029,0.995375445654004
1.0,0.0297233781263684,0.995443754240736
1.0,0.0297246879506601,0.995511053851755
1.0,0.0297259784277371,0.995577359390487
1.0,0.0297272498433736,0.995642685540221
1.0,0.0297285024791241,0.995707046767364
1.0,0.0297297366123828,0.99577045732464
1.0,0.0297309525164473,0.995832931254248
1.0,0.0297321504605785,0.995894482390973
1.0,0.02973333071006,0.995955124365247
1.0,0.0297344935262562,0.996014870606171
1.0,0.0297356391666717,0.996073734344484
1.0,0.0297367678850078,0.996131728615499
1.0,0.0297378799312171,0.996188866261984
1.0,0.0297389755515614,0.996245159937011
1.0,0.0297400549886651,0.996300622106751
1.0,0.0297411184815679,0.996355265053243
1.0,0.0297421662657791,0.996409100877109
1.0,0.0297431985733299,0.996462141500233
1.0,0.0297442156328234,0.996514398668405
1.0,0.0297452176694859,0.996565883953918
1.0,0.029746204905218,0.996616608758134
1.0,0.0297471775586415,0.996666584314005
1.0,0.0297481358451497,0.996715821688565
1.0,0.029749079976954,0.996764331785376
1.0,0.0297500101631314,0.996812125346949
1.0,0.0297509266096709,0.996859212957114
1.0,0.0297518295195185,0.996905605043372
1.0,0.0297527190926221,0.996951311879202
1.0,0.0297535955259773,0.996996343586333
1.0,0.0297544590136694,0.997040710136988
1.0,0.0297553097469163,0.997084421356091
1.0,0.0297561479141122,0.997127486923446
1.0,0.0297569737008685,0.997169916375875
1.0,0.0297577872900543,0.997211719109335
1.0,0.0297585888618386,0.997252904380997
1.0,0.0297593785937282,0.997293481311294
1.0,0.0297601566606085,0.997333458885945
1.0,0.0297609232347817,0.997372845957939
1.0,0.0297616784860046,0.997411651249501
1.0,0.0297624225815269,0.997449883354023
1.0,0.029763155686128,0.99748755073796
1.0,0.0297638779621527,0.997524661742716
1.0,0.0297645895695486,0.997561224586482
1.0,0.0297652906659001,0.99759724736606
1.0,0.0297659814064646,0.997632738058658
1.0,0.029766661944205,0.997667704523649
1.0,0.0297673324298267,0.997702154504321
1.0,0.0297679930118075,0.997736095629583
1.0,0.0297686438364326,0.997769535415662
1.0,0.0297692850478262,0.997802481267763
1.0,0.0297699167879846,0.997834940481708
1.0,0.0297705391968051,0.997866920245556
1.0,0.02977115241212,0.997898427641191
1.0,0.0297717565697253,0.997929469645892
1.0,0.0297723518034103,0.997960053133876
1.0,0.0297729382449896,0.997990184877826
1.0,0.0297735160243302,0.998019871550382
1.0,0.02977408526938,0.998049119725627
1.0,0.0297746461061978,0.998077935880538
1.0,0.0297751986589805,0.998106326396421
1.0,0.0297757430500905,0.998134297560325
1.0,0.0297762794000827,0.998161855566433
1.0,0.0297768078277305,0.998189006517438
0.0,-0.140322671549945,1.1482157623863525
0.0,-0.133345356638654,1.055042028387915
0.0,-0.113186760240097,0.9041142297605863
0.0,-0.0872111680142835,0.72265367682852
0.0,-0.0606685881857381,0.5397471003103451
0.0,-0.0368828967009041,0.3762213527579257
0.0,-0.0175939334733344,0.23897540093556185
0.0,-0.0033550994747755,0.13463051324899933
0.0,0.0060811264130529,0.0631905859694649
0.0,0.0114302709502091,0.02630351130057437
0.0,0.0136145387915526,0.011117961918488763
0.0,0.0135764797927117,0.012346248039969233
0.0,0.0121609907100544,0.0253317247809032
0.0,0.0100535234192802,0.0373043200859452
0.0,0.0077603983502132,0.0501712981742835
0.0,0.0056175471640738,0.0685621852170464
0.0,0.0038158726745327,0.0808581708808595
0.0,0.0024339525761366,0.0890480646070532
0.0,0.001471473675251,0.09443746408271551
0.0,0.0008792076528643,0.09696606717638266
0.0,0.0005833337700652,0.09735035127243503
0.0,0.0005034081875302,0.09674728517101866
0.0,0.0005642886842536,0.09430431002547705
0.0,0.000702913580671,0.09214460813670734
0.0,0.0008710946155955,0.08937585183719239
0.0,0.0010355097518323,0.08683602089422475
0.0,0.0011759594013151,0.08423654408599374
0.0,0.0012827491338991,0.0819852044557076
0.0,0.0013538365939679,0.0800682809083013
0.0,0.0013921659148643,0.0784364166893317
0.0,0.0014034303423764,0.0770778071534233
0.0,0.0013943623270741,0.0760317878685812
0.0,0.0013715509626059,0.07528200634362076
0.0,0.0013407249952643,0.07409146018625598
0.0,0.0013064086031978,0.07326102841481426
0.0,0.0012718487492832,0.07240347644775609
0.0,0.0012391195427725,0.07149557360142786
0.0,0.0012093242232733,0.07043687473749653
0.0,0.0011828340867847,0.06933240487948687
0.0,0.0011595223800143,0.06817605294138161
0.0,0.0011389677072803,0.06705139527366334
0.0,0.0011206147219118,0.06600219551663723
0.0,0.001103889512345,0.0650431618039037
0.0,0.0010882733766007,0.06409163409834501
0.0,0.0010733421455172,0.06304993358545918
0.0,0.0010587795284289,0.062157239573356504
0.0,0.0010443727784714,0.06110878582303507
0.0,0.0010299978944138,0.06012697526038513
0.0,0.001015600061262,0.0591982095518764
0.0,0.001001173424879,0.058245803120881096
0.0,0.000986742819615,0.057347806888394866
0.0,0.0009723488455113,0.05657190977155162
0.0,0.0009580367697448,0.055790301619875804
0.0,0.0009438490994104,0.05485285985461171
0.0,0.0009298213012319,0.054060376444109215
0.0,0.0009159799746203,0.053238915625185075
0.0,0.0009023427606906,0.05235551455187693
0.0,0.0008889193389918,0.05153012627730787
0.0,0.0008757129824656,0.050703765562888733
0.0,0.000862722276781,0.049888783114442725
0.0,0.0008499427404298,0.04916333327645366
0.0,0.0008373681936258,0.0484524750379989
0.0,0.0008249918111105,0.04774278241044187
0.0,0.0008128068555773,0.04711850187844268
0.0,0.0008008071270466,0.04648726545772584
0.0,0.0007889871833446,0.04578120387285427
0.0,0.0007773423926933,0.045278266547710805
0.0,0.0007658688759077,0.04489634001570187
0.0,0.0007545633867929,0.04417846065701341
0.0,0.0007434231681247,0.04349437722480923
0.0,0.0007324458092666,0.0428204087608233
0.0,0.0007216291214003,0.04215640775777099
0.0,0.0007109710382199,0.041490852431711155
0.0,0.0007004695439858,0.040816662842534476
0.0,0.0006901226269148,0.04016543143452637
0.0,0.0006799282536824,0.039542933255854666
0.0,0.0006698843599551,0.038932395387149245
0.0,0.0006599888519174,0.03832625732530084
0.0,0.000650239614387,0.0334096779636485
0.0,0.0006406345220153,0.0329161917442103
0.0,0.0006311714510345,0.0324299938259093
0.0,0.0006218482899197,0.0319509766501433
0.0,0.0006126629480754,0.031479034305781
0.0,0.0006036133622284,0.031014062464457
0.0,0.0005946975006001,0.0305559583299939
0.0,0.0005859133651605,0.0301046205999274
0.0,0.0005772589923799,0.0296599494364985
0.0,0.000568732452912,0.0292218464444095
0.0,0.0005603318506018,0.0287902146529096
0.0,0.0005520553211441,0.0283649585002319
0.0,0.0005439010306357,0.0279459838189135
0.0,0.0005358671741844,0.0275331978210205
0.0,0.0005279519746709,0.0271265090827169
0.0,0.000520153681707,0.0267258275279397
0.0,0.0005124705707908,0.0263310644111729
0.0,0.0005049009426433,0.0259421322994517
0.0,0.0004974431226893,0.0255589450538051
0.0,0.0004900954606486,0.02518141781036
0.0,0.0004828563302012,0.019132891490604837
0.0,0.0004757241286967,0.0244430101359989
0.0,0.0004686972768858,0.0240819661820317
0.0,0.0004617742186559,0.0237262551468772
0.0,0.0004549534207629,0.0233757982596445
0.0,0.0004482333725521,0.0230305179132818
0.0,0.0004416125856682,0.0226903376471255
0.0,0.0004350895937537,0.0223551821297977
0.0,0.000428662952141,0.0220249771424327
0.0,0.0004223312375382,0.0216996495622095
0.0,0.0004160930477127,0.0213791273461681
0.0,0.0004099470011761,0.0210633395152881
0.0,0.0004038917368713,0.0207522161388156
0.0,0.0003979259138634,0.0204456883188223
0.0,0.0003920482110365,0.0201436881749904
0.0,0.000386257326795,0.0198461488296144
0.0,0.0003805519787714,0.0195530043928167
0.0,0.0003749309035393,0.0192641899479737
0.0,0.0003693928563322,0.0189796415373494
0.0,0.0003639366107666,0.0186992961479369
0.0,0.000358560958571,0.0184230916975042
0.0,0.0003532647093179,0.0181509670208441
0.0,0.0003480466901611,0.0178828618562257
0.0,0.0003429057455767,0.0176187168320456
0.0,0.0003378407371076,0.0173584734536762
0.0,0.000332850543112,0.0171020740905095
0.0,0.0003279340585153,0.016849461963192
0.0,0.0003230901945658,0.0166005811310493
0.0,0.0003183178785938,0.0163553764796973
0.0,0.0003136160537741,0.0161137937088367
0.0,0.0003089836788917,0.0158757793202277
0.0,0.0003044197281119,0.0156412806058436
0.0,0.0002999231907521,0.0154102456361982
0.0,0.0002954930710592,0.0151826232488472
0.0,0.0002911283879878,0.0149583630370581
0.0,0.0002868281749836,0.0147374153386479
0.0,0.0002825914797692,0.0145197312249864
0.0,0.0002784173641331,0.0143052624901603
0.0,0.0002743049037221,0.0140939616402987
0.0,0.0002702531878364,0.0138857818830555
0.0,0.0002662613192278,0.0136806771172473
0.0,0.0002623284139015,0.0134786019226444
0.0,0.0002584536009197,0.0132795115499126
0.0,0.0002546360222095,0.0130833619107033
0.0,0.000250874832372,0.0128901095678903
0.0,0.0002471691984958,0.0126997117259505
0.0,0.0002435182999724,0.0125121262214871
0.0,0.0002399213283141,0.0123273115138923
0.0,0.0002363774869755,0.0121452266761483
0.0,0.0002328859911766,0.0119658313857641
0.0,0.0002294460677296,0.011789085915846
0.0,0.0002260569548669,0.0116149511263001
0.0,0.0002227179020734,0.011443388455165
0.0,0.0002194281699192,0.0112743599100721
0.0,0.0002161870298968,0.0111078280598322
0.0,0.0002129937642593,0.0109437560261464
0.0,0.0002098476658612,0.0107821074754397
0.0,0.0002067480380027,0.0106228466108148
0.0,0.0002036941942744,0.0104659381641248
0.0,0.0002006854584059,0.0103113473881632
0.0,0.000197721164116,0.0101590400489693
0.0,0.0001948006549647,0.010008982418247
0.0,0.0001919232842086,0.0098611412658956
0.0,0.0001890884146569,0.0097154838526513
0.0,0.000186295418531,0.0095719779228368
0.0,0.0001835436773246,0.0094305916972187
0.0,0.0001808325816679,0.0092912938659696
0.0,0.0001781615311915,0.0091540535817349
0.0,0.0001755299343942,0.0090188404528016
0.0,0.0001729372085117,0.0088856245363679
0.0,0.0001703827793877,0.0087543763319127
0.0,0.0001678660813466,0.0086250667746626
0.0,0.0001653865570683,0.0084976672291554
0.0,0.0001629436574649,0.0083721494828991
0.0,0.0001605368415588,0.0082484857401241
0.0,0.0001581655763633,0.0081266486156277
0.0,0.0001558293367642,0.0080066111287101
0.0,0.0001535276054039,0.007888346697199
0.0,0.0001512598725663,0.0077718291315637
0.0,0.0001490256360645,0.0076570326291147
0.0,0.0001468244011292,0.0075439317682902
0.0,0.0001446556802993,0.0074325015030266
0.0,0.000142518993314,0.0073227171572116
0.0,0.0001404138670061,0.0072145544192202
0.0,0.0001383398351978,0.0071079893365306
0.0,0.0001362964385969,0.0070029983104201
0.0,0.0001342832246955,0.006899558090739
0.0,0.0001322997476695,0.0067976457707623
0.0,0.00013034556828,0.0066972387821164
0.0,0.0001284202537762,0.0065983148897819
0.0,0.0001265233777992,0.0065008521871695
0.0,0.0001246545202878,0.0064048290912686
0.0,0.0001228132673857,0.0063102243378683
0.0,0.0001209992113492,0.0062170169768477
0.0,0.0001192119504578,0.0061251863675372
0.0,0.0001174510889243,0.0060347121741474
0.0,0.0001157162368079,0.0059455743612656
0.0,0.0001140070099274,0.0058577531894192
0.0,0.0001123230297764,0.0057712292107043
0.0,0.0001106639234393,0.0056859832644792
0.0,0.0001090293235089,0.0056019964731207
0.0,0.0001074188680046,0.0055192502378446
0.0,0.0001058322002929,0.0054377262345862
0.0,0.0001042689690079,0.0053574064099428
0.0,0.0001027288279737,0.0052782729771758
0.0,0.0001012114361278,0.0052003084122717
0.0,9.97164574454076e-05,0.0051234954500618
0.0,9.82435608650051e-05,0.0050478170803982
0.0,9.67924202152914e-05,0.0049732565443877
0.0,9.53627141427257e-05,0.0048997973306797
0.0,9.39541260404492e-05,0.0048274231718106
0.0,9.25663439781538e-05,0.004756118040601
0.0,9.1199060632971e-05,0.0046858661466062
0.0,8.98519732214914e-05,0.0046166519326202
0.0,8.85247834326586e-05,0.0045484600712299
0.0,8.72171973617109e-05,0.0044812754614209
0.0,8.59289254451501e-05,0.0044150832252339
0.0,8.46596823965359e-05,0.0043498687044694
0.0,8.3409187143349e-05,0.0042856174574422
0.0,8.21771627647697e-05,0.0042223152557827
0.0,8.09633364303453e-05,0.0041599480812868
0.0,7.97674393395245e-05,0.0040985021228107
0.0,7.85892066621913e-05,0.0040379637732132
0.0,7.74283774799822e-05,0.003978319626342
0.0,7.62846947285276e-05,0.0039195564740651
0.0,7.51579051405243e-05,0.0038616613033457
0.0,7.40477591896216e-05,0.0038046212933606
0.0,7.29540110351867e-05,0.0037484238126611
0.0,7.18764184678977e-05,0.0036930564163756
0.0,7.08147428560152e-05,0.003638506843454
0.0,6.97687490926399e-05,0.003584763013952
0.0,6.87382055435531e-05,0.0035318130263566
0.0,6.77228839960145e-05,0.0034796451549499
0.0,6.67225596081705e-05,0.0034282478472133
0.0,6.57370108592403e-05,0.0033776097212681
0.0,6.47660195005409e-05,0.003327719563356
0.0,6.38093705070605e-05,0.0032785663253553
0.0,6.28668520299205e-05,0.0032301391223344
0.0,6.19382553494197e-05,0.0031824272301414
0.0,6.10233748288141e-05,0.0031354200830292
0.0,6.01220078688125e-05,0.0030891072713156
0.0,5.923395486266e-05,0.0030434785390785
0.0,5.83590191519864e-05,0.0029985237818842
0.0,5.74970069832162e-05,0.0029542330445502
0.0,5.66477274646857e-05,0.0029105965189405
0.0,5.58109925243647e-05,0.0028676045417935
0.0,5.49866168681815e-05,0.0028252475925822
0.0,5.41744179390694e-05,0.0027835162914058
0.0,5.33742158764193e-05,0.0027424013969126
0.0,5.25858334763617e-05,0.0027018938042536
0.0,5.18090961524643e-05,0.002661984543066
0.0,5.10438318970761e-05,0.0026226647754869
0.0,5.02898712432635e-05,0.0025839257941962
0.0,4.954704722724e-05,0.0025457590204882
0.0,4.88151953514371e-05,0.002508156002372
0.0,4.80941535480409e-05,0.0024711084126998
0.0,4.73837621431245e-05,0.0024346080473227
0.0,4.66838638212702e-05,0.0023986468232742
0.0,4.59943035907538e-05,0.00236321677698
0.0,4.53149287492002e-05,0.0023283100624944
0.0,4.46455888497947e-05,0.0022939189497632
0.0,4.39861356679311e-05,0.0022600358229115
0.0,4.33364231684115e-05,0.0022266531785574
0.0,4.26963074730974e-05,0.0021937636241503
0.0,4.20656468290669e-05,0.0021613598763338
0.0,4.14443015771988e-05,0.0021294347593328
0.0,4.08321341212603e-05,0.0020979812033646
0.0,4.02290088974133e-05,0.0020669922430732
0.0,3.96347923442356e-05,0.0020364610159866
0.0,3.90493528731224e-05,0.0020063807609975
0.0,3.84725608391125e-05,0.0019767448168659
0.0,3.79042885122471e-05,0.0019475466207438
0.0,3.73444100492289e-05,0.0019187797067223
0.0,3.67928014655752e-05,0.0018904377043991
0.0,3.62493406081583e-05,0.0018625143374685
0.0,3.57139071281536e-05,0.0018350034223309
0.0,3.51863824544045e-05,0.0018078988667238
0.0,3.46666497671212e-05,0.0017811946683725
0.0,3.41545939720848e-05,0.0017548849136611
0.0,3.36501016750708e-05,0.0017289637763229
0.0,3.31530611568168e-05,0.0017034255161497
0.0,3.26633623482266e-05,0.0016782644777216
0.0,3.21808968060319e-05,0.0016534750891535
0.0,3.17055576887597e-05,0.0016290518608622
0.0,3.12372397330667e-05,0.00160498938435
0.0,3.07758392304562e-05,0.0015812823310074
0.0,3.03212540042758e-05,0.0015579254509331
0.0,2.98733833871238e-05,0.0015349135717711
0.0,2.94321281985345e-05,0.0015122415975655
0.0,2.89973907230123e-05,0.0014899045076322
0.0,2.85690746884212e-05,0.0014678973554465
0.0,2.81470852446335e-05,0.0014462152675484
0.0,2.77313289425464e-05,0.0014248534424629
0.0,2.73217137133665e-05,0.0014038071496368
0.0,2.6918148848247e-05,0.0013830717283913
0.0,2.65205449781827e-05,0.0013626425868897
0.0,2.61288140542271e-05,0.0013425152011205
0.0,2.57428693279868e-05,0.0013226851138959
0.0,2.53626253324171e-05,0.0013031479338645
0.0,2.49879978629006e-05,0.0012838993345388
0.0,2.46189039585822e-05,0.0012649350533372
0.0,2.42552618840153e-05,0.0012462508906401
0.0,2.38969911110568e-05,0.0012278427088598
0.0,2.35440123010303e-05,0.0012097064315242
0.0,2.31962472871539e-05,0.0011918380423744
0.0,2.28536190572445e-05,0.0011742335844747
0.0,2.25160517366482e-05,0.0011568891593369
0.0,2.21834705714449e-05,0.0011398009260568
0.0,2.18558019118957e-05,0.0011229651004636
0.0,2.1532973196129e-05,0.0011063779542818
0.0,2.12149129340724e-05,0.0010900358143057
0.0,2.09015506916228e-05,0.001073935061586
0.0,2.05928170750533e-05,0.0010580721306285
0.0,2.02886437156331e-05,0.0010424435086042
0.0,1.99889632545008e-05,0.0010270457345715
0.0,1.96937093277418e-05,0.00101187539871
0.0,1.94028165516925e-05,0.0009969291415652
0.0,1.91162205084566e-05,0.0009822036533045
0.0,1.88338577316559e-05,0.0009676956729843
0.0,1.85556656923536e-05,0.0009534019878282
0.0,1.82815827852248e-05,0.000939319432515
0.0,1.80115483149022e-05,0.0009254448884778
0.0,1.7745502482543e-05,0.000911775283214
0.0,1.74833863725889e-05,0.000898307589604
0.0,1.72251419397074e-05,0.0008850388252419
0.0,1.69707119959464e-05,0.0008719660517738
0.0,1.67200401980701e-05,0.0008590863742483
0.0,1.64730710350766e-05,0.0008463969404746
0.0,1.62297498159138e-05,0.0008338949403913
0.0,1.59900226573573e-05,0.000821577605444
0.0,1.57538364720898e-05,0.0008094422079721
0.0,1.55211389569303e-05,0.0007974860606049
0.0,1.52918785812691e-05,0.0007857065156664
0.0,1.50660045756396e-05,0.0007741009645892
0.0,1.48434669204906e-05,0.0007626668373364
0.0,1.46242163350952e-05,0.0007514016018329
1.0,0.170114408204267,-0.14925970319706008
1.0,0.16313739340388,-0.03338924598585338
1.0,0.142979092683333,0.1218633095959516
1.0,0.117003791768116,0.30865127303259393
1.0,0.0904614989472633,0.49425704224153755
1.0,0.0666760902307746,0.6620931659913252
1.0,0.0473874055948222,0.791265181384915
1.0,0.0331488460728464,0.8807722392074048
1.0,0.0237128906073494,0.935882639889618
1.0,0.0183640124981574,0.968383561215315
1.0,0.0161800071494115,0.9843056583213227
1.0,0.0162183247636117,0.9859327380080523
1.0,0.0176340686416603,0.9791755181867318
1.0,0.0197417869642821,0.96840323545535
1.0,0.0220351593572434,0.9563773620217325
1.0,0.0241782542140938,0.9452105669611319
1.0,0.0259801687751227,0.935737870440418
1.0,0.0273623253989476,0.9286588545556741
1.0,0.0283250373315809,0.9240382895767987
1.0,0.0289175329436389,0.9217480285607467
1.0,0.0292136330248753,0.9210436645087944
1.0,0.0292937814647048,0.9216056853011807
1.0,0.0292331205334849,0.923000777569811
1.0,0.0290947119594026,0.9248021106336741
1.0,0.0289267440515489,0.9267052287916837
1.0,0.0287625388943156,0.9286000363789948
1.0,0.0286222961222682,0.9304166954299993
1.0,0.0285157102113646,0.9320485069425919
1.0,0.0284448235623572,0.9333870588258786
1.0,0.0284066920863728,0.9345552054401431
1.0,0.0283956225814357,0.9355526883979254
1.0,0.0284048826401413,0.9364060873073189
1.0,0.0284278832113687,0.9371844254645151
1.0,0.0284588955907257,0.9379043154333268
1.0,0.0284933956413442,0.9385893478283056
1.0,0.0285281364410184,0.9392648026647114
1.0,0.0285610439205661,0.9399415910545417
1.0,0.0285910148798587,0.9405905684909401
1.0,0.0286176780617924,0.9412658393537576
1.0,0.0286411602579795,0.9419424684987937
1.0,0.0286618829018572,0.9426298959605809
1.0,0.0286804013772937,0.9433212471360661
1.0,0.0286972896324993,0.94231060126718
1.0,0.0287130664055604,0.943167471010806
1.0,0.0287281559012116,0.944014276334255
1.0,0.0287428744451657,0.944849323261416
1.0,0.0287574348188169,0.94567155442671
1.0,0.0287719610574162,0.946480451598997
1.0,0.0287865080094747,0.947275911819245
1.0,0.0288010815621518,0.948058121661861
1.0,0.028815656913632,0.948827445047321
1.0,0.0288301934959274,0.949584332593306
1.0,0.0288446460734417,0.950329254940304
1.0,0.0288589721701942,0.951062658758146
1.0,0.0288731363501153,0.95178494197717
1.0,0.0288871120439953,0.952496443850091
1.0,0.028900881640475,0.953197445382954
1.0,0.0289144354893216,0.953888176153566
1.0,0.0289277703464761,0.954568824299455
1.0,0.0289408876547257,0.955239547307755
1.0,0.0289537919236147,0.955900482044082
1.0,0.0289664893605515,0.956551753139555
1.0,0.0289789868180081,0.957193479381487
1.0,0.0289912910601029,0.9559678361510399
1.0,0.0290034083132316,0.9564557762800078
1.0,0.0290153440455938,0.9569427158307761
1.0,0.0290271029146085,0.9574260440670421
1.0,0.0290386888247236,0.957897484611108
1.0,0.0290501050470231,0.9583587665320453
1.0,0.0290613543632532,0.9588111486540681
1.0,0.0290724392082096,0.9592580245473196
1.0,0.0290833617945134,0.9596970053208944
1.0,0.0290941242119214,0.9601249987185035
1.0,0.0291047284992785,0.9605662627152952
1.0,0.0291151766911311,0.9609838649016178
1.0,0.0291254708432303,0.9613929714712259
1.0,0.0291356130420062,0.961801674922583
1.0,0.0291456054030439,0.9621980885336654
1.0,0.0291554500629727,0.96259560918731
1.0,0.0291651491682741,0.9629905397322539
1.0,0.0291747048635331,0.963375512701979
1.0,0.0291841192807873,0.9637563915840043
1.0,0.0291933945308407,0.9641368610034603
1.0,0.0292025326968759,0.96451004302221
1.0,0.0292115358302885,0.9648742980084525
1.0,0.029220405948434,0.9652322502791799
1.0,0.0292291450338831,0.9655859517712712
1.0,0.0292377550347416,0.9659363004530099
1.0,0.0292462378656466,0.9662768144507955
1.0,0.0292545954091132,0.9666130422243598
1.0,0.0292628295169848,0.9669456064571952
1.0,0.0292709420118298,0.9672731782501821
1.0,0.0292789346881808,0.9675959374662394
1.0,0.0292868093135836,0.9679257148496905
1.0,0.0292945676294443,0.968243633164683
1.0,0.0293022113516952,0.968556258979706
1.0,0.02930974217132,0.9688513862844649
1.0,0.0293171617547645,0.9691422883010931
1.0,0.0293244717442758,0.9786161105625059
1.0,0.0293316737581952,0.975317733213521
1.0,0.0293387693912328,0.975682311190972
1.0,0.0293457602147325,0.976041504049089
1.0,0.0293526477769448,0.976395391329808
1.0,0.0293594336033092,0.976744051399838
1.0,0.0293661191967478,0.977087561468278
1.0,0.0293727060379694,0.977425997603889
1.0,0.0293791955857805,0.977759434752025
1.0,0.0293855892774044,0.978087946751265
1.0,0.0293918885287974,0.978411606349756
1.0,0.0293980947349703,0.978730485221288
1.0,0.0294042092703026,0.979044653981123
1.0,0.0294102334888549,0.979354182201586
1.0,0.0294161687246746,0.979659138427429
1.0,0.0294220162920975,0.979959590190981
1.0,0.0294277774860441,0.980255604027069
1.0,0.0294334535823078,0.980547245487744
1.0,0.0294390458378391,0.98083457915678
1.0,0.0294445554910256,0.981117668663978
1.0,0.0294499837619666,0.98139657669925
1.0,0.0294553318527417,0.981671365026511
1.0,0.0294606009476772,0.981942094497353
1.0,0.0294657922136077,0.98220882506453
1.0,0.0294709068001342,0.982471615795235
1.0,0.029475945839877,0.982730524884185
1.0,0.0294809104487281,0.982985609666509
1.0,0.0294858017260959,0.983236926630448
1.0,0.0294906207551495,0.983484531429866
1.0,0.0294953686030595,0.983728478896571
1.0,0.0295000463212318,0.983968823052463
1.0,0.0295046549455429,0.984205617121493
1.0,0.0295091954965678,0.984438913541451
1.0,0.029513668979807,0.984668763975577
1.0,0.0295180763859084,0.984895219324002
1.0,0.0295224186908869,0.985118329735019
1.0,0.0295266968563419,0.985338144616191
1.0,0.0295309118296678,0.985554712645285
1.0,0.0295350645442656,0.985768081781059
1.0,0.0295391559197498,0.98597829927388
1.0,0.0295431868621512,0.986185411676184
1.0,0.0295471582641169,0.98638946485279
1.0,0.0295510710051103,0.986590503991055
1.0,0.0295549259516033,0.986788573610878
1.0,0.0295587239572701,0.986983717574564
1.0,0.0295624658631741,0.987175979096534
1.0,0.0295661524979571,0.987365400752893
1.0,0.0295697846780199,0.987552024490865
1.0,0.0295733632077053,0.987735891638075
1.0,0.0295768888794743,0.987917042911703
1.0,0.0295803624740838,0.988095518427505
1.0,0.029583784760757,0.988271357708691
1.0,0.029587156497356,0.98844459969468
1.0,0.0295904784305481,0.988615282749723
1.0,0.0295937512959716,0.988783444671399
1.0,0.0295969758183994,0.988949122698985
1.0,0.0296001527118985,0.9891123535217
1.0,0.0296032826799881,0.989273173286836
1.0,0.0296063664157966,0.989431617607755
1.0,0.0296094046022137,0.989587721571781
1.0,0.0296123979120435,0.98974151974797
1.0,0.0296153470081497,0.989893046194761
1.0,0.0296182525436073,0.990042334467524
1.0,0.0296211151618442,0.990189417625984
1.0,0.0296239354967838,0.99033432824155
1.0,0.0296267141729862,0.99047709840452
1.0,0.0296294518057865,0.990617759731193
1.0,0.0296321490014304,0.990756343370869
1.0,0.0296348063572087,0.990892880012746
1.0,0.0296374244615902,0.991027399892716
1.0,0.0296400038943512,0.991159932800061
1.0,0.0296425452267044,0.99129050808405
1.0,0.0296450490214251,0.991419154660439
1.0,0.0296475158329763,0.991545901017874
1.0,0.0296499462076301,0.9916707752242
1.0,0.0296523406835909,0.991793804932675
1.0,0.0296546997911125,0.991915017388095
1.0,0.0296570240526166,0.992034439432829
1.0,0.0296593139828087,0.992152097512758
1.0,0.0296615700887914,0.992268017683138
1.0,0.0296637928701764,0.992382225614367
1.0,0.0296659828191972,0.992494746597666
1.0,0.029668140420815,0.992605605550686
1.0,0.0296702661528283,0.992714827023024
1.0,0.0296723604859781,0.992822435201657
1.0,0.0296744238840532,0.9929284539163
1.0,0.0296764568039893,0.993032906644683
1.0,0.0296784596959756,0.993135816517749
1.0,0.0296804330035501,0.993237206324781
1.0,0.0296823771636991,0.99333709851844
1.0,0.0296842926069549,0.993435515219747
1.0,0.0296861797574912,0.993532478222972
1.0,0.0296880390332146,0.99362800900047
1.0,0.0296898708458599,0.993722128707427
1.0,0.0296916756010799,0.993814858186551
1.0,0.0296934536985363,0.993906217972686
1.0,0.0296952055319861,0.993996228297356
1.0,0.0296969314893716,0.994084909093254
1.0,0.0296986319529036,0.994172279998644
1.0,0.0297003072991482,0.99425836036172
1.0,0.0297019578991087,0.994343169244885
1.0,0.0297035841183095,0.994426725428975
1.0,0.0297051863168745,0.994509047417417
1.0,0.0297067648496085,0.994590153440327
1.0,0.0297083200660766,0.994670061458546
1.0,0.0297098523106796,0.994748789167618
1.0,0.0297113619227312,0.994826354001709
1.0,0.0297128492365335,0.99490277313747
1.0,0.0297143145814509,0.994978063497834
1.0,0.0297157582819816,0.995052241755772
1.0,0.029717180657832,0.995125324337978
1.0,0.029718582023986,0.995197327428512
1.0,0.0297199626907743,0.99526826697238
1.0,0.0297213229639439,0.995338158679068
1.0,0.0297226631447263,0.995407018026019
1.0,0.0297239835299026,0.995474860262061
1.0,0.0297252844118709,0.995541700410785
1.0,0.02972656607871,0.995607553273869
1.0,0.0297278288142442,0.995672433434358
1.0,0.0297290728981041,0.995736355259896
1.0,0.0297302986057908,0.9957993329059
1.0,0.0297315062087367,0.995861380318702
1.0,0.0297326959743638,0.995922511238636
1.0,0.0297338681661441,0.995982739203077
1.0,0.0297350230436582,0.996042077549444
1.0,0.0297361608626532,0.996100539418149
1.0,0.0297372818750972,0.996158137755511
1.0,0.0297383863292373,0.996214885316618
1.0,0.029739474469654,0.996270794668157
1.0,0.0297405465373148,0.996325878191194
1.0,0.0297416027696276,0.996380148083916
1.0,0.0297426434004937,0.996433616364332
1.0,0.02974366866036,0.996486294872935
1.0,0.0297446787762694,0.996538195275324
1.0,0.0297456739719109,0.996589329064787
1.0,0.0297466544676694,0.996639707564846
1.0,0.0297476204806746,0.996689341931767
1.0,0.0297485722248492,0.996738243157025
1.0,0.0297495099109557,0.996786422069746
1.0,0.0297504337466439,0.996833889339097
1.0,0.029751343936496,0.996880655476654
1.0,0.0297522406820725,0.996926730838728
1.0,0.0297531241819571,0.996972125628658
1.0,0.0297539946317997,0.997016849899071
1.0,0.02975485222436,0.99706091355411
1.0,0.0297556971495518,0.997104326351622
1.0,0.0297565295944822,0.997147097905324
1.0,0.029757349743496,0.997189237686932
1.0,0.0297581577782136,0.997230755028255
1.0,0.0297589538775738,0.997271659123263
1.0,0.0297597382178716,0.997311959030123
1.0,0.0297605109727985,0.997351663673208
1.0,0.0297612723134804,0.997390781845066
1.0,0.0297620224085153,0.997429322208376
1.0,0.0297627614240108,0.997467293297859
1.0,0.029763489523621,0.997504703522173
1.0,0.0297642068685828,0.99754156116577
1.0,0.029764913617752,0.997577874390736
1.0,0.0297656099276371,0.997613651238595
1.0,0.0297662959524352,0.997648899632094
1.0,0.0297669718440652,0.997683627376949
1.0,0.0297676377522034,0.997717842163584
1.0,0.029768293824314,0.997751551568824
1.0,0.0297689402056833,0.997784763057583
1.0,0.0297695770394519,0.997817483984508
1.0,0.0297702044666464,0.997849721595614
1.0,0.0297708226262094,0.997881483029883
1.0,0.0297714316550317,0.997912775320852
1.0,0.0297720316879826,0.997943605398165
1.0,0.029772622857938,0.997973980089109
1.0,0.0297732052958122,0.998003906120128
1.0,0.0297737791305854,0.998033390118308
1.0,0.0297743444893328,0.998062438612849
1.0,0.0297749014972524,0.998091058036508
1.0,0.0297754502776932,0.998119254727027
1.0,0.0297759909521813,0.998147034928532
1.0,0.0297765236404492,0.998174404792918
0.0,-0.14032295153954,1.1482013763416776
0.0,-0.133345632492565,1.0550278548373107
0.0,-0.113187032019411,0.9041002655653363
0.0,-0.0872114357791873,0.722639918896267
0.0,-0.0606688519955272,0.5397335455944101
0.0,-0.0368831566139989,0.37620799825663165
0.0,-0.0175941895472929,0.23896224369156885
0.0,-0.0033553517663047,0.13461755034865033
0.0,0.0060808778480836,0.0631778145421393
0.0,0.0114300260567552,0.02629092851805337
0.0,0.0136142975153822,0.01110556499432886
0.0,0.0135762420803951,0.012334034228884835
0.0,0.0121607565089502,0.0253196913781591
0.0,0.0100532926775247,0.0372924644267573
0.0,0.0077601710167088,0.050159617633229
0.0,0.0056173231884779,0.06855067720748201
0.0,0.0038156520072464,0.0808468328543487
0.0,0.002433735168293,0.08903689405280239
0.0,0.0014712594787054,0.09442645852701742
0.0,0.000878996620183,0.09695522418206877
0.0,0.0005831258545156,0.09733966843833594
0.0,0.0005032033430697,0.09673676013143216
0.0,0.0005640868655193,0.09429394044964455
0.0,0.0007027147429705,0.09213439172829753
0.0,0.0008708987148963,0.0893657863337928
0.0,0.0010353167447524,0.08682610406684024
0.0,0.001175769245113,0.08422677373855383
0.0,0.0012825617864655,0.0819755784245792
0.0,0.0013536520138147,0.0800587970618101
0.0,0.0013919840611164,0.07842707292729009
0.0,0.0014032511747624,0.0770686014066654
0.0,0.0013941858059177,0.0760227180985042
0.0,0.0013713770488165,0.07527307054173396
0.0,0.0013405536503291,0.07408265637373568
0.0,0.0013062397891724,0.07325235464206546
0.0,0.0012716824287839,0.07239493079398139
0.0,0.001238955678968,0.07148715417420136
0.0,0.0012091627798761,0.07042857967234513
0.0,0.0011826750280433,0.06932423233947738
0.0,0.0011593656707052,0.06816800111671381
0.0,0.0011388133127008,0.06704346238126935
0.0,0.0011204626078709,0.06599437979978653
0.0,0.0011037396451574,0.06503546153181439
0.0,0.0010881257230784,0.0640840475658
0.0,0.0010731966729624,0.06304245911242909
0.0,0.0010586362046272,0.06214987550462721
0.0,0.0010442315716835,0.061101530527841466
0.0,0.00102985877337,0.060119827132049934
0.0,0.0010154629951538,0.0591911670074542
0.0,0.0010010383833535,0.0582388646008081
0.0,0.0009866097727673,0.057340970856143265
0.0,0.0009722177638783,0.056565174713289416
0.0,0.0009579076242985,0.05578366604413171
0.0,0.000943721861552,0.05484632229194461
0.0,0.0009296959427844,0.05405393544678301
0.0,0.0009158564678233,0.05323256976684788
0.0,0.0009022210781937,0.05234926242724523
0.0,0.0008887994538483,0.05152396650185537
0.0,0.0008755948681273,0.050697696772539734
0.0,0.0008626059070917,0.04988280396527013
0.0,0.0008498280896193,0.04915744244438116
0.0,0.0008372552363049,0.0484466712185083
0.0,0.0008248805222649,0.047737064318283576
0.0,0.0008126972105624,0.04711286824735118
0.0,0.0008006991015815,0.046481715040139746
0.0,0.0007888807535071,0.045775735439639566
0.0,0.0007772375349148,0.04527287888788881
0.0,0.0007657655669675,0.04489103193618117
0.0,0.0007544616038132,0.04417323098232551
0.0,0.0007433228885658,0.043489224796848226
0.0,0.0007323470109218,0.0428153324385897
0.0,0.0007215317823908,0.042151406417118696
0.0,0.00071087513699,0.041485924965098654
0.0,0.0007003750592984,0.04081180815877958
0.0,0.0006900295378463,0.04016064845856467
0.0,0.0006798365396183,0.03953822092850107
0.0,0.0006697940005855,0.03892775266486414
0.0,0.0006598998272323,0.03832168317995844
0.0,0.0006501519046719,0.0334051713823091
0.0,0.000640548107847,0.0329117517288964
0.0,0.0006310863132767,0.0324256193933843
0.0,0.0006217644097187,0.0319466668316937
0.0,0.0006125803068561,0.0314747881470023
0.0,0.0006035319416899,0.0310098790250418
0.0,0.000594617282712,0.0305518366835241
0.0,0.0005858343321585,0.0301005598336688
0.0,0.0005771811267623,0.0296559486511988
0.0,0.0005686557374356,0.0292179047540991
0.0,0.000560256268278,0.0287863311847054
0.0,0.0005519808552353,0.0283611323941441
0.0,0.0005438276646515,0.0279422142276551
0.0,0.0005357948918779,0.0275294839098195
0.0,0.0005278807600354,0.0271228500291316
0.0,0.0005200835189719,0.0267222225216767
0.0,0.0005124014444188,0.0263275126539073
0.0,0.0005048328373264,0.0259386330046509
0.0,0.0004973760233457,0.0255554974465539
0.0,0.0004900293524192,0.0251780211271896
0.0,0.0004827911984464,0.01912954497932334
0.0,0.0004756599589931,0.0244397130555249
0.0,0.0004686340550231,0.0240787178022305
0.0,0.0004617119306337,0.0237230547483985
0.0,0.0004548920527875,0.0233726451337635
0.0,0.0004481729110338,0.0230274113617422
0.0,0.0004415530172177,0.0226872769819849
0.0,0.0004350309051797,0.022352166673275
0.0,0.000428605130447,0.0220220062267583
0.0,0.0004222742699195,0.0216967225294773
0.0,0.000416036921554,0.0213762435481898
0.0,0.0004098917040484,0.0210604983134498
0.0,0.0004038372565289,0.0207494169039361
0.0,0.000397872238242,0.0204429304310142
0.0,0.0003919953282495,0.0201409710235223
0.0,0.0003862052251316,0.0198434718127761
0.0,0.0003805006466937,0.0195503669177857
0.0,0.0003748803296798,0.019261591430684
0.0,0.0003693430294915,0.0189770814023622
0.0,0.0003638875199106,0.018696773828313
0.0,0.0003585125928285,0.0184206066346786
0.0,0.0003532170579784,0.0181485186645024
0.0,0.0003479997426723,0.017880449664182
0.0,0.0003428594915421,0.0176163402701226
0.0,0.0003377951662843,0.0173561319955869
0.0,0.0003328056454083,0.0170997672177404
0.0,0.0003278898239888,0.0168471891648886
0.0,0.0003230466134208,0.0165983419039029
0.0,0.0003182749411792,0.0163531703278335
0.0,0.0003135737505814,0.0161116201437055
0.0,0.0003089420005531,0.0158736378604955
0.0,0.0003043786653976,0.0156391707772863
0.0,0.000299882734569,0.0154081669715967
0.0,0.0002954532124481,0.0151805752878834
0.0,0.0002910891181222,0.0149563453262132
0.0,0.0002867894851671,0.0147354274311022
0.0,0.0002825533614342,0.0145177726805197
0.0,0.0002783798088382,0.0143033328750552
0.0,0.0002742679031508,0.0140920605272439
0.0,0.0002702167337948,0.0138839088510515
0.0,0.0002662254036433,0.0136788317515133
0.0,0.0002622930288206,0.0134767838145261
0.0,0.0002584187385065,0.013277720296792
0.0,0.0002546016747436,0.0130815971159093
0.0,0.0002508409922473,0.012888370840611
0.0,0.0002471358582185,0.0126979986811466
0.0,0.0002434854521592,0.0125104384798067
0.0,0.0002398889656909,0.0123256487015868
0.0,0.0002363456023757,0.0121435884249897
0.0,0.0002328545775394,0.0119642173329634
0.0,0.0002294151180984,0.011787495703973
0.0,0.000226026462388,0.0116133844032041
0.0,0.0002226878599942,0.0114418448738968
0.0,0.000219398571587,0.0112728391288073
0.0,0.0002161578687571,0.0111063297417954
0.0,0.0002129650338543,0.0109422798395367
0.0,0.0002098193598287,0.0107806530933573
0.0,0.0002067201500743,0.0106214137111882
0.0,0.0002036667182743,0.01046452642964
0.0,0.0002006583882496,0.0103099565061931
0.0,0.0001976944938088,0.0101576697115047
0.0,0.0001947743786006,0.010007632321828
0.0,0.0001918973959686,0.0098598111115448
0.0,0.0001890629088082,0.0097141733458075
0.0,0.0001862702894252,0.0095706867732897
0.0,0.0001835189193971,0.0094293196190446
0.0,0.0001808081894359,0.0092900405774681
0.0,0.0001781374992535,0.0091528188053667
0.0,0.0001755062574283,0.0090176239151267
0.0,0.0001729138812746,0.0088844259679854
0.0,0.0001703597967137,0.0087531954674009
0.0,0.0001678434381462,0.0086239033525204
0.0,0.0001653642483271,0.0084965209917442
0.0,0.0001629216782427,0.0083710201763858
0.0,0.0001605151869884,0.008247373114425
0.0,0.0001581442416492,0.0081255524243531
0.0,0.0001558083171819,0.0080055311291096
0.0,0.0001535068962986,0.0078872826501079
0.0,0.0001512394693521,0.0077707808013498
0.0,0.000149005534223,0.0076559997836264
0.0,0.000146804596209,0.0075429141788051
0.0,0.0001446361679146,0.0074314989442005
0.0,0.0001424997691437,0.007321729407029
0.0,0.0001403949267931,0.0072135812589448
0.0,0.0001383211747478,0.0071070305506572
0.0,0.0001362780537776,0.0070020536866265
0.0,0.0001342651114355,0.0068986274198394
0.0,0.0001322819019577,0.0067967288466605
0.0,0.0001303279861645,0.0066963354017606
0.0,0.0001284029313634,0.0065974248531196
0.0,0.0001265063112531,0.0064999752971029
0.0,0.0001246377058291,0.0064039651536115
0.0,0.0001227967012908,0.0063093731613025
0.0,0.0001209828899496,0.0062161783728811
0.0,0.0001191958701391,0.0061243601504619
0.0,0.0001174352461255,0.0060338981609984
0.0,0.0001157006280206,0.0059447723717807
0.0,0.0001139916316952,0.0058569630459986
0.0,0.0001123078786937,0.0057704507383717
0.0,0.000110648996151,0.0056852162908426
0.0,0.0001090146167092,0.0056012408283347
0.0,0.0001074043784368,0.0055185057545725
0.0,0.0001058179247483,0.0054369927479629
0.0,0.0001042549043252,0.0053566837575385
0.0,0.0001027149710383,0.0052775609989599
0.0,0.0001011977838711,0.0051996069505775
0.0,9.97030068440805e-05,0.0051228043495512
0.0,9.82303089404682e-05,0.0050471361880278
0.0,9.67793640328993e-05,0.0049725857093746
0.0,9.53498508112285e-05,0.0048991364044682
0.0,9.39414527112575e-05,0.0048267720080394
0.0,9.25538578447627e-05,0.0047554764950705
0.0,9.11867589303561e-05,0.0046852340772469
0.0,8.98398532254499e-05,0.004616029199461
0.0,8.85128424592263e-05,0.0045478465363671
0.0,8.72054327665864e-05,0.004480670988988
0.0,8.59173346230632e-05,0.0044144876813711
0.0,8.46482627807066e-05,0.0043492819572941
0.0,8.3397936204925e-05,0.0042850393770199
0.0,8.21660780122441e-05,0.0042217457140982
0.0,8.09524154090011e-05,0.0041593869522156
0.0,7.97566796309213e-05,0.0040979492820914
0.0,7.8578605883603e-05,0.0040374190984199
0.0,7.7417933283877e-05,0.003977782996857
0.0,7.62744048020542e-05,0.0039190277710523
0.0,7.51477672049777e-05,0.0038611404097244
0.0,7.40377709999782e-05,0.0038041080937795
0.0,7.29441703795769e-05,0.0037479181934727
0.0,7.18667231670994e-05,0.0036925582656112
0.0,7.08051907630305e-05,0.0036380160507985
0.0,6.97593380921541e-05,0.0035842794707199
0.0,6.87289335515318e-05,0.0035313366254678
0.0,6.77137489591764e-05,0.003479175790906
0.0,6.67135595035576e-05,0.003427785416074
0.0,6.57281436938079e-05,0.0033771541206287
0.0,6.47572833106513e-05,0.0033272706923242
0.0,6.38007633581017e-05,0.003278124084529
0.0,6.28583720158407e-05,0.0032297034137799
0.0,6.19299005923321e-05,0.0031819979573715
0.0,6.10151434785669e-05,0.0031349971509818
0.0,6.01138981025859e-05,0.003088690586333
0.0,5.92259648845572e-05,0.0030430680088861
0.0,5.83511471926382e-05,0.0029981193155707
0.0,5.7489251299378e-05,0.002953834552547
0.0,5.66400863388633e-05,0.0029102039130018
0.0,5.58034642644464e-05,0.0028672177349773
0.0,5.49791998070495e-05,0.0028248664992304
0.0,5.41671104342112e-05,0.0027831408271257
0.0,5.33670163096016e-05,0.0027420314785582
0.0,5.25787402532417e-05,0.0027015293499067
0.0,5.18021077022639e-05,0.0026616254720187
0.0,5.10369466722102e-05,0.0026223110082233
0.0,5.02830877190004e-05,0.0025835772523749
0.0,4.95403639013785e-05,0.002545415626925
0.0,4.88086107439598e-05,0.0025078176810227
0.0,4.80876662007947e-05,0.0024707750886435
0.0,4.73773706194981e-05,0.0024342796467452
0.0,4.66775667058647e-05,0.0023983232734515
0.0,4.5988099489077e-05,0.0023628980062624
0.0,4.53088162873719e-05,0.0023279960002904
0.0,4.46395666742067e-05,0.0022936095265241
0.0,4.39802024449765e-05,0.0022597309701159
0.0,4.3330577584183e-05,0.002226352828696
0.0,4.26905482331028e-05,0.0021934677107108
0.0,4.20599726579304e-05,0.0021610683337866
0.0,4.14387112183771e-05,0.0021291475231161
0.0,4.08266263367749e-05,0.0020976982098702
0.0,4.02235824675766e-05,0.0020667134296325
0.0,3.96294460673664e-05,0.0020361863208567
0.0,3.9044085565286e-05,0.0020061101233475
0.0,3.84673713338841e-05,0.0019764781767633
0.0,3.78991756604073e-05,0.0019472839191415
0.0,3.73393727185443e-05,0.0019185208854453
0.0,3.67878385405286e-05,0.0018901827061317
0.0,3.62444509897225e-05,0.0018622631057416
0.0,3.5709089733528e-05,0.0018347559015095
0.0,3.51816362167759e-05,0.0018076550019947
0.0,3.46619736354518e-05,0.0017809544057321
0.0,3.41499869108385e-05,0.0017546481999036
0.0,3.36455626640218e-05,0.0017287305590281
0.0,3.31485891908075e-05,0.0017031957436721
0.0,3.26589564369449e-05,0.0016780380991781
0.0,3.21765559737931e-05,0.001653252054413
0.0,3.1701280974291e-05,0.0016288321205338
0.0,3.12330261892993e-05,0.0016047728897724
0.0,3.07716879242963e-05,0.0015810690342383
0.0,3.03171640164308e-05,0.001557715304738
0.0,2.98693538118636e-05,0.0015347065296133
0.0,2.94281581435137e-05,0.0015120376135959
0.0,2.89934793090731e-05,0.0014897035366786
0.0,2.85652210493779e-05,0.0014676993530043
0.0,2.81432885271063e-05,0.0014460201897701
0.0,2.7727588305753e-05,0.0014246612461487
0.0,2.73180283289487e-05,0.001403617792225
0.0,2.69145179000799e-05,0.0013828851679489
0.0,2.65169676621959e-05,0.0013624587821031
0.0,2.61252895782278e-05,0.0013423341112864
0.0,2.57393969114866e-05,0.0013225066989122
0.0,2.53592042064529e-05,0.0013029721542213
0.0,2.4984627269865e-05,0.0012837261513099
0.0,2.46155831520635e-05,0.0012647644281713
0.0,2.42519901286226e-05,0.0012460827857525
0.0,2.38937676822638e-05,0.0012276770870238
0.0,2.35408364850104e-05,0.0012095432560631
0.0,2.31931183806294e-05,0.0011916772771531
0.0,2.285053636732e-05,0.001174075193892
0.0,2.25130145806648e-05,0.0011567331083173
0.0,2.21804782768315e-05,0.0011396471800431
0.0,2.18528538160085e-05,0.0011228136254087
0.0,2.15300686461171e-05,0.0011062287166418
0.0,2.12120512867262e-05,0.0010898887810322
0.0,2.08987313132358e-05,0.0010737902001186
0.0,2.0590039341269e-05,0.0010579294088877
0.0,2.02859070113342e-05,0.0010423028949844
0.0,1.99862669736407e-05,0.0010269071979341
0.0,1.96910528732375e-05,0.0010117389083761
0.0,1.94001993352681e-05,0.0009967946673092
0.0,1.91136419505408e-05,0.0009820711653472
0.0,1.88313172612229e-05,0.0009675651419865
0.0,1.85531627468222e-05,0.0009532733848838
0.0,1.82791168103196e-05,0.000939192729145
0.0,1.80091187645375e-05,0.000925320056624
0.0,1.77431088186977e-05,0.0009116522952324
0.0,1.74810280651871e-05,0.0008981864182592
0.0,1.72228184665037e-05,0.0008849194437005
0.0,1.69684228424113e-05,0.000871848433599
0.0,1.67177848572706e-05,0.0008589704933936
0.0,1.64708490075736e-05,0.0008462827712783
0.0,1.62275606096409e-05,0.0008337824575708
0.0,1.59878657875149e-05,0.0008214667840901
0.0,1.57517114610407e-05,0.0008093330235435
0.0,1.55190453340979e-05,0.0007973784889228
0.0,1.52898158830191e-05,0.0007856005329092
0.0,1.50639723451931e-05,0.0007739965472871
1.0,0.170114841464708,-0.14923744199809807
1.0,0.163137820264697,-0.03336731360366518
1.0,0.142979513239055,0.12188491801826859
1.0,0.117004206111873,0.3086725622802009
1.0,0.0904619071708117,0.4942780170289165
1.0,0.0666764924245153,0.6621138309633192
1.0,0.0473878018478208,0.79128554111776
1.0,0.0331492364728524,0.8807922982097418
1.0,0.0237132752408163,0.935902402603492
1.0,0.0183643914502621,0.968403032017156
1.0,0.0161803805040724,0.9843248415229207
1.0,0.0162186926035078,0.9859516378575063
1.0,0.0176344310482496,0.9791941388693918
1.0,0.0197421440178187,0.968421581094748
1.0,0.0220355111367968,0.9563954366804905
1.0,0.0241786007975652,0.9452283746418629
1.0,0.0259805102392624,0.935755415086613
1.0,0.0273626618193725,0.928676140052577
1.0,0.0283253687827911,0.9240553197522647
1.0,0.0289178594990338,0.9217648071860887
1.0,0.0292139547567704,0.9210601952996214
1.0,0.0292940984443469,0.9216219719182187
1.0,0.0292334328310692,0.923016823619713
1.0,0.0290950196440867,0.9248179196698212
1.0,0.0289270471914695,0.9267208043149697
1.0,0.0287628375566026,0.9286153818386028
1.0,0.0286225903730603,0.9304318142241642
1.0,0.028516000115823,0.9320634024193548
1.0,0.0284451091846811,0.9334017342838267
1.0,0.0284069734898131,0.9345696641291412
1.0,0.0283958998283085,0.9355669335198333
1.0,0.0284051557918428,0.9364201220167039
1.0,0.0284281523283882,0.937198252869349
1.0,0.0284591607326592,0.9379179385956737
1.0,0.0284936568669065,0.9386027697649986
1.0,0.0285283938080578,0.9392780263480253
1.0,0.0285612974860763,0.9399546194128466
1.0,0.0285912646999915,0.9406034044093521
1.0,0.0286179241918698,0.9412784856747776
1.0,0.0286414027525073,0.9419549280229347
1.0,0.0286621218145351,0.9426421714469929
1.0,0.0286806367610286,0.9433333413031411
1.0,0.0286975215394172,0.942322516793158
1.0,0.0287132948870168,0.943179210534368
1.0,0.028728381007803,0.944025842455104
1.0,0.0287430962267419,0.944860718540859
1.0,0.0287576533244915,0.94568278138822
1.0,0.0287721763355766,0.946491512728772
1.0,0.0287867201077943,0.947286809566759
1.0,0.0288012905275996,0.948068858440409
1.0,0.0288158627924826,0.948838023234551
1.0,0.0288303963337733,0.949594754531747
1.0,0.0288448459152006,0.950339522937882
1.0,0.0288591690601208,0.951072775088698
1.0,0.0288733303318107,0.951794908880947
1.0,0.0288873031604173,0.952506263534251
1.0,0.0289010699339456,0.953207120022057
1.0,0.0289146210015381,0.953897707890051
1.0,0.0289279531185196,0.954578215244114
1.0,0.0289410677270714,0.955248799540203
1.0,0.0289539693361396,0.955909597613215
1.0,0.0289666641525426,0.956560734064008
1.0,0.0289791590281732,0.957202327650076
1.0,0.028991460726578,0.9559765537232039
1.0,0.0290035754735891,0.9564643650862428
1.0,0.0290155087368513,0.956951177773065
1.0,0.0290272651732364,0.957434381019271
1.0,0.0290388486866542,0.957905698419488
1.0,0.0290502625476576,0.9583668590155143
1.0,0.0290615095374696,0.9588191216046992
1.0,0.0290725920903714,0.9592658797307126
1.0,0.0290835124184761,0.9597047444765714
1.0,0.0290942726110408,0.9601326235602926
1.0,0.0291048747064169,0.9605737749317103
1.0,0.0291153207386661,0.9609912661562308
1.0,0.0291256127630615,0.9614002634030359
1.0,0.0291357528655609,0.9618088591463799
1.0,0.029145743161286,0.9622051666403894
1.0,0.0291555857864094,0.962602582744399
1.0,0.0291652828869602,0.9629974102839939
1.0,0.0291748366070812,0.963382281769848
1.0,0.0291842490783716,0.9637630606670043
1.0,0.0291935224112045,0.9641434315784524
1.0,0.0292026586883387,0.964516516544241
1.0,0.0292116599607504,0.9648806759110775
1.0,0.0292205282453839,0.965238533974779
1.0,0.0292292655244029,0.9655921426513622
1.0,0.0292378737455141,0.9659423998885559
1.0,0.0292463548229607,0.9662828237925105
1.0,0.0292547106388685,0.9666189628030047
1.0,0.0292629430446991,0.9669514395838772
1.0,0.0292710538626435,0.967278925216638
1.0,0.0292790448868632,0.9676015995451304
1.0,0.0292869178845381,0.9679312932948785
1.0,0.0292946745967135,0.9682491292115081
1.0,0.0293023167389674,0.968561673845262
1.0,0.029309846001933,0.9688567211678669
1.0,0.0293172640517114,0.9691475443837451
1.0,0.0293245725302098,0.9786212890083638
1.0,0.0293317730554361,0.975322835169345
1.0,0.0293388672217691,0.975687337786584
1.0,0.0293458566002289,0.976046456397624
1.0,0.0293527427387459,0.976400270527958
1.0,0.0293595271624441,0.976748858528096
1.0,0.029366211373935,0.977092297591179
1.0,0.029372796853621,0.977430663770242
1.0,0.0293792850600081,0.977764031995146
1.0,0.0293856774300216,0.97809247608921
1.0,0.0293919753793257,0.978416068785541
1.0,0.0293981803026429,0.978734881743116
1.0,0.0294042935740684,0.979048985562597
1.0,0.0294103165473825,0.979358449801931
1.0,0.0294162505563571,0.9796633429917
1.0,0.0294220969150571,0.979963732650275
1.0,0.0294278569181343,0.980259685298729
1.0,0.0294335318411181,0.980551266475563
1.0,0.0294391229407005,0.980838540751202
1.0,0.0294446314550125,0.981121571742292
1.0,0.0294500586039013,0.98140042212579
1.0,0.0294554055891973,0.981675153652842
1.0,0.0294606735949829,0.981945827162463
1.0,0.0294658637878513,0.982212502595013
1.0,0.0294709773171655,0.982475239005477
1.0,0.029476015315312,0.982734094576541
1.0,0.029480978897952,0.982989126631483
1.0,0.0294858691642668,0.983240391646869
1.0,0.0294906871972016,0.983487945265058
1.0,0.0294954340637061,0.983731842306524
1.0,0.0295001108149693,0.983972136782001
1.0,0.029504718486653,0.984208881904437
1.0,0.0295092580991219,0.984442130100784
1.0,0.0295137306576685,0.984671933023603
1.0,0.0295181371527355,0.984898341562503
1.0,0.0295224785601365,0.985121405855412
1.0,0.0295267558412717,0.985341175299679
1.0,0.0295309699433399,0.985557698563009
1.0,0.0295351217995501,0.985771023594248
1.0,0.029539212329325,0.985981197633995
1.0,0.0295432424385091,0.986188267225063
1.0,0.0295472130195653,0.986392278222793
1.0,0.0295511249517744,0.986593275805198
1.0,0.0295549791014293,0.986791304482977
1.0,0.029558776322028,0.986986408109369
1.0,0.0295625174544603,0.987178629889859
1.0,0.0295662033271964,0.987368012391755
1.0,0.0295698347564681,0.987554597553608
1.0,0.0295734125464522,0.9877384266945
1.0,0.0295769374894461,0.987919540523197
1.0,0.0295804103660453,0.98809797914716
1.0,0.0295838319453137,0.988273782081431
1.0,0.0295872029849567,0.98844698825738
1.0,0.0295905242314876,0.988617636031328
1.0,0.0295937964203923,0.988785763193041
1.0,0.0295970202762943,0.988951406974097
1.0,0.0296001965131123,0.989114604056133
1.0,0.0296033258342212,0.989275390578968
1.0,0.0296064089326049,0.989433802148603
1.0,0.029609446491013,0.98958987384511
1.0,0.0296124391821095,0.989743640230398
1.0,0.0296153876686218,0.989895135355867
1.0,0.0296182926034902,0.990044392769949
1.0,0.0296211546300083,0.990191445525539
1.0,0.02962397438197,0.990336326187309
1.0,0.029626752483805,0.990479066838927
1.0,0.0296294895507219,0.990619699090157
1.0,0.0296321861888411,0.990758254083858
1.0,0.0296348429953297,0.990894762502884
1.0,0.0296374605585354,0.991029254576879
1.0,0.029640039458114,0.991161760088966
1.0,0.0296425802651605,0.991292308382349
1.0,0.0296450835423334,0.991420928366807
1.0,0.0296475498439812,0.991547648525096
1.0,0.0296499797162639,0.99167249691926
1.0,0.0296523736972736,0.99179550119684
1.0,0.0296547323171552,0.991916688597001
1.0,0.0296570560982221,0.992036085956562
1.0,0.0296593455550735,0.992153719715941
1.0,0.0296616011947068,0.992269615925005
1.0,0.0296638235166315,0.992383800248847
1.0,0.029666013012978,0.99249629797346
1.0,0.0296681701686081,0.992607134011346
1.0,0.0296702954612214,0.992716332907025
1.0,0.0296723893614614,0.992823918842475
1.0,0.029674452333021,0.992929915642486
1.0,0.0296764848327418,0.993034346779934
1.0,0.0296784873107194,0.993137235380983
1.0,0.0296804602104008,0.993238604230202
1.0,0.0296824039686814,0.993338475775614
1.0,0.0296843190160054,0.993436872133664
1.0,0.0296862057764575,0.993533815094121
1.0,0.0296880646678588,0.993629326124898
1.0,0.0296898961018588,0.993723426376811
1.0,0.0296917004840263,0.993816136688259
1.0,0.0296934782139404,0.99390747758984
1.0,0.0296952296852768,0.993997469308899
1.0,0.0296969552858974,0.994086131774005
1.0,0.0296986553979346,0.994173484619364
1.0,0.029700330397876,0.994259547189171
1.0,0.029701980656649,0.994344338541889
1.0,0.0297036065397016,0.994427877454471
1.0,0.0297052084070835,0.99451018242652
1.0,0.0297067866135268,0.994591271684383
1.0,0.0297083415085235,0.994671163185189
1.0,0.0297098734364034,0.994749874620825
1.0,0.0297113827364102,0.994827423421853
1.0,0.0297128697427769,0.994903826761372
1.0,0.0297143347847992,0.994979101558818
1.0,0.0297157781869097,0.995053264483716
1.0,0.0297172002687474,0.995126331959364
1.0,0.0297186013452317,0.995198320166476
1.0,0.0297199817266285,0.995269245046763
1.0,0.0297213417186224,0.995339122306464
1.0,0.0297226816223821,0.995407967419822
1.0,0.0297240017346276,0.995475795632513
1.0,0.0297253023476971,0.995542621965022
1.0,0.0297265837496088,0.995608461215969
1.0,0.0297278462241286,0.995673327965384
1.0,0.02972909005083,0.99573723657794
1.0,0.0297303155051565,0.995800201206129
1.0,0.0297315228584845,0.995862235793401
1.0,0.0297327123781805,0.995923354077249
1.0,0.0297338843276624,0.99598356959225
1.0,0.0297350389664575,0.996042895673065
1.0,0.0297361765502593,0.996101345457391
1.0,0.029737297330984,0.996158931888869
1.0,0.0297384015568276,0.996215667719953
1.0,0.02973948947232,0.996271565514732
1.0,0.0297405613183783,0.996326637651712
1.0,0.0297416173323624,0.996380896326558
1.0,0.0297426577481246,0.996434353554796
1.0,0.0297436827960647,0.996487021174471
1.0,0.0297446927031779,0.996538910848771
1.0,0.0297456876931068,0.996590034068608
1.0,0.0297466679861915,0.996640402155164
1.0,0.0297476337995166,0.996690026262397
1.0,0.0297485853469603,0.996738917379513
1.0,0.0297495228392421,0.996787086333396
1.0,0.0297504464839689,0.99683454379101
1.0,0.0297513564856797,0.996881300261758
1.0,0.0297522530458942,0.996927366099809
1.0,0.0297531363631547,0.996972751506395
1.0,0.0297540066330706,0.997017466532063
1.0,0.0297548640483625,0.997061521078909
1.0,0.0297557087989035,0.997104924902765
1.0,0.0297565410717633,0.997147687615361
1.0,0.0297573610512474,0.997189818686453
1.0,0.0297581689189399,0.99723132744592
1.0,0.0297589648537417,0.997272223085834
1.0,0.0297597490319126,0.997312514662489
1.0,0.0297605216271069,0.997352211098412
1.0,0.0297612828104157,0.997391321184336
1.0,0.029762032750402,0.997429853581147
1.0,0.0297627716131392,0.997467816821804
1.0,0.0297634995622476,0.997505219313224
1.0,0.0297642167589307,0.99754206933815
1.0,0.029764923362011,0.99757837505698
1.0,0.0297656195279647,0.997614144509576
1.0,0.0297663054109578,0.997649385617044
1.0,0.0297669811628776,0.99768410618349
1.0,0.029767646933369,0.997718313897747
1.0,0.0297683028698654,0.997752016335074
1.0,0.0297689491176245,0.997785220958841
1.0,0.0297695858197564,0.997817935122176
1.0,0.0297702131172586,0.997850166069595
1.0,0.0297708311490448,0.997881920938607
1.0,0.0297714400519777,0.997913206761293
1.0,0.0297720399608981,0.997944030465866
1.0,0.0297726310086557,0.997974398878201
1.0,0.0297732133261368,0.99800431872335
1.0,0.0297737870422954,0.99803379662703
1.0,0.02977435228418,0.998062839117093
1.0,0.029774909176963,0.998091452624965
1.0,0.0297754578439677,0.998119643487078
0.999999999999645,0.0297759984066355,0.998147417946267
3.55271367879868e-13,-0.140323469015083,0.998174782153136
0.0,-0.133346142324613,0.940724952167494
0.0,-0.113187534320811,0.80672943265032
0.0,-0.0872119306611709,0.640742095371891
0.0,-0.0606693395676861,0.474153800483435
0.0,-0.0368836369843042,0.326515157186931
0.0,-0.0175946628221215,0.207742572811235
0.0,-0.0033558180504629,0.120614271955679
0.0,0.0060804184513374,0.0631542104431776
0.0,0.0114295734456886,0.0306675156542775
0.0,0.0136138515897652,0.0173215592291826
0.0,0.0135758027414774,0.0172601158573195
0.0,0.012160323659441,0.0252974512931576
0.0,0.0100528662215698,0.0372705528466574
0.0,0.00775975085987,0.0501380297057352
0.0,0.0056169092377116,0.0619102527450195
0.0,0.0038152441708836,0.0714829532690756
0.0,0.0024333333560191,0.0784303874002411
0.0,0.0014708636015392,0.0827976106204593
0.0,0.0008786065904582,0.0849165036324744
0.0,0.0005827415858601,0.0852580603310463
0.0,0.0005028247503878,0.0843244581355459
0.0,0.0005637138649721,0.0825784405143591
0.0,0.0007023472519576,0.0804041135277303
0.0,0.0008705366520369,0.0780918212410926
0.0,0.0010349600298683,0.0758397314274159
0.0,0.0011754177992102,0.073765604341356
0.0,0.0012822155317165,0.0719235030793811
0.0,0.0013533108735417,0.0703216150696959
0.0,0.0013916479597744,0.0689386779243234
0.0,0.001402920037922,0.0677376175108265
0.0,0.0013938595602489,0.0666758605951459
0.0,0.0013710556220729,0.0657123775176016
0.0,0.0013402369713309,0.0648118718955723
0.0,0.0013059277877913,0.0639467098863537
0.0,0.0012713750359276,0.0630972211396274
0.0,0.0012386528265648,0.0622509541800266
0.0,0.0012088644008595,0.0614013701353544
0.0,0.0011823810563375,0.060546340788752
0.0,0.0011590760412107,0.0596867009352437
0.0,0.0011385279612793,0.0588250038001047
0.0,0.0011201814713317,0.0579645480641097
0.0,0.0011034626612432,0.0571086872499356
0.0,0.0010878528304514,0.0562603951070312
0.0,0.0010729278111908,0.0554220406858728
0.0,0.0010583713141717,0.0545953198340131
0.0,0.0010439705938846,0.0537812917608316
0.0,0.0010296016504343,0.0529804765140358
0.0,0.0010152096701419,0.0521929788423903
0.0,0.0010007888001665,0.0514186139347866
0.0,0.0009863638761355,0.0506570196080003
0.0,0.0009719754993482,0.0499077469559423
0.0,0.0009576689382208,0.0491703270244355
0.0,0.0009434867010699,0.0484443148050499
0.0,0.0009294642558219,0.0477293140043085
0.0,0.0009156282030736,0.0470249869821817
0.0,0.0009019961851077,0.0463310543214864
0.0,0.0008885778826238,0.0456472880098089
0.0,0.0008753765696977,0.0449735014518945
0.0,0.0008623908331147,0.0443095386800988
0.0,0.0008496161924674,0.0436552643258553
0.0,0.0008370464690535,0.0430105552329773
0.0,0.0008246748386827,0.042375294067301
0.0,0.000812494565101,0.0417493649091194
0.0,0.0008004994493653,0.041132650588074
0.0,0.0007886840503234,0.0405250314075644
0.0,0.0007770437372037,0.0399263848771616
0.0,0.0007655746318128,0.0393365860984129
0.0,0.0007542734889326,0.0387555085076111
0.0,0.0007431375523014,0.03818302474988
0.0,0.0007321644122311,0.0376190075292488
0.0,0.0007213518808374,0.0370633303411929
0.0,0.000710697892735,0.0365158680434098
0.0,0.0007002004330913,0.0359764972563558
0.0,0.0006898574910162,0.0354450966082506
0.0,0.0006796670340658,0.0349215468519155
0.0,0.0006696269987736,0.0344057308854651
0.0,0.0006597352921786,0.0338975337080149
0.0,0.0006499897999405,0.0333968423373837
0.0,0.0006403883975398,0.0329035457110228
0.0,0.0006309289620261,0.0324175345853488
0.0,0.0006216093826795,0.0319387014431244
0.0,0.0006124275696975,0.0314669404139723
0.0,0.0006033814605886,0.0310021472096791
0.0,0.0005944690243441,0.0305442190736265
0.0,0.0005856882636924,0.0300930547423249
0.0,0.0005770372158513,0.0296485544164141
0.0,0.0005685139522107,0.0292106197384284
0.0,0.000560116577341,0.0287791537748899
0.0,0.0005518432276518,0.028354061000754
0.0,0.000543692069944,0.027935247284738
0.0,0.0005356613000191,0.0275226198745534
0.0,0.0005277491414417,0.0271160873814833
0.0,0.0005199538444963,0.0267155597640651
0.0,0.0005122736853451,0.026320948310872
0.0,0.0005047069653624,0.025932165622525
0.0,0.0004972520106173,0.0255491255931428
0.0,0.0004899071714639,0.0251717433914531
0.0,0.0004826708222074,0.0247999354417794
0.0,0.0004755413608132,0.0244336194050787
0.0,0.0004685172086387,0.0240727141601654
0.0,0.0004615968101694,0.0237171397852144
0.0,0.0004547786327501,0.0233668175395982
0.0,0.0004480611663065,0.0230216698460813
0.0,0.0004414429230547,0.0226816202733759
0.0,0.0004349224372007,0.0223465935190459
0.0,0.000428498264632,0.02201651539274
0.0,0.0004221689826032,0.0216913127997307
0.0,0.0004159331894206,0.0213709137247359
0.0,0.0004097895041265,0.0210552472160051
0.0,0.0004037365661865,0.0207442433696507
0.0,0.0003977730351812,0.0204378333142144
0.0,0.000391897590502,0.0201359491954572
0.0,0.0003861089310534,0.0198385241613672
0.0,0.0003804057749607,0.0195454923473811
0.0,0.0003747868592828,0.0192567888618151
0.0,0.0003692509397314,0.0189723497715054
0.0,0.0003637967903943,0.0186921120876538
0.0,0.0003584232034641,0.0184160137518795
0.0,0.0003531289889706,0.0181439936224745
0.0,0.0003479129745184,0.0178759914608596
0.0,0.0003427740050273,0.0176119479182413
0.0,0.0003377109424778,0.0173518045224651
0.0,0.0003327226656588,0.0170955036650639
0.0,0.0003278080699204,0.0168429885884982
0.0,0.0003229660669293,0.0165942033735855
0.0,0.0003181955844277,0.0163490929271161
0.0,0.0003134955659964,0.016107602969652
0.0,0.0003088649708207,0.015869680023507
0.0,0.0003043027734596,0.0156352714009042
0.0,0.0002998079636193,0.0154043251923083
0.0,0.0002953795459287,0.0151767902549308
0.0,0.0002910165397196,0.0149526162014049
0.0,0.0002867179788091,0.0147317533886276
0.0,0.0002824829112856,0.014514152906766
0.0,0.0002783103992981,0.0142997665684273
0.0,0.0002741995188483,0.0140885468979872
0.0,0.0002701493595865,0.0138804471210766
0.0,0.0002661590246092,0.0136754211542236
0.0,0.000262227630261,0.0134734235946488
0.0,0.0002583543059391,0.0132744097102098
0.0,0.0002545381938998,0.0130783354294965
0.0,0.0002507784490694,0.0128851573320706
0.0,0.0002470742388563,0.0126948326388506
0.0,0.0002434247429672,0.0125073192026384
0.0,0.0002398291532252,0.0123225754987857
0.0,0.0002362866733907,0.0121405606159983
0.0,0.0002327965189855,0.0119612342472768
0.0,0.0002293579171185,0.0117845566809899
0.0,0.0002259701063151,0.0116104887920811
0.0,0.0002226323363482,0.011438992033404
0.0,0.0002193438680723,0.0112700284271862
0.0,0.0002161039732597,0.0111035605566191
0.0,0.000212911934439,0.0109395515575722
0.0,0.0002097670447368,0.0107779651104294
0.0,0.0002066686077206,0.0106187654320461
0.0,0.0002036159372449,0.0104619172678251
0.0,0.000200608357299,0.0103073858839093
0.0,0.0001976452018577,0.0101551370594904
0.0,0.0001947258147334,0.0100051370792303
0.0,0.0001918495494309,0.0098573527257949
0.0,0.0001890157690044,0.0097117512724984
0.0,0.0001862238459163,0.0095683004760559
0.0,0.0001834731618982,0.0094269685694432
0.0,0.000180763107814,0.0092877242548617
0.0,0.0001780930835253,0.0091505366968081
0.0,0.0001754624977581,0.0090153755152455
0.0,0.0001728707679719,0.0088822107788758
0.0,0.000170317320231,0.0087510129985118
0.0,0.0001678015890771,0.0086217531205462
0.0,0.0001653230174042,0.0084944025205185
0.0,0.0001628810563355,0.0083689329967755
0.0,0.0001604751651011,0.0082453167642263
0.0,0.0001581048109192,0.0081235264481894
0.0,0.0001557694688772,0.0080035350783307
0.0,0.0001534686218163,0.0078853160826905
0.0,0.0001512017602162,0.0077688432817997
0.0,0.0001489683820831,0.0076540908828821
0.0,0.0001467679928377,0.0075410334741424
0.0,0.0001446001052061,0.0074296460191395
0.0,0.000142464239112,0.0073199038512414
0.0,0.00014035992157,0.0072117826681633
0.0,0.0001382866865815,0.0071052585265857
0.0,0.0001362440750308,0.0070003078368523
0.0,0.0001342316345836,0.0068969073577459
0.0,0.0001322489195872,0.0067950341913417
0.0,0.0001302954909716,0.006694665777937
0.0,0.0001283709161521,0.0065957798910547
0.0,0.0001264747689336,0.0064983546325218
0.0,0.0001246066294164,0.0064023684276196
0.0,0.000122766083903,0.0063078000203066
0.0,0.0001209527248066,0.0062146284685109
0.0,0.0001191661505607,0.0061228331394927
0.0,0.0001174059655305,0.0060323937052753
0.0,0.0001156717799249,0.0059432901381435
0.0,0.0001139632097102,0.0058555027062084
0.0,0.0001122798765256,0.0057690119690377
0.0,0.0001106214075986,0.005683798773351
0.0,0.0001089874356631,0.0055998442487777
0.0,0.0001073775988778,0.0055171298036791
0.0,0.0001057915407461,0.0054356371210302
0.0,0.0001042289100371,0.0053553481543644
0.0,0.0001026893607078,0.0052762451237766
0.0,0.0001011725518269,0.0051983105119857
0.0,9.96781474985609e-05,0.0051215270604561
0.0,9.82058167885366e-05,0.0050458777655751
0.0,9.6755233650811e-05,0.0049713458748879
0.0,9.53260768553343e-05,0.0048979148833876
0.0,9.39180299168452e-05,0.0048255685298603
0.0,9.25307810248702e-05,0.004754290793284
0.0,9.11640229746408e-05,0.0046840658892806
0.0,8.98174530990711e-05,0.0046148782666209
0.0,8.84907732016937e-05,0.0045467126037804
0.0,8.71836894906913e-05,0.0044795538055466
0.0,8.58959125137754e-05,0.0044133869996758
0.0,8.46271570941262e-05,0.0043481975336003
0.0,8.33771422672283e-05,0.004283970971183
0.0,8.21455912186422e-05,0.0042206930895209
0.0,8.09322312226995e-05,0.0041583498757953
0.0,7.97367935821552e-05,0.0040969275241688
0.0,7.85590135686312e-05,0.0040364124327276
0.0,7.73986303639895e-05,0.0039767912004701
0.0,7.62553870026494e-05,0.0039180506243385
0.0,7.51290303145982e-05,0.0038601776962957
0.0,7.40193108693388e-05,0.003803159600444
0.0,7.29259829207116e-05,0.0037469837101876
0.0,7.18488043524174e-05,0.0036916375854361
0.0,7.07875366244212e-05,0.0036371089698498
0.0,6.97419447201336e-05,0.0035833857881255
0.0,6.87117970943549e-05,0.0035304561433227
0.0,6.76968656219898e-05,0.0034783083142283
0.0,6.66969255475741e-05,0.003426930752762
0.0,6.57117554354533e-05,0.003376312081418
0.0,6.47411371207662e-05,0.0033264410907462
0.0,6.37848556611226e-05,0.0032773067368694
0.0,6.2842699289023e-05,0.0032288981390379
0.0,6.19144593649729e-05,0.0031812045772198
0.0,6.09999303312209e-05,0.0031342154897273
0.0,6.0098909666316e-05,0.0030879204708777
0.0,5.92111978401991e-05,0.0030423092686887
0.0,5.83365982700298e-05,0.002997371782609
0.0,5.7474917276687e-05,0.0029530980612806
0.0,5.6625964041844e-05,0.0029094783003356
0.0,5.57895505657185e-05,0.002866502840225
0.0,5.49654916254388e-05,0.0028241621640795
0.0,5.41536047340557e-05,0.0027824468956019
0.0,5.33537101000854e-05,0.002741347796991
0.0,5.25656305877184e-05,0.0027008557668957
0.0,5.17891916776078e-05,0.0026609618383995
0.0,5.1024221428185e-05,0.0026216571770351
0.0,5.02705504376103e-05,0.0025829330788274
0.0,4.95280118062644e-05,0.0025447809683667
0.0,4.87964410997611e-05,0.0025071923969092
0.0,4.80756763125562e-05,0.0024701590405062
0.0,4.73655578320624e-05,0.002433672698161
0.0,4.66659284033138e-05,0.0023977252900122
0.0,4.59766330941185e-05,0.0023623088555452
0.0,4.52975192607799e-05,0.0023274155518287
0.0,4.46284365142706e-05,0.002293037651778
0.0,4.39692366869353e-05,0.0022591675424444
0.0,4.33197737996806e-05,0.0022257977233287
0.0,4.2679904029657e-05,0.0021929208047202
0.0,4.20494856783887e-05,0.0021605295060609
0.0,4.14283791404096e-05,0.0021286166543326
0.0,4.08164468723472e-05,0.0020971751824685
0.0,4.02135533624677e-05,0.0020661981277888
0.0,3.96195651006445e-05,0.0020356786304579
0.0,3.9034350548816e-05,0.0020056099319661
0.0,3.84577801118557e-05,0.0019759853736325
0.0,3.78897261088598e-05,0.0019467983951306
0.0,3.73300627448774e-05,0.0019180425330354
0.0,3.67786660830649e-05,0.0018897114193924
0.0,3.62354140172293e-05,0.0018617987803068
0.0,3.57001862447762e-05,0.0018342984345548
0.0,3.51728642400961e-05,0.0018072042922146
0.0,3.46533312283008e-05,0.0017805103533174
0.0,3.41414721593651e-05,0.0017542107065194
0.0,3.36371736826442e-05,0.0017282995277919
0.0,3.31403241217929e-05,0.0017027710791325
0.0,3.26508134500039e-05,0.0016776197072937
0.0,3.21685332656738e-05,0.0016528398425313
0.0,3.16933767683658e-05,0.0016284259973709
0.0,3.12252387351941e-05,0.0016043727653928
0.0,3.07640154974913e-05,0.0015806748200348
0.0,3.0309604917865e-05,0.0015573269134124
0.0,2.98619063675946e-05,0.0015343238751568
0.0,2.94208207043088e-05,0.0015116606112699
0.0,2.89862502500585e-05,0.0014893321029965
0.0,2.85580987696918e-05,0.0014673334057124
0.0,2.81362714495276e-05,0.0014456596478298
0.0,2.77206748763546e-05,0.0014243060297184
0.0,2.73112170167643e-05,0.0014032678226425
0.0,2.69078071967466e-05,0.0013825403677137
0.0,2.65103560816403e-05,0.0013621190748595
0.0,2.61187756563225e-05,0.0013419994218067
0.0,2.57329792057257e-05,0.0013221769530797
0.0,2.53528812956469e-05,0.0013026472790142
0.0,2.49783977538057e-05,0.0012834060747849
0.0,2.46094456512365e-05,0.0012644490794479
0.0,2.42459432838842e-05,0.001245772094997
0.0,2.38878101545461e-05,0.001227370985434
0.0,2.35349669550251e-05,0.0012092416758532
0.0,2.31873355485759e-05,0.0011913801515385
0.0,2.28448389525994e-05,0.0011737824570745
0.0,2.25074013215868e-05,0.0011564446954707
0.0,2.21749479303469e-05,0.0011393630272986
0.0,2.18474051574286e-05,0.0011225336698411
0.0,2.15247004688411e-05,0.0011059528962552
0.0,2.12067624019794e-05,0.0010896170347463
0.0,2.0893520549797e-05,0.0010735224677557
0.0,2.05849055452244e-05,0.0010576656311587
0.0,2.02808490458034e-05,0.0010420430134761
0.0,1.99812837185509e-05,0.0010266511550958
0.0,1.96861432250461e-05,0.0010114866475075
0.0,1.93953622067422e-05,0.0009965461325474
0.0,1.91088762705009e-05,0.0009818263016545
0.0,1.88266219743154e-05,0.000967323895138
0.0,1.85485368132832e-05,0.0009530357014557
0.0,1.82745592057412e-05,0.0009389585565026
0.0,1.80046284796384e-05,0.00092508934291
0.0,1.77386848591119e-05,0.0009114249893554
0.0,1.74766694512329e-05,0.0008979624698827
0.0,1.72185242329707e-05,0.0008846988032312
0.0,1.69641920383466e-05,0.0008716310521764
0.0,1.67136165457708e-05,0.0008587563228789
0.0,1.64667422655664e-05,0.0008460717642436
0.0,1.62235145276905e-05,0.0008335745672888
0.0,1.59838794696263e-05,0.0008212619645237
0.0,1.57477840244443e-05,0.0008091312293357
0.0,1.55151759090675e-05,0.0007971796753865
0.0,1.52860036126759e-05,0.0007854046560173
0.0,1.50602163853149e-05,0.0007738035636629
0.0,1.48377642266405e-05,0.0007623738292738
0.0,1.46185978748634e-05,0.0007511129217477
0.0,1.44026687958366e-05,0.0007400183473687
0.0,1.41899291722942e-05,0.0007290876492553
0.0,1.39803318932735e-05,0.0007183184068162
0.0,1.37738305436858e-05,0.0007077082352142
0.0,1.3570379394031e-05,0.0006972547848383
0.0,1.33699333902705e-05,0.0006869557407831
0.0,1.31724481438498e-05,0.0006768088223365
0.0,1.29778799218775e-05,0.0006668117824742
0.0,1.2786185637428e-05,0.0006569624073626
1.0,0.17011259732284,-0.14935274744459628
1.0,0.163135609270706,-0.03348091589100388
1.0,0.142977334903319,0.12177299373298561
1.0,0.117002059952002,0.30856229121146095
1.0,0.0904597927115409,0.4941693747573095
1.0,0.0666744091975998,0.6620067934301322
1.0,0.0473857493919322,0.791180084619647
1.0,0.0331472143334766,0.8806883993934739
1.0,0.0237112829701528,0.935800038460788
1.0,0.0183624286071246,0.968302179879588
1.0,0.0161784466537915,0.9842254790568906
1.0,0.0162167873178345,0.9858537430593023
1.0,0.0176325539052602,0.9790976900603188
1.0,0.0197402946018221,0.968326556916319
1.0,0.0220336890382418,0.9563018160897035
1.0,0.02417680561295,0.9451361369065399
1.0,0.0259787415710453,0.935664539780808
1.0,0.0273609192758838,0.9285866070520491
1.0,0.0283236519781465,0.9239671092300287
1.0,0.0289161680530486,0.9216778996080206
1.0,0.0292122882948755,0.9209745714201304
1.0,0.0292924565975067,0.9215376127759897
1.0,0.0292318152356981,0.922933710533504
1.0,0.0290934259419701,0.9247360342343292
1.0,0.0289254770296837,0.9266401283967528
1.0,0.028761290587437,0.9285358975720658
1.0,0.0286210662539403,0.9303535040076023
1.0,0.028514498509234,0.9319862489110549
1.0,0.0284436297580941,0.9333257203982276
1.0,0.0284055159156102,0.9344947730330502
1.0,0.0283944637837117,0.9354931486286974
1.0,0.0284037409588418,0.9363474269909389
1.0,0.0284267583936697,0.9371266316107201
1.0,0.0284577873875373,0.9378473752437287
1.0,0.0284923038072562,0.9385332486935606
1.0,0.0285270607342449,0.9392095321617273
1.0,0.0285599841028934,0.9398871369437256
1.0,0.0285899707165913,0.9405369187134881
1.0,0.0286166493217008,0.9412129820289836
1.0,0.0286401467132511,0.9418903919214997
1.0,0.0286608843280436,0.9425785885984659
1.0,0.0286794175532614,0.9432706976271691
1.0,0.0286963203403816,0.942260798417368
1.0,0.0287121114307087,0.943118403791291
1.0,0.0287272150321476,0.943965933879153
1.0,0.0287419474735351,0.944801694865343
1.0,0.028756521539343,0.94562462954241
1.0,0.028771061267854,0.946434219835005
1.0,0.0287856215105669,0.947230362937586
1.0,0.0288002081575842,0.948013245575784
1.0,0.0288147964099899,0.948783231819065
1.0,0.0288293457026534,0.9495407724319
1.0,0.0288438108027931,0.950286338199396
1.0,0.0288581492372006,0.95102037593387
1.0,0.0288723255725392,0.951743283706042
1.0,0.0288863132422912,0.95245540090693
1.0,0.0289000946377493,0.953157008678844
1.0,0.0289136601112931,0.953848336733843
1.0,0.0289270064214382,0.954529573341722
1.0,0.0289401350135079,0.955200876119932
1.0,0.0289530503995457,0.955862382062474
1.0,0.0289657587894212,0.956514215926963
1.0,0.0289782670380325,0.957156496625336
1.0,0.0289905819118876,0.9559313996615378
1.0,0.0290027096397365,0.9564198779883327
1.0,0.029014655692098,0.956907347787292
1.0,0.0290264247286776,0.9573911984395321
1.0,0.0290380206561733,0.9578631536830461
1.0,0.0290494467478886,0.9583249427008833
1.0,0.0290607057877548,0.9587778244295572
1.0,0.0290718002127208,0.9592251925498436
1.0,0.0290827322375296,0.9596646582798444
1.0,0.0290935039540281,0.9600931294706626
1.0,0.0291041174031199,0.9605348642032522
1.0,0.0291145746213803,0.9609529301722068
1.0,0.02912487766656,0.9613624936739849
1.0,0.0291350286270582,0.961771647308235
1.0,0.0291450296203992,0.9621685044526284
1.0,0.0291548827851262,0.9625664620882209
1.0,0.0291645902696016,0.9629618231605189
1.0,0.0291741542202681,0.963347220298344
1.0,0.0291835767709896,0.9637285170831473
1.0,0.0291928600343727,0.9641093982326023
1.0,0.0292020060953739,0.96448298589975
1.0,0.0292110170071369,0.9648476405426205
1.0,0.0292198947887401,0.965205986566709
1.0,0.0292286414244507,0.9655600759960912
1.0,0.029237258864047,0.9659108068849569
1.0,0.029245749023814,0.9662516974443476
1.0,0.0292541137878888,0.9665882962173818
1.0,0.0292623550097142,0.9669212259697122
1.0,0.0292704745134336,0.9672491578831591
1.0,0.029278474095132,0.9675722719003934
1.0,0.0292863555238845,0.9679023988443075
1.0,0.0292941205426034,0.968220661556458
1.0,0.029301770868706,0.968533626681602
1.0,0.0293093081946376,0.9688290882845839
1.0,0.0293167341882856,0.9691203196615661
1.0,0.0293240504933159,0.9785944664184019
1.0,0.0293312587294694,0.975296408771766
1.0,0.0293383604928332,0.975661301729293
1.0,0.0293453573561089,0.976020804914963
1.0,0.0293522508688844,0.976374997939434
1.0,0.0293590425579169,0.976723959237123
1.0,0.0293657339274274,0.977067766083834
1.0,0.0293723264594035,0.977406494614048
1.0,0.0293788216139113,0.977740219837872
1.0,0.0293852208294165,0.978069015657678
1.0,0.0293915255230988,0.978392954884465
1.0,0.0293977370911733,0.978712109253945
1.0,0.0294038569092079,0.97902654944239
1.0,0.0294098863324319,0.979336345082232
1.0,0.0294158266960463,0.979641564777445
1.0,0.029421679315522,0.979942276118699
1.0,0.0294274454868981,0.980238545698308
1.0,0.0294331264870706,0.980530439124954
1.0,0.0294387235740756,0.980818021038211
1.0,0.0294442379873714,0.981101355122852
1.0,0.0294496709481102,0.981380504122952
1.0,0.0294550236594109,0.981655529855785
1.0,0.0294602973066231,0.981926493225519
1.0,0.0294654930575893,0.982193454236702
1.0,0.0294706120629036,0.98245647200756
1.0,0.0294756554561653,0.982715604783087
1.0,0.0294806243542298,0.982970909947948
1.0,0.0294855198574557,0.983222444039188
1.0,0.029490343049948,0.983470262758751
1.0,0.0294950949997992,0.983714420985821
1.0,0.0294997767593235,0.983954972788968
1.0,0.0295043893652924,0.984191971438127
1.0,0.0295089338391628,0.984425469416392
1.0,0.0295134111873034,0.984655518431638
1.0,0.0295178224012185,0.984882169427972
1.0,0.0295221684577665,0.985105472597013
1.0,0.0295264503193764,0.985325477389008
1.0,0.029530668934262,0.985542232523783
1.0,0.029534825236631,0.985755786001528
1.0,0.0295389201468919,0.985966185113431
1.0,0.029542954571858,0.986173476452151
1.0,0.0295469294049486,0.98637770592213
1.0,0.0295508455263858,0.986578918749766
1.0,0.0295547038033908,0.986777159493421
1.0,0.0295585050903744,0.986972472053295
1.0,0.0295622502291282,0.987164899681144
1.0,0.0295659400490089,0.987354484989858
1.0,0.0295695753671226,0.9875412699629
1.0,0.0295731569885074,0.987725295963601
1.0,0.0295766857063091,0.98790660374432
1.0,0.0295801623019583,0.988085233455471
1.0,0.0295835875453432,0.988261224654409
1.0,0.0295869621949811,0.988434616314197
1.0,0.0295902869981839,0.988605446832231
1.0,0.0295935626912256,0.988773754038744
1.0,0.0295967899995053,0.988939575205187
1.0,0.0295999696377067,0.989102947052477
1.0,0.0296031023099574,0.989263905759134
1.0,0.0296061887099841,0.989422486969291
1.0,0.0296092295212669,0.989578725800585
1.0,0.0296122254171902,0.989732656851938
1.0,0.0296151770611917,0.989884314211214
1.0,0.0296180851069103,0.990033731462773
1.0,0.0296209501983293,0.990180941694904
1.0,0.0296237729699196,0.990325977507155
1.0,0.0296265540467813,0.990468871017549
1.0,0.0296292940447813,0.990609653869701
1.0,0.029631993570689,0.990748357239821
1.0,0.0296346532223108,0.990885011843621
1.0,0.0296372735886246,0.991019647943116
1.0,0.0296398552499073,0.991152295353326
1.0,0.0296423987778647,0.991282983448875
1.0,0.029644904735759,0.991411741170503
1.0,0.0296473736785317,0.991538597031467
1.0,0.0296498061529271,0.991663579123862
1.0,0.0296522026976147,0.991786715124837
1.0,0.0296545638433061,0.991908032302727
1.0,0.0296568901128744,0.99202755752309
1.0,0.02965918202147,0.992145317254658
1.0,0.029661440076634,0.992261337575196
1.0,0.0296636647784088,0.99237564417728
1.0,0.0296658566194532,0.992488262373982
1.0,0.0296680160851479,0.992599217104482
1.0,0.0296701436537046,0.992708532939585
1.0,0.0296722397962705,0.992816234087164
1.0,0.0296743049770345,0.992922344397523
1.0,0.0296763396533284,0.993026887368675
1.0,0.0296783442757291,0.99312988615155
1.0,0.0296803192881581,0.993231363555116
1.0,0.02968226512798,0.993331342051435
1.0,0.0296841822260985,0.993429843780637
1.0,0.0296860710070534,0.993526890555824
1.0,0.029687931889113,0.9936225038679
1.0,0.0296897652843675,0.99371670489033
1.0,0.0296915715988202,0.99380951448383
1.0,0.0296933512324782,0.993900953200982
1.0,0.0296951045794387,0.993991041290793
1.0,0.0296968320279782,0.994079798703174
1.0,0.0296985339606393,0.994167245093356
1.0,0.029700210754313,0.99425339982625
1.0,0.0297018627803225,0.994338281980727
1.0,0.0297034904045084,0.994421910353851
1.0,0.0297050939873054,0.994504303465033
1.0,0.0297066738838256,0.99458547956014
1.0,0.0297082304439356,0.994665456615529
1.0,0.0297097640123336,0.994744252342035
1.0,0.0297112749286264,0.994821884188885
1.0,0.0297127635274055,0.994898369347569
1.0,0.0297142301383191,0.994973724755642
1.0,0.0297156750861465,0.995047967100479
1.0,0.0297170986908701,0.995121112822966
1.0,0.0297185012677457,0.995193178121146
1.0,0.0297198831273717,0.9952641789538
1.0,0.0297212445757602,0.995334131043987
1.0,0.0297225859144021,0.995403049882522
1.0,0.0297239074403359,0.995470950731407
1.0,0.0297252094462115,0.995537848627211
1.0,0.0297264922203573,0.995603758384402
1.0,0.0297277560468419,0.995668694598625
1.0,0.0297290012055378,0.995732671649934
1.0,0.0297302279721852,0.995795703705978
1.0,0.0297314366184489,0.995857804725139
1.0,0.0297326274119833,0.99591898845962
1.0,0.0297338006164882,0.995979268458493
1.0,0.0297349564917682,0.996038658070699
1.0,0.0297360952937908,0.996097170448004
1.0,0.0297372172747423,0.996154818547909
1.0,0.0297383226830845,0.996211615136526
1.0,0.0297394117636087,0.996267572791397
1.0,0.0297404847574907,0.996322703904284
1.0,0.0297415419023435,0.996377020683913
1.0,0.0297425834322713,0.996430535158677
1.0,0.0297436095779193,0.996483259179298
1.0,0.0297446205665268,0.996535204421454
1.0,0.0297456166219754,0.996586382388363
1.0,0.0297465979648412,0.99663680441333
1.0,0.029747564812441,0.996686481662258
1.0,0.0297485173788823,0.996735425136122
1.0,0.0297494558751106,0.9967836456734
1.0,0.0297503805089536,0.996831153952478
1.0,0.0297512914851716,0.996877960494014
1.0,0.0297521890054986,0.996924075663265
1.0,0.0297530732686901,0.996969509672387
1.0,0.0297539444705643,0.997014272582691
1.0,0.0297548028040491,0.997058374306876
1.0,0.0297556484592207,0.997101824611222
1.0,0.0297564816233487,0.99714463311775
1.0,0.0297573024809366,0.99718680930636
1.0,0.0297581112137622,0.997228362516921
1.0,0.0297589080009188,0.997269301951349
1.0,0.0297596930188537,0.997309636675636
1.0,0.0297604664414084,0.997349375621864
1.0,0.0297612284398567,0.99738852759018
1.0,0.029761979182942,0.997427101250745
1.0,0.0297627188369161,0.997465105145654
1.0,0.0297634475655737,0.997502547690829
1.0,0.029764165530292,0.997539437177882
1.0,0.0297648728900626,0.997575781775949
1.0,0.02976556980153,0.997611589533503
1.0,0.0297662564190244,0.997646868380133
1.0,0.0297669328945966,0.997681626128302
1.0,0.0297675993780513,0.997715870475075
1.0,0.0297682560169805,0.997749609003826
1.0,0.0297689029567962,0.997782849185916
1.0,0.0297695403407627,0.997815598382348
1.0,0.0297701683100275,0.997847863845395
1.0,0.0297707870036545,0.997879652720209
1.0,0.0297713965586526,0.997910972046403
1.0,0.0297719971100063,0.997941828759607
1.0,0.0297725887907083,0.997972229693009
1.0,0.0297731717317844,0.998002181578861
1.0,0.0297737460623266,0.998031691049977
1.0,0.0297743119095202,0.998060764641197
1.0,0.0297748693986712,0.998089408790837
1.0,0.0297754186532349,0.998117629842112
1.0,0.0297759597948433,0.998145434044544
1.0,0.0297764929433313,0.998172827555344
1.0,0.0297770182167647,0.998199816440774
1.0,0.0297775357314645,0.998226406677495
1.0,0.0297780456020331,0.998252604153886
1.0,0.0297785479413817,0.99827841467135
1.0,0.0297790428607523,0.998303843945598
1.0,0.0297795304697448,0.998328897607915
1.0,0.0297800108763386,0.998353581206409
1.0,0.0297804841869203,0.998377900207235
1.0,0.0297809505063036,0.99840185999581
0.999999999999645,0.0297814099376934,0.998425465878004
0.0,-0.140318137416985,0.998448723081292
0.0,-0.133340889478676,0.940994846755971
0.0,-0.113182359063854,0.806995340666977
0.0,-0.0872068318471433,0.641004075701789
0.0,-0.0606643160674618,0.474411911141846
0.0,-0.0368786876854366,0.32676945533219
0.0,-0.0175897866285941,0.207993114757394
0.0,-0.0033510138824479,0.120861113184985
0.0,0.0060851516577182,0.0633974056183528
0.0,0.0114342367385986,0.0309071186306301
0.0,0.0136184460018858,0.0175576230665314
0.0,0.0135803292902369,0.0174926928317449
0.0,0.0121647833472386,0.0255265929085781
0.0,0.010057260035999,0.0374963098462354
0.0,0.0077640797739366,0.0503604520831137
0.0,0.0056211742100491,0.0621293897553937
0.0,0.0038194461459655,0.0716988534400998
0.0,0.002437473264368,0.0786430985427756
0.0,0.0014749423599338,0.0830071798391574
0.0,0.0008826251021348,0.0851229773362137
0.0,0.0005867007407139,0.0854614842432062
0.0,0.0005067254251694,0.0845248773041328
0.0,0.0005675569234816,0.082775899321982
0.0,0.0007061335452361,0.0805986557014295
0.0,0.0008742670185551,0.078283489862023
0.0,0.0010386352957118,0.0760285689403871
0.0,0.0011790387782626,0.0739516525642319
0.0,0.0012857830258395,0.07210680321234
0.0,0.0013568256727534,0.0705022077043548
0.0,0.0013951108424232,0.0691166030527265
0.0,0.0014063317708594,0.0679129145343019
0.0,0.0013972208989997,0.0668485683330305
0.0,0.0013743673110017,0.0658825342158379
0.0,0.0013434997438077,0.0649795152351777
0.0,0.0013091423663537,0.0641118769917651
0.0,0.0012745421324404,0.0632599485869223
0.0,0.0012417731423782,0.0624112780050229
0.0,0.0012119386269641,0.0615593258415903
0.0,0.0011854098735173,0.0607019633553484
0.0,0.001162060120194,0.0598400248246505
0.0,0.0011414679628871,0.0589760629657318
0.0,0.0011230780466242,0.0581133759578466
0.0,0.0011063164516641,0.057255316829559
0.0,0.0010906644679693,0.0564048588435034
0.0,0.0010756979184399,0.0555643705705326
0.0,0.0010611005045891,0.0547355473856601
0.0,0.0010466594718469,0.053919448032706
0.0,0.0010322508113903,0.0531165921006951
0.0,0.0010178197007456,0.0523270838864846
0.0,0.0010033602784064,0.0515507381337334
0.0,0.0009888973714625,0.0507871922205611
0.0,0.0009744715728022,0.0500359968087018
0.0,0.0009601281425547,0.0492966825181853
0.0,0.0009459095808717,0.048568803921078
0.0,0.0009318513476358,0.0478519643105955
0.0,0.0009179800355184,0.0471458256395058
0.0,0.0009043132789945,0.0464501080894379
0.0,0.0008908607510703,0.0457645832527166
0.0,0.0008776257182425,0.0450890641446635
0.0,0.0008646067598296,0.0444233944139631
0.0,0.0008517993880666,0.0437674383140443
0.0,0.0008391974170037,0.0431210723162999
0.0,0.0008267940153088,0.0424841787196461
0.0,0.0008145824396925,0.0418566412428759
0.0,0.0008025564842797,0.0412383423594704
0.0,0.0007907107010888,0.0406291620219296
0.0,0.00077904045262,0.0400289773941079
0.0,0.0007675418540503,0.0394376632369426
0.0,0.0007562116536306,0.0388550926511477
0.0,0.0007450470886642,0.0382811379512248
0.0,0.0007340457431236,0.0377156715154645
0.0,0.0007232054228784,0.037158566518415
0.0,0.0007125240563893,0.0366096975015871
0.0,0.0007019996227609,0.0360689407739208
0.0,0.0006916301051296,0.0355361746567207
0.0,0.0006814134651665,0.0350112796004263
0.0,0.000671347633607,0.0344941382052371
0.0,0.0006614305117774,0.0339846351767538
0.0,0.0006516599797092,0.0334826572436159
0.0,0.0006420339073379,0.0329880930583668
0.0,0.00063255016625,0.0325008330967236
0.0,0.0006232066403432,0.0320207695648955
0.0,0.0006140012345119,0.0315477963200369
0.0,0.0006049318810401,0.0310818088054905
0.0,0.0005959965437716,0.0306227040001592
0.0,0.0005871932203634,0.0301703803799812
0.0,0.0005785199430369,0.0297247378888732
0.0,0.0005699747782593,0.0292856779164382
0.0,0.0005615558257509,0.0288531032800029
0.0,0.000553261217143,0.0284269182090086
0.0,0.0005450891145288,0.0280070283302844
0.0,0.0005370377090715,0.0275933406532268
0.0,0.0005291052197659,0.0271857635543239
0.0,0.0005212898923945,0.0267842067607863
0.0,0.0005135899986836,0.0263885813332772
0.0,0.0005060038356374,0.0259987996478743
0.0,0.0004985297250193,0.0256147753774692
0.0,0.0004911660129414,0.0252364234728306
0.0,0.0004839110695294,0.0248636601435424
0.0,0.0004767632886312,0.0244964028389937
0.0,0.0004697210875474,0.0241345702295561
0.0,0.0004627829067664,0.0237780821880408
0.0,0.0004559472096952,0.0234268597714896
0.0,0.0004492124823798,0.0230808252033254
0.0,0.0004425772332139,0.0227399018558626
0.0,0.0004360399926376,0.022404014233169
0.0,0.0004295993128281,0.0220730879542548
0.0,0.0004232537673844,0.0217470497365699
0.0,0.0004170019510112,0.0214258273797842
0.0,0.0004108424792027,0.0211093497498322
0.0,0.0004047739879285,0.0207975467632043
0.0,0.0003987951333249,0.0204903493714737
0.0,0.00039290459139,0.0201876895460464
0.0,0.0003871010576849,0.0198895002631313
0.0,0.000381383247041,0.0195957154889228
0.0,0.0003757498932721,0.0193062701649951
0.0,0.0003701997488926,0.0190211001939048
0.0,0.0003647315848402,0.0187401424250012
0.0,0.0003593441902038,0.0184633346404414
0.0,0.0003540363719557,0.0181906155414106
0.0,0.0003488069546878,0.0179219247345436
0.0,0.0003436547803521,0.0176572027185472
0.0,0.0003385787080046,0.0173963908710196
0.0,0.0003335776135534,0.017139431435466
0.0,0.0003286503895102,0.0168862675085052
0.0,0.0003237959447449,0.0166368430272676
0.0,0.0003190132042447,0.0163911027569787
0.0,0.0003143011088758,0.0161489922787267
0.0,0.000309658615149,0.0159104579774117
0.0,0.0003050846949886,0.0156754470298728
0.0,0.0003005783355047,0.0154439073931905
0.0,0.0002961385387685,0.0152157877931623
0.0,0.000291764321592,0.0149910377129486
0.0,0.0002874547153095,0.0147696073818857
0.0,0.0002832087655636,0.0145514477644646
0.0,0.0002790255320933,0.0143365105494725
0.0,0.0002749040885261,0.0141247481392939
0.0,0.000270843522173,0.0139161136393707
0.0,0.000266842933826,0.0137105608478173
0.0,0.0002629014375592,0.0135080442451891
0.0,0.0002590181605324,0.0133085189844027
0.0,0.0002551922427983,0.0131119408808039
0.0,0.0002514228371113,0.0129182664023835
0.0,0.0002477091087408,0.012727452660137
0.0,0.0002440502352855,0.0125394573985668
0.0,0.0002404454064918,0.012354238986325
0.0,0.0002368938240744,0.0121717564069937
0.0,0.000233394701539,0.0119919692500025
0.0,0.0002299472640087,0.0118148377016793
0.0,0.0002265507480524,0.0116403225364335
0.0,0.000223204401515,0.0114683851080699
0.0,0.0002199074833518,0.0112989873412303
0.0,0.0002166592634638,0.0111320917229618
0.0,0.0002134590225363,0.0109676612944095
0.0,0.0002103060518793,0.0108056596426322
0.0,0.0002071996532708,0.0106460508925388
0.0,0.0002041391388022,0.0104887996989434
0.0,0.000201123830726,0.0103338712387388
0.0,0.0001981530613054,0.0101812312031842
0.0,0.0001952261726666,0.0100308457903085
0.0,0.0001923425166535,0.0098826816974238
0.0,0.0001895014546833,0.0097367061137515
0.0,0.0001867023576061,0.009592886713156
0.0,0.0001839446055648,0.0094511916469858
0.0,0.0001812275878582,0.0093115895370214
0.0,0.0001785507028056,0.0091740494685259
0.0,0.0001759133576138,0.0090385409833992
0.0,0.0001733149682454,0.0089050340734336
0.0,0.00017075495929,0.0087734991736675
0.0,0.0001682327638364,0.0086439071558391
0.0,0.000165747823347,0.0085162293219359
0.0,0.0001632995875344,0.0083904373978389
0.0,0.0001608875142396,0.0082665035270623
0.0,0.0001585110693114,0.0081444002645838
0.0,0.0001561697264887,0.0080241005707676
0.0,0.0001538629672837,0.0079055778053761
0.0,0.0001515902808669,0.0077888057216706
0.0,0.0001493511639545,0.007673758460599
0.0,0.0001471451206964,0.0075604105450694
0.0,0.0001449716625668,0.0074487368743079
0.0,0.0001428303082555,0.0073387127183006
0.0,0.0001407205835622,0.0072303137123166
0.0,0.0001386420212904,0.0071235158515128
0.0,0.0001365941611449,0.0070182954856182
0.0,0.0001345765496291,0.006914629313696
0.0,0.0001325887399452,0.0068124943789841
0.0,0.0001306302918949,0.0067118680638115
0.0,0.000128700771782,0.0066127280845889
0.0,0.0001267997523163,0.0065150524868748
0.0,0.0001249268125192,0.0064188196405134
0.0,0.00012308153763,0.0063240082348445
0.0,0.0001212635190147,0.0062305972739845
0.0,0.0001194723540751,0.0061385660721768
0.0,0.0001177076461595,0.0060478942492109
0.0,0.0001159690044753,0.0059585617259094
0.0,0.0001142560440021,0.0058705487196812
0.0,0.0001125683854068,0.0057838357401409
0.0,0.0001109056549592,0.0056984035847927
0.0,0.0001092674844493,0.0056142333347777
0.0,0.0001076535111061,0.0055313063506849
0.0,0.0001060633775169,0.005449604268423
0.0,0.0001044967315484,0.0053691089951539
0.0,0.0001029532262685,0.005289802705286
0.0,0.0001014325198696,0.005211667836527
0.0,9.99342755930166e-05,0.0051346870859943
0.0,9.84581616539845e-05,0.0050588434063838
0.0,9.70038511687518e-05,0.0049841200021942
0.0,9.5571022081839e-05,0.0049105003260083
0.0,9.41593570947738e-05,0.004837968074828
0.0,9.27685435958697e-05,0.0047665071864646
0.0,9.13982735909827e-05,0.0046961018359813
0.0,9.00482436352879e-05,0.0046267364321891
0.0,8.87181547661181e-05,0.004558395614194
0.0,8.74077124367115e-05,0.0044910642479957
0.0,8.6116626451041e-05,0.0044247274231355
0.0,8.48446108994982e-05,0.0043593704493951
0.0,8.35913840956173e-05,0.0042949788535431
0.0,8.23566685136598e-05,0.0042315383761301
0.0,8.11401907271914e-05,0.0041690349683305
0.0,7.99416813485401e-05,0.0041074547888322
0.0,7.87608749690666e-05,0.0040467842007707
0.0,7.75975101004883e-05,0.0039870097687097
0.0,7.64513291168917e-05,0.0039281182556656
0.0,7.53220781977634e-05,0.0038700966201763
0.0,7.42095072716678e-05,0.0038129320134132
0.0,7.31133699610059e-05,0.0037566117763357
0.0,7.20334235273234e-05,0.003701123436888
0.0,7.0969428817666e-05,0.003646454707237
0.0,6.99211502115452e-05,0.0035925934810516
0.0,6.88883555687789e-05,0.0035395278308212
0.0,6.78708161781297e-05,0.0034872460052148
0.0,6.68683067065953e-05,0.0034357364264784
0.0,6.58806051495112e-05,0.0033849876878714
0.0,6.49074927814505e-05,0.0033349885511402
0.0,6.39487541077219e-05,0.0032857279440299
0.0,6.30041768166778e-05,0.0032371949578321
0.0,6.2073551732697e-05,0.0031893788449693
0.0,6.11566727698604e-05,0.003142269016615
0.0,6.02533368863067e-05,0.0030958550403483
0.0,5.9363344039276e-05,0.0030501266378442
0.0,5.84864971408111e-05,0.0030050736825973
0.0,5.76226020141124e-05,0.0029606861976791
0.0,5.67714673505512e-05,0.002916954353529
0.0,5.59329046672455e-05,0.0028738684657772
0.0,5.51067282654055e-05,0.0028314189931004
0.0,5.42927551891587e-05,0.0027895965351084
0.0,5.34908051850469e-05,0.0027483918302631
0.0,5.27007006620971e-05,0.0027077957538269
0.0,5.19222666525224e-05,0.0026677993158426
0.0,5.11553307729409e-05,0.0026283936591419
0.0,5.03997231862431e-05,0.0025895700573847
0.0,4.96552765639272e-05,0.0025513199131262
0.0,4.8921826049108e-05,0.0025136347559133
0.0,4.81992092199422e-05,0.0024765062404083
0.0,4.74872660537196e-05,0.0024399261445416
0.0,4.67858388913944e-05,0.0024038863676904
0.0,4.60947724026731e-05,0.0023683789288849
0.0,4.54139135516382e-05,0.0023333959650411
0.0,4.47431115628144e-05,0.0022989297292193
0.0,4.40822178878301e-05,0.0022649725889087
0.0,4.34310861724928e-05,0.0022315170243372
0.0,4.27895722243908e-05,0.0021985556268061
0.0,4.21575339809507e-05,0.0021660810970494
0.0,4.15348314779761e-05,0.0021340862436175
0.0,4.09213268186791e-05,0.0021025639812845
0.0,4.0316884143108e-05,0.0020715073294796
0.0,3.97213695980878e-05,0.0020409094107405
0.0,3.91346513075597e-05,0.0020107634491911
0.0,3.8556599343393e-05,0.0019810627690408
1.0,0.170137987085697,-0.1480482051673586
1.0,0.163160624005249,-0.03219564280872508
1.0,0.143001980149034,0.1230392822426446
1.0,0.117026341166553,0.3098098755667259
1.0,0.0904837152719755,0.4953985312343915
1.0,0.0666979784015439,0.6632177942244082
1.0,0.0474089704587604,0.792373197905938
1.0,0.0331700924054692,0.8818638893854328
1.0,0.0237338231136343,0.936958165469406
1.0,0.0183846358135854,0.969443200370843
1.0,0.0162003258409933,0.9853496457085417
1.0,0.0162383433309,0.9869613048168423
1.0,0.0176537915177453,0.9801888921921048
1.0,0.0197612185167733,0.969401641067889
1.0,0.0220543038892372,0.9573610203372825
1.0,0.0241971159651262,0.9461796958097679
1.0,0.0259987519221082,0.936692684434679
1.0,0.027380634057104,0.9295995651380891
1.0,0.0283430755553408,0.9249651050667147
1.0,0.0289353047275475,0.9226611542004546
1.0,0.029231142304475,0.9219433025089814
1.0,0.0293110321174066,0.9224920348857147
1.0,0.0292501163794274,0.923874035019851
1.0,0.0291114567622973,0.9256624693311432
1.0,0.0289432415195146,0.9275528792620867
1.0,0.0287787926806988,0.9294351663336148
1.0,0.0286383098264524,0.9312394898074653
1.0,0.0285314873795673,0.9328591479498318
1.0,0.0284603676884155,0.9341857259784696
1.0,0.0284220066125164,0.9353420756020672
1.0,0.0284107108990499,0.9363279358207304
1.0,0.0284197480905179,0.9371698836687109
1.0,0.0284425290864461,0.937936939906377
1.0,0.0284733251338165,0.9386457145991698
1.0,0.0285076120478551,0.9393197959001757
1.0,0.0285421428591575,0.9399844613995483
1.0,0.0285748434520396,0.9406506198199956
1.0,0.0286046105805582,0.9412891243006681
1.0,0.0286310729424706,0.9419540769021906
1.0,0.0286543572849187,0.9426205401953947
1.0,0.0286748849975251,0.9432979519635969
1.0,0.0286932114209899,0.9439794353857781
1.0,0.0287099104609945,0.942959067518667
1.0,0.0287255008137233,0.943806358866221
1.0,0.0287404066426284,0.944643727274625
1.0,0.0287549442327497,0.945469476677973
1.0,0.0287693263254103,0.946282547651761
1.0,0.0287836769163796,0.947082419936333
1.0,0.0287980508152728,0.947868988574105
1.0,0.0288124538709265,0.948642438170453
1.0,0.0288268612437685,0.949403130705907
1.0,0.0288412323286127,0.950151514886855
1.0,0.0288555218532136,0.950888059470723
1.0,0.0288696873054821,0.951613209272095
1.0,0.0288836932137746,0.952327360393469
1.0,0.0288975129738323,0.953030850286712
1.0,0.0289111289397643,0.953723958183627
1.0,0.0289245314273161,0.954406911913984
1.0,0.0289377171589107,0.955079897893093
1.0,0.0289506875443113,0.95574307191131
1.0,0.0289634470605267,0.956396569162534
1.0,0.0289760018829088,0.957040512630863
1.0,0.0289883588323487,0.957675019480913
1.0,0.0290005246418497,0.9564422634951198
1.0,0.0290125055071511,0.9569231959301647
1.0,0.0290243068662497,0.95740323129659
1.0,0.029035933346808,0.9578797573291641
1.0,0.0290473888239564,0.9583444961438531
1.0,0.0290586765398946,0.9587991753256343
1.0,0.029069799247911,0.9592450522365562
1.0,0.0290807593547642,0.9596855190061856
1.0,0.0290915590454528,0.9601181853243264
1.0,0.0291022003825177,0.9605399575363596
1.0,0.0291126853779906,0.9609750922397592
1.0,0.0291230160400016,0.9613866556675458
1.0,0.0291331943982749,0.9617898126761999
1.0,0.0291432225135975,0.9621926544466579
1.0,0.029153102476291,0.9625832929588374
1.0,0.0291628363980954,0.9629751238166839
1.0,0.0291724264009667,0.9633644486089349
1.0,0.0291818746053323,0.963743898627685
1.0,0.029191183119424,0.9641193361374023
1.0,0.0292003540305945,0.9644944445582303
1.0,0.0292093893989207,0.964862344764845
1.0,0.029218291253033,0.9652213959557935
1.0,0.0292270615878598,0.9655742212956929
1.0,0.0292357023638745,0.9659228715860702
1.0,0.0292442155074115,0.9662682436766249
1.0,0.0292526029116607,0.9666038545916945
1.0,0.0292608664380036,0.9669352517052298
1.0,0.0292690079174642,0.9672630566309792
1.0,0.0292770291520983,0.9675859394158781
1.0,0.0292849319162289,0.9679040788844704
1.0,0.0292927179574916,0.9682293047580425
1.0,0.0293003889976742,0.968542738792814
1.0,0.0293079467333828,0.968850946564236
1.0,0.0293153928365597,0.9691417210836408
1.0,0.0293227289548901,0.969428334609242
1.0,0.0293299567121377,0.9788979317242759
1.0,0.0293370777084339,0.975595391637904
1.0,0.0293440935205467,0.975955868365127
1.0,0.0293510057021447,0.976311020551958
1.0,0.0293578157840628,0.97666092684553
1.0,0.0293645252745822,0.977005664730967
1.0,0.0293711356597215,0.977345310548805
1.0,0.0293776484035337,0.977679939512069
1.0,0.0293840649484169,0.97800962572302
1.0,0.0293903867154277,0.978334442189597
1.0,0.0293966151045957,0.978654460841573
1.0,0.0294027514952386,0.978969752546456
1.0,0.0294087972462758,0.979280387125133
1.0,0.0294147536965348,0.979586433367288
1.0,0.0294206221650564,0.979887959046595
1.0,0.029426403951391,0.980185030935689
1.0,0.0294321003358915,0.98047771482093
1.0,0.0294377125799992,0.980766075516953
1.0,0.0294432419265254,0.981050176881012
1.0,0.0294486895999264,0.981330081827116
1.0,0.0294540568065758,0.981605852339961
1.0,0.02945934473503,0.981877549488659
1.0,0.0294645545562933,0.982145233440266
1.0,0.0294696874240741,0.982408963473108
1.0,0.0294747444750412,0.982668797989913
1.0,0.0294797268290734,0.982924794530747
1.0,0.0294846355895098,0.983177009785759
1.0,0.0294894718433911,0.983425499607737
1.0,0.0294942366617024,0.983670319024475
1.0,0.0294989310996081,0.983911522250963
1.0,0.0295035561966877,0.984149162701392
1.0,0.0295081129771637,0.98438329300098
1.0,0.0295126024501313,0.984613964997628
1.0,0.029517025609779,0.9848412297734
1.0,0.0295213834356109,0.985065137655837
1.0,0.0295256768926631,0.985285738229098
1.0,0.0295299069317163,0.985503080344942
1.0,0.0295340744895085,0.985717212133549
1.0,0.0295381804889407,0.985928181014172
1.0,0.0295422258392815,0.986136033705644
1.0,0.02954621143637,0.98634081623672
1.0,0.0295501381628116,0.98654257395627
1.0,0.0295540068881759,0.986741351543325
1.0,0.029557818469188,0.986937193016967
1.0,0.0295615737499186,0.987130141746079
1.0,0.0295652735619703,0.987320240458949
1.0,0.0295689187246626,0.987507531252733
1.0,0.0295725100452129,0.987692055602775
1.0,0.0295760483189151,0.987873854371794
1.0,0.0295795343293159,0.98805296781893
1.0,0.0295829688483893,0.988229435608664
1.0,0.0295863526367055,0.988403296819597
1.0,0.0295896864436005,0.988574589953107
1.0,0.0295929710073424,0.988743352941875
1.0,0.0295962070552944,0.988909623158281
1.0,0.0295993953040761,0.989073437422686
1.0,0.0296025364597212,0.989234832011583
1.0,0.0296056312178352,0.98939384266563
1.0,0.0296086802637496,0.989550504597563
1.0,0.0296116842726717,0.989704852500001
1.0,0.0296146439098364,0.989856920553118
1.0,0.0296175598306523,0.990006742432221
1.0,0.0296204326808467,0.990154351315205
1.0,0.0296232630966089,0.990299779889897
1.0,0.0296260517047318,0.990443060361299
1.0,0.0296287991227493,0.990584224458716
1.0,0.0296315059590746,0.990723303442786
1.0,0.0296341728131335,0.9908603281124
1.0,0.0296368002754979,0.990995328811523
1.0,0.0296393889280167,0.991128335435915
1.0,0.029641939343944,0.99125937743975
1.0,0.0296444520880665,0.991388483842137
1.0,0.029646927716829,0.991515683233551
1.0,0.0296493667784568,0.991641003782159
1.0,0.0296517698130776,0.991764473240062
1.0,0.0296541373528403,0.99188611894944
1.0,0.0296564699220343,0.992005967848602
1.0,0.0296587680372047,0.992124046477958
1.0,0.0296610322072666,0.992240380985894
1.0,0.0296632629336178,0.99235499713456
1.0,0.0296654607102504,0.992467920305581
1.0,0.0296676260238598,0.992579175505669
1.0,0.0296697593539521,0.99268878737217
1.0,0.0296718611729514,0.992796780178513
1.0,0.0296739319463024,0.992903177839589
1.0,0.0296759721325763,0.993008003917045
1.0,0.02967798218357,0.993111281624502
1.0,0.0296799625444069,0.993213033832699
1.0,0.0296819136536364,0.993313283074551
1.0,0.0296838359433289,0.993412051550146
1.0,0.0296857298391739,0.993509361131656
1.0,0.029687595760572,0.993605233368182
1.0,0.0296894341207299,0.993699689490529
1.0,0.0296912453267504,0.993792750415903
1.0,0.0296930297797229,0.993884436752545
1.0,0.0296947878748131,0.993974768804296
1.0,0.0296965200013486,0.994063766575092
1.0,0.0296982265429073,0.994151449773392
1.0,0.0296999078774014,0.994237837816547
1.0,0.0297015643771599,0.994322949835096
1.0,0.0297031964090129,0.994406804677004
1.0,0.0297048043343728,0.994489420911834
1.0,0.0297063885093123,0.994570816834864
1.0,0.0297079492846457,0.994651010471132
1.0,0.0297094870060044,0.994730019579432
1.0,0.0297110020139155,0.994807861656248
1.0,0.0297124946438763,0.994884553939622
1.0,0.0297139652264276,0.994960113412978
1.0,0.029715414087228,0.995034556808881
1.0,0.0297168415471269,0.99510790061274
1.0,0.0297182479222331,0.995180161066461
1.0,0.0297196335239873,0.995251354172045
1.0,0.0297209986592293,0.995321495695127
1.0,0.0297223436302667,0.995390601168472
1.0,0.0297236687349425,0.995458685895413
1.0,0.0297249742666992,0.995525764953238
1.0,0.0297262605146456,0.995591853196535
1.0,0.0297275277636195,0.995656965260471
1.0,0.0297287762942524,0.995721115564045
1.0,0.0297300063830295,0.995784318313271
1.0,0.0297312183023535,0.99584658750433
1.0,0.0297324123206015,0.995907936926668
1.0,0.0297335887021886,0.995968380166048
1.0,0.0297347477076222,0.99602793060756
1.0,0.0297358895935635,0.996086601438585
1.0,0.0297370146128819,0.996144405651716
1.0,0.0297381230147118,0.996201356047633
1.0,0.0297392150445071,0.996257465237941
1.0,0.0297402909440967,0.996312745647959
1.0,0.0297413509517379,0.996367209519473
1.0,0.0297423953021678,0.996420868913451
1.0,0.029743424226657,0.996473735712706
1.0,0.0297444379530594,0.996525821624534
1.0,0.0297454367058638,0.996577138183305
1.0,0.0297464207062428,0.996627696753015
1.0,0.0297473901721024,0.996677508529805
1.0,0.0297483453181293,0.996726584544439
1.0,0.0297492863558406,0.996774935664748
1.0,0.0297502134936269,0.996822572598036
1.0,0.0297511269368029,0.996869505893449
1.0,0.0297520268876488,0.996915745944315
1.0,0.0297529135454584,0.996961302990445
1.0,0.0297537871065801,0.997006187120396
1.0,0.0297546477644641,0.997050408273711
1.0,0.0297554957097019,0.997093976243116
1.0,0.0297563311300701,0.997136900676692
1.0,0.0297571542105712,0.997179191080009
1.0,0.0297579651334756,0.997220856818229
1.0,0.0297587640783616,0.997261907118188
1.0,0.0297595512221549,0.997302351070428
1.0,0.0297603267391668,0.997342197631219
1.0,0.0297610908011356,0.99738145562454
1.0,0.0297618435772615,0.99742013374403
1.0,0.0297625852342462,0.997458240554918
1.0,0.0297633159363286,0.997495784495916
1.0,0.0297640358453224,0.997532773881089
1.0,0.02976474512065,0.997569216901697
1.0,0.0297654439193797,0.997605121628007
1.0,0.0297661323962606,0.997640496011082
1.0,0.0297668107037539,0.997675347884541
1.0,0.0297674789920708,0.997709684966295
1.0,0.0297681374092031,0.997743514860253
1.0,0.0297687861009561,0.997776845058008
1.0,0.0297694252109826,0.997809682940496
1.0,0.029770054880812,0.997842035779632
1.0,0.0297706752498845,0.997873910739917
1.0,0.0297712864555806,0.997905314880026
1.0,0.0297718886332496,0.997936255154373
1.0,0.029772481916245,0.997966738414647
1.0,0.0297730664359477,0.997996771411334
1.0,0.0297736423217987,0.998026360795209
1.0,0.0297742097013278,0.998055513118809
1.0,0.0297747687001801,0.998084234837885
1.0,0.029775319442146,0.998112532312829
1.0,0.0297758620491864,0.998140411810089
1.0,0.0297763966414608,0.998167879503547
1.0,0.0297769233373542,0.998194941475896
0.0,-0.140322557746497,0.998221603719979
0.0,-0.133345244516179,0.940771082140123
0.0,-0.113186649773765,0.806774881244144
0.0,-0.0872110591796331,0.640786872651458
0.0,-0.0606684809586679,0.47419791636463
0.0,-0.0368827910576683,0.326558621439173
0.0,-0.0175938293905391,0.207785395059637
0.0,-0.0033549969293713,0.120656461683183
0.0,0.0060812274437747,0.0631957769926549
0.0,0.0114303704886214,0.0307084682305959
0.0,0.0136146368596982,0.0173619069012458
0.0,0.0135765764123078,0.0172998675600758
0.0,0.0121610859024971,0.0253366158295783
0.0,0.0100536172056499,0.0373091388896866
0.0,0.0077604907512787,0.05017604580021
0.0,0.0056176382002972,0.0619477073095628
0.0,0.0038159623660741,0.07151985459796
0.0,0.0024340409428578,0.078466743665226
0.0,0.0014715607367208,0.0828334298726005
0.0,0.0008792934283623,0.0849517938039064
0.0,0.0005834182785865,0.0852928292367396
0.0,0.0005034914477892,0.0843587134750373
0.0,0.000564370714688,0.0826121898734566
0.0,0.0007029943994464,0.0804373643801932
0.0,0.000871174240609,0.0781245809502865
0.0,0.0010355882007169,0.0758720072479431
0.0,0.001176036691443,0.0737974034206622
0.0,0.0012828252823865,0.071954832459338
0.0,0.0013539116176775,0.0703524816881611
0.0,0.0013922398304103,0.0689690886166762
0.0,0.0014035031661271,0.067767579011482
0.0,0.0013944340751563,0.066705379539046
0.0,0.001371621650908,0.0657414604416849
0.0,0.0013407946394404,0.0648405252402209
0.0,0.0013064772186703,0.0639749399968197
0.0,0.001271916351247,0.0631250342674384
0.0,0.0012391861461981,0.0622783564843699
0.0,0.0012093898429098,0.0614283676844406
0.0,0.0011828987371636,0.0605729395611592
0.0,0.0011595860754524,0.0597129068212415
0.0,0.0011390304618829,0.0588508226029583
0.0,0.0011206765495755,0.0579899855013653
0.0,0.0011039504267619,0.0571337489546862
0.0,0.00108833339126,0.0562850866291643
0.0,0.001073401273709,0.0554463674932994
0.0,0.0010588377832471,0.0546192873138785
0.0,0.0010444301728166,0.0538049052207083
0.0,0.001030054440996,0.053003741183099
0.0,0.0010156557726032,0.052215899872576
0.0,0.0010012283133165,0.0514411964019321
0.0,0.0009867968973038,0.0506792685129688
0.0,0.0009724021244268,0.0499296672257297
0.0,0.0009580892616856,0.0491919235132619
0.0,0.0009439008160009,0.0484655922954346
0.0,0.0009298722539243,0.0477502772081288
0.0,0.0009160301746983,0.0470456405417164
0.0,0.000902392219271,0.0463514028104441
0.0,0.0008889680670268,0.0456673359343405
0.0,0.0008757609907464,0.0449932532515913
0.0,0.0008627695759388,0.0443289987289757
0.0,0.0008499893409389,0.043674436933319
0.0,0.0008374141058059,0.0430294446447812
0.0,0.0008250370451288,0.0423939044664848
0.0,0.0008128514214509,0.041767700416936
0.0,0.0008008510346445,0.0411507152649019
0.0,0.00078903044239,0.0405428292538069
0.0,0.0007773850127659,0.0399439198341324
0.0,0.0007659108664458,0.0393538620492093
0.0,0.0007546047570952,0.0387725292779739
0.0,0.0007434639273524,0.0381997941090404
0.0,0.000732485966446,0.0376355291907634
0.0,0.0007216686854241,0.0370796079637658
0.0,0.0007110100178495,0.0365319052317028
