Setpoint,ControllerOutput,PlantOutput
1.0,0.1701,-0.0277405995875597
1.0,0.163123198021,0.0297361904124403
1.0,0.142965106978289,0.1637582717217363
1.0,0.116990012643787,0.3297717784521023
1.0,0.0904479233522777,0.5518670554226287
1.0,0.0666627151588314,0.6440499016155753
1.0,0.0473742280840264,0.8183287120278278
1.0,0.0331358632050521,0.8500004709017464
1.0,0.0237000995075146,0.9074848254000853
1.0,0.0183514103337071,0.9399954543468353
1.0,0.0161675911296097,1.0088461905771058
1.0,0.0162060921389443,0.9534496670980163
1.0,0.0176220167032256,1.0009164200003489
1.0,0.0197299130431912,0.9334846703424463
1.0,0.0220234608240295,0.9206394114556603
1.0,0.0241667284781294,0.9088890782103883
1.0,0.025968813284046,0.8993379441495363
1.0,0.027351137638097,0.9478929571017577
1.0,0.0283140148234391,0.8880654687650753
1.0,0.0289066732472834,0.8859672005979293
1.0,0.0292029337354378,0.9411271632729087
1.0,0.0292832402128392,0.9420807855202897
1.0,0.0292227349848425,0.9438465274802257
1.0,0.0290844798141147,0.9460402874604037
1.0,0.0289166630437181,0.9483717256988087
1.0,0.0287526067915135,0.8951614794872003
1.0,0.0286125107250415,0.9527353902735047
1.0,0.0285060693527475,0.8991146023763003
1.0,0.028435325107392,0.9007345299474743
1.0,0.0283973339316368,0.9576164393698438
1.0,0.0283864026545756,0.9588350103614417
1.0,0.0283957988994141,0.9599140192091457
1.0,0.0284189336451903,0.9054133002179383
1.0,0.0284500782172241,0.9063305518846693
1.0,0.0284847085079212,0.9072122125853193
1.0,0.0285195776239175,0.9635591554989417
1.0,0.0285526115244472,0.9089402381751953
1.0,0.0285827070373765,0.9098056005581173
1.0,0.0286094929331839,0.9661573743586617
1.0,0.0286330960306571,0.9670323298740507
1.0,0.0286539377900061,0.9124279172706463
1.0,0.0286725736214777,0.9687844387345707
1.0,0.0286895774992701,0.9141737473348513
1.0,0.0287054681870749,0.9150364700909523
1.0,0.0287206699148521,0.9158890419729213
1.0,0.0287354990331687,0.9722109694567657
1.0,0.0287501683479054,0.9730387980848036
1.0,0.0287648019184379,0.9738532100405667
1.0,0.0287794546170461,0.9746541035862657
1.0,0.0287941323543068,0.9754416664995107
1.0,0.0288088103514756,0.9207350647110903
1.0,0.0288234480632963,0.9769783475319677
1.0,0.0288380002765669,0.9222471900528203
1.0,0.0288524245373709,0.9784668367776337
1.0,0.0288666854313777,0.9237128900531963
1.0,0.0288807564107945,0.9244292877580123
1.0,0.0288946198853628,0.9806163119823027
1.0,0.0289082662256388,0.9258305958466813
1.0,0.0289216922080457,0.9819971252415367
1.0,0.0289348992955512,0.9271912619903663
1.0,0.0289478920175803,0.9278567415056683
1.0,0.0289606766011286,0.9839936894249997
1.0,0.0289732599179677,0.9291586280018843
1.0,0.0289856487512294,0.9852764722651167
1.0,0.0289978493460417,0.9859037442327268
1.0,0.0290098671890602,0.9865217651144147
1.0,0.0290217069558873,0.9871306597040537
1.0,0.0290333725688856,0.9877305551695197
1.0,0.0290448673167889,0.9883215803104197
1.0,0.029056193998733,0.9889038646845038
1.0,0.0290673550666465,0.9339963385829593
1.0,0.0290783527500296,0.9345615289988283
1.0,0.0290891891552703,0.9905995631811066
1.0,0.0290998663375961,0.9911481682346767
1.0,0.0291103863476969,0.9916886667513557
1.0,0.0291207512572285,0.9367399808179173
1.0,0.029130963168289,0.9927458270465587
1.0,0.0291410242119017,0.9377815256933213
1.0,0.0291509365399061,0.9382907891924923
1.0,0.0291607023137677,0.9387925313297893
1.0,0.0291703236928365,0.9947680623941657
1.0,0.0291798028236949,0.9952550933952437
1.0,0.0291891418314774,0.9402537320188074
1.0,0.0291983428134863,0.9962076818670197
1.0,0.0292074078350271,0.9411922507581963
1.0,0.0292163389271605,0.9971323383924457
1.0,0.0292251380859603,0.9975844487542727
1.0,0.0292338072728353,0.9980298810614937
1.0,0.0292423484155291,0.9984687339079297
1.0,0.0292507634094705,0.9434199052793243
1.0,0.0292590541192244,0.9993270884439717
1.0,0.0292672223798933,0.9997467802166528
1.0,0.0292752699983603,0.9446790735504783
1.0,0.0292831987543378,1.0005676575535587
1.0,0.0292910104012181,0.9454878257553643
1.0,0.0292987066667443,0.9458832645767243
1.0,0.0293062892535358,0.9462728624223953
1.0,0.0293137598395021,1.0021379047509877
1.0,0.0293211200781849,1.0025160782187117
1.0,0.0293283715990531,1.0028886657493676
1.0,0.0293355160077795,0.975515150265396
1.0,0.0293425548865098,0.975876812232043
1.0,0.0293494897941362,0.976233132150467
1.0,0.0293563222665829,0.976584188926081
1.0,0.0293630538171015,0.976930060298734
1.0,0.0293696859365782,0.977270822860092
1.0,0.0293762200938463,0.977606552070695
1.0,0.0293826577360072,0.977937322276698
1.0,0.0293890002887514,0.978263206726324
1.0,0.0293952491566771,0.978584277586054
1.0,0.0294014057236125,0.978900605956564
1.0,0.0294074713529251,0.979212261888422
1.0,0.0294134473878331,0.97951931439756
1.0,0.0294193351517074,0.979821831480526
1.0,0.0294251359483699,0.98011988012951
1.0,0.0294308510623833,0.980413526347169
1.0,0.0294364817593393,0.980702835161231
1.0,0.0294420292861386,0.980987870638888
1.0,0.0294474948712664,0.981268695900988
1.0,0.0294528797250666,0.981545373136011
1.0,0.0294581850400057,0.981817963613846
1.0,0.02946341199094,0.982086527699367
1.0,0.0294685617353723,0.982351124865796
1.0,0.0294736354137091,0.982611813707882
1.0,0.0294786341495124,0.982868651954881
1.0,0.0294835590497486,0.983121696483336
1.0,0.0294884112050324,0.983371003329678
1.0,0.02949319168987,0.983616627702631
1.0,0.0294979015628949,0.983858623995445
1.0,0.0295025418671042,0.984097045797934
1.0,0.0295071136300886,0.984331945908349
1.0,0.0295116178642598,0.984563376345065
1.0,0.0295160555670759,0.984791388358102
1.0,0.0295204277212615,0.985016032440477
1.0,0.0295247352950248,0.98523735833938
1.0,0.0295289792422733,0.985455415067193
1.0,0.0295331605028251,0.985670250912345
1.0,0.029537280002615,0.985881913450002
1.0,0.0295413386539021,0.986090449552605
1.0,0.0295453373554702,0.986295905400251
1.0,0.0295492769928276,0.986498326490916
1.0,0.0295531584384023,0.986697757650531
1.0,0.0295569825517366,0.986894243042913
1.0,0.0295607501796762,0.98708782617954
1.0,0.0295644621565583,0.987278549929189
1.0,0.0295681193043964,0.987466456527428
1.0,0.0295717224330612,0.987651587585971
1.0,0.0295752723404621,0.987833984101892
1.0,0.0295787698127226,0.988013686466702
1.0,0.0295822156243537,0.988190734475297
1.0,0.0295856105384273,0.988365167334767
1.0,0.0295889553067428,0.988537023673081
1.0,0.0295922506699957,0.988706341547639
1.0,0.0295954973579409,0.988873158453703
1.0,0.0295986960895536,0.989037511332697
1.0,0.0296018475731901,0.989199436580388
1.0,0.0296049525067421,0.989358970054948
1.0,0.0296080115777946,0.989516147084894
1.0,0.0296110254637749,0.989671002476909
1.0,0.0296139948321055,0.989823570523554
1.0,0.0296169203403491,0.989973885010857
1.0,0.029619802636357,0.990121979225799
1.0,0.0296226423584103,0.990267885963686
1.0,0.0296254401353624,0.990411637535406
1.0,0.029628196586778,0.990553265774591
1.0,0.02963091232307,0.990692802044661
1.0,0.0296335879456358,0.990830277245773
1.0,0.029636224046989,0.990965721821663
1.0,0.0296388212108909,0.991099165766385
1.0,0.0296413800124813,0.991230638630958
1.0,0.0296439010184038,0.991360169529905
1.0,0.0296463847869319,0.991487787147706
1.0,0.0296488318680945,0.991613519745142
1.0,0.0296512428037945,0.991737395165564
1.0,0.0296536181279308,0.991859440841048
1.0,0.0296559583665168,0.991979683798479
1.0,0.0296582640377958,0.99209815066553
1.0,0.0296605356523563,0.99221486767656
1.0,0.0296627737132444,0.992329860678427
1.0,0.0296649787160765,0.992443155136206
1.0,0.029667151149148,0.992554776138834
1.0,0.0296692914935421,0.99266474840466
1.0,0.0296714002232359,0.992773096286925
1.0,0.0296734778052052,0.992879843779149
1.0,0.0296755246995279,0.992985014520452
1.0,0.0296775413594872,0.993088631800779
1.0,0.0296795282316695,0.993190718566066
1.0,0.0296814857560659,0.993291297423318
1.0,0.0296834143661684,0.993390390645613
1.0,0.029685314489065,0.993488020177039
1.0,0.0296871865455361,0.993584207637551
1.0,0.0296890309501472,0.993678974327757
1.0,0.0296908481113387,0.99377234123364
1.0,0.0296926384315195,0.9938643290312
1.0,0.0296944023071539,0.993954958091036
1.0,0.0296961401288509,0.994044248482855
1.0,0.0296978522814486,0.994132219979918
1.0,0.0296995391441013,0.994218892063419
1.0,0.0297012010903628,0.994304283926797
1.0,0.02970283848827,0.994388414479989
1.0,0.0297044517004226,0.994471302353614
1.0,0.0297060410840644,0.994552965903103
1.0,0.0297076069911628,0.994633423212761
1.0,0.0297091497684863,0.994712692099772
1.0,0.0297106697576814,0.994790790118146
1.0,0.0297121672953482,0.994867734562605
1.0,0.0297136427131148,0.994943542472413
1.0,0.0297150963377102,0.995018230635151
1.0,0.0297165284910386,0.995091815590431
1.0,0.0297179394902487,0.995164313633563
1.0,0.0297193296478047,0.995235740819159
1.0,0.0297206992715555,0.995306112964695
1.0,0.0297220486648029,0.995375445654004
1.0,0.0297233781263684,0.995443754240736
1.0,0.0297246879506601,0.995511053851755
1.0,0.0297259784277371,0.995577359390487
1.0,0.0297272498433736,0.995642685540221
1.0,0.0297285024791241,0.995707046767364
1.0,0.0297297366123828,0.99577045732464
1.0,0.0297309525164473,0.995832931254248
1.0,0.0297321504605785,0.995894482390973
1.0,0.02973333071006,0.995955124365247
1.0,0.0297344935262562,0.996014870606171
1.0,0.0297356391666717,0.996073734344484
1.0,0.0297367678850078,0.996131728615499
1.0,0.0297378799312171,0.996188866261984
1.0,0.0297389755515614,0.996245159937011
1.0,0.0297400549886651,0.996300622106751
1.0,0.0297411184815679,0.996355265053243
1.0,0.0297421662657791,0.996409100877109
1.0,0.0297431985733299,0.996462141500233
1.0,0.0297442156328234,0.996514398668405
1.0,0.0297452176694859,0.996565883953918
1.0,0.029746204905218,0.996616608758134
1.0,0.0297471775586415,0.996666584314005
1.0,0.0297481358451497,0.996715821688565
1.0,0.029749079976954,0.996764331785376
1.0,0.0297500101631314,0.996812125346949
1.0,0.0297509266096709,0.996859212957114
1.0,0.0297518295195185,0.996905605043372
1.0,0.0297527190926221,0.996951311879202
1.0,0.0297535955259773,0.996996343586333
1.0,0.0297544590136694,0.997040710136988
1.0,0.0297553097469163,0.997084421356091
1.0,0.0297561479141122,0.997127486923446
1.0,0.0297569737008685,0.997169916375875
1.0,0.0297577872900543,0.997211719109335
1.0,0.0297585888618386,0.997252904380997
1.0,0.0297593785937282,0.997293481311294
1.0,0.0297601566606085,0.997333458885945
1.0,0.0297609232347817,0.997372845957939
1.0,0.0297616784860046,0.997411651249501
1.0,0.0297624225815269,0.997449883354023
1.0,0.029763155686128,0.99748755073796
1.0,0.0297638779621527,0.997524661742716
1.0,0.0297645895695486,0.997561224586482
1.0,0.0297652906659001,0.99759724736606
1.0,0.0297659814064646,0.997632738058658
1.0,0.029766661944205,0.997667704523649
1.0,0.0297673324298267,0.997702154504321
1.0,0.0297679930118075,0.997736095629583
1.0,0.0297686438364326,0.997769535415662
1.0,0.0297692850478262,0.997802481267763
1.0,0.0297699167879846,0.997834940481708
1.0,0.0297705391968051,0.997866920245556
1.0,0.02977115241212,0.997898427641191
1.0,0.0297717565697253,0.997929469645892
1.0,0.0297723518034103,0.997960053133876
1.0,0.0297729382449896,0.997990184877826
1.0,0.0297735160243302,0.998019871550382
1.0,0.02977408526938,0.998049119725627
1.0,0.0297746461061978,0.998077935880538
1.0,0.0297751986589805,0.998106326396421
1.0,0.0297757430500905,0.998134297560325
1.0,0.0297762794000827,0.998161855566433
1.0,0.0297768078277305,0.998189006517438
1.0,0.0297773284500547,0.998215756425888
1.0,0.0297778413823453,0.998242111215521
1.0,0.0297783467381918,0.998268076722577
1.0,0.0297788446295038,0.998293658697089
1.0,0.0297793351665396,0.998318862804159
1.0,0.0297798184579272,0.998343694625208
1.0,0.029780294610692,0.998368159659217
1.0,0.0297807637302765,0.998392263323941
1.0,0.0297812259205676,0.99841601095711
1.0,0.0297816812839162,0.998439407817613
1.0,0.029782129921162,0.998462459086658
1.0,0.0297825719316556,0.998485169868926
1.0,0.0297830074132799,0.998507545193692
1.0,0.0297834364624716,0.99852959001595
1.0,0.029783859174243,0.998551309217502
1.0,0.0297842756422033,0.998572707608041
1.0,0.0297846859585789,0.998593789926218
1.0,0.029785090214234,0.998614560840689
1.0,0.0297854884986901,0.998635024951152
1.0,0.0297858809001479,0.998655186789361
1.0,0.029786267505503,0.998675050820134
1.0,0.0297866484003697,0.998694621442338
1.0,0.0297870236690965,0.998713902989868
1.0,0.0297873933947856,0.998732899732601
1.0,0.0297877576593133,0.998751615877346
1.0,0.0297881165433453,0.99877005556877
1.0,0.0297884701263564,0.998788222890326
1.0,0.0297888184866464,0.998806121865147
1.0,0.0297891617013599,0.998823756456941
1.0,0.0297894998465009,0.998841130570871
1.0,0.0297898329969519,0.998858248054414
1.0,0.0297901612264884,0.998875112698219
1.0,0.0297904846077963,0.998891728236943
1.0,0.0297908032124883,0.99890809835008
1.0,0.0297911171111189,0.998924226662773
1.0,0.0297914263732011,0.998940116746619
1.0,0.0297917310672198,0.998955772120462
1.0,0.0297920312606497,0.998971196251165
1.0,0.0297923270199687,0.998986392554387
1.0,0.0297926184106716,0.999001364395332
1.0,0.029792905497287,0.999016115089499
1.0,0.0297931883433895,0.999030647903412
1.0,0.0297934670116153,0.999044966055349
1.0,0.0297937415636758,0.999059072716047
1.0,0.0297940120603692,0.999072971009413
1.0,0.0297942785615977,0.999086664013207
1.0,0.0297945411263769,0.999100154759732
1.0,0.029794799812852,0.999113446236497
1.0,0.0297950546783081,0.999126541386887
1.0,0.029795305779186,0.999139443110809
1.0,0.0297955531710905,0.999152154265334
1.0,0.0297957969088074,0.999164677665335
1.0,0.029796037046312,0.999177016084105
1.0,0.0297962736367818,0.999189172253974
1.0,0.0297965067326098,0.999201148866912
1.0,0.029796736385415,0.999212948575128
1.0,0.0297969626460535,0.999224573991654
1.0,0.0297971855646306,0.999236027690926
1.0,0.0297974051905117,0.999247312209353
1.0,0.0297976215723323,0.999258430045881
1.0,0.0297978347580097,0.999269383662541
1.0,0.0297980447947541,0.999280175485001
1.0,0.029798251729078,0.999290807903097
1.0,0.0297984556068065,0.999301283271367
1.0,0.0297986564730883,0.999311603909571
1.0,0.0297988543724048,0.999321772103202
1.0,0.0297990493485811,0.999331790103997
1.0,0.0297992414447934,0.99934166013043
0.0,-0.140300569296418,0.9716107847806493
0.0,-0.133323580854142,0.9141435753831954
0.0,-0.113165306102376,0.7801309331628263
0.0,-0.0871900307723572,0.6141267260980443
0.0,-0.0606477631587876,0.5030030097793997
0.0,-0.0368623792772496,0.2998667922028983
0.0,-0.0175737191094147,0.2365592737716207
0.0,-0.0033351836941413,0.0939338788117353
0.0,0.0061007480207295,0.0364581571516
0.0,0.0114496027301121,0.003956033528717803
0.0,0.013633585024684,0.046076075341713
0.0,0.0135952446968391,-0.0094815436115771
0.0,0.0121794784406457,0.054022235807285296
0.0,0.0100717380704233,0.010499600940261603
0.0,0.0077783439555231,0.023352755281368903
0.0,0.0056352276975854,0.035110867358410194
0.0,0.0038332920515811,0.04466966535109369
0.0,0.0024511146542239,0.1070846014781758
0.0,0.0014883822549012,0.055957130663016094
0.0,0.0008958664784639,0.058062728145294604
0.0,0.0005997465306933,0.1138723848754908
0.0,0.0005195785177752,0.1129258770219456
0.0,0.0005802201650176,0.1111671443702201
0.0,0.0007186097399631,0.1089802901648291
0.0,0.0008865589293131,0.1066556556970665
0.0,0.0010507456445311,0.048910206831620104
0.0,0.0011909702469672,0.1023052986557122
0.0,0.0012975382566401,0.044970194912316505
0.0,0.0013684072688331,0.043356677941166696
0.0,0.001406521368514,0.0974434827790646
0.0,0.0014175737538103,0.0962311344061517
0.0,0.0014082968283355,0.0951582562637815
0.0,0.0013852796394749,0.0387026170543712
0.0,0.0013542508879417,0.0377913163191317
0.0,0.0013197347069778,0.0369155186496732
0.0,0.0012849780152173,0.0915367505155413
0.0,0.0012520548783225,0.035198960595544504
0.0,0.0012220684929553,0.0343392052566531
0.0,0.0011953901128035,0.0889553540295859
0.0,0.0011718929428883,0.0880858411399769
0.0,0.0011511555464573,0.0317332176267278
0.0,0.0011326225363755,0.08634437754189289
0.0,0.0011157199612132,0.029997875585410498
0.0,0.0010999290797136,0.0291402809411739
0.0,0.0010848256840174,0.028292761424511398
0.0,0.001070093445334,0.08293821002849461
0.0,0.0010555195792358,0.08211528561264231
0.0,0.0010409800474847,0.0813057054296962
0.0,0.0010264199986252,0.0805095722874352
0.0,0.0010118335425981,0.07972669946243491
0.0,0.0009972454783615,0.0234755237122826
0.0,0.0009826963710879,0.0781991918000074
0.0,0.0009682314535998,0.021972436242132902
0.0,0.0009538931991454,0.0767196069288987
0.0,0.000939717041102,0.020515509091155897
0.0,0.0009257295460265,0.01980340086526
0.0,0.0009119483226649,0.07458300111088889
0.0,0.0008983830186756,0.0184104825925836
0.0,0.0008850368755805,0.0732104537429565
0.0,0.0008719084480932,0.0170579602459806
0.0,0.0008589932242068,0.0163964626348837
0.0,0.0008462849940877,0.0712258361538967
0.0,0.0008337769028731,0.015102364367542302
0.0,0.0008214621840897,0.069950726503914
0.0,0.000809334609022,0.0693272063375526
0.0,0.0007973887071847,0.0687128818398299
0.0,0.0007856198189065,0.0681076290354315
0.0,0.0007740240375211,0.0675113215629525
0.0,0.0007625980897582,0.0669238314173426
0.0,0.0007513391917181,0.0663450298236723
0.0,0.0007402449064833,0.010293588911773198
0.0,0.0007293130193419,0.009731779148947302
0.0,0.0007185414384771,0.0646594740348399
0.0,0.0007079281230159,0.0641141505016761
0.0,0.0006974710364118,0.0635768850345659
0.0,0.0006871681209438,0.007566357912452998
0.0,0.0006770172882417,0.0625260482792364
0.0,0.0006670164208084,0.006531043172880099
0.0,0.0006571633801301,0.006024825894508798
0.0,0.0006474560178708,0.005526084982748099
0.0,0.0006378921876154,0.0605159091635027
0.0,0.0006284697555259,0.0600317913814735
0.0,0.0006191866090233,0.004073624596005701
0.0,0.0006100406631756,0.0590849008912521
0.0,0.0006010298648656,0.0031407196741558008
0.0,0.0005921521950394,0.0581657752625225
0.0,0.0005834056694545,0.057716369228983405
0.0,0.0005747883383573,0.057273601304828295
0.0,0.000566298285487,0.0568373734862622
0.0,0.00055793362673,0.0009263900186135994
0.0,0.0005496925086665,0.055984153257026
0.0,0.0005415731071766,0.0555669719002672
0.0,0.0005335736261975,-0.0003252464488464994
0.0,0.0005256922966764,0.05475100470001
0.0,0.0005179273757235,-0.0011291610439625004
0.0,0.0005102771459428,-0.0015222345192205007
0.0,0.0005027399149101,-0.0019095019569549017
0.0,0.0004953140147596,0.053190150050526505
0.0,0.0004879978018455,0.0528142386549812
0.0,0.0004807896564478,0.052443879783781705
0.0,0.0004736879824993,0.0243383918329015
0.0,0.000466691207318,0.0239788931735778
0.0,0.0004597977813357,0.0236247046085946
0.0,0.000453006177814,0.0232757477045242
0.0,0.0004463148925515,0.0229319451865333
0.0,0.0004397224435794,0.0225932209211
0.0,0.0004332273708488,0.0222594998990633
0.0,0.0004268282359136,0.0219307082189802
0.0,0.0004205236216111,0.0216067730707694
0.0,0.0004143121317434,0.0212876227196205
0.0,0.0004081923907608,0.0209731864901529
0.0,0.0004021630434505,0.0206633947508107
0.0,0.0003962227546289,0.0203581788984847
0.0,0.0003903702088409,0.0200574713433542
0.0,0.000384604110064,0.019761205493945
0.0,0.0003789231814188,0.0194693157423999
0.0,0.0003733261648841,0.0191817374499597
0.0,0.000367811821018,0.0188984069326533
0.0,0.000362378928683,0.0186192614471955
0.0,0.0003570262847758,0.01834423917709
0.0,0.0003517527039618,0.0180732792189368
0.0,0.0003465570184129,0.0178063215689418
0.0,0.0003414380775498,0.0175433071096243
0.0,0.0003363947477873,0.0172841775967234
0.0,0.000331425912284,0.0170288756462969
0.0,0.0003265304706952,0.016777344722012
0.0,0.0003217073389294,0.0165295291226246
0.0,0.0003169554489081,0.0162853739696436
0.0,0.0003122737483297,0.0160448251951782
0.0,0.0003076612004361,0.0158078295299644
0.0,0.0003031167837831,0.0155743344915692
0.0,0.0002986394920148,0.0153442883727686
0.0,0.0002942283336394,0.0151176402300972
0.0,0.0002898823318109,0.0148943398725677
0.0,0.000285600524112,0.0146743378505557
0.0,0.000281381962341,0.0144575854448498
0.0,0.0002772257123021,0.0142440346558625
0.0,0.0002731308535984,0.0140336381930012
0.0,0.0002690964794279,0.0138263494641954
0.0,0.0002651216963828,0.0136221225655792
0.0,0.0002612056242516,0.0134209122713258
0.0,0.0002573473958246,0.0132226740236324
0.0,0.0002535461567011,0.0130273639228524
0.0,0.0002498010651008,0.0128349387177748
0.0,0.0002461112916772,0.0126453557960451
0.0,0.0002424760193341,0.0124585731747297
0.0,0.0002388944430441,0.0122745494910184
0.0,0.0002353657696712,0.012093243993065
0.0,0.0002318892177942,0.0119146165309622
0.0,0.0002284640175347,0.0117386275478511
0.0,0.0002250894103857,0.0115652380711611
0.0,0.0002217646490441,0.0113944097039794
0.0,0.000218488997245,0.0112261046165481
0.0,0.0002152617295989,0.0110602855378871
0.0,0.0002120821314309,0.01089691574754
0.0,0.0002089494986223,0.0107359590674428
0.0,0.000205863137455,0.0105773798539122
0.0,0.0002028223644577,0.0104211429897521
0.0,0.0001998265062544,0.0102672138764773
0.0,0.0001968748994156,0.0101155584266516
0.0,0.0001939668903112,0.0099661430563391
0.0,0.0001911018349656,0.009818934677667
0.0,0.0001882790989154,0.0096739006914984
0.0,0.0001854980570687,0.0095310089802135
0.0,0.0001827580935669,0.0093902279005967
0.0,0.000180058601648,0.0092515262768297
0.0,0.0001773989835125,0.0091148733935873
0.0,0.0001747786501906,0.0089802389892359
0.0,0.0001721970214125,0.0088475932491315
0.0,0.0001696535254792,0.0087169067990181
0.0,0.0001671475991363,0.0085881506985221
0.0,0.0001646786874491,0.0084612964347438
0.0,0.0001622462436799,0.0083363159159432
0.0,0.0001598497291664,0.008213181465319
0.0,0.0001574886132032,0.0080918658148798
0.0,0.0001551623729237,0.0079723420994057
0.0,0.0001528704931845,0.0078545838504985
0.0,0.0001506124664512,0.0077385649907209
0.0,0.0001483877926864,0.0076242598278216
0.0,0.0001461959792383,0.0075116430490453
0.0,0.0001440365407324,0.0074006897155277
0.0,0.0001419089989631,0.0072913752567728
0.0,0.0001398128827887,0.0071836754652113
0.0,0.0001377477280266,0.0070775664908405
0.0,0.0001357130773504,0.0069730248359424
0.0,0.000133708480189,0.0068700273498802
0.0,0.0001317334926264,0.0067685512239715
0.0,0.0001297876773038,0.0066685739864377
0.0,0.0001278706033224,0.0065700734974271
0.0,0.0001259818461484,0.0064730279441127
0.0,0.0001241209875185,0.0063774158358612
0.0,0.0001222876153475,0.0062832159994744
0.0,0.0001204813236371,0.0061904075744999
0.0,0.000118701712386,0.006098970008612
0.0,0.0001169483875012,0.0060088830530604
0.0,0.0001152209607108,0.0059201267581857
0.0,0.000113519049478,0.0058326814690022
0.0,0.0001118422769164,0.0057465278208447
0.0,0.0001101902717065,0.0056616467350808
0.0,0.0001085626680135,0.0055780194148854
0.0,0.0001069591054064,0.0054956273410786
0.0,0.0001053792287779,0.0054144522680245
0.0,0.000103822688266,0.0053344762195905
0.0,0.0001022891391766,0.005255681485167
0.0,0.0001007782419068,0.0051780506157449
0.0,9.92896618701652e-05,0.0051015664200519
0.0,9.78230694220969e-05,0.0050262119607451
0.0,9.63781397873426e-05,0.0049519705506609
0.0,9.49545529877888e-05,0.0048788257491189
0.0,9.35519937716664e-05,0.0048067613582817
0.0,9.21701515437523e-05,0.0047357614195676
0.0,9.08087202965702e-05,0.0046658102101166
0.0,8.94673985426531e-05,0.0045968922393088
0.0,8.81458892477288e-05,0.0045289922453338
0.0,8.68438997649879e-05,0.0044620951918112
0.0,8.55611417702878e-05,0.0043961862644605
0.0,8.42973311982118e-05,0.0043312508678207
0.0,8.30521881792987e-05,0.0042672746220183
0.0,8.18254369779614e-05,0.0042042433595826
0.0,8.06168059314799e-05,0.0041421431223084
0.0,7.94260273897784e-05,0.0040809601581651
0.0,7.82528376562786e-05,0.0040206809182512
0.0,7.70969769293417e-05,0.0039612920537941
0.0,7.59581892448569e-05,0.0039027804131935
0.0,7.48362224195359e-05,0.0038451330391099
0.0,7.37308279950277e-05,0.0037883371655944
0.0,7.26417611829275e-05,0.0037323802152618
0.0,7.15687808105631e-05,0.003677249796506
0.0,7.05116492675933e-05,0.003622933700755
0.0,6.94701324533628e-05,0.003569419899768
0.0,6.84439997251096e-05,0.0035166965429715
0.0,6.74330238468329e-05,0.0034647519548348
0.0,6.64369809390275e-05,0.0034135746322849
0.0,6.54556504290568e-05,0.003363153242159
0.0,6.44888150023448e-05,0.0033134766186943
0.0,6.35362605542131e-05,0.0032645337610564
0.0,6.25977761425228e-05,0.003216313830902
0.0,6.16731539408999e-05,0.0031688061499795
0.0,6.07621891927645e-05,0.0031220001977644
0.0,5.98646801659442e-05,0.0030758856091287
0.0,5.89804281080422e-05,0.0030304521720467
0.0,5.81092372023764e-05,0.0029856898253326
0.0,5.725091452468e-05,0.0029415886564129
0.0,5.64052700003093e-05,0.0028981388991314
0.0,5.55721163622014e-05,0.0028553309315861
0.0,5.47512691093724e-05,0.0028131552739987
0.0,5.39425464660959e-05,0.0027716025866153
0.0,5.31457693416053e-05,0.002730663667638
0.0,5.23607612904591e-05,0.0026903294511874
0.0,5.15873484734815e-05,0.0026505910052947
0.0,5.0825359619238e-05,0.0026114395299239
0.0,5.00746259861039e-05,0.0025728663550229
0.0,4.93349813249395e-05,0.0025348629386038
0.0,4.86062618422246e-05,0.0024974208648508
0.0,4.78883061638194e-05,0.0024605318422572
0.0,4.71809552992156e-05,0.0024241877017886
0.0,4.64840526063111e-05,0.0023883803950743
0.0,4.57974437567642e-05,0.0023531019926247
0.0,4.5120976701795e-05,0.0023183446820758
0.0,4.44545016384905e-05,0.0022841007664584
0.0,4.37978709766709e-05,0.0022503626624945
0.0,4.31509393061802e-05,0.0022171228989172
0.0,4.25135633647031e-05,0.0021843741148168
0.0,4.18856020060164e-05,0.0021521090580102
0.0,4.12669161687605e-05,0.0021203205834354
0.0,4.06573688456272e-05,0.0020890016515689
0.0,4.00568250530052e-05,0.0020581453268671
0.0,3.94651518011331e-05,0.0020277447762301
0.0,3.88822180645981e-05,0.0019977932674888
0.0,3.83078947533526e-05,0.0019682841679137
0.0,3.77420546841152e-05,0.0019392109427466
0.0,3.71845725522235e-05,0.0019105671537531
0.0,3.66353249038505e-05,0.0018823464577969
0.0,3.60941901087035e-05,0.0018545426054355
0.0,3.55610483330597e-05,0.0018271494395356
0.0,3.50357815132457e-05,0.0018001608939101
0.0,3.45182733294952e-05,0.0017735709919748
0.0,3.40084091801779e-05,0.0017473738454245
0.0,3.3506076156424e-05,0.0017215636529293
0.0,3.30111630171305e-05,0.0016961346988498
0.0,3.25235601643173e-05,0.0016710813519717
0.0,3.20431596188553e-05,0.0016463980642583
0.0,3.15698549965618e-05,0.001622079369622
0.0,3.1103541484636e-05,0.0015981198827142
0.0,3.06441158184519e-05,0.0015745142977323
0.0,3.0191476258698e-05,0.001551257387245
0.0,2.97455225688262e-05,0.0015283440010345
0.0,2.93061559928746e-05,0.001505769064956
0.0,2.88732792335863e-05,0.0014835275798144
0.0,2.84467964308671e-05,0.0014616146202567
0.0,2.80266131405735e-05,0.0014400253336816
0.0,2.76126363135537e-05,0.0014187549391649
0.0,2.72047742750879e-05,0.0013977987264007
0.0,2.68029367045709e-05,0.0013771520546581
0.0,2.64070346155075e-05,0.0013568103517541
0.0,2.60169803357989e-05,0.0013367691130404
0.0,2.56326874883538e-05,0.0013170239004062
0.0,2.52540709719303e-05,0.0012975703412956
0.0,2.48810469423103e-05,0.0012784041277388
0.0,2.45135327937226e-05,0.0012595210153986
0.0,2.41514471405607e-05,0.0012409168226299
0.0,2.37947097993397e-05,0.0012225874295544
0.0,2.34432417709624e-05,0.0012045287771477
0.0,2.30969652232123e-05,0.0011867368663407
0.0,2.27558034735214e-05,0.001169207757134
0.0,2.24196809719916e-05,0.0011519375677252
0.0,2.20885232846517e-05,0.0011349224736494
0.0,2.17622570769915e-05,0.0011181587069324
0.0,2.14408100977087e-05,0.0011016425552562
0.0,2.11241111627188e-05,0.0010853703611367
0.0,2.08120901393841e-05,0.0010693385211141
0.0,2.05046779309815e-05,0.0010535434849546
0.0,2.0201806461409e-05,0.0010379817548647
0.0,1.99034086601126e-05,0.0010226498847158
0.0,1.96094184472147e-05,0.0010075444792819
0.0,1.93197707189004e-05,0.0009926621934872
0.0,1.9034401332994e-05,0.0009779997316656
0.0,1.87532470947525e-05,0.0009635538468307
1.0,0.170118476245743,-0.0267912782476029
1.0,0.163141401356936,0.030671489471711
1.0,0.142983041435526,0.1646797556212893
1.0,0.117007682193893,0.3306796512535553
1.0,0.0904653319081545,0.5527615181734347
1.0,0.0666798665755851,0.6449311523935463
1.0,0.0473911261598199,0.8191969459849987
1.0,0.0331525116819461,0.8508558803075923
1.0,0.0237165020722961,0.9083275996840973
1.0,0.0183675706187065,0.9408257801404692
1.0,0.0161835127135048,1.0096642517551147
1.0,0.0162217785475527,0.9542556448191662
1.0,0.0176374714102856,1.0017104927475375
1.0,0.019745139471131,0.9342670139622273
1.0,0.0220384623447253,0.9214101991971863
1.0,0.0241815084136514,0.9096484807637732
1.0,0.0259833749073952,0.9000861296836593
1.0,0.0273654841739295,0.9486300913014967
1.0,0.0283281494487793,0.8887917148680063
1.0,0.0289205990922289,0.8866827194304693
1.0,0.029216653883852,0.9418321132859307
1.0,0.0292967577030343,0.9427753228242157
1.0,0.0292360528102522,0.9445308058795917
1.0,0.029097600923957,0.9467144584879257
1.0,0.0289295903436486,0.9490359386489327
1.0,0.0287653431442689,0.8958158814491693
1.0,0.0286250589510734,0.9533801261639278
1.0,0.0285184322308468,0.8997498149712453
1.0,0.0284475053753052,0.9013603599140863
1.0,0.0284093342866707,0.9582330252974937
1.0,0.0283982257541959,0.9594424887924187
1.0,0.0284074473618339,0.9605125246688947
1.0,0.0284304100499491,0.9060029652448472
1.0,0.0284613851057587,0.9069115070594242
1.0,0.0284958483841302,0.9077845865598163
1.0,0.0285305529547148,0.9641230750247817
1.0,0.0285634247403075,0.9094958281317503
1.0,0.0285933605328748,0.9103529839801843
1.0,0.0286199890675254,0.9666966724637087
1.0,0.0286434371281994,0.9675636620890627
1.0,0.0286641261407747,0.9129514012585683
1.0,0.0286826114816709,0.9693001904203687
1.0,0.0286994670917622,0.9146818809311803
1.0,0.0287152117019047,0.9155370981234493
1.0,0.0287302695097109,0.9163822753051253
1.0,0.0287449568338762,0.9726969173146667
1.0,0.0287594864488816,0.9735175680810317
1.0,0.0287739823831661,0.9743249081982197
1.0,0.0287884994785306,0.9751188343623927
1.0,0.0288030436155222,0.9758995328082417
1.0,0.0288175899858112,0.9211861679464263
1.0,0.0288320980149923,0.9774227875902327
1.0,0.0288465224611461,0.9226850653547883
1.0,0.028860820842062,0.9788982442903177
1.0,0.0288749577155329,0.9241379253113253
1.0,0.0288889065063023,0.9248480448851863
1.0,0.028902649597053,0.9810288837118367
1.0,0.0289161773316831,0.9262370735421394
1.0,0.0289294864603495,0.9823975989169667
1.0,0.0289425784201427,0.9275858203302323
1.0,0.0289554577149937,0.9282454718844892
1.0,0.0289681305467802,0.9843766779266987
1.0,0.0289806037625251,0.9295359594388533
1.0,0.0289928841209792,0.9856482301969937
1.0,0.0290049778432488,0.9862700109849067
1.0,0.0290168903923227,0.9868826217962747
1.0,0.0290286264204858,0.9874861862269178
1.0,0.0290401898271277,0.9880808302643527
1.0,0.0290515838783501,0.9886666815452637
1.0,0.0290628113509883,0.9892438684816547
1.0,0.0290738746750012,0.9343313202358933
1.0,0.0290847760582438,0.9348915626888713
1.0,0.0290955175857783,0.9909247219938637
1.0,0.0291061012918228,0.9914685241762167
1.0,0.0291165292063655,0.9920042907641567
1.0,0.0291268033806689,0.9370509427965763
1.0,0.0291369258967373,0.9930521958532696
1.0,0.0291468988657981,0.9380833691731263
1.0,0.0291567244201865,0.9385881741883053
1.0,0.0291664047021511,0.9390855236971973
1.0,0.0291759418521111,0.9950567270160127
1.0,0.0291853379979961,0.9955394941959987
1.0,0.0291945952465635,0.9405339319787223
1.0,0.0292037156770097,0.9964837430360737
1.0,0.0292127013368031,0.9414642342698373
1.0,0.0292215542394298,0.9974003044771297
1.0,0.0292302763636476,0.9978484567527997
1.0,0.0292388696538064,0.9982899894381517
1.0,0.0292473360208434,0.9987250002634387
1.0,0.0292556773436274,0.9436723863635913
1.0,0.0292638954704094,0.9995758401686617
1.0,0.0292719922202187,0.9999918576675657
1.0,0.0292799693841019,0.9449205309997533
1.0,0.0292878287261693,1.0008055484716867
1.0,0.0292955719844421,0.9457222028230333
1.0,0.0293032008715186,0.9461141796964823
1.0,0.0293107170750968,0.9465003667301463
1.0,0.0293181222583865,1.0023620486273177
1.0,0.0293254180604454,1.0027369113000386
1.0,0.0293326060964729,1.0031062369389399
1.0,0.0293396879580845,0.975729507744119
1.0,0.0293466652135732,0.976088003469149
1.0,0.0293535394081856,0.976441203914028
1.0,0.0293603120644013,0.976789187293365
1.0,0.0293669846822251,0.977132030666409
1.0,0.0293735587394925,0.977469809954278
1.0,0.0293800356921796,0.977802599956871
1.0,0.0293864169747196,0.978130474369456
1.0,0.0293927040003219,0.978453505798987
1.0,0.0293988981612894,0.978771765780147
1.0,0.0294050008293343,0.979085324791144
1.0,0.0294110133558889,0.979394252269277
1.0,0.0294169370724113,0.979698616626264
1.0,0.0294227732906873,0.979998485263363
1.0,0.0294285233031233,0.980293924586271
1.0,0.0294341883830365,0.980585000019812
1.0,0.029439769784938,0.980871776022415
1.0,0.0294452687448126,0.981154316100385
1.0,0.0294506864803905,0.981432682821965
1.0,0.0294560241914192,0.981706937831195
1.0,0.0294612830599257,0.981977141861566
1.0,0.0294664642504803,0.982243354749473
1.0,0.0294715689104526,0.98250563544747
1.0,0.0294765981702652,0.982764042037326
1.0,0.0294815531436436,0.983018631742895
1.0,0.0294864349278625,0.983269460942782
1.0,0.0294912446039897,0.983516585182835
1.0,0.0294959832371233,0.983760059188445
1.0,0.0295006518766296,0.983999936876664
1.0,0.0295052515563745,0.984236271368143
1.0,0.029509783294952,0.9844691149989
1.0,0.0295142480959107,0.984698519331906
1.0,0.0295186469479765,0.984924535168502
1.0,0.0295229808252697,0.985147212559653
1.0,0.0295272506875235,0.985366600817028
1.0,0.0295314574802932,0.98558274852392
1.0,0.0295356021351691,0.985795703546008
1.0,0.0295396855699801,0.986005513041952
1.0,0.0295437086889989,0.986212223473839
1.0,0.0295476723831403,0.986415880617472
1.0,0.0295515775301598,0.986616529572506
1.0,0.0295554249948489,0.986814214772436
1.0,0.0295592156292235,0.987008979994437
1.0,0.0295629502727164,0.987200868369057
1.0,0.0295666297523596,0.98738992238977
1.0,0.0295702548829708,0.987576183922384
1.0,0.0295738264673302,0.987759694214317
1.0,0.0295773452963621,0.987940493903723
1.0,0.0295808121493073,0.9881186230285
1.0,0.0295842277938962,0.988294121035149
1.0,0.0295875929865204,0.988467026787516
1.0,0.0295909084723975,0.988637378575392
1.0,0.0295941749857387,0.988805214122998
1.0,0.0295973932499096,0.988970570597335
1.0,0.0296005639775914,0.989133484616416
1.0,0.0296036878709383,0.989293992257375
1.0,0.0296067656217329,0.989452129064457
1.0,0.0296097979115406,0.989607930056885
1.0,0.029612785411858,0.989761429736623
1.0,0.0296157287842636,0.98991266209601
1.0,0.0296186286805646,0.990061660625287
1.0,0.02962148574294,0.99020845832002
1.0,0.0296243006040824,0.990353087688399
1.0,0.0296270738873408,0.990495580758441
1.0,0.029629806206855,0.990635969085085
1.0,0.0296324981676945,0.990774283757172
1.0,0.0296351503659917,0.99091055540434
1.0,0.0296377633890716,0.991044814203797
1.0,0.0296403378155867,0.991177089887009
1.0,0.0296428742156403,0.991307411746284
1.0,0.0296453731509156,0.991435808641257
1.0,0.0296478351747993,0.991562309005283
1.0,0.029650260832504,0.99168694085173
1.0,0.0296526506611887,0.991809731780187
1.0,0.0296550051900786,0.991930708982573
1.0,0.0296573249405812,0.992049899249158
1.0,0.0296596104264026,0.992167328974499
1.0,0.0296618621536624,0.992283024163281
1.0,0.029664080621002,0.99239701043608
1.0,0.0296662663196992,0.992509313035033
1.0,0.0296684197337742,0.99261995682943
1.0,0.0296705413400986,0.992728966321219
1.0,0.0296726316084994,0.992836365650435
1.0,0.0296746910018646,0.992942178600543
1.0,0.0296767199762449,0.993046428603709
1.0,0.0296787189809538,0.993149138745982
1.0,0.0296806884586693,0.993250331772412
1.0,0.0296826288455299,0.993350030092087
1.0,0.029684540571232,0.993448255783092
1.0,0.0296864240591255,0.993545030597401
1.0,0.0296882797263067,0.99364037596569
1.0,0.0296901079837109,0.993734313002091
1.0,0.0296919092362042,0.993826862508858
1.0,0.0296936838826714,0.993918044980979
1.0,0.0296954323161065,0.994007880610715
1.0,0.0296971549236982,0.99409638929207
1.0,0.0296988520869157,0.994183590625194
1.0,0.0297005241815946,0.994269503920731
1.0,0.0297021715780179,0.994354148204086
1.0,0.0297037946410001,0.994437542219644
1.0,0.0297053937299663,0.994519704434921
1.0,0.0297069691990335,0.994600653044651
1.0,0.0297085213970876,0.994680405974816
1.0,0.0297100506678605,0.994758980886617
1.0,0.0297115573500084,0.994836395180382
1.0,0.0297130417771843,0.994912665999425
1.0,0.0297145042781126,0.994987810233835
1.0,0.0297159451766631,0.995061844524222
1.0,0.0297173647919209,0.995134785265401
1.0,0.0297187634382583,0.995206648610019
1.0,0.029720141425404,0.995277450472136
1.0,0.0297214990585117,0.99534720653075
1.0,0.0297228366382281,0.995415932233264
1.0,0.0297241544607583,0.995483642798911
1.0,0.0297254528179329,0.995550353222123
1.0,0.029726731997272,0.995616078275851
1.0,0.0297279922820484,0.995680832514837
1.0,0.0297292339513502,0.995744630278837
1.0,0.0297304572801442,0.995807485695799
1.0,0.0297316625393351,0.995869412684985
1.0,0.0297328499958269,0.995930424960062
1.0,0.0297340199125795,0.995990536032132
1.0,0.0297351725486708,0.996049759212726
1.0,0.0297363081593498,0.996108107616755
1.0,0.0297374269960966,0.996165594165409
1.0,0.0297385293066768,0.996222231589023
1.0,0.0297396153351952,0.996278032429894
1.0,0.0297406853221527,0.996333009045056
1.0,0.0297417395044957,0.996387173609023
1.0,0.0297427781156721,0.996440538116479
1.0,0.0297438013856812,0.996493114384937
1.0,0.0297448095411252,0.996544914057355
1.0,0.0297458028052586,0.996595948604713
1.0,0.0297467813980399,0.996646229328558
1.0,0.0297477455361759,0.996695767363502
1.0,0.0297486954331747,0.996744573679689
1.0,0.0297496312993897,0.996792659085226
1.0,0.0297505533420677,0.996840034228573
1.0,0.0297514617653938,0.996886709600905
1.0,0.0297523567705378,0.996932695538434
1.0,0.0297532385556971,0.996978002224695
1.0,0.0297541073161425,0.997022639692804
1.0,0.0297549632442597,0.997066617827682
1.0,0.0297558065295938,0.997109946368239
1.0,0.0297566373588887,0.997152634909533
1.0,0.0297574559161307,0.997194692904896
1.0,0.0297582623825885,0.997236129668027
1.0,0.0297590569368531,0.99727695437505
1.0,0.0297598397548779,0.997317176066555
1.0,0.0297606110100177,0.99735680364959
1.0,0.0297613708730646,0.997395845899642
1.0,0.0297621195122908,0.997434311462574
1.0,0.0297628570934816,0.997472208856545
1.0,0.029763583779973,0.99750954647389
1.0,0.0297642997326883,0.997546332582986
1.0,0.0297650051101761,0.997582575330077
1.0,0.0297657000686402,0.997618282741079
1.0,0.0297663847619793,0.997653462723361
1.0,0.0297670593418173,0.997688123067491
1.0,0.0297677239575393,0.997722271448966
1.0,0.0297683787563241,0.997755915429908
1.0,0.0297690238831758,0.99778906246074
1.0,0.0297696594809569,0.997821719881837
1.0,0.0297702856904207,0.997853894925149
1.0,0.0297709026502397,0.997885594715804
1.0,0.0297715104970395,0.997916826273688
1.0,0.0297721093654266,0.997947596514995
1.0,0.0297726993880207,0.997977912253762
1.0,0.0297732806954805,0.998007780203376
1.0,0.0297738534165368,0.998037206978064
1.0,0.0297744176780177,0.998066199094352
1.0,0.0297749736048785,0.998094762972513
1.0,0.0297755213202282,0.998122904937987
1.0,0.0297760609453583,0.998150631222782
1.0,0.0297765925997675,0.998177947966855
1.0,0.0297771164011909,0.998204861219468
1.0,0.0297776324656234,0.998231376940533
1.0,0.0297781409073465,0.998257501001927
1.0,0.0297786418389547,0.998283239188796
1.0,0.0297791353713788,0.998308597200833
1.0,0.0297796216139103,0.998333580653542
1.0,0.0297801006742275,0.998358195079484
1.0,0.0297805726584188,0.998382445929494
1.0,0.0297810376710028,0.998406338573899
1.0,0.0297814958149569,0.998429878303698
1.0,0.0297819471917367,0.998453070331739
1.0,0.0297823919012992,0.998475919793873
1.0,0.0297828300421241,0.998498431750088
1.0,0.0297832617112379,0.998520611185631
1.0,0.029783687004233,0.998542463012116
1.0,0.0297841060152901,0.998563992068605
1.0,0.029784518837199,0.998585203122685
1.0,0.0297849255613785,0.998606100871521
1.0,0.0297853262778971,0.998626689942898
1.0,0.0297857210754933,0.998646974896243
1.0,0.0297861100415941,0.998666960223636
1.0,0.029786493262336,0.998686650350807
1.0,0.0297868708225832,0.998706049638113
1.0,0.0297872428059449,0.998725162381507
1.0,0.0297876092947975,0.998743992813483
1.0,0.0297879703702995,0.998762545104022
1.0,0.0297883261124099,0.998780823361507
1.0,0.0297886765999078,0.998798831633639
1.0,0.0297890219104084,0.998816573908331
1.0,0.0297893621203806,0.998834054114591
1.0,0.029789697305163,0.99885127612339
1.0,0.0297900275389822,0.998868243748524
1.0,0.0297903528949679,0.998884960747457
1.0,0.0297906734451701,0.998901430822148
1.0,0.0297909892605739,0.998917657619879
1.0,0.0297913004111168,0.998933644734056
1.0,0.0297916069657025,0.998949395705008
1.0,0.0297919089922172,0.998964914020772
1.0,0.0297922065575442,0.998980203117861
1.0,0.0297924997275791,0.998995266382029
1.0,0.029792788567244,0.99901010714902
1.0,0.0297930731405027,0.999024728705306
1.0,0.0297933535103729,0.999039134288814
1.0,0.0297936297389427,0.999053327089646
1.0,0.0297939018873825,0.999067310250782
1.0,0.0297941700159592,0.999081086868779
1.0,0.0297944341840493,0.999094659994453
1.0,0.0297946944501533,0.999108032633558
1.0,0.0297949508719058,0.999121207747451
1.0,0.0297952035060922,0.999134188253747
1.0,0.0297954524086572,0.999146977026965
0.0,-0.140304302365279,0.9714189773116043
0.0,-0.133327258782413,0.9139546010730133
0.0,-0.113168929704528,0.7799447501633513
0.0,-0.0871936008508356,0.6139432931792503
0.0,-0.0606512805041814,0.5028222863202657
0.0,-0.0368658446684715,0.2996887381824083
0.0,-0.0175771333138715,0.2363838497599037
0.0,-0.003338547467905,0.0937610459613333
0.0,0.0060974339327553,0.03628787718886391
0.0,0.0114463375940257,0.003788268745333598
0.0,0.0136303681174245,0.0459107885863504
0.0,0.0135920753060259,-0.009644388941491899
0.0,0.0121763558644207,0.053861795840895205
0.0,0.0100686616172955,0.0103415308081386
0.0,0.0077753129442149,0.023197019979052602
0.0,0.0056322414568829,0.034957432398485894
0.0,0.0038303499201844,0.044518496755554596
0.0,0.0024482159806014,0.1069356657708994
0.0,0.0014855263971443,0.05581039486235061
0.0,0.0008930528041465,0.0579181597567551
0.0,0.0005969744167301,0.1137299518845634
0.0,0.0005168473502843,0.1127855478869979
0.0,0.0005775293391849,0.1110288880155166
0.0,0.0007159586599082,0.1088440759736489
0.0,0.0008839470079575,0.1065214535049237
0.0,0.0010481723034674,0.04877798691958379
0.0,0.0011884349163316,0.1021750317438254
0.0,0.0012950403749866,0.044841852153112094
0.0,0.0013659462830082,0.043230230913278905
0.0,0.0014040967335354,0.0973189034809352
0.0,0.0014151849327451,0.0961083952498293
0.0,0.0014059432921818,0.0950373300688122
0.0,0.0013829608670447,0.0385834770417795
0.0,0.0013519663657455,0.037673936105490094
0.0,0.0013174839291104,0.036799872241260106
0.0,0.0012827604832462,0.0914228123025841
0.0,0.0012498701011779,0.0350867053465488
0.0,0.0012199159868207,0.0342286081128148
0.0,0.0011932694010086,0.0888463904992868
0.0,0.0011698035558037,0.08797848709336059
0.0,0.0011490970213907,0.0316274492903563
0.0,0.0011305944174687,0.08624017149348209
0.0,0.0011137217993413,0.0298952087486433
0.0,0.0010979604323859,0.0290391305805901
0.0,0.0010828861152789,0.028193105140472498
0.0,0.0010681825256694,0.0828400257522239
0.0,0.0010536368854741,0.0820185516013377
0.0,0.0010391251627054,0.0812104002617149
0.0,0.0010245925120661,0.0804156748575506
0.0,0.0010100330495642,0.07963418897716229
0.0,0.0009954715801355,0.0233843796852748
0.0,0.0009809486748417,0.078109394047518
0.0,0.0009665095723082,0.021883964878546297
0.0,0.0009521967514998,0.07663244236232661
0.0,0.0009380456514258,0.0204296320190989
0.0,0.0009240828441923,0.0197187922703332
0.0,0.0009103259440121,0.0744996422566101
0.0,0.0008967846039305,0.0183283550192243
0.0,0.0008834620707757,0.073129539263454
0.0,0.0008703569044899,0.0169782409419107
0.0,0.0008574645982175,0.0163179208524923
0.0,0.0008447789471996,0.0711484545001909
0.0,0.0008322931015737,0.015026125706438201
0.0,0.0008200002997931,0.0698756139524424
0.0,0.0008078943179952,0.0692532032621197
0.0,0.0007959696904769,0.0686399718525344
0.0,0.0007842217622781,0.0680357959904353
0.0,0.0007726466313738,0.06744054955290521
0.0,0.0007612410290672,0.0668541047698589
0.0,0.0007500021759635,0.0662763330978611
0.0,0.0007389276395843,0.010225906894818802
0.0,0.0007280152095913,0.009665096852739898
0.0,0.0007172627984764,0.0645937766926569
0.0,0.0007066683696115,0.0640494235649119
0.0,0.0006962298906328,0.06351311416951
0.0,0.0006859453079398,0.0075035289971161
0.0,0.000675812537222,0.062464147400223
0.0,0.0006658294649822,0.006470056622307201
0.0,0.0006559939566473,0.005964740166970503
0.0,0.0006463038677639,0.005466886772324701
0.0,0.000636757055742,0.0604575853608143
0.0,0.0006273513905122,0.0599743290707769
0.0,0.0006180847632086,0.004017011052333999
0.0,0.0006089550925574,0.0590291235775972
0.0,0.0005999603290453,0.0030857662386916986
0.0,0.0005910984571695,0.0581116335358701
0.0,0.0005823674961859,0.0576630272215157
0.0,0.0005737654997877,0.0572210472040151
0.0,0.00056529055511,0.0567855956540545
0.0,0.0005569407813845,0.0008753769888662014
0.0,0.0005487143284882,0.055933893732958595
0.0,0.0005406093755486,0.0555174547519622
0.0,0.0005326241297023,-0.00037403218690809995
0.0,0.0005247568250491,0.0547029395686427
0.0,0.0005170057218048,-0.001176516212607101
0.0,0.0005093691056335,-0.0015688902118933014
0.0,0.0005018452871257,-0.001955468505509001
0.0,0.0004944326013857,0.0531448624668485
0.0,0.0004871294076942,0.0527696200072927
0.0,0.0004799340892139,0.0523999201913314
0.0,0.0004728450527184,0.0242950815608849
0.0,0.0004658607283244,0.0239362226309818
0.0,0.0004589795692206,0.0235826643460735
0.0,0.0004522000513852,0.0232343284123073
0.0,0.0004455206732933,0.0228911376923628
0.0,0.0004389399556127,0.0225530161882004
0.0,0.0004324564408925,0.0222198890241398
0.0,0.000426068693246,0.0218916824302473
0.0,0.0004197752980324,0.0215683237260081
0.0,0.0004135748615381,0.0212497413042649
0.0,0.0004074660106613,0.0209358646154045
0.0,0.0004014473926006,0.0206266241517805
0.0,0.0003955176745485,0.0203219514323631
0.0,0.0003896755433908,0.0200217789876079
0.0,0.0003839197054113,0.0197260403445403
0.0,0.0003782488860027,0.0194346700120523
0.0,0.0003726618293829,0.0191476034664096
0.0,0.0003671572983151,0.0188647771369669
0.0,0.000361734073835,0.0185861283920906
0.0,0.0003563909549804,0.0183115955252874
0.0,0.0003511267585259,0.018041117741535
0.0,0.0003459403187216,0.0177746351438162
0.0,0.0003408304870355,0.0175120887198502
0.0,0.0003357961318998,0.0172534203290221
0.0,0.0003308361384605,0.0169985726895045
0.0,0.0003259494083309,0.0167474893655714
0.0,0.0003211348593486,0.0165001147550993
0.0,0.0003163914253358,0.0162563940772537
0.0,0.0003117180558636,0.0160162733603577
0.0,0.0003071137160186,0.0157796994299402
0.0,0.0003025773861745,0.015546619896961
0.0,0.0002981080617659,0.0153169831462092
0.0,0.0002937047530656,0.0150907383248738
0.0,0.0002893664849659,0.0148678353312822
0.0,0.000285092296762,0.0146482248038061
0.0,0.0002808812419397,0.0144318581099299
0.0,0.0002767323879655,0.0142186873354818
0.0,0.0002726448160803,0.0140086652740229
0.0,0.0002686176210958,0.0138017454163935
0.0,0.000264649911194,0.0135978819404139
0.0,0.00026074080773,0.0133970297007367
0.0,0.0002568894450369,0.0131991442188499
0.0,0.0002530949702346,0.0130041816732268
0.0,0.0002493565430408,0.0128120988896217
0.0,0.0002456733355848,0.0126228533315092
0.0,0.0002420445322242,0.0124364030906646
0.0,0.0002384693293645,0.0122527068778829
0.0,0.0002349469352808,0.0120717240138358
0.0,0.0002314765699428,0.0118934144200632
0.0,0.0002280574648418,0.0117177386100977
0.0,0.0002246888628206,0.0115446576807205
0.0,0.0002213700179059,0.0113741333033462
0.0,0.0002181001951432,0.0112061277155354
0.0,0.0002148786704336,0.0110406037126316
0.0,0.0002117047303741,0.0108775246395227
0.0,0.0002085776720989,0.0107168543825238
0.0,0.0002054968031245,0.0105585573613795
0.0,0.0002024614411957,0.0104025985213851
0.0,0.0001994709141349,0.0102489433256235
0.0,0.000196524559693,0.0100975577473172
0.0,0.0001936217254032,0.0099484082622929
0.0,0.0001907617684357,0.0098014618415581
0.0,0.0001879440554563,0.0096566859439861
0.0,0.0001851679624856,0.0095140485091104
0.0,0.0001824328747605,0.0093735179500248
0.0,0.000179738186599,0.0092350631463885
0.0,0.0001770833012652,0.0090986534375343
0.0,0.0001744676308376,0.0089642586156792
0.0,0.0001718905960789,0.0088318489192347
0.0,0.0001693516263075,0.0087013950262163
0.0,0.0001668501592712,0.0085728680477499
0.0,0.0001643856410229,0.0084462395216747
0.0,0.0001619575257977,0.0083214814062399
0.0,0.000159565275892,0.0081985660738954
0.0,0.0001572083615448,0.0080774663051732
0.0,0.0001548862608198,0.0079581552826602
0.0,0.0001525984594903,0.0078406065850588
0.0,0.0001503444509252,0.0077247941813368
0.0,0.0001481237359769,0.007610692424962
0.0,0.0001459358228702,0.0074982760482236
0.0,0.0001437802270942,0.0073875201566359
0.0,0.0001416564712946,0.0072784002234262
0.0,0.0001395640851679,0.0071708920841029
0.0,0.0001375026053575,0.0070649719311043
0.0,0.0001354715753508,0.0069606163085266
0.0,0.0001334705453786,0.0068578021069298
0.0,0.0001314990723148,0.0067565065582197
0.0,0.0001295567195788,0.0066567072306062
0.0,0.0001276430570388,0.0065583820236356
0.0,0.0001257576609162,0.006461509163297
0.0,0.0001239001136922,0.0063660671971996
0.0,0.0001220700040147,0.0062720349898231
0.0,0.0001202669266082,0.0061793917178364
0.0,0.0001184904821829,0.0060881168654868
0.0,0.0001167402773472,0.0059981902200565
0.0,0.0001150159245202,0.0059095918673869
0.0,0.0001133170418457,0.0058223021874682
0.0,0.000111643253108,0.0057363018500948
0.0,0.0001099941876483,0.0056515718105848
0.0,0.0001083694802831,0.0055680933055621
0.0,0.0001067687712224,0.0054858478488019
0.0,0.0001051917059911,0.0054048172271362
0.0,0.0001036379353497,0.0053249834964213
0.0,0.0001021071152174,0.0052463289775635
0.0,0.0001005989065958,0.0051688362526045
0.0,9.91129754936843e-05,0.0050924881608636
0.0,9.76489928531249e-05,0.0050172677951384
0.0,9.62066344768059e-05,0.0049431584979598
0.0,9.47855809560263e-05,0.004870143857904
0.0,9.33855176000059e-05,0.0047982077059574
0.0,9.20061343662321e-05,0.0047273341119368
0.0,9.06471257917582e-05,0.0046575073809612
0.0,8.93081909256188e-05,0.0045887120499762
0.0,8.79890332621189e-05,0.0045209328843299
0.0,8.66893606752198e-05,0.0044541548743991
0.0,8.54088853538271e-05,0.0043883632322655
0.0,8.41473237380638e-05,0.0043235433884408
0.0,8.29043964564527e-05,0.0042596809886405
0.0,8.16798282641043e-05,0.004196761890605
0.0,8.04733479817174e-05,0.0041347721609677
0.0,7.92846884355228e-05,0.0040736980721699
0.0,7.81135863981292e-05,0.0040135260994203
0.0,7.6959782530292e-05,0.0039542429177006
0.0,7.58230213233416e-05,0.0038958353988139
0.0,7.47030510427835e-05,0.0038382906084782
0.0,7.35996236723643e-05,0.0037815958034616
0.0,7.25124948593031e-05,0.0037257384287607
0.0,7.14414238600775e-05,0.00367070611482
0.0,7.03861734871886e-05,0.0036164866747929
0.0,6.93465100565643e-05,0.0035630681018429
0.0,6.83222033358716e-05,0.0035104385664845
0.0,6.73130264934804e-05,0.0034585864139638
0.0,6.63187560482822e-05,0.0034075001616775
0.0,6.5339171820139e-05,0.0033571684966302
0.0,6.43740568811793e-05,0.0033075802729288
0.0,6.34231975077532e-05,0.0032587245093146
0.0,6.24863831330744e-05,0.0032105903867314
0.0,6.15634063006049e-05,0.0031631672459297
0.0,6.06540626181123e-05,0.0031164445851059
0.0,5.97581507124356e-05,0.0030704120575773
0.0,5.88754721848397e-05,0.0030250594694902
0.0,5.80058315670998e-05,0.0029803767775629
0.0,5.71490362782714e-05,0.0029363540868613
0.0,5.63048965819338e-05,0.002892981648608
0.0,5.5473225544278e-05,0.0028502498580234
0.0,5.4653838992634e-05,0.0028081492521984
0.0,5.38465554747458e-05,0.0027666705079993
0.0,5.30511962185398e-05,0.0027258044400029
0.0,5.22675850925733e-05,0.0026855419984624
0.0,5.14955485670029e-05,0.0026458742673035
0.0,5.07349156751644e-05,0.00260679246215
0.0,4.99855179757376e-05,0.0025682879283782
0.0,4.92471895153952e-05,0.0025303521392005
0.0,4.85197667921058e-05,0.0024929766937774
0.0,4.78030887188959e-05,0.0024561533153567
0.0,4.70969965881661e-05,0.0024198738494409
0.0,4.64013340365776e-05,0.0023841302619815
0.0,4.57159470104058e-05,0.0023489146375995
0.0,4.50406837314427e-05,0.0023142191778328
0.0,4.43753946633534e-05,0.0022800361994093
0.0,4.3719932478592e-05,0.0022463581325452
0.0,4.30741520257641e-05,0.0022131775192689
0.0,4.2437910297493e-05,0.0021804870117693
0.0,4.1811066398726e-05,0.0021482793707688
0.0,4.1193481515555e-05,0.00211654746392
0.0,4.058501888448e-05,0.0020852842642263
0.0,3.99855437620937e-05,0.0020544828484858
0.0,3.93949233952924e-05,0.0020241363957582
0.0,3.88130269918241e-05,0.0019942381858543
0.0,3.82397256913601e-05,0.0019647815978477
0.0,3.76748925369416e-05,0.0019357601086087
0.0,3.71184024468806e-05,0.0019071672913598
0.0,3.65701321870388e-05,0.0018789968142524
0.0,3.60299603435615e-05,0.0018512424389647
0.0,3.54977672959826e-05,0.0018238980193203
0.0,3.49734351907105e-05,0.0017969574999268
0.0,3.445684791498e-05,0.0017704149148353
0.0,3.39478910710914e-05,0.0017442643862189
0.0,3.3446451951101e-05,0.0017185001230712
0.0,3.29524195118482e-05,0.001693116419924
0.0,3.24656843503843e-05,0.0016681076555834
0.0,3.19861386797425e-05,0.0016434682918857
0.0,3.15136763050367e-05,0.0016191928724702
0.0,3.10481925999938e-05,0.0015952760215715
0.0,3.05895844837437e-05,0.0015717124428287
0.0,3.01377503980141e-05,0.0015484969181127
0.0,2.96925902846315e-05,0.0015256243063705
0.0,2.92540055633755e-05,0.0015030895424871
0.0,2.88218991101284e-05,0.0014808876361631
0.0,2.83961752353783e-05,0.0014590136708103
0.0,2.79767396630347e-05,0.0014374628024627
0.0,2.75634995095426e-05,0.0014162302587037
0.0,2.71563632633157e-05,0.0013953113376094
0.0,2.67552407644672e-05,0.0013747014067072
0.0,2.63600431848563e-05,0.0013543959019502
0.0,2.59706830084052e-05,0.0013343903267062
0.0,2.55870740117174e-05,0.0013146802507621
0.0,2.52091312449992e-05,0.0012952613093428
0.0,2.48367710132293e-05,0.0012761292021448
0.0,2.4469910857635e-05,0.0012572796923834
0.0,2.41084695374334e-05,0.001238708605855
0.0,2.37523670118325e-05,0.0012204118300126
0.0,2.34015244223104e-05,0.0012023853130549
0.0,2.30558640751527e-05,0.001184625063029
0.0,2.27153094242531e-05,0.0011671271469468
0.0,2.23797850541444e-05,0.0011498876899137
0.0,2.20492166633206e-05,0.0011329028742703
0.0,2.17235310477678e-05,0.0011161689387476
0.0,2.14026560847545e-05,0.0010996821776337
0.0,2.10865207168707e-05,0.001083438939953
0.0,2.07750549362767e-05,0.001067435628658
0.0,2.04681897692099e-05,0.0010516686998328
0.0,2.01658572607094e-05,0.0010361346619078
0.0,1.98679904595701e-05,0.0010208300748872
0.0,1.95745234035111e-05,0.0010057515495867
0.0,1.92853911045628e-05,0.000990895746883
0.0,1.90005295346921e-05,0.0009762593769747
0.0,1.87198756116183e-05,0.0009618391986534
0.0,1.84433671848224e-05,0.0009476320185862
0.0,1.81709430218148e-05,0.0009336346906083
0.0,1.79025427945578e-05,0.0009198441150266
0.0,1.76381070661133e-05,0.000906257237933
0.0,1.73775772774696e-05,0.0008928710505281
0.0,1.71208957345913e-05,0.0008796825884552
0.0,1.68680055956209e-05,0.0008666889311436
1.0,0.170116618850858,-0.0268867123863979
1.0,0.163139571397348,0.030577464976021
1.0,0.142981238505992,0.1645871199470813
1.0,0.117005905895156,0.3305883838867583
1.0,0.090463581846855,0.5526715989029887
1.0,0.0666781423641742,0.6448425613069263
1.0,0.0473894274164727,0.8191096634638046
1.0,0.0331508380304776,0.8507698870232023
1.0,0.0237148531420782,0.9082428765933923
1.0,0.0183659460445853,0.9407423084816123
1.0,0.0161819121357201,1.0095820130433966
1.0,0.016220201611658,0.9541746208429133
1.0,0.0176359177670706,1.0016306655640776
1.0,0.0197436087765429,0.9341883658939163
1.0,0.0220369542597932,0.9213327128274933
1.0,0.0241800226044118,0.9095721389334273
1.0,0.0259819110448172,0.9000109154868423
1.0,0.0273640419338421,0.9485559880821067
1.0,0.0283267285118005,0.8887187062159643
1.0,0.0289191991436935,0.8866107891780873
1.0,0.0292152746137431,0.9417612455043327
1.0,0.0292953988059137,0.9427055018198077
1.0,0.0292347139851936,0.9444620161905887
1.0,0.029096281874479,0.9466466848809247
1.0,0.0289282907776492,0.9489691661155417
1.0,0.0287640627739606,0.8957500952026813
1.0,0.0286237974929195,0.9533153116360507
1.0,0.0285171894054991,0.8996859578088723
1.0,0.0284462809075411,0.9012974459761153
1.0,0.0284081279053332,0.9581710406517027
1.0,0.0283970371921329,0.9593814197123747
1.0,0.0284062763558401,0.9604523576309157
1.0,0.0284292563407058,0.9059436869250073
1.0,0.0284602484377787,0.9068531043306033
1.0,0.0284947285056998,0.9077270464887933
1.0,0.0285294496178377,0.9640663848693697
1.0,0.0285623377006512,0.9094399753379753
1.0,0.0285922895497153,0.9102979561795053
1.0,0.0286189339036949,0.9666424574702787
1.0,0.0286423975500327,0.9675102478970287
1.0,0.0286631019180583,0.9128987760394163
1.0,0.0286816023875922,0.9692483425202997
1.0,0.0286984729028583,0.9146307988685343
1.0,0.0287142321980134,0.9154867705861574
1.0,0.0287293044739223,0.9163326911482083
1.0,0.028744006052484,0.9726480655577677
1.0,0.0287585497113361,0.9734694379059807
1.0,0.0287730594820281,0.9742774889466427
1.0,0.0287875902094243,0.9750721155333467
1.0,0.0288021477770912,0.9758535040558917
1.0,0.028816707379673,0.9211408190777552
1.0,0.0288312284456946,0.9773781085627837
1.0,0.028845665736124,0.9226410462744363
1.0,0.0288599767715945,0.9788548754090857
1.0,0.0288741261127017,0.9240951970252222
1.0,0.0288880871869495,0.9248059477320782
1.0,0.0289018423797416,0.9809874083693557
1.0,0.0289153820376551,0.9261962108256143
1.0,0.0289287029134881,0.9823573397773937
1.0,0.0289418064469331,0.9275461558522683
1.0,0.0289546971444825,0.9282063932844773
1.0,0.0289673812105395,0.9843381765507258
1.0,0.0289798654946161,0.9294980267608313
1.0,0.0289921567579128,0.9856108578167727
1.0,0.0290042612239514,0.9862331906264127
1.0,0.0290161843580994,0.9868463453056787
1.0,0.0290279308149863,0.9874504455708297
1.0,0.0290395044963112,0.9880456175280437
1.0,0.02905090867045,0.9886319889309108
1.0,0.0290621461164813,0.9892096883066167
1.0,0.0290732192665715,0.9342976449310063
1.0,0.0290841303307523,0.9348583847967743
1.0,0.0290948813962288,0.9908920341673497
1.0,0.0291054744993322,0.9914363191766007
1.0,0.0291159116721316,0.9919725614596767
1.0,0.0291261949679389,0.9370196821608113
1.0,0.0291363264707789,0.9930213969635867
1.0,0.0291463082938688,0.9380530252091444
1.0,0.0291561425715048,0.9385582784303863
1.0,0.029165831447868,0.9390560695249583
1.0,0.0291753770652794,0.9950277079068577
1.0,0.0291847815535442,0.9955109037236787
1.0,0.0291940470212675,0.9405057638119073
1.0,0.0292031755494666,0.9964559909369537
1.0,0.0292121691874014,0.9414368920927383
1.0,0.0292210299503257,0.9973733661671577
1.0,0.0292297598187381,0.9978219163444947
1.0,0.029238360738703,0.9982638410541687
1.0,0.0292468346228472,0.9986992381132467
1.0,0.0292551833517043,0.9436470047421893
1.0,0.029263408775166,0.9995508334553177
1.0,0.0292715127138765,0.9999672203245697
1.0,0.0292794969604744,0.9448962575711923
1.0,0.0292873632806392,1.0007816335822357
1.0,0.0292951134139368,0.9456986411767663
1.0,0.0293027490744882,0.9460909660756983
1.0,0.0293102719514919,0.9464774959942133
1.0,0.0293176837096341,1.0023395157115358
1.0,0.0293249859894293,1.0027147112145187
1.0,0.0293321804075126,1.0030843647674967
1.0,0.0293392685569105,0.975707958643183
1.0,0.0293462520073098,0.976066772666696
1.0,0.0293531323053291,0.976420286708519
1.0,0.0293599109747986,0.976768579052708
1.0,0.0293665895170558,0.977111726826931
1.0,0.0293731694112478,0.977449806019715
1.0,0.0293796521146428,0.977782891497373
1.0,0.0293860390629483,0.978111057020607
1.0,0.0293923316706277,0.978434375260835
1.0,0.0293985313312204,0.978752917816255
1.0,0.0294046394176564,0.979066755227652
1.0,0.0294106572825676,0.979375956993974
1.0,0.0294165862585947,0.979680591587681
1.0,0.0294224276586881,0.979980726469875
1.0,0.0294281827764014,0.980276428105213
1.0,0.0294338528861828,0.980567761976606
1.0,0.0294394392436577,0.980854792599715
1.0,0.0294449430859069,0.981137583537231
1.0,0.0294503656317433,0.981416197412948
1.0,0.0294557080819777,0.98169069592564
1.0,0.0294609716196887,0.981961139862721
1.0,0.0294661574104798,0.982227589113711
1.0,0.029471266602739,0.982490102683509
1.0,0.0294763003278924,0.982748738705452
1.0,0.0294812597006551,0.983003554454201
1.0,0.0294861458192757,0.983254606358418
1.0,0.0294909597657815,0.983501950013271
1.0,0.0294957026062173,0.983745640192738
1.0,0.0295003753908802,0.983985730861742
1.0,0.0295049791545534,0.984222275188101
1.0,0.0295095149167366,0.984455325554298
1.0,0.0295139836818692,0.984684933569086
1.0,0.0295183864395541,0.984911150078912
1.0,0.0295227241647777,0.98513402517918
1.0,0.0295269978181243,0.98535360822534
1.0,0.0295312083459893,0.985569947843823
1.0,0.0295353566807901,0.985783091942803
1.0,0.0295394437411705,0.985993087722814
1.0,0.0295434704322053,0.986199981687194
1.0,0.0295474376456013,0.986403819652391
1.0,0.0295513462598938,0.9866046467581
1.0,0.0295551971406403,0.986802507477269
1.0,0.0295589911406147,0.986997445625941
1.0,0.0295627290999945,0.987189504372959
1.0,0.0295664118465464,0.987378726249524
1.0,0.0295700401958108,0.987565153158618
1.0,0.0295736149512817,0.987748826384279
1.0,0.029577136904585,0.987929786600745
1.0,0.0295806068356534,0.98810807388146
1.0,0.0295840255128994,0.988283727707951
1.0,0.029587393693385,0.988456786978568
1.0,0.0295907121229906,0.9886272900171
1.0,0.0295939815365787,0.988795274581262
1.0,0.0295972026581577,0.988960777871053
1.0,0.0296003762010415,0.989123836537
1.0,0.0296035028680068,0.989284486688268
1.0,0.0296065833514518,0.98944276390066
1.0,0.0296096183335457,0.989598703224494
1.0,0.0296126084863821,0.989752339192365
1.0,0.0296155544721273,0.989903705826795
1.0,0.0296184569431666,0.990052836647758
1.0,0.0296213165422485,0.990199764680117
1.0,0.0296241339026286,0.990344522460924
1.0,0.0296269096482087,0.990487142046636
1.0,0.0296296443936743,0.990627655020204
1.0,0.0296323387446316,0.990766092498076
1.0,0.029634993297742,0.990902485137083
1.0,0.0296376086408534,0.991036863141226
1.0,0.0296401853531305,0.991169256268371
1.0,0.029642724005184,0.991299693836832
1.0,0.029645225159195,0.991428204731868
1.0,0.0296476893690421,0.991554817412079
1.0,0.0296501171804211,0.991679559915706
1.0,0.0296525091309687,0.991802459866843
1.0,0.0296548657503799,0.991923544481551
1.0,0.0296571875605252,0.992042840573887
1.0,0.0296594750755668,0.992160374561843
1.0,0.0296617288020731,0.992276172473194
1.0,0.0296639492391286,0.992390259951262
1.0,0.0296661368784472,0.992502662260597
1.0,0.0296682922044793,0.992613404292568
1.0,0.0296704156945191,0.99272251057088
1.0,0.0296725078188118,0.992830005257
1.0,0.0296745690406557,0.99293591215551
1.0,0.0296765998165063,0.993040254719379
1.0,0.0296786005960763,0.993143056055156
1.0,0.0296805718224367,0.993244338928085
1.0,0.0296825139321133,0.993344125767149
1.0,0.0296844273551837,0.993442438670037
1.0,0.0296863125153743,0.993539299408035
1.0,0.0296881698301512,0.993634729430848
1.0,0.0296899997108149,0.993728749871354
1.0,0.0296918025625903,0.993821381550276
1.0,0.0296935787847175,0.9939126449808
1.0,0.0296953287705386,0.994002560373114
1.0,0.029697052907586,0.994091147638887
1.0,0.0296987515776681,0.994178426395671
1.0,0.0297004251569535,0.994264415971254
1.0,0.0297020740160547,0.994349135407934
1.0,0.0297036985201096,0.994432603466739
1.0,0.0297052990288631,0.994514838631582
1.0,0.029706875896746,0.994595859113351
1.0,0.0297084294729537,0.994675682853943
1.0,0.0297099601015243,0.994754327530242
1.0,0.0297114681214139,0.994831810558024
1.0,0.0297129538665715,0.994908149095824
1.0,0.0297144176660142,0.994983360048727
1.0,0.0297158598438987,0.99505746007212
1.0,0.029717280719594,0.995130465575371
1.0,0.0297186806077505,0.995202392725472
1.0,0.0297200598183731,0.995273257450612
1.0,0.0297214186568857,0.995343075443707
1.0,0.0297227574242021,0.995411862165878
1.0,0.0297240764167908,0.99547963284987
1.0,0.0297253759267411,0.995546402503427
1.0,0.0297266562418281,0.995612185912618
1.0,0.0297279176455763,0.995676997645108
1.0,0.0297291604173222,0.995740852053384
1.0,0.0297303848322763,0.995803763277938
1.0,0.0297315911615834,0.995865745250391
1.0,0.029732779672385,0.995926811696585
1.0,0.0297339506278747,0.995986976139618
1.0,0.0297351042873593,0.996046251902841
1.0,0.0297362409063158,0.996104652112809
1.0,0.0297373607364471,0.996162189702185
1.0,0.0297384640257383,0.996218877412606
1.0,0.0297395510185119,0.996274727797504
1.0,0.0297406219554812,0.996329753224887
1.0,0.0297416770738035,0.996383965880077
1.0,0.0297427166071342,0.996437377768408
1.0,0.0297437407856767,0.996490000717885
1.0,0.0297447498362342,0.996541846381803
1.0,0.0297457439822599,0.996592926241329
1.0,0.0297467234439059,0.996643251608043
1.0,0.0297476884380736,0.996692833626443
1.0,0.0297486391784596,0.996741683276413
1.0,0.0297495758756043,0.996789811375655
1.0,0.029750498736939,0.996837228582086
1.0,0.0297514079668288,0.996883945396195
1.0,0.0297523037666236,0.996929972163369
1.0,0.0297531863346958,0.996975319076187
1.0,0.0297540558664897,0.997019996176674
1.0,0.0297549125545622,0.997064013358526
1.0,0.0297557565886253,0.9971073803693
1.0,0.0297565881555906,0.997150106812573
1.0,0.029757407439607,0.997192202150071
1.0,0.029758214622104,0.997233675703761
1.0,0.0297590098818314,0.997274536657916
1.0,0.029759793394899,0.997314794061152
1.0,0.0297605653348147,0.997354456828425
1.0,0.0297613258725236,0.997393533743013
1.0,0.0297620751764462,0.997432033458458
1.0,0.0297628134125147,0.997469964500479
1.0,0.0297635407442109,0.997507335268866
1.0,0.0297642573326014,0.997544154039334
1.0,0.0297649633363741,0.997580428965361
1.0,0.0297656589118727,0.99761616807999
1.0,0.0297663442131317,0.997651379297608
1.0,0.0297670193919104,0.997686070415703
1.0,0.0297676845977266,0.997720249116585
1.0,0.0297683399778892,0.997753922969089
1.0,0.0297689856775309,0.997787099430256
1.0,0.0297696218396424,0.997819785846977
1.0,0.0297702486050999,0.997851989457622
1.0,0.0297708661127007,0.997883717393647
1.0,0.029771474499191,0.99791497668117
1.0,0.029772073899297,0.997945774242526
1.0,0.0297726644457557,0.997976116897802
1.0,0.0297732462693421,0.998006011366345
1.0,0.0297738194989021,0.998035464268255
1.0,0.0297743842613749,0.998064482125843
1.0,0.0297749406818277,0.998093071365084
1.0,0.0297754888834789,0.998121238317034
1.0,0.0297760289877271,0.998148989219233
1.0,0.0297765611141776,0.998176330217089
1.0,0.02977708538067,0.998203267365237
1.0,0.0297776019033018,0.99822980662888
1.0,0.0297781107964563,0.998255953885108
1.0,0.0297786121728278,0.998281714924203
1.0,0.0297791061434458,0.99830709545092
1.0,0.0297795928176992,0.998332101085748
1.0,0.029780072303361,0.998356737366159
1.0,0.0297805447066133,0.998381009747831
1.0,0.029781010132069,0.998404923605857
1.0,0.0297814686827969,0.998428484235933
1.0,0.0297819204603416,0.998451696855538
1.0,0.0297823655647489,0.998474566605079
1.0,0.0297828040945871,0.998497098549039
0.999999999999645,0.0297832361469077,0.998519297677091
0.0,-0.140316338182428,0.9708005693176303
0.0,-0.133339116820338,0.9133453274891483
0.0,-0.113180612589183,0.7793444760666313
0.0,-0.0872051111693826,0.6133518856396363
0.0,-0.0606626208055701,0.5022396143712007
0.0,-0.0368770174639992,0.2991146727918203
0.0,-0.017588141077743,0.2358182638016317
0.0,-0.0033493926377774,0.0932038141869773
0.0,0.0060867489552312,0.035738876200045094
0.0,0.0114358104426735,0.003247376966372801
0.0,0.0136199964610181,0.0453778862373439
0.0,0.0135818568477738,-0.010169419871196999
0.0,0.0121662883414564,0.0533445200629567
0.0,0.0100587428001767,0.009831895631802097
0.0,0.0077655406364306,0.022694912546156902
0.0,0.0056226134943661,0.0344627415178805
0.0,0.0038208641708334,0.0440311128784769
0.0,0.002438870343807,0.106455480966715
0.0,0.0014763188033255,0.055337302794652196
0.0,0.0008839812142913,0.0574520556598143
0.0,0.0005880368219445,0.1132707325401304
0.0,0.000508041771348,0.1123331116014438
0.0,0.0005688538261117,0.1105831345973134
0.0,0.0007074112915153,0.1084049067111826
0.0,0.000875525891439,0.1060887711446346
0.0,0.0010398755739762,0.0483516956444294
0.0,0.001180260736566,0.1017550371520623
0.0,0.0012869869347833,0.044428061237390404
0.0,0.0013580117989419,0.042822552040046105
0.0,0.0013962794485226,0.0969172463701445
0.0,0.0014074831156565,0.0957126709549464
0.0,0.0013983552374584,0.0946474509571183
0.0,0.00137548489432,0.038199356774965304
0.0,0.0013446008194733,0.037295489620536595
0.0,0.0013102271781986,0.0364270157316008
0.0,0.0012756109206951,0.0910554631995467
0.0,0.0012428261437245,0.0347247823010704
0.0,0.0012129760745882,0.0338720309774269
0.0,0.0011864319971608,0.0884950803103671
0.0,0.0011630671462052,0.0876323660536462
0.0,0.0011424601142707,0.031286440751716
0.0,0.0011240555430912,0.08590419993994261
0.0,0.0011072795096798,0.029564199779665998
0.0,0.0010916133008021,0.0287130108945955
0.0,0.0010766327362075,0.0278718025186077
0.0,0.0010620215143062,0.0825234690423694
0.0,0.0010475668774698,0.0817066707023512
0.0,0.0010331448138633,0.08090312610790751
0.0,0.0010187004980444,0.08011293940339201
0.0,0.0010042280655827,0.0793359251822125
0.0,0.0009897523406868,0.0230905214993377
0.0,0.0009753139134066,0.0778198763960149
0.0,0.0009609580410745,0.021598723648105403
0.0,0.0009467272210871,0.0763514143865848
0.0,0.0009326569106123,0.020152755064713902
0.0,0.0009187736996472,0.0194460050232017
0.0,0.0009050952200313,0.0742308843082902
0.0,0.0008916311421753,0.0180635668535579
0.0,0.0008783847300181,0.0728686622433871
0.0,0.000865354560358,0.016721217296508398
0.0,0.0008525361429476,0.0160646936641453
0.0,0.0008399232893907,0.0708989676920111
0.0,0.0008275091659456,0.014780324029840801
0.0,0.0008152870269482,0.069633442974911
0.0,0.0008032506641846,0.0690146093551524
0.0,0.0007913946273683,0.06840490217976761
0.0,0.0007797142767286,0.0678041984959433
0.0,0.0007682057252058,0.0672123729496724
0.0,0.0007568657188465,0.06662929852842231
0.0,0.0007456914927826,0.0660548474351209
0.0,0.0007346806288471,0.010007692763013602
0.0,0.0007238309308018,0.0094501059285853
0.0,0.0007131403250306,0.0643819613666444
0.0,0.0007026067885921,0.0638407369307658
0.0,0.000692228302607,0.0633075100138001
0.0,0.0006820028267601,0.007300961789023702
0.0,0.0006719282898304,0.062264572281458
0.0,0.0006620025912162,0.0062734293971747
0.0,0.0006522236090501,0.005771017292583301
0.0,0.0006425892113958,0.0052760253489611
0.0,0.0006330972679964,0.0602695431224177
0.0,0.0006237456609331,0.0597890643755964
0.0,0.0006145322933109,0.0038344828737025966
0.0,0.0006054550956506,0.0588492914948463
0.0,0.0005965120300589,0.0029085904282002
0.0,0.0005877010924815,0.0579370747622458
0.0,0.0005790203134534,0.0574910468289063
0.0,0.0005704677577806,0.057051607107548
0.0,0.0005620415235469,0.056618658331403005
0.0,0.000553739740771,0.0007109054719399988
0.0,0.0005455605699573,0.055771851599717495
0.0,0.0005375022007038,0.0553578061183505
0.0,0.0005295628504631,-0.0005313226749084007
0.0,0.0005217407634985,0.054547972394444796
0.0,0.0005140342100393,-0.0013291943903163995
0.0,0.000506441485615,-0.0017193132035320004
0.0,0.0004989609105358,-0.0021036696220863987
0.0,0.0004915908294824,0.0529988504063549
0.0,0.0004843296111701,0.0526257646686694
0.0,0.0004771756480572,0.0522581897179686
0.0,0.0004701273560752,0.0241554445667221
0.0,0.0004631831743637,0.023798648193557
0.0,0.000456341565001,0.0234471219996759
0.0,0.0004496010127235,0.0231007881412302
0.0,0.0004429600246351,0.0227595699242572
0.0,0.0004364171299052,0.0224233917875258
0.0,0.0004299708794586,0.0220921792857124
0.0,0.0004236198456609,0.0217658590728831
0.0,0.0004173626220013,0.0214443588862602
0.0,0.0004111978227766,0.0211276075302531
0.0,0.0004051240827768,0.0208155348607361
0.0,0.0003991400569756,0.0205080717695611
0.0,0.000393244420226,0.0202051501692954
0.0,0.0003874358669611,0.019906702978178
0.0,0.0003817131109004,0.01961266410529
0.0,0.0003760748847628,0.0193229684359355
0.0,0.0003705199399835,0.0190375518172327
0.0,0.0003650470464373,0.0187563510439106
0.0,0.0003596549921658,0.0184793038443137
0.0,0.0003543425831094,0.0182063488666087
0.0,0.0003491086428433,0.0179374256651954
0.0,0.0003439520123178,0.0176724746873171
0.0,0.0003388715496023,0.0174114372598688
0.0,0.0003338661296326,0.0171542555764009
0.0,0.0003289346439623,0.0169008726843159
0.0,0.0003240760005178,0.0166512324722546
0.0,0.0003192891233565,0.016405279657669
0.0,0.0003145729524286,0.0161629597745797
0.0,0.0003099264433421,0.0159242191615143
0.0,0.0003053485671324,0.0156890049496244
0.0,0.0003008383100332,0.0154572650509778
0.0,0.000296394673253,0.0152289481470242
0.0,0.0002920166727531,0.0150040036772313
0.0,0.0002877033390301,0.014782381827888
0.0,0.0002834537169011,0.0145640335210739
0.0,0.000279266865292,0.0143489104037909
0.0,0.000275141857029,0.0141369648372559
0.0,0.0002710777786336,0.0139281498863509
0.0,0.0002670737301201,0.0137224193092295
0.0,0.0002631288247964,0.013519727547077
0.0,0.0002592421890675,0.0133200297140208
0.0,0.000255412962242,0.0131232815871908
0.0,0.0002516402963418,0.0129294395969264
0.0,0.0002479233559142,0.0127384608171279
0.0,0.0002442613178466,0.0125503029557501
0.0,0.0002406533711847,0.0123649243454377
0.0,0.0002370987169524,0.0121822839342971
0.0,0.0002335965679756,0.0120023412768062
0.0,0.000230146148707,0.0118250565248574
0.0,0.0002267466950551,0.0116503904189334
0.0,0.0002233974542144,0.0114783042794134
0.0,0.0002200976844993,0.0113087599980072
0.0,0.0002168466551792,0.0111417200293163
0.0,0.0002136436463172,0.0109771473825198
0.0,0.0002104879486104,0.0108150056131822
0.0,0.0002073788632331,0.0106552588151836
0.0,0.0002043157016815,0.0104978716127675
0.0,0.000201297785622,0.0103428091527077
0.0,0.0001983244467401,0.0101900370965895
0.0,0.0001953950265933,0.0100395216132056
0.0,0.0001925088764645,0.0098912293710645
0.0,0.0001896653572189,0.0097451275310089
0.0,0.0001868638391624,0.0096011837389438
0.0,0.0001841037019017,0.0094593661186715
0.0,0.0001813843342073,0.0093196432648329
0.0,0.0001787051338784,0.0091819842359525
0.0,0.0001760655076087,0.0090463585475868
0.0,0.000173464870856,0.0089127361655731
0.0,0.000170902647712,0.008781087499379
0.0,0.0001683782707752,0.0086513833955493
0.0,0.000165891181025,0.0085235951312498
0.0,0.000163440827698,0.0083976944079072
0.0,0.0001610266681663,0.008273653344942
0.0,0.0001586481678167,0.0081514444735943
0.0,0.0001563047999329,0.0080310407308415
0.0,0.0001539960455786,0.0079124154534043
0.0,0.0001517213934826,0.0077955423718429
0.0,0.0001494803399258,0.0076803956047394
0.0,0.0001472723886292,0.0075669496529662
0.0,0.0001450970506443,0.0074551793940395
0.0,0.0001429538442449,0.0073450600765561
0.0,0.0001408422948203,0.0072365673147116
0.0,0.0001387619347701,0.007129677082901
0.0,0.0001367123034008,0.0070243657103975
0.0,0.0001346929468238,0.0069206098761111
0.0,0.0001327034178547,0.0068183866034242
0.0,0.0001307432759145,0.0067176732551032
0.0,0.0001288120869319,0.0066184475282857
0.0,0.0001269094232471,0.0065206874495413
0.0,0.0001250348635174,0.006424371370006
0.0,0.0001231879926234,0.0063294779605877
0.0,0.0001213684015777,0.0062359862072433
0.0,0.0001195756874337,0.0061438754063245
0.0,0.0001178094531968,0.0060531251599939
0.0,0.0001160693077364,0.0059637153717072
0.0,0.0001143548656991,0.0058756262417632
0.0,0.0001126657474236,0.0057888382629188
0.0,0.0001110015788564,0.0057033322160698
0.0,0.0001093619914693,0.0056190891659942
0.0,0.0001077466221773,0.0055360904571593
0.0,0.0001061551132587,0.0054543177095905
0.0,0.0001045871122756,0.0053737528148009
0.0,0.0001030422719957,0.0052943779317815
0.0,0.000101520250316,0.0052161754830499
0.0,0.0001000207101863,0.0051391281507582
0.0,9.85433195350924e-05,0.0050632188728575
0.0,9.70877511957957e-05,0.0049884308393201
0.0,9.56536828343735e-05,0.0049147474884167
0.0,9.4240796877948e-05,0.0048421525030484
0.0,9.28487804444447e-05,0.0047706298071341
0.0,9.14773252733009e-05,0.0047001635620498
0.0,9.01261276572696e-05,0.0046307381631215
0.0,8.87948883750919e-05,0.0045623382361694
0.0,8.74833126252514e-05,0.0044949486341033
0.0,8.61911099607343e-05,0.0044285544335685
0.0,8.4917994224637e-05,0.0043631409316409
0.0,8.36636834868482e-05,0.0042986936425709
0.0,8.24278999815992e-05,0.0042351982945758
0.0,8.1210370045999e-05,0.0041726408266792
0.0,8.00108240593261e-05,0.0041110073855974
0.0,7.88289963834163e-05,0.004050284322671
0.0,7.76646253038207e-05,0.0039904581908434
0.0,7.65174529718041e-05,0.003931515741682
0.0,7.53872253472995e-05,0.0038734439224451
0.0,7.42736921425999e-05,0.0038162298731908
0.0,7.3176606766992e-05,0.0037598609239297
0.0,7.20957262721061e-05,0.0037043245918185
0.0,7.10308112981117e-05,0.0036496085783964
0.0,6.99816260207251e-05,0.0035957007668612
0.0,6.89479380990218e-05,0.0035425892193862
0.0,6.7929518623909e-05,0.0034902621744763
0.0,6.69261420674916e-05,0.0034387080443639
0.0,6.59375862331196e-05,0.0033879154124425
0.0,6.49636322061636e-05,0.0033378730307383
0.0,6.40040643055534e-05,0.0032885698174199
0.0,6.30586700360175e-05,0.0032399948543438
0.0,6.21272400410169e-05,0.0031921373846368
0.0,6.12095680563585e-05,0.0031449868103139
0.0,6.03054508645992e-05,0.0030985326899311
0.0,5.94146882499438e-05,0.0030527647362735
0.0,5.85370829539883e-05,0.0030076728140771
0.0,5.76724406319631e-05,0.0029632469377844
0.0,5.68205698097679e-05,0.0029194772693329
0.0,5.59812818415259e-05,0.0028763541159767
0.0,5.51543908678259e-05,0.0028338679281399
0.0,5.43397137745538e-05,0.002792009297302
0.0,5.35370701523381e-05,0.0027507689539144
0.0,5.27462822566133e-05,0.0027101377653475
0.0,5.19671749682621e-05,0.0026701067338682
0.0,5.11995757548067e-05,0.0026306669946479
0.0,5.04433146322272e-05,0.0025918098137988
0.0,4.96982241273182e-05,0.00255352658644
0.0,4.89641392405829e-05,0.0025158088347922
0.0,4.82408974097244e-05,0.0024786482062998
0.0,4.75283384736153e-05,0.0024420364717817
0.0,4.68263046368364e-05,0.0024059655236088
0.0,4.61346404347675e-05,0.0023704273739084
0.0,4.54531926991041e-05,0.0023354141527956
0.0,4.47818105239854e-05,0.0023009181066304
0.0,4.41203452325491e-05,0.0022669315963004
0.0,4.34686503440196e-05,0.0022334470955296
0.0,4.28265815412728e-05,0.0022004571892113
0.0,4.21939966388576e-05,0.0021679545717664
0.0,4.15707555515323e-05,0.0021359320455253
0.0,4.09567202632223e-05,0.002104382519134
0.0,4.03517547964832e-05,0.0020732990059839
0.0,3.9755725182361e-05,0.0020426746226645
0.0,3.91684994307424e-05,0.0020125025874391
0.0,3.85899475011039e-05,0.001982776218743
0.0,3.8019941273764e-05,0.001953488933704
0.0,3.74583545214545e-05,0.0019246342466842
0.0,3.69050628813809e-05,0.0018962057678445
0.0,3.63599438277136e-05,0.0018681972017287
0.0,3.5822876644432e-05,0.00184060234587
0.0,3.52937423985754e-05,0.0018134150894175
0.0,3.4772423913941e-05,0.0017866294117823
0.0,3.42588057451118e-05,0.0017602393813052
0.0,3.37527741519003e-05,0.0017342391539422
0.0,3.32542170741537e-05,0.0017086229719711
0.0,3.27630241069438e-05,0.0016833851627159
0.0,3.22790864761141e-05,0.001658520137291
0.0,3.18022970142023e-05,0.0016340223893633
0.0,3.13325501366951e-05,0.0016098864939329
0.0,3.08697418186475e-05,0.0015861071061318
0.0,3.04137695716702e-05,0.0015626789600401
0.0,2.99645324211839e-05,0.0015395968675203
0.0,2.9521930884114e-05,0.0015168557170677
0.0,2.90858669468284e-05,0.0014944504726791
0.0,2.86562440434297e-05,0.0014723761727372
0.0,2.82329670344e-05,0.0014506279289122
0.0,2.78159421854933e-05,0.0014292009250789
0.0,2.74050771470122e-05,0.0014080904162503
0.0,2.70002809333349e-05,0.0013872917275271
0.0,2.6601463902768e-05,0.001366800253062
0.0,2.62085377377239e-05,0.0013466114550401
0.0,2.58214154251167e-05,0.0013267208626738
0.0,2.54400112371326e-05,0.0013071240712129
0.0,2.5064240712221e-05,0.001287816740969
0.0,2.4694020636408e-05,0.0012687945963547
0.0,2.43292690248528e-05,0.0012500534249364
0.0,2.39699051037059e-05,0.0012315890765021
0.0,2.36158492922158e-05,0.0012133974621417
0.0,2.32670231851036e-05,0.0011954745533416
0.0,2.29233495352005e-05,0.0011778163810932
0.0,2.25847522363522e-05,0.0011604190350132
0.0,2.22511563065502e-05,0.001143278662478
0.0,2.19224878713342e-05,0.0011263914677707
0.0,2.15986741474352e-05,0.00110975371124
0.0,2.12796434266513e-05,0.0010933617084729
0.0,2.09653250599715e-05,0.0010772118294779
0.0,2.06556494419339e-05,0.0010613004978818
0.0,2.03505479952088e-05,0.0010456241901373
0.0,2.00499531554047e-05,0.0010301794347429
0.0,1.97537983561234e-05,0.0010149628114743
0.0,1.94620180142026e-05,0.0009999709506265
0.0,1.91745475151966e-05,0.0009852005322682
1.0,0.170118891323199,-0.0267699513020536
1.0,0.163141810303346,0.030692501400201203
1.0,0.142983444341452,0.1647004571857893
1.0,0.117008079148557,0.3307000470384043
1.0,0.0904657229994611,0.5527816126952567
1.0,0.0666802518901418,0.6449509501022523
1.0,0.047391505782954,0.8192164512647697
1.0,0.0331528856977249,0.8508750974778513
1.0,0.0237168705635448,0.9083465330004663
1.0,0.0183679336670272,0.9408444337957113
1.0,0.0161838703992941,1.0096826298800607
1.0,0.0162221309500197,0.9542737514836322
1.0,0.0176378186074696,1.0017283319612256
1.0,0.0197454815399184,0.9342845896756113
1.0,0.0220387993608667,0.9214275153023883
1.0,0.0241818404517788,0.9096655410954283
1.0,0.0259837020410381,0.9001029380197573
1.0,0.0273658064755311,0.9486466513642277
1.0,0.0283284669897133,0.8888080303245763
1.0,0.0289209119428141,0.8866987938939183
1.0,0.0292169621133692,0.9418479503159327
1.0,0.0292970613797403,0.9427909259278637
1.0,0.029236352001396,0.9445461785121757
1.0,0.0290978956957939,0.9467296040536997
1.0,0.0289298807614556,0.9490508605018647
1.0,0.0287656292723588,0.8958305828936883
1.0,0.0286253408528088,0.9533946104556537
1.0,0.0285187099686548,0.8997640853177084
1.0,0.0284477790106904,0.9013744194754373
1.0,0.0284096038802294,0.9582468771872097
1.0,0.0283984913656292,0.9594561360779847
1.0,0.0284077090499613,0.9605259703724877
1.0,0.0284306678727206,0.9060162123440043
1.0,0.0284616391202694,0.9069245584877003
1.0,0.0284960986466318,0.9077974452074363
1.0,0.0285307995206272,0.9641357437392787
1.0,0.0285636676642322,0.9095083097185983
1.0,0.0285935998686078,0.9103652812034163
1.0,0.0286202248680665,0.9667087880465327
1.0,0.0286436694457668,0.9675755987144598
1.0,0.0286643550268146,0.9129631615698933
1.0,0.0286828369868704,0.9693117770219287
1.0,0.0286996892660587,0.9146932963888172
1.0,0.0287154305944985,0.9155483449651033
1.0,0.0287304851690753,0.9163933560213963
1.0,0.0287451693077692,0.9727078343593687
1.0,0.0287596957843552,0.9735283238717317
1.0,0.0287741886265773,0.9743355051167777
1.0,0.0287887026755516,0.9751292747554837
1.0,0.0288032438111507,0.9759098189878787
1.0,0.0288177872243809,0.9211963021904733
1.0,0.0288322923401811,0.9774327721429067
1.0,0.0288467139159871,0.9226949024271573
1.0,0.028861009468953,0.9789079360607907
1.0,0.0288751435562449,0.9241474739261353
1.0,0.0288890896019898,0.9248574524588623
1.0,0.0289028299882621,0.9810381523276777
1.0,0.0289163550583609,0.9262462052526703
1.0,0.0289296615618535,0.9824065957443937
1.0,0.0289427509352493,0.9275946842668943
1.0,0.0289556276819061,0.9282542048932954
1.0,0.0289682980031372,0.9843852819415637
1.0,0.0289807687454098,0.9295444363651273
1.0,0.028993046666927,0.9856565819118837
1.0,0.0290051379882552,0.9862782393378907
1.0,0.0290170481718512,0.9868907286095117
1.0,0.0290287818694772,0.9874941732956537
1.0,0.0290403429800059,0.9880886993573147
1.0,0.0290517347690302,0.9886744344050546
1.0,0.0290629600128849,0.9892515068251367
1.0,0.0290740211410356,0.9343388457545693
1.0,0.029084920360851,0.9348989770492583
1.0,0.0290956597569139,0.9909320268378647
1.0,0.0291062413629701,0.9914757211214807
1.0,0.0291166672085437,0.9920113814044397
1.0,0.0291269393444378,0.9370579287020933
1.0,0.0291370598522063,0.9930590785710417
1.0,0.0291470308426309,0.9380901502273243
1.0,0.0291568544476095,0.9385948550805863
1.0,0.0291665328089594,0.9390921059070383
1.0,0.0291760680666731,0.9950632120010366
1.0,0.0291854623482615,0.9955458833922987
1.0,0.02919471776007,0.9405402268011783
1.0,0.0292038363808884,0.9964899448786687
1.0,0.029212820257783,0.9414703445059603
1.0,0.029221671403846,0.9974063244598877
1.0,0.0292303917974461,0.9978543878153107
1.0,0.0292389833825502,0.9982958328938427
1.0,0.0292474480697174,0.9987307574063367
1.0,0.0292557877374442,0.9436780584686103
1.0,0.0292640042336163,0.9995814284918817
1.0,0.0292720993769005,0.9999973634465167
1.0,0.0292800749579887,0.9449259554536833
1.0,0.0292879327406408,1.0008108928018347
1.0,0.0292956744625315,0.9457274682128953
1.0,0.0293033018359194,0.9461193673120744
1.0,0.0293108165481684,0.9465054777202603
1.0,0.0293182202621562,1.0023670841237757
1.0,0.0293255146166163,1.0027418724179475
1.0,0.0293327012264277,1.0031111247769326
1.0,0.0293397816828891,0.975734323384603
1.0,0.029346757553983,0.976092747978542
1.0,0.0293536303846493,0.976445878342997
1.0,0.0293604016970652,0.976793792677057
1.0,0.0293670729909385,0.977136568024681
1.0,0.0293736457438116,0.977474280291924
1.0,0.0293801214113711,0.977807004263841
1.0,0.0293865014277657,0.97813481362108
1.0,0.029392787205925,0.978457780956187
1.0,0.0293989801378758,0.978775977789651
1.0,0.0294050815950571,0.979089474585699
1.0,0.0294110929286333,0.979398340767849
1.0,0.029417015469799,0.979702644734247
1.0,0.0294228505300793,0.980002453872777
1.0,0.0294285994016237,0.980297834575961
1.0,0.0294342633574975,0.980588852255641
1.0,0.0294398436519627,0.980875571357457
1.0,0.0294453415207589,0.981158055375112
1.0,0.0294507581813743,0.981436366864435
1.0,0.0294560948333187,0.981710567457236
1.0,0.0294613526583845,0.981980717874954
1.0,0.0294665328209109,0.982246877942113
1.0,0.0294716364680399,0.982509106599569
1.0,0.0294766647299696,0.982767461917567
1.0,0.0294816187202045,0.983022001108606
1.0,0.0294864995358026,0.983272780540106
1.0,0.0294913082576156,0.983519855746893
1.0,0.0294960459505316,0.9837632814435
1.0,0.0295007136637078,0.984003111536281
1.0,0.0295053124308049,0.984239399135347
1.0,0.0295098432702157,0.984472196566332
1.0,0.0295143071852888,0.984701555381976
1.0,0.0295187051645542,0.98492752637354
1.0,0.0295230381819394,0.985150159582058
1.0,0.0295273071969862,0.985369504309414
1.0,0.0295315131550637,0.985585609129263
1.0,0.0295356569875758,0.985798521897786
1.0,0.0295397396121704,0.986008289764286
1.0,0.0295437619329402,0.986214959181631
1.0,0.0295477248406231,0.986418575916541
1.0,0.0295516292128013,0.986619185059724
1.0,0.0295554759140939,0.986816831035858
1.0,0.0295592657963486,0.987011557613431
1.0,0.0295629996988303,0.987203407914434
1.0,0.0295666784484081,0.98739242442391
1.0,0.0295703028597369,0.98757864899936
1.0,0.029573873735439,0.987762122880017
1.0,0.0295773918662809,0.987942886695973
1.0,0.029580858031349,0.98812098047718
1.0,0.0295842729982214,0.988296443662315
1.0,0.029587637523139,0.98846931510751
1.0,0.0295909523511728,0.988639633094961
1.0,0.0295942182163869,0.988807435341402
1.0,0.0295974358420044,0.988972759006462
1.0,0.0296006059405649,0.989135640700885
1.0,0.0296037292140834,0.989296116494649
1.0,0.029606806354205,0.989454221924944
1.0,0.0296098380423593,0.98960999200405
1.0,0.0296128249499106,0.98976346122708
1.0,0.0296157677383058,0.989914663579631
1.0,0.0296186670592224,0.9900636325453
1.0,0.0296215235547124,0.990210401113103
1.0,0.0296243378573433,0.990355001784782
1.0,0.029627110590339,0.990497466581999
1.0,0.0296298423677188,0.990637827053431
1.0,0.0296325337944319,0.990776114281752
1.0,0.0296351854664914,0.99091235889052
1.0,0.0296377979711075,0.991046591050958
1.0,0.0296403718868168,0.991178840488631
1.0,0.0296429077836096,0.991309136490036
1.0,0.0296454062230576,0.991437507909082
1.0,0.029647867758438,0.991563983173482
1.0,0.0296502929348545,0.991688590291047
1.0,0.0296526822893599,0.991811356855887
1.0,0.0296550363510748,0.991932310054527
1.0,0.0296573556413031,0.992051476671923
1.0,0.0296596406736493,0.992168883097393
1.0,0.0296618919541314,0.992284555330464
1.0,0.0296641099812929,0.992398518986626
1.0,0.0296662952463134,0.992510799303009
1.0,0.0296684482331182,0.992621421143968
1.0,0.0296705694184827,0.99273040900659
1.0,0.0296726592721421,0.992837787026121
1.0,0.0296747182568922,0.992943578981307
1.0,0.0296767468286923,0.993047808299662
1.0,0.0296787454367677,0.993150498062656
1.0,0.0296807145237081,0.993251671010828
1.0,0.0296826545255662,0.993351349548817
1.0,0.0296845658719525,0.993449555750328
1.0,0.029686448986133,0.993546311363018
1.0,0.0296883042851208,0.993641637813315
1.0,0.0296901321797709,0.993735556211156
1.0,0.0296919330748677,0.993828087354671
1.0,0.0296937073692176,0.993919251734782
1.0,0.0296954554557367,0.994009069539741
1.0,0.0296971777215365,0.994097560659607
1.0,0.0296988745480107,0.99418474469064
1.0,0.0297005463109201,0.994270640939652
1.0,0.0297021933804742,0.994355268428274
1.0,0.0297038161214158,0.994438645897172
1.0,0.0297054148930982,0.994520791810196
1.0,0.0297069900495679,0.994601724358472
1.0,0.0297085419396419,0.994681461464424
1.0,0.0297100709069842,0.994760020785748
1.0,0.0297115772901828,0.994837419719322
1.0,0.0297130614228254,0.994913675405056
1.0,0.0297145236335714,0.994988804729689
1.0,0.0297159642462252,0.99506282433053
1.0,0.0297173835798097,0.995135750599138
1.0,0.029718781948634,0.995207599684959
1.0,0.0297201596623655,0.995278387498895
1.0,0.0297215170260976,0.99534812971683
1.0,0.0297228543404173,0.995416841783104
1.0,0.0297241719014711,0.995484538913929
1.0,0.0297254700010319,0.995551236100763
1.0,0.0297267489265618,0.995616948113624
1.0,0.0297280089612781,0.995681689504369
1.0,0.0297292503842139,0.995745474609907
1.0,0.0297304734702808,0.995808317555383
1.0,0.0297316784903301,0.995870232257298
1.0,0.0297328657112117,0.995931232426597
1.0,0.0297340353958351,0.995991331571702
1.0,0.0297351878032248,0.996050543001503
1.0,0.0297363231885814,0.996108879828307
1.0,0.0297374418033338,0.996166354970742
1.0,0.0297385438951985,0.996222981156617
1.0,0.0297396297082324,0.996278770925739
1.0,0.0297406994828875,0.996333736632692
1.0,0.0297417534560644,0.996387890449574
1.0,0.0297427918611644,0.996441244368687
1.0,0.029743814928141,0.996493810205201
1.0,0.0297448228835515,0.996545599599764
1.0,0.0297458159506061,0.99659662402108
1.0,0.0297467943492191,0.996646894768452
1.0,0.0297477582960555,0.996696422974285
1.0,0.02974870800458,0.996745219606545
1.0,0.0297496436851048,0.996793295471195
1.0,0.0297505655448351,0.996840661214582
1.0,0.0297514737879163,0.9968873273258
1.0,0.0297523686154775,0.996933304139008
1.0,0.0297532502256768,0.996978601835722
1.0,0.0297541188137469,0.997023230447069
1.0,0.0297549745720351,0.997067199856006
1.0,0.0297558176900479,0.997110519799511
1.0,0.0297566483544933,0.99715319987074
1.0,0.0297574667493206,0.997195249521148
1.0,0.0297582730557631,0.997236678062585
1.0,0.029759067452376,0.997277494669356
1.0,0.029759850115078,0.997317708380255
1.0,0.0297606212171884,0.997357328100566
1.0,0.029761380929467,0.997396362604032
1.0,0.0297621294201518,0.997434820534803
1.0,0.0297628668549945,0.997472710409345
1.0,0.0297635933973002,0.997510040618331
1.0,0.02976430920796,0.997546819428495
1.0,0.0297650144454895,0.997583054984465
1.0,0.0297657092660633,0.997618755310565
1.0,0.0297663938235486,0.997653928312595
1.0,0.0297670682695397,0.997688581779578
1.0,0.0297677327533916,0.997722723385487
1.0,0.0297683874222541,0.997756360690944
1.0,0.0297690324211024,0.997789501144893
1.0,0.0297696678927717,0.997822152086253
1.0,0.0297702939779856,0.997854320745539
1.0,0.0297709108153903,0.997886014246467
1.0,0.0297715185415834,0.997917239607527
1.0,0.0297721172911463,0.997948003743543
0.0,-0.140327292803329,0.9702377138796393
0.0,-0.13334990963221,0.9127907859029913
0.0,-0.113191245982079,0.7787981255296563
0.0,-0.0872155874980551,0.6128136051630932
0.0,-0.060672942389989,0.5017092847534528
0.0,-0.0368871865898681,0.2985921765919403
0.0,-0.0175981599970032,0.2353034853133997
0.0,-0.0033592635691079,0.0926966394132503
0.0,0.0060770238259226,0.0352391928275191
0.0,0.0114262289617674,0.0027550743407053005
0.0,0.0136105565067056,0.0448928553386509
0.0,0.0135725563295866,-0.010647286452483501
0.0,0.0121571251998046,0.0528737119760387
0.0,0.0100497150058927,0.009368041779309999
0.0,0.0077566461903189,0.0222379102081555
0.0,0.0056138504267607,0.0340124894916952
0.0,0.0038122305411625,0.0435875114562819
0.0,0.0024303642401628,0.1060184319134534
0.0,0.0014679383420402,0.0549067093262819
0.0,0.0008757245395212,0.0570278224218755
0.0,0.0005799021052578,0.1128527655866295
0.0,0.0005000272113203,0.1119213183740492
0.0,0.0005609576479274,0.1101774239048586
0.0,0.0006996317465743,0.1080051887094718
0.0,0.0008678612569696,0.1056949573165468
0.0,0.0010323241526533,0.047963698780316893
0.0,0.0011728208561355,0.1013727713304376
0.0,0.0012796569476917,0.044051441805899205
0.0,0.0013507900819711,0.0424514955967213
0.0,0.0013891644024315,0.0965516707449365
0.0,0.0014004731648258,0.0953524951915267
0.0,0.0013914488295421,0.0942925952949524
0.0,0.0013686804999014,0.0378497426316492
0.0,0.0013378969317267,0.036951039574395106
0.0,0.0013036223125551,0.036087653504542294
0.0,0.0012691036145143,0.0907211136401718
0.0,0.0012364149559706,0.0343953713680294
0.0,0.0012066595855104,0.0335474857230237
0.0,0.0011802088079797,0.0881753288644047
0.0,0.0011569358788021,0.08731733760751159
0.0,0.0011364194108831,0.030976065542699098
0.0,0.0011181040660117,0.085598409235788
0.0,0.0011014159409602,0.029262925863351802
0.0,0.0010858363419616,0.028416187049337502
0.0,0.0010709411079448,0.027579363013085098
0.0,0.0010564139562162,0.0822353491161691
0.0,0.0010420421477649,0.0814228065516259
0.0,0.0010277016890979,0.08062345487124689
0.0,0.0010133377728446,0.0798373991479021
0.0,0.0009989445523788,0.0790644548898005
0.0,0.0009845468694503,0.0228230610532
0.0,0.0009701853313915,0.0775563665673239
0.0,0.000955905212562,0.0213391060828935
0.0,0.0009417490271337,0.076095631592822
0.0,0.0009277522488023,0.019900750399576
0.0,0.0009139414838486,0.019197722680527197
0.0,0.000900334380155,0.07398626930622179
0.0,0.0008869406239386,0.0178225650223671
0.0,0.0008737634947108,0.07263122021347809
0.0,0.0008608015846124,0.016487282486599503
0.0,0.0008480504185121,0.015834214269625002
0.0,0.0008355038229065,0.07067189267346591
0.0,0.0008231549787266,0.014556603101752497
0.0,0.0008109971547644,0.0694130265945212
0.0,0.0007990241570483,0.0687974487114911
0.0,0.0007872305493241,0.0681909491828443
0.0,0.0007756117056459,0.06759340576609729
0.0,0.0007641637525747,0.0670046938070809
0.0,0.0007528834495765,0.06642468698276299
0.0,0.0007417680450046,0.0658532581753874
0.0,0.0007308151337176,0.009809081147481503
0.0,0.0007200225323111,0.009254427974926503
0.0,0.000709388179813,0.0641891737421869
0.0,0.0006989100657391,0.06365079694289791
0.0,0.0006885861834833,0.0631203756005162
0.0,0.0006784145048224,0.007116591509609603
0.0,0.0006683929704486,0.062082925307314
0.0,0.0006585194914977,0.006094465502774198
0.0,0.000648791957666,0.005594696846564599
0.0,0.0006392082484108,0.0051023093053515
0.0,0.0006297662446999,0.0600983930119866
0.0,0.0006204638396735,0.0596204422973361
0.0,0.0006112989473325,0.0036683514864355032
0.0,0.0006022695089324,0.0586856140089558
0.0,0.0005933734971562,0.0027473305974836
0.0,0.0005846089183693,0.0577781968758873
0.0,0.0005759738133733,0.0573345157035691
0.0,0.0005674662570885,0.0568973880795831
0.0,0.0005590843575637,0.0564667172491728
0.0,0.0005508262546354,0.0005612086882556995
0.0,0.0005426901184809,0.0556243659643876
0.0,0.0005346741482282,0.055212498970840004
0.0,0.0005267765707192,-0.0006744835127107003
0.0,0.0005189956394676,0.0544069261635373
0.0,0.0005113296338167,-0.0014681572488648986
0.0,0.0005037768582751,-0.0018562234628967007
0.0,0.0004963356419999,-0.002238557600896699
0.0,0.0004890043383876,0.0528659548373014
0.0,0.0004817813247405,0.0524948320797921
0.0,0.0004746650019777,0.0521291911143868
0.0,0.000467653794366,0.024028351381834
0.0,0.0004607461492572,0.0236734322827138
0.0,0.0004539405368205,0.0233237556339491
0.0,0.0004472354497639,0.022979244001271
0.0,0.0004406294030452,0.0226398210942469
0.0,0.0004341209335712,0.022305411749215
0.0,0.0004277085998904,0.0219759419125487
0.0,0.000421390981879,0.0216513386242254
0.0,0.0004151666804264,0.0213315300016787
0.0,0.0004090343171197,0.0210164452239128
0.0,0.0004029925339318,0.0207060145158641
0.0,0.0003970399929134,0.020400169132995
0.0,0.0003911753758897,0.0200988413461126
0.0,0.000385397384163,0.0198019644264042
0.0,0.0003797047382208,0.0195094726306857
0.0,0.0003740961774496,0.01922130118686
0.0,0.0003685704598542,0.0189373862795831
0.0,0.0003631263617816,0.0186576650361367
0.0,0.0003577626776501,0.0183820755125052
0.0,0.0003524782196827,0.0181105566796564
0.0,0.0003472718176443,0.0178430484100228
0.0,0.0003421423185837,0.0175794914641827
0.0,0.0003370885865782,0.0173198274777379
0.0,0.0003321095024833,0.0170639989483861
0.0,0.0003272039636847,0.0168119492231842
0.0,0.0003223708838546,0.0165636224860012
0.0,0.0003176091927114,0.016318963745157
0.0,0.0003129178357827,0.0160779188212432
0.0,0.0003082957741717,0.0158404343351259
0.0,0.0003037419843275,0.0156064576961245
0.0,0.0002992554578179,0.0153759370903661
0.0,0.0002948352011063,0.0151488214693115
0.0,0.0002904802353315,0.0149250605384511
0.0,0.0002861895960913,0.0147046047461674
0.0,0.0002819623332283,0.014487405272762
0.0,0.0002777975106199,0.0142734140196446
0.0,0.0002736942059706,0.0140625835986822
0.0,0.0002696515106081,0.0138548673217048
0.0,0.0002656685292821,0.013650219190166
0.0,0.0002617443799656,0.0134485938849575
0.0,0.00025787819366,0.0132499467563724
0.0,0.0002540691142026,0.0130542338142182
0.0,0.0002503162980768,0.0128614117180746
0.0,0.0002466189142256,0.0126714377676964
0.0,0.0002429761438672,0.0124842698935569
0.0,0.000239387180314,0.0122998666475322
0.0,0.0002358512287939,0.0121181871937224
0.0,0.0002323675062744,0.011939191299408
0.0,0.0002289352412887,0.0117628393261413
0.0,0.0002255536737655,0.0115890922209678
0.0,0.0002222220548603,0.0114179115077784
0.0,0.0002189396467897,0.0112492592787886
0.0,0.0002157057226679,0.011083098186144
0.0,0.000212519566346,0.0109193914336498
0.0,0.000209380472253,0.0107581027686218
0.0,0.00020628774524,0.0105991964738592
0.0,0.0002032407004259,0.0104426373597341
0.0,0.0002002386630459,0.0102883907563995
0.0,0.000197280968302,0.0101364225061112
0.0,0.000194366961216,0.0099866989556639
0.0,0.000191495996484,0.0098391869489389
0.0,0.0001886674383342,0.009693853819561
0.0,0.0001858806603852,0.0095506673836655
0.0,0.0001831350455082,0.0094095959327704
0.0,0.0001804299856897,0.0092706082267549
0.0,0.0001777648818971,0.0091336734869413
0.0,0.000175139143946,0.008998761389279
0.0,0.0001725521903696,0.0088658420576293
0.0,0.0001700034482899,0.0087348860571496
0.0,0.0001674923532905,0.0086058643877747
0.0,0.0001650183492923,0.0084787484777947
0.0,0.0001625808884298,0.0083535101775286
0.0,0.0001601794309298,0.0082301217530896
0.0,0.0001578134449921,0.0081085558802442
0.0,0.0001554824066718,0.0079887856383607
0.0,0.0001531857997629,0.0078707845044482
0.0,0.0001509231156843,0.0077545263472827
0.0,0.0001486938533671,0.0076399854216207
0.0,0.0001464975191434,0.0075271363624974
0.0,0.0001443336266375,0.0074159541796105
0.0,0.0001422016966576,0.0073064142517853
0.0,0.0001401012570903,0.0071984923215228
0.0,0.0001380318427953,0.0070921644896279
0.0,0.0001359929955032,0.0069874072099167
0.0,0.0001339842637135,0.0068841972840027
0.0,0.0001320052025945,0.0067825118561588
0.0,0.0001300553738854,0.0066823284082567
0.0,0.0001281343457987,0.0065836247547798
0.0,0.0001262416929248,0.0064863790379104
0.0,0.0001243769961378,0.0063905697226893
0.0,0.0001225398425025,0.0062961755922468
0.0,0.0001207298251833,0.0062031757431045
0.0,0.0001189465433538,0.0061115495805461
0.0,0.0001171896021081,0.0060212768140566
0.0,0.0001154586123736,0.005932337452829
0.0,0.0001137531908243,0.0058447118013377
0.0,0.0001120729597966,0.0057583804549767
0.0,0.0001104175472051,0.0056733242957622
0.0,0.0001087865864603,0.0055895244880994
0.0,0.000107179716388,0.0055069624746114
0.0,0.0001055965811483,0.0054256199720291
0.0,0.0001040368301578,0.005345478967143
0.0,0.0001025001180111,0.005266521712814
0.0,0.0001009861044052,0.0051887307240431
0.0,9.94944540632925e-05,0.0051120887740997
0.0,9.80248366609648e-05,0.0050365788907066
0.0,9.65769267531127e-05,0.0049621843522814
0.0,9.51504037016021e-05,0.0048888886842339
0.0,9.37449516044686e-05,0.0048166756553173
0.0,9.23602592258488e-05,0.0047455292740341
0.0,9.09960199270907e-05,0.004675433785095
0.0,8.96519315989122e-05,0.0046063736659293
0.0,8.83276965943716e-05,0.0045383336232482
0.0,8.70230216630449e-05,0.0044712985896575
0.0,8.57376178860988e-05,0.0044052537203212
0.0,8.44712006122586e-05,0.0043401843896743
0.0,8.32234893947542e-05,0.0042760761881835
0.0,8.19942079293007e-05,0.0042129149191567
0.0,8.07830839928275e-05,0.0041506865955989
0.0,7.95898493832631e-05,0.004089377437115
0.0,7.84142398600821e-05,0.0040289738668579
0.0,7.72559950858176e-05,0.003969462508522
0.0,7.6114858568406e-05,0.0039108301833812
0.0,7.49905776044127e-05,0.0038530639073702
0.0,7.38829032230146e-05,0.0037961508882094
0.0,7.27915901309259e-05,0.0037400785225722
0.0,7.17163966580253e-05,0.0036848343932935
0.0,7.06570847038915e-05,0.0036304062666205
0.0,6.96134196850121e-05,0.0035767820895031
0.0,6.85851704829224e-05,0.0035239499869251
0.0,6.75721093929202e-05,0.0034718982592744
0.0,6.65740120737307e-05,0.0034206153797519
0.0,6.55906574977758e-05,0.0033700899918192
0.0,6.46218279022476e-05,0.0033203109066836
0.0,6.36673087408626e-05,0.0032712671008204
0.0,6.27268886363996e-05,0.0032229477135316
0.0,6.18003593338343e-05,0.0031753420445409
0.0,6.08875156542371e-05,0.0031284395516242
0.0,5.99881554493725e-05,0.0030822298482751
0.0,5.91020795568942e-05,0.0030367027014045
0.0,5.82290917562414e-05,0.0029918480290748
0.0,5.73689987252088e-05,0.0029476558982671
0.0,5.6521609997133e-05,0.0029041165226818
0.0,5.56867379186837e-05,0.0028612202605709
0.0,5.48641976083342e-05,0.0028189576126035
0.0,5.40538069154217e-05,0.0027773192197618
0.0,5.32553863798052e-05,0.0027362958612685
0.0,5.24687591921119e-05,0.002695878452545
0.0,5.16937511546058e-05,0.0026560580431998
0.0,5.09301906425862e-05,0.0026168258150461
0.0,5.01779085664046e-05,0.0025781730801493
0.0,4.94367383340015e-05,0.0025400912789029
0.0,4.87065158140329e-05,0.002502571978133
0.0,4.79870792995073e-05,0.0024656068692309
0.0,4.72782694719773e-05,0.0024291877663131
0.0,4.65799293662764e-05,0.0023933066044085
0.0,4.58919043357375e-05,0.0023579554376724
0.0,4.52140420179638e-05,0.0023231264376271
0.0,4.45461923010738e-05,0.002288811891428
0.0,4.38882072904649e-05,0.0022550042001559
0.0,4.32399412760645e-05,0.0022216958771339
0.0,4.26012507000646e-05,0.0021888795462699
0.0,4.19719941251243e-05,0.0021565479404226
0.0,4.13520322030646e-05,0.0021246938997929
0.0,4.07412276439666e-05,0.0020933103703377
0.0,4.01394451858342e-05,0.0020623904022083
0.0,3.95465515645767e-05,0.0020319271482111
0.0,3.89624154845565e-05,0.0020019138622912
0.0,3.83869075894529e-05,0.0019723438980389
0.0,3.781990043367e-05,0.0019432107072175
0.0,3.72612684540891e-05,0.0019145078383132
0.0,3.67108879422498e-05,0.0018862289351066
0.0,3.61686370169839e-05,0.0018583677352651
0.0,3.56343955974191e-05,0.001830918068956
0.0,3.51080453763544e-05,0.0018038738574803
0.0,3.45894697941079e-05,0.0017772291119266
0.0,3.40785540126724e-05,0.0017509779318445
0.0,3.3575184890302e-05,0.0017251145039386
0.0,3.3079250956445e-05,0.0016996331007806
0.0,3.25906423870627e-05,0.0016745280795413
0.0,3.21092509803257e-05,0.0016497938807408
0.0,3.16349701326123e-05,0.0016254250270173
0.0,3.11676948149438e-05,0.0016014161219145
0.0,3.07073215497083e-05,0.0015777618486863
0.0,3.02537483877381e-05,0.0015544569691193
0.0,2.9806874885744e-05,0.001531496322373
0.0,2.93666020840834e-05,0.0015088748238369
0.0,2.89328324848022e-05,0.0014865874640047
0.0,2.85054700300998e-05,0.0014646293073644
0.0,2.80844200810197e-05,0.001442995491306
0.0,2.76695893965014e-05,0.0014216812250441
0.0,2.72608861127364e-05,0.0014006817885576
0.0,2.68582197228279e-05,0.0013799925315438
0.0,2.64615010567328e-05,0.001359608872389
0.0,2.60706422615317e-05,0.0013395262971539
0.0,2.56855567819687e-05,0.0013197403585739
0.0,2.53061593412738e-05,0.0013002466750741
0.0,2.49323659222978e-05,0.0012810409297994
0.0,2.45640937488866e-05,0.0012621188696581
0.0,2.42012612675646e-05,0.0012434763043805
0.0,2.38437881294722e-05,0.0012251091055905
0.0,2.3491595172568e-05,0.0012070132058918
0.0,2.31446044041024e-05,0.0011891845979669
0.0,2.28027389833369e-05,0.0011716193336897
0.0,2.24659232045538e-05,0.0011543135232515
0.0,2.21340824802501e-05,0.0011372633342991
0.0,2.18071433246633e-05,0.0011204649910866
0.0,2.14850333374629e-05,0.0011039147736389
0.0,2.11676811877459e-05,0.0010876090169283
0.0,2.0855016598216e-05,0.0010715441100626
0.0,2.05469703296393e-05,0.0010557164954853
0.0,2.02434741655034e-05,0.0010401226681882
0.0,1.99444608969031e-05,0.0010247591749353
0.0,1.96498643076793e-05,0.0010096226134973
0.0,1.93596191597322e-05,0.0009947096318992
0.0,1.90736611785855e-05,0.0009800169276771
0.0,1.87919270391509e-05,0.0009655412471477
0.0,1.85143543517119e-05,0.0009512793846869
0.0,1.82408816480906e-05,0.0009372281820208
0.0,1.79714483680583e-05,0.0009233845275257
0.0,1.77059948458982e-05,0.0009097453555391
1.0,0.170117444462297,-0.0268442919418785
1.0,0.163140384813806,0.030619258834625997
1.0,0.1429820399076,0.1646282964749763
1.0,0.117006695459383,0.3306289522024423
1.0,0.0904643597485494,0.5527115679902707
1.0,0.0666789087756012,0.6448819400169173
1.0,0.0473901825073534,0.8191484605168777
1.0,0.0331515819680263,0.8508081110109234
1.0,0.0237155860910387,0.9082805359804224
1.0,0.0183666681672685,0.9407794116075823
1.0,0.0161826235920393,1.0096185681247527
1.0,0.0162209025591648,0.9542106359747383
1.0,0.0176366083609885,1.0016661487218848
1.0,0.0197442891698034,0.9342233249354133
1.0,0.0220376246030688,0.9213671554943214
1.0,0.0241806830461491,0.9096060728528773
1.0,0.0259825617312702,0.9000443481735453
1.0,0.0273646830091048,0.9485889269396957
1.0,0.0283273601178382,0.8887511585387133
1.0,0.0289198214203747,0.8866427621525274
1.0,0.0292158876988703,0.9417927462108457
1.0,0.0292960028352542,0.9427365372341907
1.0,0.0292353090925088,0.9444925931856007
1.0,0.0290968681915549,0.9466768102278077
1.0,0.0289288684343251,0.9489988464855207
1.0,0.0287646318981579,0.8957793371684433
1.0,0.0286243582106701,0.9533441216731977
1.0,0.0285177418409734,0.8997143422973553
1.0,0.0284468251830753,0.9013254112016503
1.0,0.0284086641414564,0.9581985928071577
1.0,0.0283975655075945,0.9594085648991457
1.0,0.028406796867634,0.9604791018602737
1.0,0.0284297691640996,0.9059700361194333
1.0,0.0284607536863362,0.9068790643250983
1.0,0.0284952262913079,0.9077526230321703
1.0,0.0285299400507306,0.9640915836255267
1.0,0.0285628208894346,0.9094648018871483
1.0,0.0285927656013911,0.9103224160195073
1.0,0.0286194029236841,0.9666665560177157
1.0,0.0286428596421995,0.9675339904884978
1.0,0.028663557184732,0.9129221679326893
1.0,0.0286820509295915,0.9692713888954857
1.0,0.0286989148195118,0.9146535048292282
1.0,0.0287146675871834,0.9155091411605703
1.0,0.0287297334320251,0.9163547312902803
1.0,0.0287444286745122,0.9726697801482627
1.0,0.0287589660908789,0.9734908317535726
1.0,0.028773469711292,0.9742985667889758
1.0,0.0287879943792546,0.9750928820380868
1.0,0.0288025459769905,0.9758739638217587
1.0,0.0288170996978223,0.9211609766355423
1.0,0.0288316149689725,0.9773979683763587
1.0,0.0288460465501255,0.9226606127417353
1.0,0.0288603519606501,0.9788741528630817
1.0,0.0288744957598972,0.9241141897348863
1.0,0.0288884513741425,0.9248246599033243
1.0,0.0289022011875812,0.9810058441459747
1.0,0.0289157355455989,0.9262143742901893
1.0,0.0289290511998206,0.9823752349522037
1.0,0.0289421495887809,0.9275637867001812
1.0,0.0289550352178345,0.9282237637098263
1.0,0.0289677142902616,0.9843552904001727
1.0,0.0289801936544682,0.9295148878242183
1.0,0.0289924800705659,0.9856274698279647
1.0,0.0290045797610026,0.9862495572641217
1.0,0.0290164981900884,0.9868624701942788
1.0,0.0290282400114108,0.9874663322811607
1.0,0.0290398091256425,0.9880612695781997
1.0,0.0290512088001478,0.9886474097870217
1.0,0.029062441813009,0.9892248813836148
1.0,0.0290735105954112,0.9343126135933812
1.0,0.029084417356418,0.9348731323593213
1.0,0.0290951641822823,0.9909065638959007
1.0,0.0291057531083956,0.9914506342887477
1.0,0.0291161861659033,0.9919866651254857
1.0,0.0291264654072052,0.9370335775035243
1.0,0.0291365929154281,0.9930350870603127
1.0,0.0291465708029046,0.9380665130915403
1.0,0.0291564012030598,0.9385715670853283
1.0,0.0291660862592158,0.9390691618952053
1.0,0.0291756281128475,0.9950406068917017
1.0,0.0291850288929272,0.9955236121795857
1.0,0.0291942907072382,0.9405182845531503
1.0,0.0292034156359888,0.9964683267362388
1.0,0.0292124057276422,0.9414490456818143
1.0,0.0292212629966662,0.9973853402374246
1.0,0.0292299894227865,0.9978337135475956
1.0,0.0292385869513054,0.9982754640025817
1.0,0.0292470574940982,0.9987106893808617
1.0,0.0292554029309577,0.9436582868648773
1.0,0.0292636251110479,0.9995619489314927
1.0,0.0292717258542938,0.9999781716157417
1.0,0.0292797069526274,0.9449070471025123
1.0,0.0292875701710302,1.0007922637430346
1.0,0.0292953172483812,0.9457091143210813
1.0,0.0293029498981257,0.9461012845227963
1.0,0.0293104698087936,0.9464876620291033
1.0,0.0293178786444159,1.0023495315854747
1.0,0.0293251780448596,1.0027245791455117
1.0,0.029332369626121,1.0030940869407867
1.0,0.0293394549805999,0.975717537211735
1.0,0.0293464356773634,0.976076209751673
1.0,0.0293533132624204,0.976429584399753
1.0,0.0293600892590005,0.976777739409164
1.0,0.0293667651678486,0.977120751877159
1.0,0.0293733424675295,0.977458697762303
1.0,0.0293798226147368,0.977791651901388
1.0,0.0293862070446111,0.978119688026031
1.0,0.0293924971710589,0.978442878778995
1.0,0.0293986943870701,0.978761295730246
1.0,0.0294048000650329,0.979075009392753
1.0,0.0294108155570463,0.979384089238062
1.0,0.0294167421952256,0.979688603711632
1.0,0.0294225812920026,0.979988620247966
1.0,0.0294283341404213,0.980284205285511
1.0,0.0294340020144279,0.980575424281361
1.0,0.0294395861691523,0.980862341725736
1.0,0.0294450878411874,0.981145021156262
1.0,0.0294505082488654,0.981423525172044
1.0,0.0294558485925249,0.981697915447524
1.0,0.0294611100547755,0.981968252746148
1.0,0.0294662938007628,0.982234596933823
1.0,0.029471400978422,0.982497006992178
1.0,0.0294764327187329,0.982755541031632
1.0,0.0294813901359705,0.983010256304258
1.0,0.0294862743279509,0.983261209216471
1.0,0.0294910863762752,0.983508455341515
1.0,0.0294958273465662,0.983752049431771
1.0,0.0295004982887084,0.983992045430883
1.0,0.029505100237077,0.984228496485704
1.0,0.0295096342107684,0.984461454958064
1.0,0.0295141012138269,0.984690972436364
1.0,0.0295185022354656,0.984917099747003
1.0,0.0295228382502852,0.985139886965631
1.0,0.0295271102184922,0.985359383428238
1.0,0.0295313190861086,0.985575637742079
1.0,0.0295354657851841,0.985788697796441
1.0,0.029539551234,0.985998610773243
1.0,0.0295435763372749,0.986205423157488
1.0,0.0295475419863629,0.986409180747557
1.0,0.0295514490594537,0.986609928665347
1.0,0.029555298421764,0.98680771136627
1.0,0.0295590909257304,0.987002572649091
1.0,0.0295628274111994,0.987194555665632
1.0,0.0295665087056116,0.987383702930324
1.0,0.0295701356241853,0.987570056329625
1.0,0.0295737089700985,0.987753657131295
1.0,0.0295772295346639,0.987934545993534
1.0,0.0295806980975075,0.988112762973984
1.0,0.0295841154267384,0.988288347538604
1.0,0.0295874822791207,0.988461338570407
1.0,0.0295907994002398,0.98863177437807
1.0,0.0295940675246693,0.98879969270442
1.0,0.0295972873761312,0.988965130734788
1.0,0.0296004596676585,0.989128125105249
1.0,0.0296035851017515,0.98928871191073
1.0,0.0296066643705344,0.989446926713006
1.0,0.0296096981559075,0.989602804548575
1.0,0.0296126871297,0.989756379936414
1.0,0.0296156319538168,0.989907686885629
1.0,0.0296185332803856,0.99005675890298
1.0,0.0296213917519021,0.990203629000305
1.0,0.0296242080013724,0.990348329701828
1.0,0.0296269826524511,0.990490893051364
1.0,0.0296297163195822,0.990631350619414
1.0,0.0296324096081328,0.990769733510154
1.0,0.029635063114529,0.990906072368326
1.0,0.0296376774263873,0.991040397386024
1.0,0.0296402531226441,0.991172738309378
1.0,0.0296427907736843,0.991303124445142
1.0,0.0296452909414684,0.991431584667186
1.0,0.0296477541796549,0.991558147422889
1.0,0.0296501810337266,0.991682840739434
1.0,0.0296525720411069,0.991805692230025
1.0,0.0296549277312819,0.991926729099989
1.0,0.0296572486259166,0.992045978152813
1.0,0.0296595352389708,0.992163465796069
1.0,0.0296617880768122,0.992279218047271
1.0,0.0296640076383299,0.992393260539629
1.0,0.0296661944150429,0.992505618527731
1.0,0.0296683488912108,0.992616316893131
1.0,0.0296704715439395,0.992725380149864
1.0,0.0296725628432888,0.992832832449871
1.0,0.0296746232523744,0.992938697588347
1.0,0.0296766532274719,0.993042999009012
1.0,0.0296786532181168,0.993145759809305
1.0,0.0296806236672051,0.993247002745494
1.0,0.0296825650110903,0.993346750237717
1.0,0.0296844776796812,0.993445024374951
1.0,0.0296863620965362,0.993541846919896
1.0,0.0296882186789573,0.9936372393138
1.0,0.0296900478380828,0.993731222681207
1.0,0.0296918499789782,0.993823817834632
1.0,0.0296936255007247,0.993915045279171
1.0,0.029695374796511,0.994004925217045
1.0,0.0296970982537157,0.994093477552069
1.0,0.029698796253997,0.994180721894061
1.0,0.0297004691733751,0.994266677563188
1.0,0.0297021173823162,0.994351363594239
1.0,0.029703741245815,0.994434798740845
1.0,0.0297053411234733,0.994517001479629
1.0,0.029706917369583,0.994597990014298
1.0,0.029708470333202,0.994677782279678
1.0,0.0297100003582322,0.994756395945679
1.0,0.0297115077834962,0.994833848421213
1.0,0.0297129929428113,0.994910156858047
1.0,0.0297144561650649,0.994985338154601
1.0,0.0297158977742853,0.995059408959694
1.0,0.0297173180897166,0.995132385676224
1.0,0.0297187174258851,0.995204284464808
1.0,0.0297200960926722,0.995275121247355
1.0,0.029721454395383,0.995344911710593
1.0,0.0297227926348116,0.995413671309546
1.0,0.0297241111073094,0.995481415270952
1.0,0.0297254101048514,0.995548158596639
1.0,0.029726689915099,0.995613916066845
1.0,0.0297279508214645,0.99567870224349
1.0,0.0297291931031742,0.995742531473404
1.0,0.0297304170353305,0.9958054178915
1.0,0.0297316228889719,0.995867375423908
1.0,0.0297328109311328,0.995928417791058
1.0,0.0297339814249042,0.995988558510714
1.0,0.0297351346294905,0.996047810900976
1.0,0.0297362708002682,0.99610618808322
1.0,0.0297373901888405,0.996163702985011
1.0,0.0297384930430948,0.996220368342962
1.0,0.0297395796072575,0.996276196705556
1.0,0.0297406501219464,0.996331200435923
1.0,0.0297417048242263,0.99638539171458
1.0,0.0297427439476599,0.996438782542127
1.0,0.0297437677223595,0.996491384741905
1.0,0.0297447763750394,0.996543209962616
1.0,0.029745770129064,0.996594269680897
1.0,0.0297467492045,0.99664457520387
1.0,0.0297477138181621,0.996694137671637
1.0,0.0297486641836628,0.996742968059755
1.0,0.0297496005114597,0.996791077181658
1.0,0.0297505230089015,0.996838475691062
1.0,0.0297514318802743,0.996885174084314
1.0,0.0297523273268467,0.996931182702723
1.0,0.0297532095469142,0.996976511734849
1.0,0.0297540787358443,0.997021171218757
1.0,0.029754935086117,0.997065171044241
1.0,0.0297557787873701,0.997108520955016
1.0,0.0297566100264413,0.997151230550872
1.0,0.0297574289874065,0.997193309289803
1.0,0.0297582358516244,0.997234766490101
1.0,0.029759030797774,0.997275611332418
1.0,0.0297598140018953,0.9973158528618
1.0,0.0297605856374279,0.997355499989691
1.0,0.0297613458752499,0.997394561495904
1.0,0.029762094883715,0.997433046030568
0.999999999999645,0.0297628328286301,0.997470962116042
0.0,-0.140336440126404,0.9697677185612213
0.0,-0.133358921841566,0.9123277328136923
0.0,-0.113200125073464,0.7783419121268853
0.0,-0.0872243354377351,0.6123641304188953
0.0,-0.0606815611151876,0.5012664491321357
0.0,-0.0368956780091934,0.2981558820280373
0.0,-0.0176065259908704,0.2348736351899497
0.0,-0.0033675059901576,0.0922731385404073
0.0,0.0060689031524152,0.0348219474214692
0.0,0.0114182282374885,0.0023439920029005995
0.0,0.0136026739599037,0.0444878450353486
0.0,0.0135647902146806,-0.011046314410380401
0.0,0.0121494737969968,0.052480577999234404
0.0,0.0100421766207882,0.0089807147245018
0.0,0.0077492191535508,0.0218563043021838
0.0,0.0056065330936199,0.0336365202283428
0.0,0.0038050212912335,0.043217095577560496
0.0,0.0024232614769645,0.1056534873911658
0.0,0.0014609404926739,0.054547155343857096
0.0,0.0008688300543203,0.056673579356471604
0.0,0.0005731094574461,0.1125037549915017
0.0,0.0004933348966732,0.1115774629611775
0.0,0.0005543641844392,0.1098386475278325
0.0,0.0006931356741292,0.1076714163466277
0.0,0.0008614611370195,0.1053661150543548
0.0,0.0010260185678987,0.047639713797012304
0.0,0.0011666084102113,0.1010535718798949
0.0,0.0012735362648583,0.043736957201744295
0.0,0.0013447598068102,0.0421416561966772
0.0,0.0013832231995452,0.096246407935402
0.0,0.0013946197185409,0.0950517413723817
0.0,0.0013856818436192,0.0939962838645877
0.0,0.0013629986972478,0.0375578079722179
0.0,0.0013322990541132,0.03666341703728131
0.0,0.0012981071203377,0.035804279396045205
0.0,0.0012636698863599,0.0904419252074004
0.0,0.0012310614885858,0.034120306785006
0.0,0.0012013851933758,0.0332764840769928
0.0,0.0011750123230865,0.0879083301423439
0.0,0.0011518161503945,0.0870542826828416
0.0,0.0011313753052028,0.0307168961621904
0.0,0.0011131344660468,0.0853430680066603
0.0,0.0010965197461985,0.029011356240565202
0.0,0.0010810124681456,0.028168333323070102
0.0,0.001066188486833,0.027335170296396497
0.0,0.0010517315353458,0.0819947633328451
0.0,0.0010374288902188,0.0811857744242042
0.0,0.0010231565732754,0.0803899239092183
0.0,0.0010088597922345,0.0796073176360867
0.0,0.000994532715337,0.0788377718768956
0.0,0.0009802001989804,0.0225997263404965
0.0,0.000965902864928,0.0773363306975904
0.0,0.0009516860017574,0.0211223203294236
0.0,0.0009375921376481,0.0758820479486442
0.0,0.0009236567600972,0.019690321566822502
0.0,0.0009099064889822,0.018990402059959798
0.0,0.0008963589855823,0.0737820109869124
0.0,0.0008830239493127,0.017621323771530903
0.0,0.0008699046726882,0.07243295146645701
0.0,0.0008569997606612,0.0162919423369932
0.0,0.0008443047507226,0.0156417594595678
0.0,0.0008318134818044,0.0704822805840475
0.0,0.0008195191470899,0.0143697917435801
0.0,0.0008074150274421,0.0692289745984208
0.0,0.0007954949407822,0.0686161153193465
0.0,0.0007837534625732,0.06801229423857111
0.0,0.0007721859784129,0.06741738970675079
0.0,0.0007607886262361,0.0668312776540943
0.0,0.0007495581767142,0.06625383233331619
0.0,0.0007384918892403,0.0656849271939024
0.0,0.0007275873695503,0.009643236557243903
0.0,0.0007168424449559,0.0090910330498305
0.0,0.000706255065043,0.0640281922986023
0.0,0.0006958232297293,0.06349219333165751
0.0,0.0006855449426574,0.0629641146990211
0.0,0.0006754181857008,0.0069626387140517
0.0,0.0006654409094996,0.0619312465250127
0.0,0.0006556110349906,0.0059450271446264
0.0,0.0006459264615262,0.005447465819607103
0.0,0.0006363850780774,0.004957253005431997
0.0,0.0006269847749847,0.0599554793165437
0.0,0.0006177234546232,0.059479639558286
0.0,0.0006085990400917,0.0035296285231634014
0.0,0.0005996094816095,0.058548940101411
0.0,0.000590752760691,0.0026126754793764015
0.0,0.0005820268924028,0.0576455307279869
0.0,0.0005734299261184,0.057203809147100104
0.0,0.0005649599452042,0.0567686121697194
0.0,0.0005566150660298,0.0563398434686279
0.0,0.0005483934366301,0.0004362089409675994
0.0,0.0005402932352592,0.055501212569297
0.0,0.0005323126690029,0.0550911646557602
0.0,0.0005244499725432,-0.0007940256171329006
0.0,0.0005167034071184,0.0542891497973025
0.0,0.0005090712596818,-0.0015841939583617001
0.0,0.0005015518422401,-0.0019705462118599013
0.0,0.0004941434913372,-0.002351191705975801
0.0,0.0004868445676479,0.0527549844334051
0.0,0.0004796534556451,0.052385500802802396
0.0,0.000472568563312,0.0520214747530102
0.0,0.0004655883218759,0.0239222260823983
0.0,0.0004587111855462,0.0235688745438859
0.0,0.000451935631248,0.0232207423015303
0.0,0.0004452601583458,0.02287775226307
0.0,0.0004386832883552,0.0225398284750275
0.0,0.0004322035646445,0.0222068961057194
0.0,0.0004258195521275,0.0218788814285938
0.0,0.0004195298369525,0.0215557118058717
0.0,0.0004133330261876,0.0212373156724703
0.0,0.0004072277475079,0.020923622520188
0.0,0.0004012126488842,0.0206145628821351
0.0,0.0003952863982763,0.0203100683173962
0.0,0.0003894476833315,0.0200100713959154
0.0,0.000383695211088,0.0197145056835988
0.0,0.0003780277076846,0.0194233057276278
0.0,0.0003724439180756,0.0191364070419817
0.0,0.0003669426057514,0.0188537460931675
0.0,0.0003615225524634,0.0185752602861547
0.0,0.0003561825579546,0.0183008879505138
0.0,0.0003509214396942,0.0180305683267574
0.0,0.0003457380326155,0.0177642415528816
0.0,0.0003406311888595,0.0175018486511057
0.0,0.0003355997775207,0.0172433315148079
0.0,0.0003306426843972,0.0169886328956544
0.0,0.0003257588117448,0.0167376963909197
0.0,0.0003209470780335,0.0164904664309943
0.0,0.0003162064177089,0.016246888267078
0.0,0.0003115357809558,0.0160069079590552
0.0,0.0003069341334658,0.01577047236355
0.0,0.0003024004562088,0.0155375291221576
0.0,0.0002979337452063,0.0153080266498496
0.0,0.00029353301131,0.0150819141235517
0.0,0.0002891972799821,0.0148591414708883
0.0,0.0002849255910796,0.0146396593590951
0.0,0.0002807169986418,0.0144234191840941
0.0,0.0002765705706805,0.0142103730597309
0.0,0.0002724853889739,0.01400047380717
0.0,0.0002684605488629,0.0137936749444476
0.0,0.0002644951590511,0.0135899306761779
0.0,0.0002605883414073,0.013389195883412
0.0,0.0002567392307709,0.0131914261136461
0.0,0.0002529469747606,0.0129965775709778
0.0,0.0002492107335853,0.0128046071064072
0.0,0.0002455296798585,0.0126154722082819
0.0,0.0002419029984147,0.0124291309928826
0.0,0.0002383298861293,0.012245542195148
0.0,0.0002348095517404,0.0120646651595366
0.0,0.0002313412156737,0.011886459831024
0.0,0.0002279241098699,0.0117108867462322
0.0,0.0002245574776147,0.0115379070246908
0.0,0.0002212405733708,0.011367482360227
0.0,0.0002179726626136,0.0111995750124823
0.0,0.0002147530216675,0.0110341477985556
0.0,0.0002115809375467,0.0108711640847686
0.0,0.0002084557077966,0.0107105877785535
0.0,0.0002053766403383,0.0105523833204604
0.0,0.0002023430533156,0.0103965156762825
0.0,0.0001993542749441,0.0102429503292979
0.0,0.000196409643362,0.010091653272626
0.0,0.0001935085064837,0.0099425910016966
0.0,0.0001906502218557,0.0097957305068306
0.0,0.0001878341565138,0.0096510392659295
0.0,0.0001850596868435,0.009508485237274
0.0,0.0001823261984415,0.009368036852428
0.0,0.0001796330859796,0.0092296630092481
0.0,0.000176979753071,0.0090933330649958
0.0,0.000174365612138,0.0089590168295518
0.0,0.000171790084282,0.0088266845587306
0.0,0.000169252599155,0.0086963069476933
0.0,0.0001667525948337,0.0085678551244586
0.0,0.0001642895176948,0.0084413006435085
0.0,0.0001618628222925,0.0083166154794897
0.0,0.0001594719712379,0.0081937720210068
0.0,0.0001571164350794,0.0080727430645085
0.0,0.0001547956921862,0.0079535018082628
0.0,0.0001525092286322,0.0078360218464218
0.0,0.0001502565380826,0.0077202771631747
0.0,0.0001480371216814,0.0076062421269861
0.0,0.0001458504879413,0.0074938914849201
0.0,0.0001436961526345,0.0073832003570481
0.0,0.0001415736386859,0.0072741442309391
0.0,0.000139482476067,0.0071666989562315
0.0,0.0001374222016922,0.007060840739285
0.0,0.0001353923593158,0.0069565461379115
0.0,0.0001333924994315,0.0068537920561839
0.0,0.0001314221791725,0.0067525557393216
0.0,0.0001294809622134,0.0066528147686512
0.0,0.0001275684186739,0.0065545470566424
0.0,0.0001256841250232,0.0064577308420162
0.0,0.0001238276639866,0.0063623446849261
0.0,0.0001219986244527,0.0062683674622105
0.0,0.0001201966013828,0.0061757783627146
0.0,0.0001184211957207,0.0060845568826823
0.0,0.0001166720143048,0.0059946828212149
0.0,0.0001149486697807,0.0059061362757985
0.0,0.0001132507805157,0.0058188976378959
0.0,0.000111577970514,0.0057329475886049
0.0,0.0001099298693336,0.0056482670943796
0.0,0.0001083061120044,0.0055648374028158
0.0,0.0001067063389469,0.0054826400384983
0.0,0.0001051301958932,0.0054016567989092
0.0,0.0001035773338081,0.0053218697503975
0.0,0.0001020474088119,0.0052432612242073
0.0,0.0001005400821045,0.005165813812565
0.0,9.90550198899653e-05,0.0050895103648249
0.0,9.75918933027869e-05,0.0050143339836707
0.0,9.61503783352136e-05,0.0049402680213738
0.0,9.47301557653185e-05,0.0048672960761066
0.0,9.33309110863409e-05,0.0047954019883105
0.0,9.19523344370399e-05,0.0047245698371172
0.0,9.05941205331176e-05,0.0046547839368232
0.0,8.92559685995581e-05,0.0045860288334161
0.0,8.79375823040762e-05,0.0045182893011523
0.0,8.66386696914273e-05,0.0044515503391853
0.0,8.53589431188198e-05,0.004385797168244
0.0,8.40981191921886e-05,0.0043210152273596
0.0,8.28559187034325e-05,0.0042571901706409
0.0,8.16320665685752e-05,0.004194307864098
0.0,8.04262917669107e-05,0.0041323543825119
0.0,7.92383272808783e-05,0.0040713160063508
0.0,7.8067910037033e-05,0.0040111792187321
0.0,7.69147808477449e-05,0.0039519307024289
0.0,7.57786843538014e-05,0.0038935573369213
0.0,7.46593689678401e-05,0.0038360461954903
0.0,7.35565868186863e-05,0.0037793845423555
0.0,7.24700936964168e-05,0.003723559829855
0.0,7.13996489983063e-05,0.0036685596956664
0.0,7.03450156755298e-05,0.0036143719600692
0.0,6.93059601806628e-05,0.0035609846232477
0.0,6.82822524160076e-05,0.0035083858626338
0.0,6.72736656825573e-05,0.0034565640302885
0.0,6.62799766298836e-05,0.003405507650323
0.0,6.53009652066133e-05,0.0033552054163569
0.0,6.43364146117251e-05,0.0033056461890147
0.0,6.33861112465176e-05,0.003256818993459
0.0,6.24498446673422e-05,0.0032087130169598
0.0,6.15274075389735e-05,0.0031613176065005
0.0,6.06185955887018e-05,0.0031146222664186
0.0,5.97232075610979e-05,0.0030686166560814
0.0,5.88410451734522e-05,0.0030232905875959
0.0,5.79719130718581e-05,0.0029786340235531
0.0,5.71156187879479e-05,0.0029346370748051
