Setpoint,ControllerOutput,PlantOutput
1.0,0.1701,-0.0277405995875597
1.0,0.163123198021,0.0297361904124403
1.0,0.142965106978289,0.1637582717217363
1.0,0.116990012643787,0.3297717784521023
1.0,0.0904479233522777,0.5518670554226287
1.0,0.0666627151588314,0.6440499016155753
1.0,0.0473742280840264,0.8183287120278278
1.0,0.0331358632050521,0.8500004709017464
1.0,0.0237000995075146,0.9074848254000853
1.0,0.0183514103337071,0.9399954543468353
1.0,0.0161675911296097,1.0088461905771058
1.0,0.0162060921389443,0.9534496670980163
1.0,0.0176220167032256,1.0009164200003489
1.0,0.0197299130431912,0.9334846703424463
1.0,0.0220234608240295,0.9206394114556603
1.0,0.0241667284781294,0.9088890782103883
1.0,0.025968813284046,0.8993379441495363
1.0,0.027351137638097,0.9478929571017577
1.0,0.0283140148234391,0.8880654687650753
1.0,0.0289066732472834,0.8859672005979293
1.0,0.0292029337354378,0.9411271632729087
1.0,0.0292832402128392,0.9420807855202897
1.0,0.0292227349848425,0.9438465274802257
1.0,0.0290844798141147,0.9460402874604037
1.0,0.0289166630437181,0.9483717256988087
1.0,0.0287526067915135,0.8951614794872003
1.0,0.0286125107250415,0.9527353902735047
1.0,0.0285060693527475,0.8991146023763003
1.0,0.028435325107392,0.9007345299474743
1.0,0.0283973339316368,0.9576164393698438
1.0,0.0283864026545756,0.9588350103614417
1.0,0.0283957988994141,0.9599140192091457
1.0,0.0284189336451903,0.9054133002179383
1.0,0.0284500782172241,0.9063305518846693
1.0,0.0284847085079212,0.9072122125853193
1.0,0.0285195776239175,0.9635591554989417
1.0,0.0285526115244472,0.9089402381751953
1.0,0.0285827070373765,0.9098056005581173
1.0,0.0286094929331839,0.9661573743586617
1.0,0.0286330960306571,0.9670323298740507
1.0,0.0286539377900061,0.9124279172706463
1.0,0.0286725736214777,0.9687844387345707
1.0,0.0286895774992701,0.9141737473348513
1.0,0.0287054681870749,0.9150364700909523
1.0,0.0287206699148521,0.9158890419729213
1.0,0.0287354990331687,0.9722109694567657
1.0,0.0287501683479054,0.9730387980848036
1.0,0.0287648019184379,0.9738532100405667
1.0,0.0287794546170461,0.9746541035862657
1.0,0.0287941323543068,0.9754416664995107
1.0,0.0288088103514756,0.9207350647110903
1.0,0.0288234480632963,0.9769783475319677
1.0,0.0288380002765669,0.9222471900528203
1.0,0.0288524245373709,0.9784668367776337
1.0,0.0288666854313777,0.9237128900531963
1.0,0.0288807564107945,0.9244292877580123
1.0,0.0288946198853628,0.9806163119823027
1.0,0.0289082662256388,0.9258305958466813
1.0,0.0289216922080457,0.9819971252415367
1.0,0.0289348992955512,0.9271912619903663
1.0,0.0289478920175803,0.9278567415056683
1.0,0.0289606766011286,0.9839936894249997
1.0,0.0289732599179677,0.9291586280018843
1.0,0.0289856487512294,0.9852764722651167
1.0,0.0289978493460417,0.9859037442327268
1.0,0.0290098671890602,0.9865217651144147
1.0,0.0290217069558873,0.9871306597040537
1.0,0.0290333725688856,0.9877305551695197
1.0,0.0290448673167889,0.9883215803104197
1.0,0.029056193998733,0.9889038646845038
1.0,0.0290673550666465,0.9339963385829593
1.0,0.0290783527500296,0.9345615289988283
1.0,0.0290891891552703,0.9905995631811066
1.0,0.0290998663375961,0.9911481682346767
1.0,0.0291103863476969,0.9916886667513557
1.0,0.0291207512572285,0.9367399808179173
1.0,0.029130963168289,0.9927458270465587
1.0,0.0291410242119017,0.9377815256933213
1.0,0.0291509365399061,0.9382907891924923
1.0,0.0291607023137677,0.9387925313297893
1.0,0.0291703236928365,0.9947680623941657
1.0,0.0291798028236949,0.9952550933952437
1.0,0.0291891418314774,0.9402537320188074
1.0,0.0291983428134863,0.9962076818670197
1.0,0.0292074078350271,0.9411922507581963
1.0,0.0292163389271605,0.9971323383924457
1.0,0.0292251380859603,0.9975844487542727
1.0,0.0292338072728353,0.9980298810614937
1.0,0.0292423484155291,0.9984687339079297
1.0,0.0292507634094705,0.9434199052793243
1.0,0.0292590541192244,0.9993270884439717
1.0,0.0292672223798933,0.9997467802166528
1.0,0.0292752699983603,0.9446790735504783
1.0,0.0292831987543378,1.0005676575535587
1.0,0.0292910104012181,0.9454878257553643
1.0,0.0292987066667443,0.9458832645767243
1.0,0.0293062892535358,0.9462728624223953
1.0,0.0293137598395021,1.0021379047509877
1.0,0.0293211200781849,1.0025160782187117
1.0,0.0293283715990531,1.0028886657493676
1.0,0.0293355160077795,0.975515150265396
1.0,0.0293425548865098,0.975876812232043
1.0,0.0293494897941362,0.976233132150467
1.0,0.0293563222665829,0.976584188926081
1.0,0.0293630538171015,0.976930060298734
1.0,0.0293696859365782,0.977270822860092
1.0,0.0293762200938463,0.977606552070695
1.0,0.0293826577360072,0.977937322276698
1.0,0.0293890002887514,0.978263206726324
1.0,0.0293952491566771,0.978584277586054
1.0,0.0294014057236125,0.978900605956564
1.0,0.0294074713529251,0.979212261888422
1.0,0.0294134473878331,0.97951931439756
1.0,0.0294193351517074,0.979821831480526
1.0,0.0294251359483699,0.98011988012951
1.0,0.0294308510623833,0.980413526347169
1.0,0.0294364817593393,0.980702835161231
1.0,0.0294420292861386,0.980987870638888
1.0,0.0294474948712664,0.981268695900988
1.0,0.0294528797250666,0.981545373136011
1.0,0.0294581850400057,0.981817963613846
1.0,0.02946341199094,0.982086527699367
1.0,0.0294685617353723,0.982351124865796
1.0,0.0294736354137091,0.982611813707882
1.0,0.0294786341495124,0.982868651954881
1.0,0.0294835590497486,0.983121696483336
1.0,0.0294884112050324,0.983371003329678
1.0,0.02949319168987,0.983616627702631
1.0,0.0294979015628949,0.983858623995445
1.0,0.0295025418671042,0.984097045797934
1.0,0.0295071136300886,0.984331945908349
1.0,0.0295116178642598,0.984563376345065
1.0,0.0295160555670759,0.984791388358102
1.0,0.0295204277212615,0.985016032440477
1.0,0.0295247352950248,0.98523735833938
1.0,0.0295289792422733,0.985455415067193
1.0,0.0295331605028251,0.985670250912345
1.0,0.029537280002615,0.985881913450002
1.0,0.0295413386539021,0.986090449552605
1.0,0.0295453373554702,0.986295905400251
1.0,0.0295492769928276,0.986498326490916
1.0,0.0295531584384023,0.986697757650531
1.0,0.0295569825517366,0.986894243042913
1.0,0.0295607501796762,0.98708782617954
1.0,0.0295644621565583,0.987278549929189
1.0,0.0295681193043964,0.987466456527428
1.0,0.0295717224330612,0.987651587585971
1.0,0.0295752723404621,0.987833984101892
1.0,0.0295787698127226,0.988013686466702
1.0,0.0295822156243537,0.988190734475297
1.0,0.0295856105384273,0.988365167334767
1.0,0.0295889553067428,0.988537023673081
1.0,0.0295922506699957,0.988706341547639
1.0,0.0295954973579409,0.988873158453703
1.0,0.0295986960895536,0.989037511332697
1.0,0.0296018475731901,0.989199436580388
1.0,0.0296049525067421,0.989358970054948
1.0,0.0296080115777946,0.989516147084894
1.0,0.0296110254637749,0.989671002476909
1.0,0.0296139948321055,0.989823570523554
1.0,0.0296169203403491,0.989973885010857
1.0,0.029619802636357,0.990121979225799
1.0,0.0296226423584103,0.990267885963686
1.0,0.0296254401353624,0.990411637535406
1.0,0.029628196586778,0.990553265774591
1.0,0.02963091232307,0.990692802044661
1.0,0.0296335879456358,0.990830277245773
1.0,0.029636224046989,0.990965721821663
1.0,0.0296388212108909,0.991099165766385
1.0,0.0296413800124813,0.991230638630958
1.0,0.0296439010184038,0.991360169529905
1.0,0.0296463847869319,0.991487787147706
1.0,0.0296488318680945,0.991613519745142
1.0,0.0296512428037945,0.991737395165564
1.0,0.0296536181279308,0.991859440841048
1.0,0.0296559583665168,0.991979683798479
1.0,0.0296582640377958,0.99209815066553
1.0,0.0296605356523563,0.99221486767656
1.0,0.0296627737132444,0.992329860678427
1.0,0.0296649787160765,0.992443155136206
1.0,0.029667151149148,0.992554776138834
1.0,0.0296692914935421,0.99266474840466
1.0,0.0296714002232359,0.992773096286925
1.0,0.0296734778052052,0.992879843779149
1.0,0.0296755246995279,0.992985014520452
1.0,0.0296775413594872,0.993088631800779
1.0,0.0296795282316695,0.993190718566066
1.0,0.0296814857560659,0.993291297423318
1.0,0.0296834143661684,0.993390390645613
1.0,0.029685314489065,0.993488020177039
1.0,0.0296871865455361,0.993584207637551
1.0,0.0296890309501472,0.993678974327757
1.0,0.0296908481113387,0.99377234123364
1.0,0.0296926384315195,0.9938643290312
1.0,0.0296944023071539,0.993954958091036
1.0,0.0296961401288509,0.994044248482855
1.0,0.0296978522814486,0.994132219979918
1.0,0.0296995391441013,0.994218892063419
1.0,0.0297012010903628,0.994304283926797
1.0,0.02970283848827,0.994388414479989
1.0,0.0297044517004226,0.994471302353614
1.0,0.0297060410840644,0.994552965903103
1.0,0.0297076069911628,0.994633423212761
1.0,0.0297091497684863,0.994712692099772
1.0,0.0297106697576814,0.994790790118146
1.0,0.0297121672953482,0.994867734562605
1.0,0.0297136427131148,0.994943542472413
1.0,0.0297150963377102,0.995018230635151
1.0,0.0297165284910386,0.995091815590431
1.0,0.0297179394902487,0.995164313633563
1.0,0.0297193296478047,0.995235740819159
1.0,0.0297206992715555,0.995306112964695
1.0,0.0297220486648029,0.995375445654004
1.0,0.0297233781263684,0.995443754240736
1.0,0.0297246879506601,0.995511053851755
1.0,0.0297259784277371,0.995577359390487
1.0,0.0297272498433736,0.995642685540221
1.0,0.0297285024791241,0.995707046767364
1.0,0.0297297366123828,0.99577045732464
1.0,0.0297309525164473,0.995832931254248
1.0,0.0297321504605785,0.995894482390973
1.0,0.02973333071006,0.995955124365247
1.0,0.0297344935262562,0.996014870606171
1.0,0.0297356391666717,0.996073734344484
1.0,0.0297367678850078,0.996131728615499
1.0,0.0297378799312171,0.996188866261984
1.0,0.0297389755515614,0.996245159937011
1.0,0.0297400549886651,0.996300622106751
1.0,0.0297411184815679,0.996355265053243
1.0,0.0297421662657791,0.996409100877109
1.0,0.0297431985733299,0.996462141500233
1.0,0.0297442156328234,0.996514398668405
1.0,0.0297452176694859,0.996565883953918
1.0,0.029746204905218,0.996616608758134
1.0,0.0297471775586415,0.996666584314005
1.0,0.0297481358451497,0.996715821688565
1.0,0.029749079976954,0.996764331785376
1.0,0.0297500101631314,0.996812125346949
1.0,0.0297509266096709,0.996859212957114
1.0,0.0297518295195185,0.996905605043372
1.0,0.0297527190926221,0.996951311879202
1.0,0.0297535955259773,0.996996343586333
1.0,0.0297544590136694,0.997040710136988
1.0,0.0297553097469163,0.997084421356091
1.0,0.0297561479141122,0.997127486923446
1.0,0.0297569737008685,0.997169916375875
1.0,0.0297577872900543,0.997211719109335
1.0,0.0297585888618386,0.997252904380997
1.0,0.0297593785937282,0.997293481311294
1.0,0.0297601566606085,0.997333458885945
1.0,0.0297609232347817,0.997372845957939
1.0,0.0297616784860046,0.997411651249501
1.0,0.0297624225815269,0.997449883354023
1.0,0.029763155686128,0.99748755073796
1.0,0.0297638779621527,0.997524661742716
1.0,0.0297645895695486,0.997561224586482
1.0,0.0297652906659001,0.99759724736606
1.0,0.0297659814064646,0.997632738058658
1.0,0.029766661944205,0.997667704523649
1.0,0.0297673324298267,0.997702154504321
1.0,0.0297679930118075,0.997736095629583
1.0,0.0297686438364326,0.997769535415662
1.0,0.0297692850478262,0.997802481267763
1.0,0.0297699167879846,0.997834940481708
1.0,0.0297705391968051,0.997866920245556
1.0,0.02977115241212,0.997898427641191
1.0,0.0297717565697253,0.997929469645892
1.0,0.0297723518034103,0.997960053133876
1.0,0.0297729382449896,0.997990184877826
1.0,0.0297735160243302,0.998019871550382
1.0,0.02977408526938,0.998049119725627
1.0,0.0297746461061978,0.998077935880538
1.0,0.0297751986589805,0.998106326396421
1.0,0.0297757430500905,0.998134297560325
1.0,0.0297762794000827,0.998161855566433
1.0,0.0297768078277305,0.998189006517438
1.0,0.0297773284500547,0.998215756425888
1.0,0.0297778413823453,0.998242111215521
1.0,0.0297783467381918,0.998268076722577
1.0,0.0297788446295038,0.998293658697089
1.0,0.0297793351665396,0.998318862804159
1.0,0.0297798184579272,0.998343694625208
1.0,0.029780294610692,0.998368159659217
1.0,0.0297807637302765,0.998392263323941
1.0,0.0297812259205676,0.99841601095711
1.0,0.0297816812839162,0.998439407817613
1.0,0.029782129921162,0.998462459086658
1.0,0.0297825719316556,0.998485169868926
1.0,0.0297830074132799,0.998507545193692
1.0,0.0297834364624716,0.99852959001595
1.0,0.029783859174243,0.998551309217502
1.0,0.0297842756422033,0.998572707608041
1.0,0.0297846859585789,0.998593789926218
1.0,0.029785090214234,0.998614560840689
1.0,0.0297854884986901,0.998635024951152
1.0,0.0297858809001479,0.998655186789361
1.0,0.029786267505503,0.998675050820134
1.0,0.0297866484003697,0.998694621442338
1.0,0.0297870236690965,0.998713902989868
1.0,0.0297873933947856,0.998732899732601
1.0,0.0297877576593133,0.998751615877346
1.0,0.0297881165433453,0.99877005556877
1.0,0.0297884701263564,0.998788222890326
1.0,0.0297888184866464,0.998806121865147
1.0,0.0297891617013599,0.998823756456941
1.0,0.0297894998465009,0.998841130570871
1.0,0.0297898329969519,0.998858248054414
1.0,0.0297901612264884,0.998875112698219
1.0,0.0297904846077963,0.998891728236943
1.0,0.0297908032124883,0.99890809835008
1.0,0.0297911171111189,0.998924226662773
1.0,0.0297914263732011,0.998940116746619
1.0,0.0297917310672198,0.998955772120462
1.0,0.0297920312606497,0.998971196251165
1.0,0.0297923270199687,0.998986392554387
1.0,0.0297926184106716,0.999001364395332
1.0,0.029792905497287,0.999016115089499
1.0,0.0297931883433895,0.999030647903412
1.0,0.0297934670116153,0.999044966055349
1.0,0.0297937415636758,0.999059072716047
1.0,0.0297940120603692,0.999072971009413
1.0,0.0297942785615977,0.999086664013207
1.0,0.0297945411263769,0.999100154759732
1.0,0.029794799812852,0.999113446236497
1.0,0.0297950546783081,0.999126541386887
1.0,0.029795305779186,0.999139443110809
1.0,0.0297955531710905,0.999152154265334
1.0,0.0297957969088074,0.999164677665335
1.0,0.029796037046312,0.999177016084105
1.0,0.0297962736367818,0.999189172253974
1.0,0.0297965067326098,0.999201148866912
1.0,0.029796736385415,0.999212948575128
1.0,0.0297969626460535,0.999224573991654
1.0,0.0297971855646306,0.999236027690926
1.0,0.0297974051905117,0.999247312209353
1.0,0.0297976215723323,0.999258430045881
1.0,0.0297978347580097,0.999269383662541
1.0,0.0297980447947541,0.999280175485001
1.0,0.029798251729078,0.999290807903097
1.0,0.0297984556068065,0.999301283271367
1.0,0.0297986564730883,0.999311603909571
1.0,0.0297988543724048,0.999321772103202
1.0,0.0297990493485811,0.999331790103997
1.0,0.0297992414447934,0.99934166013043
1.0,0.029799430703582,0.999351384368209
1.0,0.0297996171668578,0.999360964970755
0.0,-0.140300199124087,0.9716298044721233
0.0,-0.13332321614957,0.9141623141377073
0.0,-0.113164946784799,0.7801493951300553
0.0,-0.0871896767622058,0.6141449153663713
0.0,-0.0606474143776661,0.5030209303768197
0.0,-0.0368620356479208,0.2998844480979073
0.0,-0.0175733805557825,0.2365766688740977
0.0,-0.0033348501412331,0.0939510169738073
0.0,0.0061010766467788,0.036475042168493996
0.0,0.0114499265020764,0.003972669139602897
0.0,0.0136339040142619,0.0460924652305275
0.0,0.0135955589746707,-0.0094653958153098
0.0,0.0121797880763271,0.0540381450869175
0.0,0.0100720431325236,0.0105152752263514
0.0,0.0077786445115974,0.0233681980449702
0.0,0.0056355238141918,0.03512608201930641
0.0,0.0038335837942943,0.044684655278554905
0.0,0.0024514020876502,0.1070993699917054
0.0,0.0014886654426921,0.0559716810330855
0.0,0.0008961454833311,0.0580770635940676
0.0,0.0006000214144221,0.1138865085775371
0.0,0.0005198493412386,0.1129397921049436
0.0,0.0005804869881886,0.1111808539156501
0.0,0.0007188726219297,0.1089937972086551
0.0,0.0008868179282905,0.1066689632304086
0.0,0.0010510008178741,0.0489233178014173
0.0,0.0011912216511836,0.1023182159653746
0.0,0.0012977859474033,0.044982921422368496
0.0,0.0013686513009937,0.043369216469880206
0.0,0.0014067617961128,0.09745583610308341
0.0,0.0014178106300899,0.0962433052611059
0.0,0.0014085302057514,0.0951702473448939
0.0,0.0013855095697087,0.038714431017053796
0.0,0.0013544774219111,0.037802955779573794
0.0,0.0013199578948486,0.0369269861854207
0.0,0.0012851979064141,0.0915480486660676
0.0,0.0012522715215401,0.0352100918628131
0.0,0.001222281936169,0.034350172105671
0.0,0.0011956004032799,0.08896615888895021
0.0,0.0011721001271961,0.088096486402412
0.0,0.0011513596704774,0.0317437056496155
0.0,0.0011328236453109,0.0863547106477945
0.0,0.0011159180995992,0.030008056062581202
0.0,0.0011001242914275,0.0291503110440696
0.0,0.0010850180122891,0.028302643374287298
0.0,0.0010702829327539,0.08294794601349789
0.0,0.001055706267766,0.0821248777888964
0.0,0.0010411639784672,0.0813151559213782
0.0,0.0010266012127914,0.08051888318734621
0.0,0.0010120120800774,0.0797358728324638
0.0,0.0009974213786909,0.023484561583862397
0.0,0.0009828696732203,0.078208096174565
0.0,0.0009684021959127,0.0219812090915325
0.0,0.0009540614194498,0.0767282501958782
0.0,0.0009398827766499,0.020524024689757503
0.0,0.0009258928335198,0.019811790681253903
0.0,0.0009121091982636,0.07459126700219071
0.0,0.0008985415180052,0.018418626389665897
0.0,0.0008851930337409,0.0732184772492544
0.0,0.0008720622996652,0.0170658652382909
0.0,0.0008591448032608,0.016404250863758497
0.0,0.0008464343341906,0.071233509344031
0.0,0.000833924037096,0.015109924218155699
0.0,0.0008216071450156,0.0699581746891273
0.0,0.0008094774287521,0.0693345445067584
0.0,0.0007975294173463,0.0687201116180578
0.0,0.0007857584506598,0.06811475202370809
0.0,0.000774160621566,0.067518339338656
0.0,0.000762732656341,0.0669307455345518
0.0,0.0007514717706385,0.066351841813511
0.0,0.0007403755271006,0.010300300282749197
0.0,0.0007294417105819,0.0097383913872865
0.0,0.0007186682288384,0.0646659886048153
0.0,0.0007080530405763,0.0641205688459323
0.0,0.0006975941088339,0.06358320857443811
0.0,0.0006872893754819,0.007572588048282501
0.0,0.0006771367517475,0.0625321863906801
0.0,0.000667134119737,0.006537090619216097
0.0,0.0006572793405458,0.0060307840149375
0.0,0.0006475702654529,0.005531955096688898
0.0,0.0006380047476639,0.060521692570886
0.0,0.0006285806529671,0.0600374893630287
0.0,0.0006192958684153,0.0040792384135446
0.0,0.0006101483087138,0.0590904317879486
0.0,0.000601135920388,0.0031461688748210016
0.0,0.0005922566840318,0.0581711439738761
0.0,0.0005835086150559,0.0577216586399206
0.0,0.000574889763365,0.0572788125866835
0.0,0.0005663982123614,0.0568425077930681
0.0,0.0005580320775997,0.0009314484873568993
0.0,0.0005497895053335,0.0559891370078992
0.0,0.0005416686711207,0.0555718820369165
0.0,0.0005336677785811,-0.00032040883907660106
0.0,0.0005257850583495,0.0547557708541841
0.0,0.0005180187672281,-0.0011244652899247004
0.0,0.0005103671875174,-0.0015176081254490992
0.0,0.0005028286264943,-0.0019049438989400987
0.0,0.0004954014159985,0.0531946407821617
0.0,0.0004880839120941,0.0528186630547045
0.0,0.000480874494775,0.0524482388313717
0.0,0.0004737715676924,0.0243426864936646
0.0,0.0004667735578872,0.0239831243985618
0.0,0.0004598789155171,0.0236288733347999
0.0,0.0004530861135748,0.0232798548551107
0.0,0.0004463936475934,0.0229359916710251
0.0,0.0004398000353426,0.0225972076355867
0.0,0.0004333038165159,0.0222634277263985
0.0,0.0004269035524134,0.0219345780289771
0.0,0.0004205978256223,0.0216105857203932
0.0,0.0004143852396985,0.0212913790531784
0.0,0.0004082644188495,0.0209768873394809
0.0,0.0004022340076233,0.0206670409354579
0.0,0.0003962926706007,0.0203617712258947
0.0,0.0003904390920945,0.0200610106090441
0.0,0.0003846719758536,0.0197646924816813
0.0,0.0003789900447731,0.0194727512243723
0.0,0.0003733920406101,0.019185122186952
0.0,0.0003678767237037,0.0189017416742119
0.0,0.000362442872701,0.0186225469317952
0.0,0.0003570892842865,0.0183474761322979
0.0,0.0003518147729163,0.0180764683615732
0.0,0.0003466181705564,0.0178094636052388
0.0,0.0003414983264243,0.0175464027353825
0.0,0.0003364541067348,0.0172872274974658
0.0,0.0003314843944496,0.0170318804974207
0.0,0.0003265880890296,0.0167803051889383
0.0,0.0003217641061922,0.0165324458609455
0.0,0.0003170113776704,0.0162882476252678
0.0,0.0003123288509767,0.0160476564044736
0.0,0.0003077154891703,0.0158106189198992
0.0,0.0003031702706268,0.0155770826798508
0.0,0.0002986921888123,0.0153469959679803
0.0,0.0002942802520606,0.0151203078318332
0.0,0.0002899334833531,0.0148969680715654
0.0,0.0002856509201025,0.0146769272288269
0.0,0.00028143161394,0.0144601365758096
0.0,0.000277274630505,0.0142465481044561
0.0,0.000273179049238,0.014036114515829
0.0,0.000269143963177,0.0138287892096365
0.0,0.0002651684787567,0.0136245262739126
0.0,0.0002612517156102,0.0134232804748502
0.0,0.0002573928063747,0.0132250072467837
0.0,0.0002535908964989,0.0130296626823206
0.0,0.0002498451440539,0.0128372035226174
0.0,0.0002461547195469,0.0126475871478009
0.0,0.0002425188057373,0.0124607715675292
0.0,0.0002389365974559,0.0122767154116933
0.0,0.0002354073014265,0.012095377921256
0.0,0.0002319301360904,0.0119167189392255
0.0,0.000228504331433,0.0117406989017627
0.0,0.0002251291288135,0.0115672788294201
0.0,0.0002218037807971,0.0113964203185095
0.0,0.0002185275509888,0.0112280855325977
0.0,0.0002152997138712,0.0110622371941279
0.0,0.0002121195546433,0.0108988385761642
0.0,0.0002089863690622,0.0107378534942587
0.0,0.0002058994632873,0.0105792462984386
0.0,0.0002028581537266,0.0104229818653111
0.0,0.0001998617668855,0.010269025590286
0.0,0.0001969096392173,0.0101173433799121
0.0,0.0001940011169766,0.0099679016443272
0.0,0.0001911355560741,0.0098206672898202
0.0,0.0001883123219345,0.0096756077115019
0.0,0.0001855307893557,0.0095326907860849
0.0,0.0001827903423703,0.0093918848647702
0.0,0.0001800903741093,0.0092531587662381
0.0,0.0001774302866675,0.0091164817697438
0.0,0.0001748094909715,0.0089818236083134
0.0,0.000172227406649,0.0088491544620425
0.0,0.0001696834619,0.0087184449514914
0.0,0.0001671770933708,0.0085896661311798
0.0,0.0001647077460288,0.0084627894831769
0.0,0.0001622748730396,0.0083377869107856
0.0,0.0001598779356463,0.008214630732321
0.0,0.0001575164030495,0.0080932936749801
0.0,0.0001551897522904,0.0079737488688022
0.0,0.0001528974681347,0.0078559698407188
0.0,0.0001506390429586,0.0077399305086912
0.0,0.0001484139766362,0.0076256051759343
0.0,0.000146221776429,0.0075129685252262
0.0,0.0001440619568767,0.0074019956133022
0.0,0.0001419340396894,0.0072926618653304
0.0,0.0001398375536423,0.0071849430694702
0.0,0.0001377720344708,0.0070788153715104
0.0,0.0001357370247678,0.0069742552695864
0.0,0.0001337320738827,0.0068712396089765
0.0,0.0001317567378213,0.0067697455769737
0.0,0.0001298105791474,0.0066697506978339
0.0,0.0001278931668865,0.0065712328277988
0.0,0.0001260040764295,0.0064741701501923
0.0,0.0001241428894394,0.0063785411705891
0.0,0.0001223091937585,0.0062843247120547
0.0,0.0001205025833167,0.0061914999104558
0.0,0.0001187226580422,0.0061000462098402
0.0,0.0001169690237723,0.0060099433578844
0.0,0.0001152412921667,0.0059211714014089
0.0,0.0001135390806211,0.0058337106819597
0.0,0.0001118620121825,0.0057475418314547
0.0,0.000110209715466,0.0056626457678947
0.0,0.0001085818245722,0.005579003691138
0.0,0.0001069779790064,0.0054965970787369
0.0,0.0001053978235988,0.0054154076818357
0.0,0.0001038410084257,0.0053354175211301
0.0,0.000102307188732,0.0052566088828852
0.0,0.000100796024855,0.0051789643150129
0.0,9.93071821491567e-05,0.0051024666232073
0.0,9.78403309117165e-05,0.0050270988671371
0.0,9.63951463101229e-05,0.0049528443566939
0.0,9.49713083098075e-05,0.0048796866482963
0.0,9.3568501603386e-05,0.0048076095412487
0.0,9.21864155408042e-05,0.0047365970741533
0.0,9.0824744060608e-05,0.0046666335213759
0.0,8.94831856221162e-05,0.0045977033895631
0.0,8.8161443138654e-05,0.0045297914142115
0.0,8.68592239117658e-05,0.0044628825562873
0.0,8.55762395664261e-05,0.004396961998896
0.0,8.43122059871124e-05,0.0043320151440012
0.0,8.30668432549655e-05,0.004268027609192
0.0,8.18398755857361e-05,0.0042049852244976
0.0,8.063103126877e-05,0.0041428740292499
0.0,7.94400426068001e-05,0.0040816802689917
0.0,7.82666458566533e-05,0.0040213903924306
0.0,7.71105811708944e-05,0.0039619910484386
0.0,7.59715925402471e-05,0.0039034690830948
0.0,7.48494277368894e-05,0.0038458115367732
0.0,7.3743838258658e-05,0.0037890056412721
0.0,7.26545792739328e-05,0.0037330388169873
0.0,7.15814095674991e-05,0.0036778986701259
0.0,7.05240914870772e-05,0.0036235729899617
0.0,6.94823908907322e-05,0.0035700497461313
0.0,6.84560770949638e-05,0.0035173170859702
0.0,6.74449228237062e-05,0.0034653633318876
0.0,6.64487041579231e-05,0.0034141769787805
0.0,6.54672004860787e-05,0.0033637466914864
0.0,6.45001944552318e-05,0.0033140613022723
0.0,6.35474719229492e-05,0.0032651098083624
0.0,6.26088219098375e-05,0.0032168813695011
0.0,6.16840365528781e-05,0.0031693653055526
0.0,6.07729110593327e-05,0.0031225510941358
0.0,5.9875243661453e-05,0.0030764283682939
0.0,5.89908355717664e-05,0.003030986914199
0.0,5.81194909390487e-05,0.0029862166688901
0.0,5.7261016804977e-05,0.0029421077180447
0.0,5.64152230613651e-05,0.002898650293783
0.0,5.55819224081142e-05,0.0028558347725053
0.0,5.47609303116689e-05,0.0028136516727605
0.0,5.39520649642522e-05,0.0027720916531468
0.0,5.31551472434735e-05,0.0027311455102424
0.0,5.23700006727669e-05,0.0026908041765682
0.0,5.15964513822832e-05,0.0026510587185793
0.0,5.08343280703587e-05,0.0026119003346869
0.0,5.00834619656075e-05,0.0025733203533091
0.0,4.93436867895353e-05,0.0025353102309505
0.0,4.86148387197349e-05,0.0024978615503105
0.0,4.78967563535826e-05,0.0024609660184192
0.0,4.71892806725056e-05,0.0024246154648007
0.0,4.64922550067852e-05,0.0023888018396642
0.0,4.58055250008409e-05,0.0023535172121209
0.0,4.51289385790393e-05,0.0023187537684282
0.0,4.44623459120615e-05,0.0022845038102587
0.0,4.3805599383679e-05,0.0022507597529963
0.0,4.31585535580654e-05,0.0022175141240558
0.0,4.2521065147634e-05,0.0021847595612285
0.0,4.18929929812614e-05,0.0021524888110518
0.0,4.12741979730381e-05,0.0021206947272027
0.0,4.06645430914773e-05,0.0020893702689158
0.0,4.0063893329164e-05,0.0020585084994234
0.0,3.94721156728624e-05,0.00202810258442
0.0,3.88890790740358e-05,0.0019981457905484
0.0,3.83146544198701e-05,0.001968631483909
0.0,3.77487145046332e-05,0.0019395531285903
0.0,3.71911340015484e-05,0.0019109042852219
0.0,3.66417894350074e-05,0.0018826786095483
0.0,3.61005591532557e-05,0.001854869851024
0.0,3.55673233014241e-05,0.0018274718514294
0.0,3.50419637950121e-05,0.001800478543507
0.0,3.45243642937247e-05,0.001773883949618
0.0,3.40144101757048e-05,0.001747682180418
0.0,3.3511988512161e-05,0.0017218674335537
0.0,3.3016988042367e-05,0.001696433992377
0.0,3.25292991489902e-05,0.0016713762246799
0.0,3.20488138338612e-05,0.0016466885814466
0.0,3.15754256940172e-05,0.0016223655956253
0.0,3.11090298981687e-05,0.0015984018809169
0.0,3.06495231634646e-05,0.0015747921305826
0.0,3.01968037326461e-05,0.0015515311162686
0.0,2.97507713514708e-05,0.0015286136868484
0.0,2.93113272465534e-05,0.0015060347672819
0.0,2.8878374103463e-05,0.0014837893574918
0.0,2.84518160452024e-05,0.0014618725312559
0.0,2.8031558610947e-05,0.0014402794351168
0.0,2.76175087351345e-05,0.0014190052873066
0.0,2.72095747268775e-05,0.0013980453766882
0.0,2.68076662496182e-05,0.0013773950617119
0.0,2.64116943011639e-05,0.0013570497693877
0.0,2.60215711939526e-05,0.0013370049942726
0.0,2.5637210535643e-05,0.0013172562974728
0.0,2.52585272099756e-05,0.0012977993056606
0.0,2.48854373579455e-05,0.0012786297101061
1.0,0.170124517858359,-0.0264808563218366
1.0,0.163147353729814,0.0309773262025691
1.0,0.142988905886813,0.1649810748844543
1.0,0.117013460022264,0.3309765197758523
1.0,0.0904710243931042,0.5530540016960777
1.0,0.0666854749777082,0.6452193156866973
1.0,0.0473966517210905,0.8194808528621087
1.0,0.0331579556259942,0.8511355936395323
1.0,0.0237218656046775,0.9086031814130833
1.0,0.0183728549271692,0.9410972912937793
1.0,0.0161887189682532,1.0099317524586007
1.0,0.0162269079015063,0.9545191943105703
1.0,0.0176425249993346,1.0019701493896107
1.0,0.0197501184143872,0.9345228352556543
1.0,0.02204336774477,0.9216622417933144
1.0,0.0241863413567804,0.9098968004771653
1.0,0.0259881364638586,0.9003307815044473
1.0,0.0273701753981687,0.9488711294075647
1.0,0.0283327713796611,0.8890291926369813
1.0,0.0289251527532748,0.8869166894515463
1.0,0.0292211402834655,0.9420626273715207
1.0,0.0293011778347235,0.9430024320214137
1.0,0.0292404076528505,0.9447545604814857
1.0,0.0291018914418398,0.9469349080447307
1.0,0.0289338174869461,0.9492531319789647
1.0,0.0287695078490777,0.8960298666496573
1.0,0.0286291621396628,0.9535909506216647
1.0,0.0285224748118638,0.8999575253730813
1.0,0.0284514882439744,0.9015650022572633
1.0,0.0284132583249944,0.9584346448998396
1.0,0.0284020918311483,0.9596411303023777
1.0,0.0284112563335532,0.9607082320754137
1.0,0.0284341627599283,0.9061957818871214
1.0,0.0284650823850314,0.9071014756364914
1.0,0.0284994910514549,0.9079717491400123
1.0,0.0285341418167562,0.9643074730550587
1.0,0.0285669605918153,0.9096775024468533
1.0,0.0285968441568594,0.9105319748116943
1.0,0.0286234212354315,0.9668730194489537
1.0,0.028646818600077,0.9677374042798907
1.0,0.0286674576654469,0.9131225771300013
1.0,0.0286858937969008,0.9694688378791187
1.0,0.0287027009244143,0.9148480373240463
1.0,0.028718397768108,0.9157008002455853
1.0,0.0287334085150164,0.9165435594081893
1.0,0.0287480494734134,0.9728558191148488
1.0,0.0287625334075119,0.9736741227669657
1.0,0.0287769843356354,0.9744791504387716
1.0,0.0287914570896175,0.9752707983143407
1.0,0.0288059575401869,0.9760492521238388
1.0,0.0288204608693392,0.9213336757808533
1.0,0.028834926493138,0.9775681166089407
1.0,0.0288493091602726,0.9228282477407324
1.0,0.0288635663792807,0.9790393117510817
1.0,0.0288776626988403,0.9242769090861483
1.0,0.028891571534714,0.9249849757518733
1.0,0.0289052752607368,0.9811637919935817
1.0,0.0289187642120887,0.9263699891142363
1.0,0.0289320351303395,0.9825285512134257
1.0,0.0289450894441174,0.9277148383502973
1.0,0.0289579316490165,0.9283725841990623
1.0,0.0289705679387007,0.9845019126846657
1.0,0.0289830051521016,0.9296593443733153
1.0,0.0289952500399964,0.9857697926314127
1.0,0.0290073088156373,0.9863897778391527
1.0,0.0290191869342733,0.9870006195925877
1.0,0.0290308890405657,0.9876024410957837
1.0,0.0290424190263918,0.9881953679502857
1.0,0.0290537801504518,0.9887795274125117
1.0,0.0290649751822898,0.9893550475198137
1.0,0.0290760065446802,0.9344408570654413
1.0,0.0290868764384014,0.9349994815666203
1.0,0.0290975869415409,0.9910310468183336
1.0,0.0291081400814472,0.9915732784929246
1.0,0.0291185378813397,0.9921074977708327
1.0,0.0291287823858113,0.9371526253483023
1.0,0.0291388756702968,0.9931523764675367
1.0,0.0291488198395498,0.9381820700348233
1.0,0.0291586170195275,0.9386854171546323
1.0,0.0291682693461965,0.9391813303025043
1.0,0.0291777789537837,0.9951511184765687
1.0,0.0291871479641199,0.9956324914146917
1.0,0.0291963784779534,0.9406255555496843
1.0,0.0292054725685615,0.9965740132492477
1.0,0.0292144322775774,0.9415531711154633
1.0,0.029223259612742,0.9974879276501777
1.0,0.0292319565471508,0.9979347856573257
1.0,0.0292405250195755,0.9983750431915988
1.0,0.0292489669354574,0.9988087977008687
1.0,0.0292572841682504,0.9437549460418573
1.0,0.029265478560871,0.9996571803705147
1.0,0.0292735519270928,1.0000719964057065
1.0,0.0292815060527833,0.9449994860208193
1.0,0.0292893426969523,1.0008833372601817
1.0,0.0292970635925935,0.9457988426052003
1.0,0.0293046704473534,0.9461896874441194
1.0,0.0293121649440513,0.9465747591643633
1.0,0.0293195487410896,1.0024353422222367
1.0,0.0293268234727897,1.0028091222864497
1.0,0.0293339907496863,1.0031773813078866
1.0,0.0293410521587965,0.975799601250446
1.0,0.0293480092638845,0.976157061634987
1.0,0.0293548636057348,0.976509242032234
1.0,0.0293616167024302,0.976856220430907
1.0,0.0293682700496447,0.977198073667703
1.0,0.0293748251209465,0.977534877444475
1.0,0.029381283368106,0.977866706345096
1.0,0.0293876462214153,0.978193633852001
1.0,0.0293939150900024,0.97851573236245
1.0,0.0294000913621491,0.978833073204534
1.0,0.0294061764056062,0.979145726652919
1.0,0.0294121715679028,0.979453761944366
1.0,0.0294180781766524,0.979757247293021
1.0,0.0294238975398515,0.980056249905486
1.0,0.0294296309461748,0.980350835995678
1.0,0.029435279665261,0.980641070799472
1.0,0.0294408449479997,0.980927018589143
1.0,0.0294463280268047,0.981208742687588
1.0,0.0294517301158903,0.981486305482351
1.0,0.0294570524115378,0.981759768439446
1.0,0.0294622960923618,0.982029192116962
1.0,0.0294674623195688,0.982294636178488
1.0,0.0294725522372148,0.982556159406319
1.0,0.0294775669724576,0.982813819714488
1.0,0.0294825076358067,0.98306767416158
1.0,0.0294873753213678,0.983317778963382
1.0,0.0294921711070859,0.983564189505324
1.0,0.029496896054984,0.983806960354749
1.0,0.029501551211397,0.984046145272995
1.0,0.029506137607205,0.984281797227302
1.0,0.0295106562580607,0.98451396840254
1.0,0.0295151081646143,0.984742710212763
1.0,0.0295194943127364,0.9849680733126
1.0,0.0295238156737345,0.985190107608466
1.0,0.0295280732045686,0.985408862269619
1.0,0.0295322678480647,0.985624385739042
1.0,0.0295364005331222,0.985836725744177
1.0,0.0295404721749188,0.986045929307491
1.0,0.0295444836751155,0.986252042756886
1.0,0.029548435922055,0.986455111735964
1.0,0.0295523297909583,0.986655181214131
1.0,0.0295561661441175,0.98685229549656
1.0,0.0295599458310896,0.987046498233994
1.0,0.0295636696888817,0.987237832432421
1.0,0.0295673385421391,0.987426340462593
1.0,0.0295709532033241,0.98761206406941
1.0,0.0295745144729005,0.987795044381165
1.0,0.0295780231395069,0.987975321918649
1.0,0.0295814799801342,0.988152936604131
1.0,0.0295848857602961,0.988327927770189
1.0,0.0295882412341988,0.988500334168429
1.0,0.0295915471449086,0.988670193978063
1.0,0.0295948042245155,0.988837544814362
1.0,0.0295980131942966,0.989002423736989
1.0,0.0296011747648743,0.989164867258204
1.0,0.0296042896363755,0.989324911350949
1.0,0.0296073584985848,0.989482591456816
1.0,0.0296103820310987,0.989637942493894
1.0,0.0296133609034748,0.989790998864504
1.0,0.0296162957753821,0.989941794462814
1.0,0.0296191872967435,0.990090362682346
1.0,0.0296220361078847,0.990236736423372
1.0,0.0296248428396706,0.9903809481002
1.0,0.0296276081136497,0.990523029648351
1.0,0.0296303325421887,0.990663012531629
1.0,0.0296330167286094,0.990800927749094
1.0,0.0296356612673216,0.990936805841922
1.0,0.0296382667439565,0.99107067690017
1.0,0.0296408337354932,0.99120257056944
1.0,0.0296433628103896,0.991332516057441
1.0,0.0296458545287066,0.991460542140464
1.0,0.0296483094422326,0.991586677169747
1.0,0.029650728094605,0.991710949077754
1.0,0.0296531110214324,0.991833385384367
1.0,0.0296554587504114,0.991954013202973
1.0,0.0296577718014437,0.992072859246474
1.0,0.0296600506867517,0.992189949833198
1.0,0.0296622959109927,0.992305310892728
1.0,0.0296645079713691,0.992418967971646
1.0,0.0296666873577391,0.992530946239191
1.0,0.0296688345527256,0.992641270492829
1.0,0.0296709500318222,0.992749965163748
1.0,0.0296730342634999,0.992857054322265
1.0,0.0296750877093097,0.992962561683158
1.0,0.0296771108239846,0.99306651061092
1.0,0.0296791040555415,0.993168924124927
1.0,0.0296810678453787,0.993269824904544
1.0,0.0296830026283759,0.993369235294139
1.0,0.0296849088329889,0.993467177308034
1.0,0.0296867868813442,0.993563672635384
1.0,0.0296886371893337,0.993658742644975
1.0,0.0296904601667063,0.993752408389958
1.0,0.029692256217158,0.993844690612511
1.0,0.0296940257384224,0.993935609748433
1.0,0.0296957691223585,0.994025185931668
1.0,0.0296974867550364,0.994113438998766
1.0,0.0296991790168244,0.994200388493274
1.0,0.029700846282471,0.994286053670064
1.0,0.0297024889211916,0.994370453499596
1.0,0.0297041072967459,0.994453606672122
1.0,0.029705701767522,0.994535531601823
1.0,0.0297072726866134,0.994616246430885
1.0,0.0297088204018987,0.99469576903352
1.0,0.0297103452561176,0.994774117019925
1.0,0.0297118475869473,0.994851307740174
1.0,0.0297133277270774,0.994927358288071
1.0,0.0297147860042837,0.995002285504927
1.0,0.0297162227414998,0.995076105983294
1.0,0.0297176382568896,0.995148836070636
1.0,0.0297190328639176,0.995220491872953
1.0,0.0297204068714179,0.995291089258346
1.0,0.029721760583663,0.99536064386053
1.0,0.0297230943004312,0.995429171082296
1.0,0.0297244083170725,0.995496686098924
1.0,0.0297257029245741,0.995563203861541
1.0,0.0297269784096263,0.995628739100434
1.0,0.029728235054683,0.995693306328312
1.0,0.0297294731380273,0.995756919843516
1.0,0.0297306929338317,0.995819593733193
1.0,0.0297318947122183,0.995881341876406
1.0,0.0297330787393195,0.995942177947216
1.0,0.0297342452773373,0.996002115417705
1.0,0.0297353945845995,0.996061167560962
1.0,0.0297365269156196,0.99611934745402
1.0,0.0297376425211511,0.996176667980753
1.0,0.0297387416482437,0.99623314183473
1.0,0.0297398245402973,0.996288781522025
1.0,0.029740891437118,0.996343599363988
1.0,0.0297419425749681,0.99639760749997
1.0,0.0297429781866214,0.996450817890015
1.0,0.0297439985014134,0.996503242317506
1.0,0.0297450037452909,0.996554892391777
1.0,0.0297459941408644,0.99660577955068
1.0,0.0297469699074562,0.996655915063122
1.0,0.0297479312611482,0.996705310031558
1.0,0.0297488784148321,0.99675397539445
1.0,0.0297498115782528,0.996801921928692
1.0,0.0297507309580594,0.996849160251991
1.0,0.029751636757847,0.996895700825224
1.0,0.0297525291782044,0.996941553954749
1.0,0.0297534084167563,0.996986729794694
1.0,0.02975427466821,0.997031238349199
1.0,0.0297551281243955,0.997075089474635
1.0,0.0297559689743099,0.997118292881788
1.0,0.0297567974041582,0.997160858138004
1.0,0.029757613597396,0.997202794669314
1.0,0.0297584177347681,0.997244111762518
1.0,0.0297592099943496,0.997284818567241
1.0,0.0297599905515857,0.997324924097962
1.0,0.0297607595793301,0.997364437236007
1.0,0.0297615172478827,0.997403366731519
1.0,0.0297622637250285,0.997441721205391
1.0,0.0297629991760748,0.997479509151181
1.0,0.0297637237638855,0.997516738936988
1.0,0.0297644376489206,0.997553418807309
1.0,0.0297651409892683,0.997589556884861
1.0,0.0297658339406832,0.997625161172383
1.0,0.0297665166566186,0.997660239554406
1.0,0.0297671892882607,0.997694799798999
1.0,0.0297678519845639,0.997728849559492
1.0,0.0297685048922809,0.997762396376167
1.0,0.0297691481559976,0.99779544767793
1.0,0.0297697819181639,0.997828010783958
1.0,0.0297704063191262,0.997860092905314
1.0,0.0297710214971572,0.99789170114655
1.0,0.0297716275884872,0.997922842507276
1.0,0.0297722247273349,0.997953523883715
1.0,0.0297728130459354,0.997983752070222
1.0,0.0297733926745716,0.998013533760798
1.0,0.0297739637416019,0.998042875550567
1.0,0.0297745263734883,0.998071783937235
1.0,0.0297750806948243,0.998100265322534
1.0,0.0297756268283651,0.998128326013635
1.0,0.0297761648950507,0.998155972224549
1.0,0.029776695014035,0.9981832100775
1.0,0.0297772173027124,0.99821004560428
1.0,0.0297777318767438,0.998236484747588
1.0,0.0297782388500809,0.998262533362343
1.0,0.0297787383349919,0.998288197216983
1.0,0.0297792304420874,0.998313481994742
1.0,0.0297797152803443,0.998338393294906
1.0,0.0297801929571293,0.998362936634056
1.0,0.0297806635782234,0.998387117447287
1.0,0.029781127247845,0.998410941089415
1.0,0.0297815840686733,0.99843441283616
1.0,0.0297820341418706,0.998457537885314
1.0,0.0297824775671058,0.998480321357896
1.0,0.0297829144425741,0.99850276829928
1.0,0.029783344865022,0.998524883680317
1.0,0.0297837689297653,0.998546672398434
1.0,0.0297841867307129,0.99856813927872
1.0,0.0297845983603866,0.998589289074993
1.0,0.029785003909941,0.998610126470851
1.0,0.0297854034691851,0.998630656080714
1.0,0.0297857971266005,0.998650882450842
1.0,0.0297861849693621,0.998670810060342
1.0,0.0297865670833573,0.998690443322162
1.0,0.0297869435532054,0.998709786584068
1.0,0.0297873144622745,0.998728844129602
1.0,0.0297876798927026,0.998747620179039
1.0,0.0297880399254131,0.998766118890314
1.0,0.0297883946401358,0.998784344359947
1.0,0.0297887441154212,0.998802300623949
1.0,0.0297890884286602,0.998819991658715
1.0,0.0297894276561017,0.998837421381904
1.0,0.0297897618728657,0.998854593653312
1.0,0.0297900911529652,0.998871512275718
1.0,0.0297904155693183,0.998888180995734
1.0,0.029790735193767,0.99890460350463
1.0,0.0297910500970919,0.998920783439152
1.0,0.0297913603490281,0.998936724382329
1.0,0.02979166601828,0.998952429864266
1.0,0.029791967172538,0.998967903362926
1.0,0.0297922638784924,0.998983148304898
1.0,0.0297925562018486,0.998998168066157
1.0,0.0297928442073407,0.999012965972815
1.0,0.029793127958748,0.999027545301851
1.0,0.0297934075189064,0.999041909281841
1.0,0.0297936829497243,0.999056061093675
1.0,0.0297939543121957,0.999070003871255
1.0,0.0297942216664135,0.999083740702194
1.0,0.0297944850715823,0.999097274628499
1.0,0.0297947445860343,0.999110608647244
1.0,0.0297950002672376,0.999123745711232
1.0,0.0297952521718128,0.999136688729652
1.0,0.0297955003555441,0.999149440568722
1.0,0.0297957448733916,0.999162004052322
1.0,0.0297959857795029,0.999174381962622
1.0,0.0297962231272269,0.999186577040698
1.0,0.0297964569691238,0.999198591987136
0.0,-0.140303312643022,0.9714698298750734
0.0,-0.133326283679192,0.9140047025010253
0.0,-0.113167969004409,0.7799941115508133
0.0,-0.087192654341071,0.6139919254571893
0.0,-0.0606503479751683,0.5028702002582457
0.0,-0.0368649259137017,0.2997359443909193
0.0,-0.0175762281298883,0.2364303586927107
0.0,-0.0033376556542563,0.0938068679177883
0.0,0.0060983125735605,0.036333022316191
0.0,0.0114472032565618,0.003832747040872199
0.0,0.0136312209933912,0.0459546098997711
0.0,0.0135929155842919,-0.0096012149060065
0.0,0.0121771837310645,0.053904332159289095
0.0,0.0100694772556474,0.0103834388290628
0.0,0.0077761165348974,0.0232383089829932
0.0,0.0056330331778498,0.0349981115288482
0.0,0.0038311299467618,0.0445585750206884
0.0,0.0024489844855252,0.1069751520460933
0.0,0.0014862835505992,0.0558492978917976
0.0,0.0008937987738031,0.057956488155489094
0.0,0.0005977093677825,0.1137677141403671
0.0,0.000517571445487,0.1128227523622821
0.0,0.0005782427388878,0.1110655429491722
0.0,0.000716661522093,0.1088801894828714
0.0,0.0008846394882721,0.1065570335870108
0.0,0.0010488545552608,0.04881304145370639
0.0,0.0011891070906879,0.1022095684927722
0.0,0.0012957026207581,0.0448758787650089
0.0,0.0013665987468486,0.0432637549232822
0.0,0.0014047395599319,0.0973519323129012
0.0,0.0014158182640509,0.0961409362179572
0.0,0.0014065672686474,0.0950693903792642
0.0,0.0013835756268493,0.0386150637942768
0.0,0.0013525720450267,0.0377050562948852
0.0,0.0013180806619954,0.0368305327590852
0.0,0.0012833484018808,0.0914530199385779
0.0,0.0012504493357561,0.0351164667901598
0.0,0.0012204866656132,0.0342579299546826
0.0,0.0011938316503916,0.0888752792327018
0.0,0.001170357500287,0.0880069491157015
0.0,0.0011496427836444,0.0316554909045073
0.0,0.0011311321183514,0.0862677989092285
0.0,0.0011142515579264,0.029922428084046403
0.0,0.0010984823659877,0.0290659478633424
0.0,0.0010834003394794,0.0282195263092324
0.0,0.0010686891543425,0.0828660566579308
0.0,0.0010541360308123,0.08204419800850771
0.0,0.001039616935244,0.08123566784971731
0.0,0.0010250770207075,0.0804405692218654
0.0,0.0010105104016022,0.0796587156306197
0.0,0.0009959418812796,0.0234085440592757
0.0,0.0009814120292394,0.07813320149323691
0.0,0.0009669660825687,0.0219074206681164
0.0,0.000952646518717,0.0766555516900074
0.0,0.0009384887751999,0.020452400002426097
0.0,0.0009245194226527,0.0197412239512521
0.0,0.0009107560738389,0.0745217426025922
0.0,0.0008972083803749,0.018350128924367597
0.0,0.0008838795876831,0.0731509915495662
0.0,0.0008707682543187,0.016999376359577503
0.0,0.0008578698720607,0.016338744082129097
0.0,0.0008451782348047,0.07116897015307941
0.0,0.0008326864913626,0.015046338325747803
0.0,0.0008203878788813,0.06989552801423571
0.0,0.000808276172212,0.0692728231763443
0.0,0.0007963459043833,0.06865930196399919
0.0,0.0007845924191862,0.0680548405797726
0.0,0.0007730118133654,0.0674593128375188
0.0,0.0007616008170111,0.066872590904858
0.0,0.0007503566495346,0.0662945461769805
0.0,0.0007392768772804,0.010243850951324997
0.0,0.0007283592887506,0.009682775860325003
0.0,0.000717601795295,0.064611194566318
0.0,0.0007070023591598,0.06406658416181829
0.0,0.0006965589468724,0.06353002128985741
0.0,0.0006862695037399,0.007520186384968201
0.0,0.0006761319443754,0.0624805587443402
0.0,0.0006661441542213,0.006486225556964098
0.0,0.0006563039976597,0.005980670272760197
0.0,0.0006466093292078,0.0054825815769520975
0.0,0.0006370580052614,0.0604730483398769
0.0,0.0006276478947523,0.0599895636485348
0.0,0.0006183768878296,0.004032020602468003
0.0,0.0006092429022503,0.059043911423956
0.0,0.0006002438875452,0.0031003356560279013
0.0,0.0005913778272701,0.0581259877505655
0.0,0.0005826427397533,0.0576771694122957
0.0,0.0005740366777744,0.057234980502652605
0.0,0.0005655577275679,0.056799323146063604
0.0,0.0005572040074788,0.0008889017141851009
0.0,0.0005489736665101,0.0559472186866231
0.0,0.000540864882928,0.055530582884769
0.0,0.0005328758630212,-0.0003610979677481016
0.0,0.0005250048400535,0.0547156827384246
0.0,0.0005172500734175,-0.0011639612702420005
0.0,0.0005096098479658,-0.0015565207166665998
0.0,0.0005020824734898,-0.0019432817182091985
0.0,0.0004946662843062,0.0531568692449723
0.0,0.0004873596389199,0.0527814494351285
0.0,0.0004801609197293,0.052411574888493295
0.0,0.0004730685327549,0.024306564108293
0.0,0.0004660809073714,0.0239475355714339
0.0,0.0004591964960364,0.0235938101848081
0.0,0.0004524137740081,0.0232453096175582
0.0,0.000445731239052,0.0229019566959063
0.0,0.0004391474111367,0.0225636753858931
0.0,0.0004326608321226,0.0222303907764495
0.0,0.0004262700654444,0.0219020290627758
0.0,0.0004199736957928,0.021578517530006
0.0,0.0004137703287954,0.0212597845371391
0.0,0.0004076585907016,0.0209457595012181
0.0,0.0004016371280705,0.0206363728817453
0.0,0.0003957046074647,0.0203315561653248
0.0,0.0003898597151494,0.0200312418505243
0.0,0.0003841011567969,0.0197353634329522
0.0,0.0003784276571977,0.0194438553905476
0.0,0.0003728379599758,0.0191566531690804
0.0,0.0003673308273099,0.0188736931678601
0.0,0.0003619050396595,0.0185949127256518
0.0,0.0003565593954948,0.0183202501067976
0.0,0.0003512927110311,0.0180496444875421
0.0,0.0003461038199677,0.0177830359425588
0.0,0.0003409915732296,0.0175203654316762
0.0,0.0003359548387143,0.0172615747868004
0.0,0.0003309925010409,0.017006606699031
0.0,0.0003261034613034,0.0167554047059688
0.0,0.0003212866368282,0.0165079131792113
0.0,0.0003165409609334,0.0162640773120328
0.0,0.0003118653826937,0.016023843107248
0.0,0.0003072588667066,0.015787157365254
0.0,0.0003027203928638,0.0155539676722501
0.0,0.0002982489561252,0.0153242223886305
0.0,0.0002938435662958,0.0150978706375497
0.0,0.0002895032478071,0.0148748622936557
0.0,0.0002852270395001,0.0146551479719904
0.0,0.0002810139944134,0.0144386790170531
0.0,0.0002768631795727,0.0142254074920265
0.0,0.0002727736757846,0.0140152861681604
0.0,0.000268744577433,0.0138082685143138
0.0,0.0002647749922786,0.0136043086866499
0.0,0.0002608640412609,0.0134033615184845
0.0,0.0002570108583041,0.0132053825102837
0.0,0.000253214590125,0.0130103278198095
0.0,0.000249474396044,0.0128181542524109
0.0,0.0002457894477993,0.0126288192514585
0.0,0.0002421589293629,0.0124422808889204
0.0,0.0002385820367606,0.0122584978560774
0.0,0.0002350579778931,0.0120774294543748
0.0,0.0002315859723616,0.0118990355864104
0.0,0.0002281652512941,0.0117232767470544
0.0,0.0002247950571757,0.011550114014701
0.0,0.0002214746436804,0.01137950904265
0.0,0.0002182032755063,0.011211424050614
0.0,0.0002149802282124,0.0110458218163528
0.0,0.0002118047880584,0.0108826656674299
0.0,0.0002086762518465,0.0107219194730921
0.0,0.0002055939267657,0.0105635476362677
0.0,0.0002025571302384,0.0104075150856842
0.0,0.0001995651897693,0.0102537872681014
0.0,0.0001966174427964,0.0101023301406597
0.0,0.0001937132365444,0.0099531101633414
0.0,0.0001908519278799,0.0098060942915435
0.0,0.0001880328831691,0.0096612499687595
0.0,0.0001852554781377,0.0095185451193702
0.0,0.0001825190977323,0.0093779481415405
0.0,0.0001798231359844,0.0092394279002211
0.0,0.0001771669958762,0.0091029537202539
0.0,0.0001745500892083,0.0089684953795789
0.0,0.0001719718364696,0.0088360231025412
0.0,0.0001694316667088,0.008705507553298
0.0,0.0001669290174079,0.0085769198293215
0.0,0.0001644633343581,0.0084502314549988
0.0,0.0001620340715365,0.0083254143753259
0.0,0.0001596406909854,0.008202440949695
0.0,0.0001572826626933,0.0080812839457736
0.0,0.0001549594644773,0.0079619165334736
0.0,0.0001526705818678,0.0078443122790103
0.0,0.0001504155079942,0.0077284451390482
0.0,0.0001481937434726,0.0076142894549341
0.0,0.0001460047962959,0.0075018199470146
0.0,0.000143848181724,0.0073910117090386
0.0,0.0001417234221769,0.007281840202641
0.0,0.000139630047129,0.0071742812519095
0.0,0.0001375675930045,0.0070683110380302
0.0,0.0001355356030752,0.0069639060940136
0.0,0.0001335336273592,0.0068610432994973
0.0,0.0001315612225211,0.0067596998756262
0.0,0.0001296179517739,0.0066598533800084
0.0,0.0001277033847825,0.006561481701745
0.0,0.000125817097568,0.0064645630565339
0.0,0.0001239586724142,0.0063690759818455
0.0,0.0001221276977749,0.00627499933217
0.0,0.0001203237681826,0.0061823122743347
0.0,0.0001185464841591,0.0060909942828906
0.0,0.0001167954521267,0.0060010251355668
0.0,0.0001150702843214,0.0059123849087927
0.0,0.0001133705987066,0.0058250539732855
0.0,0.0001116960188887,0.0057390129897036
0.0,0.0001100461740338,0.005654242904364
0.0,0.0001084206987855,0.0055707249450226
0.0,0.0001068192331842,0.0054884406167173
0.0,0.0001052414225869,0.0054073716976723
0.0,0.0001036869175893,0.0053275002352628
0.0,0.0001021553739478,0.0052488085420396
0.0,0.0001006464525039,0.0051712791918119
0.0,9.91598191083728e-05,0.0050948950157888
0.0,9.7695144547931e-05,0.0050196390987766
0.0,9.62521044719777e-05,0.0049454947754338
0.0,9.48303793208219e-05,0.0048724456265798
0.0,9.34296542549964e-05,0.0048004754755592
0.0,9.20496190854186e-05,0.0047295683846598
0.0,9.0689968204799e-05,0.0046597086515827
0.0,8.9350400519897e-05,0.0045908808059651
0.0,8.80306193849281e-05,0.004523069605955
0.0,8.67303325357491e-05,0.0044562600348351
0.0,8.54492520252492e-05,0.0043904372976978
0.0,8.41870941595477e-05,0.0043255868181691
0.0,8.29435794351199e-05,0.00426169423518
0.0,8.17184324769724e-05,0.0041987453997869
0.0,8.05113819776423e-05,0.0041367263720381
0.0,7.93221606370867e-05,0.0040756234178867
0.0,7.81505051035275e-05,0.0040154230061493
0.0,7.69961559151169e-05,0.0039561118055097
0.0,7.58588574424693e-05,0.0038976766815663
0.0,7.47383578320396e-05,0.0038401046939239
0.0,7.36344089504251e-05,0.003783383093328
0.0,7.25467663293261e-05,0.0037274993188411
0.0,7.14751891114501e-05,0.0036724409950617
0.0,7.04194399971866e-05,0.0036181959293832
0.0,6.93792851920172e-05,0.0035647521092944
0.0,6.83544943547998e-05,0.0035120976997188
0.0,6.73448405466986e-05,0.0034602210403942
0.0,6.63501001809674e-05,0.0034091106432903
0.0,6.53700529734194e-05,0.0033587551900648
0.0,6.44044818936679e-05,0.0033091435295567
0.0,6.34531731170188e-05,0.0032602646753173
0.0,6.25159159771821e-05,0.0032121078031771
0.0,6.15925029195732e-05,0.0031646622488485
0.0,6.06827294553774e-05,0.0031179175055648
0.0,5.97863941162111e-05,0.0030718632217528
0.0,5.89032984096086e-05,0.003026489198741
0.0,5.80332467749536e-05,0.002981785388501
0.0,5.71760465402638e-05,0.0029377418914221
0.0,5.63315078794674e-05,0.0028943489541194
0.0,5.5499443770396e-05,0.0028515969672737
0.0,5.46796699533378e-05,0.0028094764635035
0.0,5.38720048902722e-05,0.0027679781152687
0.0,5.30762697246306e-05,0.0027270927328048
0.0,5.22922882417315e-05,0.0026868112620879
0.0,5.15198868297102e-05,0.0026471247828296
0.0,5.07588944411129e-05,0.002608024506502
0.0,5.00091425549853e-05,0.002569501774391
0.0,4.92704651395871e-05,0.0025315480556791
0.0,4.8542698615605e-05,0.0024941549455561
0.0,4.78256818199282e-05,0.0024573141633581
0.0,4.71192559699449e-05,0.0024210175507337
0.0,4.64232646284202e-05,0.0023852570698369
0.0,4.57375536688266e-05,0.002350024801548
0.0,4.50619712412115e-05,0.002315312943719
0.0,4.43963677385639e-05,0.0022811138094464
0.0,4.37405957637062e-05,0.0022474198253688
0.0,4.30945100966529e-05,0.0022142235299898
0.0,4.24579676624182e-05,0.0021815175720254
0.0,4.18308274993708e-05,0.0021492947087766
1.0,0.170141212950728,-0.0256230517830347
1.0,0.16316380222152,0.0318224602413931
1.0,0.143005111420357,0.1658137255773223
1.0,0.117029426186345,0.3317968715123633
1.0,0.0904867547234113,0.5538622361422407
1.0,0.0667009729577061,0.6460156118251583
1.0,0.0474119207827904,0.8202653870317888
1.0,0.0331729991507133,0.8519085395746783
1.0,0.0237366869237876,0.9093647102817413
1.0,0.018387457322836,0.9418475717356953
1.0,0.0162031056741613,1.0106709506225697
1.0,0.0162410821035763,0.9552474738912303
1.0,0.0176564898364282,1.0026876716636897
1.0,0.0197638769790025,0.9352297591176854
1.0,0.0220569230837265,0.9223587237908263
1.0,0.0241996964718932,0.9105829948453463
1.0,0.0260012943126035,0.9010068402003003
1.0,0.0273831388943369,0.9495372021435597
1.0,0.0283455433940051,0.8896854269142073
1.0,0.0289377361141433,0.8875632305923783
1.0,0.0292335377774301,0.9426996185517967
1.0,0.0293133922071963,0.9436300143021437
1.0,0.0292524416086909,0.9453728728400888
1.0,0.0291137476459542,0.9475440874058128
1.0,0.0289454985648785,0.9498533132446407
1.0,0.0287810163875898,0.8966211827294203
1.0,0.0286405006873082,0.9541735324618237
1.0,0.0285336458795517,0.9005315019857563
1.0,0.0284624943055258,0.9021305007489573
1.0,0.0284241018176898,0.9589917904995837
1.0,0.0284127751562675,0.9601900463894637
1.0,0.0284217818569072,0.9612490402067198
1.0,0.0284445328123821,0.9067286018240243
1.0,0.0284752992630222,0.9076264253713923
1.0,0.0285095570174998,0.9084889449224653
1.0,0.0285440590999522,0.9648170294175107
1.0,0.0285767313883341,0.9101795322300122
1.0,0.0286064706304334,0.9110265891895143
1.0,0.0286329055178329,0.9673603279532557
1.0,0.0286561627915902,0.9682175148246187
1.0,0.0286766638353328,0.9135955960351183
1.0,0.0286949639838556,0.9699348698941507
1.0,0.0287116371370215,0.9153071856512803
1.0,0.0287272019852824,0.9161531665629243
1.0,0.0287420826864417,0.9169892438916663
1.0,0.028756595519976,0.9732949204608137
1.0,0.0287709532217244,0.9741067382139367
1.0,0.0287852797820565,0.9749053757889747
1.0,0.0287996300052655,0.9756907279549197
1.0,0.0288140097349447,0.9764629790477607
1.0,0.0288283941263565,0.9217412916075003
1.0,0.0288427425692259,0.9779697116043977
1.0,0.0288570097862932,0.9232239108377773
1.0,0.028871153260529,0.9794291305688827
1.0,0.0288851375154231,0.9246609699496613
1.0,0.0288989359419214,0.9253633637109633
1.0,0.0289125308894089,0.9815365908418537
1.0,0.0289259126689767,0.9267372814075943
1.0,0.0289390779984611,0.9828904182883507
1.0,0.0289520282831082,0.9280713603418653
1.0,0.0289647679954754,0.9287238400586832
1.0,0.0289773033065288,0.9848479801975697
1.0,0.0289896410328392,0.9300003001757823
1.0,0.0290017879031521,0.9861057122277367
1.0,0.0290137501090137,0.9867207356183667
1.0,0.0290255330842881,0.9873266888449347
1.0,0.0290371414525665,0.9879236940289478
1.0,0.0290485790849691,0.9885118757053847
1.0,0.0290598492197431,0.9890913600798457
1.0,0.0290709546062846,0.9896622741543917
1.0,0.0290818976475158,0.9347435457022693
1.0,0.0290926805246552,0.9352976992357713
1.0,0.0291033052965228,0.9913248595597887
1.0,0.0291137739714795,0.9918627513711987
1.0,0.029124088554042,0.9923926948893828
1.0,0.029134251070374,0.9374336098637223
1.0,0.0291442635777543,0.9934292106035457
1.0,0.0291541281630481,0.9384548150960423
1.0,0.0291638469345896,0.9389541335401613
1.0,0.0291734220109807,0.9394460775192983
1.0,0.0291828555093423,0.9954119551526137
1.0,0.0291921495346505,0.9958894753119877
1.0,0.029201306171049,0.9408787435770393
1.0,0.0292103274754543,0.9968234614748757
1.0,0.029219215473381,0.9417989347794054
1.0,0.0292279721566902,0.9977300611765327
1.0,0.0292365994828312,0.9981733426663028
1.0,0.0292450993751614,0.9986100765113907
1.0,0.0292534737239347,0.9990403593793507
1.0,0.0292617243876425,0.9439830873581123
1.0,0.02926985319446,0.9998819518461917
1.0,0.0292778619436362,1.0002934478162067
1.0,0.0292857524067303,0.9452176664063183
1.0,0.0292935263286527,1.0010982949364906
1.0,0.0293011854285086,0.9460106251744653
1.0,0.0293087314002591,0.9463983418053633
1.0,0.0293161659132413,0.9467803315238683
1.0,0.0293234906125739,1.0026378781037826
1.0,0.0293307071194917,1.0030086665413878
1.0,0.0293378170316352,1.0033739781250777
1.0,0.0293448219233183,0.975993294166042
1.0,0.0293517233457901,0.976347893542077
1.0,0.0293585228275026,0.976697255190337
1.0,0.0293652218743918,0.977041456475335
1.0,0.0293718219701613,0.977380573618777
1.0,0.0293783245765866,0.977714681716614
1.0,0.0293847311338211,0.978043854755762
1.0,0.0293910430607092,0.978368165630518
1.0,0.0293972617551008,0.978687686158693
1.0,0.029403388594168,0.979002487097485
1.0,0.0294094249347141,0.979312638159102
1.0,0.0294153721134831,0.979618208026155
1.0,0.029421231447462,0.979919264366824
1.0,0.0294270042341791,0.980215873849809
1.0,0.0294326917519943,0.980508102159071
1.0,0.0294382952603849,0.980796014008359
1.0,0.0294438160002277,0.981079673155529
1.0,0.0294492551940739,0.981359142416662
1.0,0.029454614046418,0.981634483679972
1.0,0.0294598937439678,0.981905757919515
1.0,0.0294650954559039,0.982173025208693
1.0,0.0294702203341393,0.982436344733563
1.0,0.0294752695135727,0.982695774805947
1.0,0.0294802441123412,0.982951372876347
1.0,0.0294851452320655,0.983203195546671
1.0,0.0294899739580943,0.983451298582768
1.0,0.029494731359746,0.983695736926782
1.0,0.0294994184905422,0.983936564709313
1.0,0.0295040363884447,0.98417383526141
1.0,0.0295085860760815,0.984407601126378
1.0,0.0295130685609772,0.984637914071414
1.0,0.0295174848357727,0.984864825099071
1.0,0.0295218358784475,0.985088384458552
1.0,0.0295261226525354,0.985308641656836
1.0,0.0295303461073375,0.985525645469644
1.0,0.0295345071781337,0.985739443952237
1.0,0.0295386067863881,0.985950084450058
1.0,0.0295426458399541,0.98615761360922
1.0,0.0295466252332768,0.986362077386832
1.0,0.0295505458475873,0.986563521061178
1.0,0.0295544085511021,0.986761989241742
1.0,0.0295582141992126,0.986957525879089
1.0,0.0295619636346753,0.987150174274596
1.0,0.0295656576877987,0.987339977090044
1.0,0.0295692971766268,0.987526976357062
1.0,0.0295728829071211,0.987711213486434
1.0,0.0295764156733367,0.987892729277275
1.0,0.0295798962576019,0.988071563926062
1.0,0.0295833254306876,0.988247757035534
1.0,0.0295867039519808,0.988421347623466
1.0,0.0295900325696516,0.988592374131306
1.0,0.0295933120208185,0.98876087443269
1.0,0.0295965430317127,0.988926885841828
1.0,0.0295997263178378,0.989090445121768
1.0,0.0296028625841291,0.989251588492536
1.0,0.0296059525251093,0.989410351639159
1.0,0.029608996825043,0.989566769719563
1.0,0.0296119961580867,0.989720877372365
1.0,0.0296149511884398,0.989872708724537
1.0,0.0296178625704901,0.990022297398969
1.0,0.0296207309489602,0.990169676521913
1.0,0.0296235569590497,0.990314878730315
1.0,0.0296263412265751,0.990457936179049
1.0,0.02962908436811,0.990598880548032
1.0,0.0296317869911193,0.990737743049242
1.0,0.0296344496940968,0.990874554433632
1.0,0.0296370730666946,0.991009344997935
1.0,0.0296396576898563,0.991142144591376
1.0,0.029642204135943,0.991272982622282
1.0,0.0296447129688635,0.991401888064593
1.0,0.0296471847441959,0.991528889464282
1.0,0.0296496200093117,0.99165401494567
1.0,0.0296520193034979,0.991777292217662
1.0,0.0296543831580756,0.991898748579877
1.0,0.0296567120965181,0.992018410928695
1.0,0.0296590066345663,0.992136305763213
1.0,0.0296612672803431,0.992252459191117
1.0,0.0296634945344658,0.992366896934457
1.0,0.0296656888901572,0.992479644335349
1.0,0.0296678508333561,0.992590726361582
1.0,0.0296699808428216,0.992700167612153
1.0,0.0296720793902423,0.992807992322707
1.0,0.029674146940339,0.992914224370911
1.0,0.0296761839509689,0.993018887281738
1.0,0.0296781908732255,0.993122004232676
1.0,0.0296801681515395,0.993223598058863
1.0,0.0296821162237773,0.993323691258142
1.0,0.0296840355213377,0.993422305996044
1.0,0.0296859264692462,0.993519464110697
1.0,0.0296877894862515,0.993615187117662
1.0,0.0296896249849168,0.993709496214694
1.0,0.0296914333717113,0.993802412286442
1.0,0.0296932150471005,0.993893955909068
1.0,0.0296949704056344,0.993984147354811
1.0,0.0296966998360353,0.994073006596468
1.0,0.0296984037212833,0.994160553311822
1.0,0.0297000824387024,0.994246806888
1.0,0.0297017363600425,0.994331786425763
1.0,0.0297033658515629,0.994415510743738
1.0,0.0297049712741126,0.994497998382585
1.0,0.0297065529832103,0.994579267609102
1.0,0.0297081113291249,0.994659336420273
1.0,0.0297096466569493,0.994738222547249
1.0,0.0297111593066812,0.994815943459278
1.0,0.0297126496132942,0.994892516367573
1.0,0.0297141179068159,0.994967958229121
1.0,0.0297155645123977,0.995042285750441
1.0,0.0297169897503893,0.995115515391283
1.0,0.0297183939364078,0.995187663368272
1.0,0.0297197773814086,0.995258745658499
1.0,0.029721140391755,0.995328778003062
1.0,0.0297224832692831,0.995397775910548
1.0,0.0297238063113721,0.995465754660468
1.0,0.0297251098110083,0.995532729306644
1.0,0.0297263940568502,0.995598714680539
1.0,0.0297276593332925,0.995663725394542
1.0,0.0297289059205299,0.995727775845207
1.0,0.0297301340946172,0.995790880216436
1.0,0.0297313441275324,0.995853052482625
1.0,0.0297325362872365,0.995914306411754
1.0,0.0297337108377307,0.995974655568442
1.0,0.0297348680391192,0.996034113316942
1.0,0.0297360081476625,0.996092692824111
1.0,0.0297371314158361,0.996150407062316
1.0,0.0297382380923872,0.996207268812313
1.0,0.0297393284223879,0.996263290666076
1.0,0.0297404026472901,0.996318485029583
1.0,0.0297414610049804,0.996372864125567
1.0,0.0297425037298307,0.99642643999622
1.0,0.0297435310527512,0.996479224505861
1.0,0.0297445432012422,0.996531229343563
1.0,0.0297455403994416,0.996582466025741
1.0,0.0297465228681786,0.996632945898703
1.0,0.0297474908250197,0.996682680141164
1.0,0.0297484444843177,0.996731679766716
1.0,0.0297493840572605,0.996779955626274
1.0,0.0297503097519141,0.996827518410475
1.0,0.0297512217732734,0.996874378652048
1.0,0.0297521203233042,0.99692054672814
1.0,0.0297530056009898,0.996966032862624
1.0,0.0297538778023736,0.997010847128355
1.0,0.0297547371206039,0.997054999449403
1.0,0.0297555837459758,0.997098499603252
1.0,0.0297564178659731,0.997141357222966
1.0,0.0297572396653116,0.997183581799317
1.0,0.0297580493259773,0.997225182682892
1.0,0.0297588470272689,0.997266169086163
1.0,0.0297596329458365,0.997306550085524
1.0,0.0297604072557207,0.997346334623304
1.0,0.0297611701283915,0.997385531509746
1.0,0.0297619217327865,0.997424149424958
1.0,0.0297626622353482,0.997462196920836
1.0,0.0297633918000588,0.997499682422956
1.0,0.0297641105884807,0.997536614232444
1.0,0.0297648187597885,0.997573000527808
1.0,0.0297655164708059,0.997608849366754
1.0,0.0297662038760405,0.997644168687968
1.0,0.0297668811277172,0.997678966312878
1.0,0.0297675483758126,0.997713249947378
1.0,0.0297682057680881,0.997747027183544
1.0,0.0297688534501228,0.997780305501307
1.0,0.0297694915653448,0.997813092270116
1.0,0.029770120255064,0.997845394750564
1.0,0.0297707396585034,0.997877220096002
1.0,0.0297713499128294,0.997908575354118
1.0,0.0297719511531815,0.997939467468499
1.0,0.0297725435127041,0.997969903280171
1.0,0.029773127122575,0.997999889529113
1.0,0.0297737021120332,0.998029432855746
1.0,0.0297742686084097,0.998058539802408
1.0,0.0297748267371549,0.998087216814801
1.0,0.0297753766218654,0.99811547024342
1.0,0.0297759183843125,0.998143306344955
1.0,0.0297764521444694,0.998170731283681
1.0,0.0297769780205364,0.99819775113282
1.0,0.0297774961289685,0.99822437187589
1.0,0.0297780065844997,0.998250599408026
1.0,0.0297785095001704,0.998276439537285
1.0,0.0297790049873501,0.998301897985937
1.0,0.0297794931557644,0.998326980391728
1.0,0.0297799741135178,0.99835169230913
1.0,0.0297804479671173,0.998376039210569
1.0,0.0297809148214976,0.998400026487642
1.0,0.0297813747800428,0.998423659452304
1.0,0.0297818279446112,0.998446943338051
1.0,0.0297822744155543,0.998469883301074
1.0,0.0297827142917437,0.998492484421402
1.0,0.0297831476705885,0.99851475170403
1.0,0.029783574648061,0.998536690080024
1.0,0.0297839953187136,0.998558304407612
1.0,0.029784409775705,0.998579599473265
0.999999999999822,0.0297848181107849,0.998600579992753
0.0,-0.140314779585529,0.9708806510246173
0.0,-0.133337581245238,0.9134242263214724
0.0,-0.11317909969583,0.7794222094963453
0.0,-0.0872036206227467,0.6134284708807193
0.0,-0.0606611522755705,0.5023150683833687
0.0,-0.0368755706254318,0.2991890122842813
0.0,-0.0175867156102063,0.2358915052367867
0.0,-0.0033479882256035,0.0932759737840613
0.0,0.0060881326230477,0.0358099699387255
0.0,0.0114371736725443,0.0033174205902818006
0.0,0.0136213395548289,0.0454468952575676
0.0,0.0135831801029509,-0.0101014301726845
0.0,0.0121675920510331,0.0534115054960041
0.0,0.0100600272528584,0.009897891633236802
0.0,0.0077668061166579,0.0227599337307225
0.0,0.0056238602823779,0.0345268022844486
0.0,0.0038220925427296,0.0440942274132355
0.0,0.0024400805716092,0.1065176632463098
0.0,0.0014775111550374,0.0553985665892819
0.0,0.0008851559539578,0.0575124145362802
0.0,0.0005891942097108,0.1133301998648405
0.0,0.0005091820635159,0.1123917005433729
0.0,0.0005699772751981,0.1106408581309197
0.0,0.0007085181463064,0.1084617776192802
0.0,0.0008766163970468,0.1061448020212246
0.0,0.0010409499718923,0.0484068988974892
0.0,0.0011813192647144,0.1018094250062926
0.0,0.001288029827574,0.044481645736923106
0.0,0.001359039287322,0.042875345051111
0.0,0.0013972917600286,0.0969692595836969
0.0,0.0014084804744638,0.0957639158892563
0.0,0.001399337864431,0.0946979389603212
0.0,0.0013764530070595,0.0382490990275753
0.0,0.0013455546323671,0.0373444971379219
0.0,0.0013111669024678,0.0364752993664233
0.0,0.0012765367644406,0.0911030336441654
0.0,0.0012437383119731,0.034771650089909
0.0,0.0012138747693387,0.0339182064893067
0.0,0.0011873174174283,0.0885405737708054
0.0,0.0011639394880651,0.08767718753712081
0.0,0.001143319570902,0.0313306001838961
0.0,0.0011249023048196,0.0859477070998869
0.0,0.0011081137640199,0.0296070643019882
0.0,0.0010924352324986,0.0287552422715978
0.0,0.0010774425272764,0.027913410102382998
0.0,0.0010628193440747,0.0825644620468723
0.0,0.0010483529226166,0.0817470582054384
0.0,0.001033919248457,0.0809429170533481
0.0,0.001019463493583,0.08015214260284789
0.0,0.0010049797910305,0.0793745493171899
0.0,0.0009904929625127,0.0231285751231098
0.0,0.0009760435956205,0.07785736793551559
0.0,0.0009616769452638,0.0216356614057956
0.0,0.0009474355064523,0.0763878065422913
0.0,0.0009333547340024,0.0201886096774403
0.0,0.0009194612155944,0.019481330032913503
0.0,0.0009057725807853,0.0742656875376726
0.0,0.0008922984977371,0.0180978560097486
0.0,0.0008790422281725,0.0729024449196828
0.0,0.0008660023467077,0.0167545009740463
0.0,0.0008531743609439,0.0160974857135599
0.0,0.0008405520803663,0.0709312753750665
0.0,0.0008281286691456,0.014812154501038698
0.0,0.000815897379561,0.0696648032830748
0.0,0.000803852001372,0.06904550644498861
0.0,0.0007919870822958,0.0684353428934034
0.0,0.0007802979805948,0.0678341895744419
0.0,0.0007687808072713,0.06724192103452589
0.0,0.0007574323064625,0.06665841016302221
0.0,0.0007462497114195,0.0660835290662074
0.0,0.0007352306021217,0.010035950742102798
0.0,0.0007243727805049,0.009477946513376398
0.0,0.0007136741711544,0.0644093907224049
0.0,0.0007031327493562,0.0638677611316969
0.0,0.0006927464944849,0.063334135044382
0.0,0.0006825133645049,0.007327193545340803
0.0,0.0006724312865001,0.0622904165725044
0.0,0.0006624981581989,0.0062988919461407986
0.0,0.0006527118560883,0.005796103738123198
0.0,0.0006430702466115,0.005300741246441101
0.0,0.0006335711979144,0.0602938939451467
0.0,0.0006242125905046,0.0598130555160378
0.0,0.0006149923259368,0.003858119644668402
0.0,0.0006059083332049,0.058872579130674105
0.0,0.0005969585729103,0.0029315340859119993
0.0,0.0005881410395166,0.0579596795226897
0.0,0.000579453762098,0.057513317697882205
0.0,0.0005708948040215,0.0570735490169159
0.0,0.0005624622619528,0.056640276140175
0.0,0.0005541542645141,0.0007322039673565983
0.0,0.0005459689708334,0.0557928354983075
0.0,0.0005379045691529,0.0553784800669757
0.0,0.0005299592755892,-0.0005109540980243986
0.0,0.0005221313330896,0.054568040110187
0.0,0.0005144190105865,-0.0013094230917418993
0.0,0.000506820602332,-0.0016998339437925003
0.0,0.0004993344273777,-0.0020844780875208004
0.0,0.000491958829164,0.0530177584656912
0.0,0.0004846921751845,0.0526443934399458
0.0,0.0004775328566939,0.0522765433265064
0.0,0.0004704792884376,0.0241735270769081
0.0,0.0004635299083869,0.0238164636097438
0.0,0.0004566831774688,0.023464674267068
0.0,0.0004499375792857,0.0231180811467584
0.0,0.000443291619824,0.022776607497439
0.0,0.0004367438271521,0.0224401777013134
0.0,0.0004302927511103,0.0221087172573283
0.0,0.0004239369629955,0.0217821527646433
0.0,0.0004176750552442,0.0214604119063852
0.0,0.0004115056411157,0.0211434234336669
0.0,0.0004054273543781,0.0208311171498534
0.0,0.0003994388489984,0.020523423895063
0.0,0.0003935387988374,0.0202202755308935
0.0,0.0003877258973509,0.0199216049253674
0.0,0.0003819988572956,0.0196273459380908
0.0,0.0003763564104416,0.0193374334056239
0.0,0.0003707973072895,0.0190518031270605
0.0,0.0003653203167931,0.0187703918498152
0.0,0.0003599242260869,0.0184931372556162
0.0,0.0003546078402172,0.0182199779467033
0.0,0.0003493699818789,0.0179508534322272
0.0,0.0003442094911544,0.0176857041148506
0.0,0.0003391252252583,0.0174244712775464
0.0,0.0003341160582841,0.0171670970705918
0.0,0.0003291808809559,0.0169135244987552
0.0,0.0003243186003824,0.0166636974086729
0.0,0.0003195281398154,0.0164175604764131
0.0,0.0003148084384118,0.0161750591952236
0.0,0.0003101584509979,0.0159361398634618
0.0,0.0003055771478384,0.015700749572702
0.0,0.0003010635144085,0.0154688361960196
0.0,0.0002966165511689,0.0152403483764479
0.0,0.0002922352733441,0.0150152355156054
0.0,0.0002879187107052,0.0147934477624911
0.0,0.000283665907354,0.0145749360024452
0.0,0.000279475921512,0.0143596518462731
0.0,0.0002753478253115,0.0141475476195299
0.0,0.00027128070459,0.0139385763519624
0.0,0.0002672736586882,0.0137326917671081
0.0,0.0002633258002501,0.0135298482720474
0.0,0.0002594362550268,0.0133300009473066
0.0,0.0002556041616826,0.013133105536911
0.0,0.0002518286716047,0.012939118438584
0.0,0.0002481089487148,0.0127479966940919
0.0,0.0002444441692842,0.0125596979797303
0.0,0.0002408335217516,0.0123741805969519
0.0,0.0002372762065429,0.0121914034631323
0.0,0.0002337714358944,0.0120113261024722
0.0,0.0002303184336784,0.0118339086370342
0.0,0.0002269164352315,0.0116591117779118
0.0,0.0002235646871846,0.0114868968165288
0.0,0.0002202624472967,0.0113172256160677
0.0,0.0002170089842905,0.0111500606030239
0.0,0.0002138035776899,0.0109853647588856
0.0,0.0002106455176613,0.0108231016119353
0.0,0.0002075341048555,0.0106632352291742
0.0,0.0002044686502537,0.010505730208364
0.0,0.0002014484750141,0.0103505516701875
0.0,0.0001984729103222,0.0101976652505248
0.0,0.0001955412972424,0.0100470370928429
0.0,0.0001926529865722,0.0098986338406985
0.0,0.0001898073386983,0.0097524226303516
0.0,0.0001870037234549,0.009608371083487
0.0,0.0001842415199846,0.009466447300045
0.0,0.0001815201166004,0.0093266198511566
0.0,0.0001788389106504,0.009188857772184
0.0,0.0001761973083845,0.0090531305558631
0.0,0.0001735947248226,0.0089194081455483
0.0,0.0001710305836255,0.0087876609285559
0.0,0.0001685043169668,0.0086578597296066
0.0,0.0001660153654076,0.0085299758043648
0.0,0.0001635631777721,0.0084039808330731
0.0,0.0001611472110261,0.0082798469142807
0.0,0.0001587669301563,0.0081575465586653
0.0,0.000156421808052,0.0080370526829448
0.0,0.0001541113253887,0.0079183386038802
0.0,0.0001518349705122,0.0078013780323668
0.0,0.0001495922393264,0.0076861450676119
0.0,0.0001473826351808,0.0075726141913998
0.0,0.0001452056687609,0.0074607602624401
0.0,0.0001430608579799,0.0073505585108009
0.0,0.0001409477278717,0.0072419845324231
0.0,0.000138865810486,0.007135014283716
0.0,0.0001368146447844,0.0070296240762335
0.0,0.0001347937765384,0.0069257905714276
0.0,0.000132802758229,0.0068234907754805
0.0,0.0001308411489473,0.0067227020342128
0.0,0.0001289085142971,0.0066234020280662
0.0,0.0001270044262984,0.0065255687671614
0.0,0.000125128463293,0.0064291805864282
0.0,0.0001232802098511,0.0063342161408079
0.0,0.0001214592566787,0.0062406544005262
0.0,0.0001196652005279,0.0061484746464367
0.0,0.0001178976441067,0.006057656465432
0.0,0.0001161561959918,0.005968179745924
0.0,0.0001144404705414,0.0058800246733894
0.0,0.0001127500878098,0.0057931717259825
0.0,0.0001110846734637,0.0057076016702117
0.0,0.0001094438586988,0.0056232955566803
0.0,0.0001078272801584,0.0055402347158903
0.0,0.0001062345798531,0.005458400754108
0.0,0.000104665405081,0.0053777755492908
0.0,0.0001031194083501,0.0052983412470739
0.0,0.000101596247301,0.0052200802568168
0.0,0.0001000955846314,0.0051429752477074
0.0,9.86170880212731e-05,0.0050670091449246
0.0,9.71604300589249e-05,0.0049921651258568
0.0,9.57252881691045e-05,0.0049184266163766
0.0,9.43113445412008e-05,0.0048457772871705
0.0,9.2918286058917e-05,0.004774201050123
0.0,9.15458042309511e-05,0.0047036820547533
0.0,9.01935951226757e-05,0.004634204684706
0.0,8.88613592888582e-05,0.0045657535542924
0.0,8.75488017073045e-05,0.0044983135050834
0.0,8.62556317135429e-05,0.0044318696025527
0.0,8.49815629364731e-05,0.0043664071327697
0.0,8.37263132349372e-05,0.0043019115991411
0.0,8.24896046352497e-05,0.0042383687192005
0.0,8.12711632696139e-05,0.0041757644214455
0.0,8.00707193155045e-05,0.0041140848422218
0.0,7.88880069359094e-05,0.0040533163226532
0.0,7.77227642204462e-05,0.0039934454056164
0.0,7.65747331273534e-05,0.0039344588327613
0.0,7.54436594264107e-05,0.0038763435415751
0.0,7.43292926425401e-05,0.003819086662489
0.0,7.32313860004399e-05,0.0037626755160289
0.0,7.21496963698443e-05,0.0037070976100072
0.0,7.10839842117672e-05,0.0036523406367565
0.0,7.00340135253927e-05,0.0035983924704041
0.0,6.89995517958453e-05,0.0035452411641867
0.0,6.79803699426898e-05,0.0034928749478047
0.0,6.6976242269208e-05,0.0034412822248161
0.0,6.59869464123899e-05,0.0033904515700679
0.0,6.5012263293758e-05,0.0033403717271663
0.0,6.4051977070774e-05,0.0032910316059842
0.0,6.31058750890992e-05,0.0032424202802048
0.0,6.2173747835452e-05,0.0031945269849024
0.0,6.12553888912695e-05,0.0031473411141585
0.0,6.0350594886939e-05,0.0031008522187128
0.0,5.94591654568197e-05,0.0030550500036494
0.0,5.85809031948201e-05,0.0030099243261173
0.0,5.77156136106968e-05,0.0029654651930837
0.0,5.68631050870266e-05,0.0029216627591216
0.0,5.60231888366985e-05,0.0028785073242291
0.0,5.51956788611627e-05,0.0028359893316817
0.0,5.43803919092409e-05,0.0027940993659158
0.0,5.35771474365031e-05,0.0027528281504435
0.0,5.27857675653338e-05,0.0027121665457988
0.0,5.20060770455057e-05,0.002672105547513
0.0,5.12379032154009e-05,0.0026326362841213
0.0,5.04810759637472e-05,0.0025937500151978
0.0,4.97354276919708e-05,0.0025554381294202
0.0,4.90007932770625e-05,0.0025176921426626
0.0,4.82770100350208e-05,0.0024805036961169
0.0,4.75639176848279e-05,0.0024438645544418
0.0,4.68613583129544e-05,0.0024077666039388
0.0,4.61691763383801e-05,0.0023722018507557
0.0,4.54872184781525e-05,0.0023371624191161
0.0,4.48153337134459e-05,0.0023026405495757
0.0,4.41533732560943e-05,0.0022686285973038
0.0,4.35011905156671e-05,0.00223511903039
0.0,4.28586410670048e-05,0.002202104428177
0.0,4.22255826182279e-05,0.0021695774796167
0.0,4.16018749792163e-05,0.0021375309816513
0.0,4.09873800305896e-05,0.0021059578376184
0.0,4.03819616931027e-05,0.0020748510556792
0.0,3.97854858975172e-05,0.0020442037472705
0.0,3.91978205549169e-05,0.0020140091255789
0.0,3.86188355274326e-05,0.0019842605040378
0.0,3.80484025994596e-05,0.0019549512948471
0.0,3.7486395449246e-05,0.001926075007514
0.0,3.69326896209124e-05,0.0018976252474158
0.0,3.63871624968898e-05,0.0018695957143838
0.0,3.58496932707925e-05,0.0018419802013081
0.0,3.53201629206372e-05,0.0018147725927631
0.0,3.47984541825067e-05,0.0017879668636531
0.0,3.42844515245563e-05,0.0017615570778784
0.0,3.37780411214447e-05,0.0017355373870204
0.0,3.32791108291451e-05,0.0017099020290465
0.0,3.27875501600766e-05,0.0016846453270344
0.0,3.23032502586619e-05,0.0016597616879146
0.0,3.18261038772007e-05,0.001635245601232
0.0,3.13560053521525e-05,0.0016110916379257
0.0,3.08928505806973e-05,0.0015872944491266
0.0,3.04365369977189e-05,0.0015638487649727
0.0,2.99869635530595e-05,0.0015407493934426
0.0,2.9544030689159e-05,0.0015179912192055
0.0,2.91076403190239e-05,0.001495569202488
0.0,2.86776958044709e-05,0.0014734783779588
0.0,2.82541019347472e-05,0.0014517138536287
0.0,2.78367649054548e-05,0.001430270809767
0.0,2.74255922977536e-05,0.0014091444978349
0.0,2.70204930579096e-05,0.0013883302394334
0.0,2.66213774771373e-05,0.0013678234252674
0.0,2.6228157171725e-05,0.0013476195141249
0.0,2.58407450634511e-05,0.0013277140318717
0.0,2.54590553603259e-05,0.0013081025704601
0.0,2.50830035375786e-05,0.0012887807869531
0.0,2.47125063189326e-05,0.0012697444025626
0.0,2.43474816581813e-05,0.0012509892017018
0.0,2.3987848721008e-05,0.0012325110310516
0.0,2.3633527867082e-05,0.0012143057986411
0.0,2.32844406324387e-05,0.0011963694729413
0.0,2.29405097120789e-05,0.001178698081972
0.0,2.26016589428783e-05,0.0011612877124228
0.0,2.22678132866909e-05,0.0011441345087861
0.0,2.19388988137621e-05,0.0011272346725035
0.0,2.16148426863353e-05,0.0011105844611244
0.0,2.12955731425293e-05,0.0010941801874775
0.0,2.09810194804465e-05,0.001078018218854
0.0,2.06711120425175e-05,0.0010620949762034
0.0,2.03657822000804e-05,0.0010464069333408
0.0,2.00649623381625e-05,0.001030950616166
0.0,1.97685858405322e-05,0.0010157226018942
0.0,1.94765870749347e-05,0.001000719518298
0.0,1.91889013785532e-05,0.0009859380429608
0.0,1.8905465043708e-05,0.0009713749025408
0.0,1.8626215303727e-05,0.0009570268720462
0.0,1.83510903190489e-05,0.0009428907741211
0.0,1.80800291635485e-05,0.000928963478342
0.0,1.7812971811023e-05,0.000915241900524
0.0,1.75498591219094e-05,0.0009017230020387
0.0,1.7290632830189e-05,0.0008884037891405
0.0,1.70352355304756e-05,0.000875281312304
0.0,1.67836106653146e-05,0.000862352665571
0.0,1.65357025126468e-05,0.0008496149859065
0.0,1.62914561734825e-05,0.0008370654525651
0.0,1.60508175597353e-05,0.0008247012864661
0.0,1.58137333822368e-05,0.0008125197495783
0.0,1.55801511389584e-05,0.0008005181443136
0.0,1.53500191033586e-05,0.0007886938129292
0.0,1.51232863129461e-05,0.0007770441369398
0.0,1.48999025579941e-05,0.0007655665365373
0.0,1.4679818370408e-05,0.0007542584700192
0.0,1.44629850127777e-05,0.0007431174332266
0.0,1.42493544675968e-05,0.0007321409589888
0.0,1.40388794266037e-05,0.0007213266165774
0.0,1.38315132803355e-05,0.0007106720111679
0.0,1.36272101077771e-05,0.0007001747833096
0.0,1.34259246662143e-05,0.0006898326084024
0.0,1.3227612381198e-05,0.0006796431961831
0.0,1.30322293366916e-05,0.0006696042902171
1.0,0.170112839732265,-0.02708088592016
1.0,0.163135848099539,0.030386159549903403
1.0,0.142977570204447,0.1643986402642273
1.0,0.117002291777534,0.3304026882085463
1.0,0.0904600211128127,0.5524886461073107
1.0,0.0666746342251913,0.6446623108790823
1.0,0.0473859710956754,0.8189320754875307
1.0,0.0331474327624677,0.8505949221718343
1.0,0.0237114981727623,0.9080704961211513
1.0,0.0183626406310093,0.9405724742150293
1.0,0.0161786555459038,1.0094146873728556
1.0,0.0162169931244333,0.9540097667143242
1.0,0.017632756671921,1.0014682464706717
1.0,0.0197404943734476,0.9340283458681613
1.0,0.0220338858590712,0.9211750564331262
1.0,0.0241769995265687,0.9094168112576093
1.0,0.0259789326203956,0.8998578821324273
1.0,0.0273611075032734,0.9484052151600227
1.0,0.0283238374252578,0.8885701603377113
1.0,0.028916350760949,0.8864644374483402
1.0,0.0292124683040256,0.9416170555136597
1.0,0.0292926339477689,0.9425634416374897
1.0,0.0292319899663468,0.9443220543575507
1.0,0.029093598091699,0.9465087904027697
1.0,0.0289256466366153,0.9488333084556867
1.0,0.0287614576891303,0.8956162442755943
1.0,0.0286212308874,0.9531834378005877
1.0,0.0285146607109181,0.8995560318617143
1.0,0.0284437895639218,0.9011694391453023
1.0,0.0284056733609706,0.9580449245902597
1.0,0.0283946189034707,0.9592571664920357
1.0,0.0284038937873508,0.9603299397359377
1.0,0.028426908964772,0.9058230772460804
1.0,0.0284579357345767,0.9067342761588433
1.0,0.0284924499630841,0.9076099735098303
1.0,0.0285272047312273,0.9639510411575177
1.0,0.0285601259729185,0.9093263353504943
1.0,0.0285901104910757,0.9101859947509423
1.0,0.0286167870315979,0.9665321498068967
1.0,0.0286402823890561,0.9674015695713147
1.0,0.0286610179998017,0.9127917029846723
1.0,0.0286795492505743,0.9691428510253127
1.0,0.0286964500924138,0.9145268655723263
1.0,0.0287122392661936,0.9153843724728123
1.0,0.0287273409793942,0.9162318055417733
1.0,0.0287420715604338,0.9725486701172337
1.0,0.0287566437933733,0.9733715106203367
1.0,0.0287711817160885,0.9741810081299948
1.0,0.0287857401796789,0.9749770598201227
1.0,0.0288003250738529,0.9757598523961067
1.0,0.0288149115993059,0.9210485507323503
1.0,0.0288294591905258,0.9772872030990307
1.0,0.0288439226143533,0.9225514835614212
1.0,0.0288582593972095,0.9787666356132407
1.0,0.0288724341053916,0.9240082606059403
1.0,0.0288864201720214,0.9247202954373823
1.0,0.0289001999880367,0.9809030212316378
1.0,0.0289137639054673,0.9261130701574343
1.0,0.0289271086824843,0.9822754271673387
1.0,0.028940235764072,0.9274654531608802
1.0,0.0289531496619386,0.9281268826402324
1.0,0.0289658565856241,0.9842598403460767
1.0,0.0289783633897027,0.9294208476483093
1.0,0.0289906768403621,0.9855348187051477
1.0,0.0290028031660368,0.9861582746769046
1.0,0.029014747836936,0.9867725359282317
1.0,0.0290265155124581,0.9873777264204368
1.0,0.0290381100990007,0.9879739725011267
1.0,0.0290495348695694,0.9885614021617567
1.0,0.0290607926078035,0.9891401441638616
1.0,0.029071885750364,0.9342291280141743
1.0,0.029082816511709,0.9347908799328692
1.0,0.0290935869834066,0.9908255264074907
1.0,0.0291041992060839,0.9913707937927168
1.0,0.0291146552160453,0.9919080039412417
1.0,0.0291249570707737,0.9369560782116323
1.0,0.0291351068584043,0.9929587324986378
1.0,0.0291451066962025,0.9379912863514474
1.0,0.0291549587224544,0.9384974515079373
1.0,0.0291646650852713,0.9389961410677014
1.0,0.0291742279308469,0.9949686646437007
1.0,0.0291836493928006,0.9954527325795547
1.0,0.0291929315834978,0.9404484519048782
1.0,0.0292020765876575,0.9963995255753607
1.0,0.0292110864581896,0.9413812607723883
1.0,0.029219963213942,0.9973185565685537
1.0,0.0292287088389542,0.9977679163301097
1.0,0.0292373252827818,0.9982106386657577
1.0,0.0292458144614873,0.9986468215691977
1.0,0.0292541782589923,0.9435953624349153
1.0,0.0292624185285251,0.9994999539486847
1.0,0.0292705370940176,0.9999170923513667
1.0,0.0292785357513481,0.9448468700306333
1.0,0.0292864162693862,1.0007329755375047
1.0,0.0292941803908426,0.9456507018525893
1.0,0.0293018298329359,0.9460437348559663
1.0,0.029309366287916,0.9464309624196233
1.0,0.0293167914234767,1.0022936694772766
1.0,0.0293241068830945,1.0026695421679928
1.0,0.0293313142863234,1.0030398629060657
1.0,0.029338415229065,0.975664114111958
1.0,0.0293454112838403,0.976023575756352
1.0,0.0293523040000576,0.976377727853148
1.0,0.0293590949042981,0.976726648827697
1.0,0.029365785500608,0.977070415946876
1.0,0.0293723772708041,0.977409105336368
1.0,0.0293788716747849,0.977742791997611
1.0,0.0293852701508484,0.978071549824438
1.0,0.0293915741160111,0.978395451619434
1.0,0.0293977849663274,0.978714569110024
1.0,0.0294039040772054,0.97902897296431
1.0,0.0294099328037181,0.97933873280668
1.0,0.0294158724809117,0.979643917233179
1.0,0.0294217244241066,0.979944593826668
1.0,0.0294274899291904,0.980240829171766
1.0,0.0294331702729125,0.980532688869574
1.0,0.0294387667131637,0.980820237552197
1.0,0.0294442804892585,0.981103538897047
1.0,0.0294497128222087,0.981382655640952
1.0,0.0294550649149934,0.98165764959404
1.0,0.0294603379528255,0.981928581653443
1.0,0.029465533103413,0.982195511816776
1.0,0.0294706515172165,0.982458499195433
1.0,0.0294756943277048,0.982717602027677
1.0,0.0294806626516038,0.982972877691543
1.0,0.0294855575891446,0.983224382717542
1.0,0.0294903802243083,0.983472172801184
1.0,0.0294951316250629,0.983716302815307
1.0,0.0294998128436006,0.983956826822238
1.0,0.0295044249165743,0.984193798085754
1.0,0.0295089688653223,0.984427269082886
1.0,0.0295134456960966,0.984657291515533
1.0,0.0295178564002876,0.984883916321916
1.0,0.0295222019546406,0.985107193687853
1.0,0.029526483321473,0.985327173057878
1.0,0.0295307014488897,0.985543903146186
1.0,0.0295348572709901,0.985757431947423
1.0,0.0295389517080764,0.985967806747311
1.0,0.029542985666857,0.986175074133124
1.0,0.0295469600406484,0.986379280004001
1.0,0.0295508757095704,0.986580469581113
1.0,0.0295547335407442,0.986778687417674
1.0,0.0295585343884821,0.986973977408813
1.0,0.0295622790944776,0.987166382801285
1.0,0.0295659684879925,0.987355946203059
1.0,0.0295696033860384,0.987542709592744
1.0,0.0295731845935598,0.987726714328893
1.0,0.0295767129036113,0.987908001159155
1.0,0.0295801890975331,0.988086610229304
1.0,0.0295836139451253,0.988262581092126
1.0,0.0295869882048161,0.988435952716179
1.0,0.029590312623831,0.988606763494423
1.0,0.0295935879383606,0.98877505125272
1.0,0.0295968148737187,0.988940853258212
1.0,0.0295999941445069,0.989104206227576
1.0,0.0296031264547716,0.98926514633515
1.0,0.0296062124981589,0.989423709220947
1.0,0.0296092529580703,0.989579929998549
1.0,0.0296122485078119,0.989733843262877
1.0,0.0296151998107459,0.989885483097859
1.0,0.0296181075204338,0.990034883083972
1.0,0.0296209722807856,0.990182076305682
1.0,0.0296237947261999,0.990327095358769
1.0,0.0296265754817029,0.990469972357548
1.0,0.0296293151630906,0.990610738941974
1.0,0.029632014377063,0.990749426284657
1.0,0.0296346737213575,0.990886065097759
1.0,0.0296372937848828,0.991020685639798
1.0,0.0296398751478497,0.991153317722348
1.0,0.029642418381898,0.99128399071664
1.0,0.0296449240502239,0.99141273356007
1.0,0.0296473927077052,0.991539574762599
1.0,0.029649824901024,0.991664542413077
1.0,0.029652221168786,0.991787664185454
1.0,0.0296545820416425,0.991908967344915
1.0,0.0296569080424063,0.992028478753913
1.0,0.0296591996861673,0.992146224878121
1.0,0.0296614574804079,0.992262231792291
1.0,0.0296636819251148,0.99237652518603
1.0,0.0296658735128879,0.992489130369487
1.0,0.0296680327290526,0.992600072278957
1.0,0.0296701600517644,0.992709375482408
1.0,0.029672255952117,0.992817064184915
1.0,0.0296743208942456,0.992923162234027
1.0,0.0296763553354287,0.993027693125041
1.0,0.0296783597261916,0.993130680006211
1.0,0.0296803345104042,0.993232145683871
1.0,0.0296822801253804,0.993332112627486
1.0,0.0296841970019748,0.993430602974627
1.0,0.0296860855646777,0.993527638535875
1.0,0.0296879462317086,0.993623240799652
1.0,0.0296897794151108,0.993717430936976
1.0,0.0296915855208406,0.993810229806151
1.0,0.0296933649488584,0.993901657957386
1.0,0.0296951180932161,0.993991735637348
1.0,0.0296968453421458,0.994080482793642
1.0,0.0296985470781457,0.994167919079228
1.0,0.0297002236780624,0.994254063856779
1.0,0.0297018755131775,0.994338936202963
1.0,0.0297035029492883,0.99442255491267
1.0,0.0297051063467881,0.994504938503172
1.0,0.0297066860607482,0.994586105218227
1.0,0.0297082424409949,0.994666073032117
1.0,0.0297097758321858,0.994744859653627
1.0,0.0297112865738898,0.994822482529971
1.0,0.0297127750006583,0.99489895885065
1.0,0.0297142414421021,0.994974305551264
1.0,0.0297156862229633,0.995048539317257
1.0,0.0297171096631863,0.995121676587618
1.0,0.0297185120779913,0.995193733558516
1.0,0.029719893777941,0.995264726186889
1.0,0.0297212550690118,0.995334670193979
1.0,0.0297225962526599,0.995403581068811
1.0,0.0297239176258886,0.995471474071624
1.0,0.0297252194813151,0.99553836423725
1.0,0.0297265021072335,0.995604266378445
1.0,0.0297277657876802,0.995669195089165
1.0,0.0297290108024961,0.995733164747805
1.0,0.0297302374273882,0.995796189520376
1.0,0.0297314459339908,0.995858283363646
1.0,0.0297326365899264,0.995919460028231
1.0,0.0297338096588655,0.995979733061635
1.0,0.0297349654005816,0.996039115811258
1.0,0.0297361040710138,0.996097621427346
1.0,0.0297372259223183,0.996155262865904
1.0,0.0297383312029289,0.996212052891567
1.0,0.0297394201576076,0.996268004080425
1.0,0.0297404930275029,0.996323128822808
1.0,0.0297415500502012,0.996377439326031
1.0,0.029742591459778,0.996430947617096
1.0,0.0297436174868528,0.996483665545357
1.0,0.0297446283586384,0.996535604785143
1.0,0.0297456242989911,0.996586776838341
1.0,0.0297466055284605,0.996637193036948
1.0,0.0297475722643392,0.996686864545576
1.0,0.0297485247207099,0.996735802363929
1.0,0.0297494631084929,0.996784017329232
1.0,0.029750387635493,0.996831520118639
1.0,0.0297512985064456,0.996878321251591
1.0,0.0297521959230627,0.996924431092147
1.0,0.0297530800840757,0.996969859851283
1.0,0.0297539511852811,0.997014617589147
1.0,0.0297548094195839,0.997058714217295
1.0,0.0297556549770384,0.997102159500874
1.0,0.0297564880448931,0.997144963060798
1.0,0.0297573088076293,0.997187134375869
1.0,0.0297581174470041,0.997228682784879
1.0,0.0297589141420902,0.997269617488677
1.0,0.029759699069315,0.997309947552211
1.0,0.0297604724024991,0.997349681906529
1.0,0.0297612343128975,0.99738882935076
1.0,0.0297619849692328,0.997427398554066
1.0,0.0297627245377383,0.997465398057553
1.0,0.02976345318219,0.997502836276172
1.0,0.0297641710639458,0.997539721500575
1.0,0.0297648783419797,0.997576061898955
1.0,0.0297655751729176,0.997611865518855
1.0,0.0297662617110723,0.997647140288947
1.0,0.0297669381084764,0.997681894020792
1.0,0.0297676045149178,0.997716134410566
1.0,0.0297682610779713,0.997749869040766
1.0,0.0297689079430317,0.997783105381889
1.0,0.0297695452533475,0.997815850794089
1.0,0.0297701731500495,0.9978481125288
1.0,0.0297707917721852,0.99787989773035
1.0,0.0297714012567476,0.997911213437537
1.0,0.0297720017387066,0.997942066585191
1.0,0.0297725933510384,0.997972464005707
1.0,0.0297731762247544,0.998002412430562
1.0,0.0297737504889319,0.998031918491803
1.0,0.0297743162707407,0.998060988723514
1.0,0.0297748736954728,0.998089629563268
1.0,0.0297754228865694,0.998117847353547
1.0,0.0297759639656476,0.99814564834315
1.0,0.0297764970525298,0.998173038688578
1.0,0.0297770222652667,0.998200024455392
1.0,0.0297775397201665,0.998226611619561
1.0,0.0297780495318187,0.998252806068784
1.0,0.0297785518131208,0.998278613603794
1.0,0.0297790466753027,0.998304039939642
1.0,0.0297795342279505,0.998329090706961
1.0,0.0297800145790326,0.998353771453219
1.0,0.0297804878349226,0.998378087643938
1.0,0.0297809541004213,0.998402044663913
1.0,0.0297814134787839,0.998425647818402
1.0,0.0297818660717388,0.998448902334296
1.0,0.0297823119795122,0.998471813361284
1.0,0.0297827513008497,0.998494385972988
1.0,0.0297831841330387,0.998516625168087
1.0,0.02978361057193,0.998538535871429
1.0,0.0297840307119572,0.998560122935114
1.0,0.0297844446461599,0.998581391139576
1.0,0.0297848524662037,0.998602345194633
1.0,0.0297852542623998,0.99862298974054
1.0,0.0297856501237261,0.998643329349009
1.0,0.0297860401378449,0.998663368524224
1.0,0.0297864243911243,0.998683111703839
1.0,0.0297868029686577,0.99870256325996
1.0,0.0297871759542796,0.998721727500113
1.0,0.0297875434305881,0.998740608668198
1.0,0.0297879054789598,0.998759210945431
1.0,0.0297882621795702,0.998777538451264
1.0,0.0297886136114105,0.998795595244304
1.0,0.0297889598523047,0.99881338532321
1.0,0.0297893009789274,0.998830912627573
1.0,0.0297896370668207,0.998848181038798
1.0,0.0297899681904115,0.998865194380955
1.0,0.0297902944230259,0.99888195642163
1.0,0.0297906158369083,0.99889847087276
1.0,0.0297909325032353,0.998914741391451
1.0,0.0297912444921318,0.998930771580794
1.0,0.0297915518726881,0.998946564990655
1.0,0.0297918547129732,0.998962125118468
1.0,0.0297921530800511,0.998977455410007
1.0,0.0297924470399937,0.998992559260149
1.0,0.0297927366578992,0.999007440013624
1.0,0.0297930219979026,0.99902210096576
1.0,0.0297933031231925,0.999036545363209
1.0,0.0297935800960238,0.999050776404666
1.0,0.0297938529777311,0.999064797241581
1.0,0.029794121828745,0.999078610978853
1.0,0.0297943867086012,0.999092220675519
1.0,0.0297946476759579,0.999105629345432
1.0,0.029794904788605,0.999118839957927
1.0,0.0297951581034805,0.999131855438481
1.0,0.0297954076766809,0.999144678669357
1.0,0.0297956535634736,0.999157312490246
1.0,0.0297958958183098,0.999169759698894
1.0,0.0297961344948368,0.999182023051722
1.0,0.0297963696459091,0.999194105264437
0.0,-0.140303398676399,0.9714654094250703
0.0,-0.133326368441783,0.9140003473448153
0.0,-0.113168052514985,0.7799898207239513
0.0,-0.0871927366181244,0.6139876980094763
0.0,-0.0606504290369201,0.5028660352535177
0.0,-0.0368650057781028,0.2997318409068413
0.0,-0.0175763068146244,0.2364263158205697
0.0,-0.0033377331767523,0.0938028847622953
0.0,0.0060982361961374,0.036329097995280196
0.0,0.0114471280072979,0.003828880685506901
0.0,0.0136311468556228,0.045950800653751
0.0,0.0135928425416012,-0.0096049678862348
0.0,0.0121771117672764,0.0539006346137591
0.0,0.0100694063548254,0.0103797958994137
0.0,0.0077760466813404,0.023234719862502203
0.0,0.0056329643560891,0.03499457542270849
0.0,0.0038310621415569,0.044555091145833
0.0,0.0024489176818606,0.1069717196310219
0.0,0.0014862177336814,0.055845916176405594
0.0,0.000893733929057,0.057953156390899194
0.0,0.0005976454808482,0.1137644315887637
0.0,0.0005175085022168,0.1128195182967477
0.0,0.0005781807253431,0.1110623566535264
0.0,0.0007166004245409,0.1088770502515125
0.0,0.0008845792931826,0.1065539407247594
0.0,0.0010487952493039,0.0488099942756514
0.0,0.0011890486607302,0.1022065663241195
0.0,0.0012956450538603,0.0448729209409314
0.0,0.0013665420302627,0.0432608407887729
0.0,0.001404683681098,0.0973490612226281
0.0,0.0014157632105947,0.0961381075361205
0.0,0.0014065130283775,0.0950666034794554
0.0,0.0013835221877541,0.03861231805934
0.0,0.0013525193952721,0.037702351116780206
0.0,0.0013180287899224,0.0368278675387534
0.0,0.0012832972960022,0.0914503940858089
0.0,0.0012503989847548,0.0351138797234615
0.0,0.0012204370583388,0.0342553811011518
0.0,0.0011937827758588,0.08887276802789759
0.0,0.0011703093476723,0.0880044750035204
0.0,0.0011495953422847,0.0316530533370598
0.0,0.0011310853777408,0.0862653973467179
0.0,0.0011142055077142,0.029920061994649298
0.0,0.0010984369959762,0.029063616723090803
0.0,0.0010833556396212,0.028217229601897903
0.0,0.0010686451147392,0.0828637938749099
0.0,0.0010540926417114,0.0820419686487095
0.0,0.0010395741870367,0.0812334714194525
0.0,0.0010250349039275,0.0804384052347369
0.0,0.001010468906923,0.0796565836074149
0.0,0.0009959009995118,0.0234064435278604
0.0,0.00098137175133,0.0781311319884507
0.0,0.0009669263995981,0.021905381731669803
0.0,0.0009526074218975,0.07665354287038009
0.0,0.0009384502558735,0.0204504208547671
0.0,0.0009244814722894,0.019739274037281297
0.0,0.0009107186840345,0.07451982149050321
0.0,0.0008971715428498,0.018348236188732
0.0,0.0008838432942794,0.0731491267712399
0.0,0.0008707324969994,0.0169975391256073
0.0,0.0008578346429072,0.016336933985661703
0.0,0.0008451435260158,0.0711671867932708
0.0,0.0008326522952518,0.015044581307674797
0.0,0.0008203541878761,0.0698937969488086
0.0,0.0008082429788514,0.0692711176802205
0.0,0.0007963132013168,0.0686576216594985
0.0,0.0007845601991717,0.0680531850947933
0.0,0.0007729800692678,0.0674576818054556
0.0,0.0007615695418007,0.0668709839645205
0.0,0.0007503258362857,0.0662929629725135
0.0,0.0007392465191692,0.010242291132129697
0.0,0.0007283293790545,0.009681239080981001
0.0,0.0007175723273905,0.06460968048650731
0.0,0.0007069733265212,0.0640650924462495
0.0,0.0006965303430705,0.06352855160819179
0.0,0.0006862413224402,0.007518738411746301
0.0,0.0006761041793376,0.06247913215891
0.0,0.0006661167992965,0.006484820043409598
0.0,0.0006562770467903,0.005979285519831998
0.0,0.0006465827764257,0.0054812172779981
0.0,0.0006370318446864,0.0604717041927746
0.0,0.000627622120591,0.0599882393556243
0.0,0.0006183514943747,0.004030715870486097
0.0,0.0006092178838781,0.0590426259639711
0.0,0.0006002192387156,0.0030990691833762997
0.0,0.0005913535425245,0.058124739984788204
0.0,0.0005826188137141,0.0576759400770763
0.0,0.0005740131051431,0.057233769325756204
0.0,0.0005655345031243,0.0567981298592763
0.0,0.0005571811260799,0.0008877260532548989
0.0,0.0005489511230888,0.0559460603912012
0.0,0.0005408426724923,0.0555294416983521
0.0,0.0005328539806524,-0.00036222229787469945
0.0,0.0005249832809059,0.0547145750156069
0.0,0.0005172288327167,-0.001165052631054899
0.0,0.0005095889210082,-0.0015575959571554991
0.0,0.000502061855641,-0.0019443410764847999
0.0,0.0004946459710005,0.0531558255343162
0.0,0.0004873396256589,0.0527804211409634
0.0,0.0004801412020812,0.052410561783104395
0.0,0.0004730491063532,0.0243055659673292
0.0,0.0004660617679141,0.023946552173858
0.0,0.0004591776392851,0.0235928413128478
0.0,0.0004523951957871,0.0232443550566579
0.0,0.0004457129352469,0.0229010162346794
0.0,0.0004391293776943,0.0225627488160755
0.0,0.0004326430650494,0.0222294778928533
0.0,0.000426252560806,0.0219011296632439
0.0,0.0004199564497127,0.0215776314153674
0.0,0.0004137533374546,0.0212589115111646
0.0,0.0004076418503373,0.020944899370577
0.0,0.0004016206349755,0.0206355254559627
0.0,0.0003956883579868,0.0203307212567392
0.0,0.00038984370569,0.0200304192742461
0.0,0.0003840853838108,0.0197345530068227
0.0,0.0003784121171919,0.0194430569350988
0.0,0.000372822649509,0.0191558665074953
0.0,0.0003673157429917,0.0188729181259332
0.0,0.0003618901781495,0.0185941491317509
0.0,0.0003565447535019,0.0183194977918257
0.0,0.0003512782853129,0.0180489032848998
0.0,0.0003460896073295,0.0177823056881076
0.0,0.0003409775705242,0.0175196459637021
0.0,0.0003359410428407,0.017260865945978
0.0,0.000330978908944,0.0170059083283882
0.0,0.0003260900699734,0.0167547166508523
0.0,0.0003212734432994,0.016507235287252
0.0,0.0003165279622843,0.0162634094331122
0.0,0.0003118525760455,0.0160231850934651
0.0,0.0003072462492234,0.0157865090708924
0.0,0.0003027079617516,0.0155533289537455
0.0,0.0002982367086311,0.0153235931045395
0.0,0.0002938314997076,0.015097250648518
0.0,0.0002894913594526,0.0148742514623874
0.0,0.0002852153267467,0.0146545461632175
0.0,0.0002810024546673,0.0144380860975059
0.0,0.0002768518102783,0.0142248233304034
0.0,0.0002727624744244,0.0140147106350996
0.0,0.0002687335415265,0.013807701482364
0.0,0.0002647641193817,0.0136037500302425
0.0,0.0002608533289659,0.0134028111139058
0.0,0.0002570003042388,0.0132048402356471
0.0,0.0002532041919521,0.0130097935550288
0.0,0.000249464151461,0.0128176278791737
0.0,0.0002457793545374,0.0126283006532001
0.0,0.0002421489851871,0.0124417699507977
0.0,0.0002385722394686,0.0122579944649438
0.0,0.0002350483253155,0.0120769334987549
0.0,0.0002315764623608,0.0118985469564753
0.0,0.000228155881764,0.0117227953345974
0.0,0.0002247858260415,0.011549639713114
0.0,0.0002214655488979,0.0113790417468994
0.0,0.0002181943150614,0.0112109636572176
0.0,0.0002149714001209,0.011045368223357
0.0,0.0002117960903653,0.0108822187743871
0.0,0.0002086676826257,0.0107214791810381
0.0,0.0002055854841195,0.0105631138477005
0.0,0.0002025488122972,0.0104070877045418
0.0,0.0001995569946912,0.0102533661997406
0.0,0.0001966093687666,0.0101019152918355
0.0,0.0001937052817748,0.009952701442186
0.0,0.000190844090609,0.0098056916075459
0.0,0.0001880251616614,0.0096608532327458
0.0,0.0001852478706832,0.0095181542434836
0.0,0.0001825116026463,0.009377563039222
0.0,0.0001798157516072,0.0092390484861902
0.0,0.0001771597205725,0.0091025799104898
0.0,0.000174542921367,0.0089681270913017
0.0,0.0001719647745034,0.008835660254194
0.0,0.0001694247090538,0.0087051500645284
0.0,0.0001669221625234,0.0085765676209639
0.0,0.0001644565807261,0.0084498844490571
0.0,0.0001620274176613,0.0083250724949561
0.0,0.0001596341353936,0.008202104119188
0.0,0.0001572762039331,0.0080809520905386
0.0,0.0001549531011185,0.0079615895800217
0.0,0.0001526643125012,0.0078439901549379
0.0,0.0001504093312314,0.0077281277730214
0.0,0.0001481876579459,0.0076139767766724
0.0,0.0001459988006576,0.0075015118872759
0.0,0.0001438422746463,0.0073907081996032
0.0,0.0001417176023518,0.0072815411762972
0.0,0.0001396243132676,0.0071739866424382
0.0,0.0001375619438371,0.0070680207801905
0.0,0.0001355300373508,0.0069636201235281
0.0,0.0001335281438453,0.0068607615530382
0.0,0.0001315558200033,0.0067594222908011
0.0,0.0001296126290559,0.0066595798953464
0.0,0.0001276981406855,0.0065612122566833
0.0,0.0001258119309308,0.006464297591404
0.0,0.0001239535820926,0.0063688144378605
0.0,0.0001221226826416,0.0062747416514113
0.0,0.0001203188271271,0.0061820583997392
0.0,0.0001185416160872,0.006090744158238
0.0,0.0001167906559604,0.0060007787054674
0.0,0.0001150655589985,0.0059121421186746
0.0,0.0001133659431807,0.0058248147693832
0.0,0.0001116914321288,0.0057387773190457
0.0,0.0001100416550243,0.0056540107147614
0.0,0.0001084162465256,0.0055704961850572
0.0,0.0001068148466879,0.0054882152357305
0.0,0.0001052371008829,0.0054071496457537
0.0,0.0001036826597205,0.0053272814632392
0.0,0.0001021511789714,0.0052485930014642
0.0,0.0001006423194908,0.0051710668349534
0.0,9.91557471434132e-05,0.005094685795621
0.0,9.76911327293384e-05,0.0050194329689681
0.0,9.62481519113378e-05,0.0049452916903372
0.0,9.48264851428696e-05,0.0048722455412222
0.0,9.34258175973382e-05,0.0048002783456319
0.0,9.20458390984494e-05,0.0047293741665086
0.0,9.06862440514383e-05,0.0046595173021981
0.0,8.93467313754573e-05,0.0045906922829731
0.0,8.80270044368442e-05,0.0045228838676073
0.0,8.67267709835154e-05,0.0044560770400002
0.0,8.54457430801703e-05,0.0043902570058518
0.0,8.41836370445506e-05,0.0043254091893864
0.0,8.29401733846435e-05,0.0042615192301249
0.0,8.1715076736745e-05,0.0041985729797048
0.0,8.05080758045362e-05,0.0041365564987468
0.0,7.93189032989722e-05,0.0040754560537678
0.0,7.81472958790511e-05,0.0040152581141403
0.0,7.6992994093604e-05,0.0039559493490954
0.0,7.58557423237299e-05,0.0038975166247709
0.0,7.47352887262645e-05,0.003839947001303
0.0,7.36313851779358e-05,0.0037832277299607
0.0,7.25437872205123e-05,0.0037273462503225
0.0,7.14722540066035e-05,0.0036722901874948
0.0,7.0416548246327e-05,0.0036180473493719
0.0,6.9376436154775e-05,0.0035646057239357
0.0,6.83516874002491e-05,0.0035119534765959
0.0,6.73420750532464e-05,0.0034600789475691
0.0,6.63473755361937e-05,0.0034089706492967
0.0,6.53673685739597e-05,0.003358617263901
0.0,6.44018371450533e-05,0.0033090076406793
0.0,6.34505674335928e-05,0.0032601307936338
0.0,6.25133487819063e-05,0.0032119758990395
0.0,6.1589973643951e-05,0.0031645322930468
0.0,6.06802375392873e-05,0.0031177894693204
0.0,5.97839390078375e-05,0.0030717370767122
0.0,5.89008795652615e-05,0.0030263649169696
0.0,5.80308636589921e-05,0.0029816629424767
0.0,5.71736986249502e-05,0.0029376212540294
0.0,5.63291946448496e-05,0.0028942300986432
0.0,5.54971647042171e-05,0.0028514798673936
0.0,5.46774245508905e-05,0.0028093610932878
0.0,5.38697926543222e-05,0.0027678644491689
0.0,5.30740901652851e-05,0.0027269807456496
0.0,5.2290140876321e-05,0.0026867009290778
0.0,5.15177711827089e-05,0.0026470160795316
0.0,5.07568100440031e-05,0.0026079174088439
0.0,5.00070889461954e-05,0.0025693962586561
0.0,4.92684418643419e-05,0.0025314440985009
0.0,4.85407052258496e-05,0.0024940525239136
0.0,4.78237178742243e-05,0.0024572132545701
0.0,4.71173210333832e-05,0.0024209181324539
0.0,4.64213582725172e-05,0.0023851591200494
0.0,4.57356754714165e-05,0.0023499282985619
0.0,4.50601207863596e-05,0.0023152178661637
0.0,4.43945446164974e-05,0.0022810201362672
0.0,4.37387995707063e-05,0.0022473275358219
0.0,4.3092740434944e-05,0.0022141326036376
0.0,4.2456224140109e-05,0.0021814279887326
0.0,4.18291097303673e-05,0.0021492064487049
0.0,4.12112583318969e-05,0.0021174608481293
0.0,4.06025331221721e-05,0.0020861841569768
0.0,4.0002799299662e-05,0.0020553694490578
0.0,3.94119240539476e-05,0.0020250099004885
0.0,3.88297765363428e-05,0.0019950987881794
0.0,3.82562278309108e-05,0.0019656294883472
0.0,3.76911509259031e-05,0.0019365954750469
0.0,3.71344206856576e-05,0.0019079903187278
0.0,3.65859138228598e-05,0.0018798076848087
0.0,3.60455088712491e-05,0.0018520413322758
0.0,3.55130861587373e-05,0.0018246851123001
0.0,3.49885277808847e-05,0.0017977329668763
0.0,3.44717175748063e-05,0.0017711789274808
0.0,3.39625410934394e-05,0.0017450171137502
0.0,3.3460885580202e-05,0.001719241732179
0.0,3.29666399440168e-05,0.0016938470748367
0.0,3.24796947347196e-05,0.0016688275181039
0.0,3.19999421188252e-05,0.0016441775214267
0.0,3.15272758556265e-05,0.0016198916260899
0.0,3.10615912736956e-05,0.001595964454008
0.0,3.0602785247684e-05,0.0015723907065347
0.0,3.0150756175483e-05,0.001549165163289
0.0,2.97054039557487e-05,0.0015262826809993
0.0,2.92666299657081e-05,0.0015037381923646
0.0,2.88343370393393e-05,0.0014815267049322
0.0,2.84084294458337e-05,0.0014596432999922
0.0,2.7988812868418e-05,0.001438083131488
0.0,2.75753943834514e-05,0.0014168414249436
0.0,2.7168082439858e-05,0.001395913476406
0.0,2.67667868388416e-05,0.0013752946514035
0.0,2.63714187139271e-05,0.0013549803839196
0.0,2.59818905112702e-05,0.0013349661753816
0.0,2.55981159702681e-05,0.0013152475936645
0.0,2.52200101044635e-05,0.0012958202721098
0.0,2.48474891827201e-05,0.001276679908558
0.0,2.44804707106808e-05,0.0012578222643962
0.0,2.41188734125004e-05,0.0012392431636194
0.0,2.37626172128486e-05,0.0012209384919058
0.0,2.34116232191699e-05,0.0012029041957056
0.0,2.30658137042265e-05,0.0011851362813433
0.0,2.27251120888707e-05,0.0011676308141334
0.0,2.23894429251005e-05,0.001150383917509
0.0,2.20587318793368e-05,0.0011333917721636
0.0,2.17329057159814e-05,0.0011166506152047
0.0,2.14118922811733e-05,0.0011001567393213
0.0,2.10956204868412e-05,0.0010839064919623
0.0,2.07840202949301e-05,0.0010678962745279
0.0,2.04770227019181e-05,0.0010521225415728
0.0,2.01745597235205e-05,0.0010365818000208
0.0,1.98765643796284e-05,0.0010212706083913
0.0,1.95829706795027e-05,0.0010061855760376
0.0,1.92937136071335e-05,0.0009913233623954
0.0,1.90087291068487e-05,0.0009766806762436
0.0,1.87279540691428e-05,0.0009622542749751
0.0,1.84513263166812e-05,0.0009480409638788
0.0,1.81787845905529e-05,0.0009340375954324
0.0,1.79102685366819e-05,0.000920241068605
0.0,1.76457186924772e-05,0.0009066483281706
0.0,1.73850764736624e-05,0.0008932563640315
0.0,1.71282841612986e-05,0.0008800622105517
0.0,1.68752848890077e-05,0.0008670629459
0.0,1.66260226303686e-05,0.0008542556914033
0.0,1.63804421865251e-05,0.000841637610909
0.0,1.6138489173952e-05,0.0008292059101566
0.0,1.59001100124151e-05,0.0008169578361596
0.0,1.56652519131082e-05,0.000804890676595
0.0,1.54338628669554e-05,0.0007930017592033
0.0,1.52058916331067e-05,0.0007812884511968
0.0,1.49812877275717e-05,0.0007697481586758
0.0,1.47600014120605e-05,0.0007583783260551
0.0,1.45419836829561e-05,0.0007471764354975
0.0,1.43271862604686e-05,0.0007361400063564
0.0,1.41155615779407e-05,0.0007252665946264
0.0,1.39070627713112e-05,0.0007145537924022
0.0,1.37016436687464e-05,0.0007039992273454
0.0,1.34992587804087e-05,0.0006936005621589
0.0,1.32998632883805e-05,0.0006833554940695
0.0,1.31034130367467e-05,0.0006732617543178
0.0,1.29098645218085e-05,0.0006633171076561
0.0,1.27191748824571e-05,0.0006535193518531
0.0,1.25313018906779e-05,0.0006438663172064
0.0,1.23462039421998e-05,0.0006343558660618
1.0,0.170112163840047,-0.0271156136952196
1.0,0.163135182190822,0.030351944733511202
1.0,0.142976914131766,0.1643649308296683
1.0,0.117001645395602,0.3303694766909023
1.0,0.09045938427849,0.5524559251519267
1.0,0.0666740067974512,0.6446300732399393
1.0,0.0473853529355747,0.8189003140256377
1.0,0.0331468237331155,0.8505636298536493
1.0,0.0237108981392898,0.9080396660170243
1.0,0.0183620494605398,0.9405420994976663
1.0,0.0161780731075231,1.0093847613158087
1.0,0.016216419289161,0.9539802826905013
1.0,0.0176321913126819,1.0014391979508668
1.0,0.0197399373650436,0.9339997264196103
1.0,0.0220333370781532,0.9211468597180833
1.0,0.02417645885161,0.9093890310319424
1.0,0.0259783999316643,0.8998305122442363
1.0,0.0273605826828059,0.9483782495482757
1.0,0.0283233203568336,0.8885435930309002
1.0,0.0289158413300635,0.8864382625631653
1.0,0.0292119663978661,0.9415912672537207
1.0,0.0292921394551889,0.9425380342920037
1.0,0.0292315027778411,0.9442970223000887
1.0,0.0290931180993805,0.9464841280900097
1.0,0.02892517373419,0.9488090104261857
1.0,0.0287609917718746,0.8955923051485803
1.0,0.028620771852137,0.9531598522747667
1.0,0.0285142084559948,0.8995327947140973
1.0,0.0284433439891871,0.9011465452300473
1.0,0.0284052343677523,0.9580223688375337
1.0,0.0283941863945545,0.9592349439068917
1.0,0.0284034676669576,0.9603080453972087
1.0,0.0284264891385382,0.9058015063052893
1.0,0.028457522109532,0.9067130238391283
1.0,0.0284920424476318,0.9075890351048883
1.0,0.0285268032351238,0.9639304120305607
1.0,0.0285597304072525,0.9093060109332253
1.0,0.0285897207682497,0.9101659705425393
1.0,0.0286164030653082,0.9665124213730217
1.0,0.0286399040942742,0.9673821325431267
1.0,0.0286606452927545,0.9127725530578613
1.0,0.028679182048726,0.9691239839591497
1.0,0.028696088314448,0.9145082771887183
1.0,0.0287118828319948,0.9153660586553833
1.0,0.0287269898100304,0.9162137622349483
1.0,0.0287417255781395,0.9725308933253407
1.0,0.0287563029215303,0.9733539964067247
1.0,0.0287708458792115,0.9741637526161607
1.0,0.0287854093033972,0.9749600591848507
1.0,0.0287999990848944,0.9757431028746247
1.0,0.0288145904254808,0.9210320486154943
1.0,0.0288291427607099,0.9772709447324257
1.0,0.028843610858474,0.9225354653446693
1.0,0.0288579522462287,0.9787508539991256
1.0,0.0288721314912912,0.9239927120996393
1.0,0.0288861220277874,0.9247049765956963
1.0,0.0288999062476456,0.9808879286622247
1.0,0.0289134745038708,0.9260982005180614
1.0,0.0289268235555946,0.9822607771651417
1.0,0.0289399548487481,0.9274510195516293
1.0,0.028952872895972,0.9281126622276223
1.0,0.0289655839077256,0.9842458299810117
1.0,0.028978094739488,0.9294070442282103
1.0,0.0289904121583384,0.9855212191732607
1.0,0.0290025423935911,0.9861448760216277
1.0,0.0290144909163204,0.9867593351824477
1.0,0.0290262623867774,0.9873647206608557
1.0,0.0290378607122006,0.9879611588476367
1.0,0.029049289166424,0.9885487777767867
1.0,0.0290605505339021,0.9891277062517557
1.0,0.0290716472520989,0.9342168738205703
1.0,0.0290825815362661,0.9347788067440883
1.0,0.02909335547875,0.9908136315499397
1.0,0.0291039711209469,0.9913590746322917
1.0,0.0291144304999194,0.9918964578827477
1.0,0.0291247356738951,0.9369447026982073
1.0,0.0291348887317453,0.9929475250111857
1.0,0.0291448917914592,0.9379802444080823
1.0,0.0291547469920361,0.9384865726634333
1.0,0.0291644564822908,0.9389854229129503
1.0,0.029174022409109,0.9949581048051787
1.0,0.0291834469067931,0.9954423287187967
1.0,0.0291927320883798,0.9404382017179613
1.0,0.0292018800392519,0.9963894267923907
1.0,0.0292108928129704,0.9413713111570003
1.0,0.0292197724290266,0.9973087539174167
1.0,0.0292285208720942,0.9977582584724367
1.0,0.029237140092351,0.9982011234628277
1.0,0.0292456320064765,0.9986374469138787
1.0,0.0292539984989968,0.9435861262512003
1.0,0.0292622414237367,0.9994908541912307
1.0,0.0292703626052171,0.9999081270050417
1.0,0.0292783638398946,0.9448380371100713
1.0,0.0292862468972108,1.0007242730866648
1.0,0.0292940135204378,0.9456421279443233
1.0,0.0293016654273484,0.9460352875915903
1.0,0.0293092043107384,0.9464226399285003
1.0,0.0293166318388394,1.0022854699164006
1.0,0.0293239496556577,1.0026614637215796
1.0,0.0293311593812688,1.0030319037851516
1.0,0.0293382626120897,0.975656272554005
1.0,0.0293452609211466,0.976015850024856
1.0,0.0293521558583487,0.976370116237253
1.0,0.0293589489507675,0.976719149641819
1.0,0.0293656417029347,0.977063027530329
1.0,0.0293722355971444,0.977401826052994
1.0,0.0293787320937651,0.977735620235421
1.0,0.0293851326315586,0.978064483995253
1.0,0.0293914386279976,0.978388490158534
1.0,0.0293976514795868,0.9787077104758
1.0,0.0294037725621772,0.979022215637926
1.0,0.0294098032312784,0.979332075291733
1.0,0.0294157448223673,0.979637358055369
1.0,0.0294215986511865,0.979938131533473
1.0,0.0294273660140432,0.980234462332118
1.0,0.0294330481880969,0.980526416073544
1.0,0.0294386464316443,0.98081405741068
1.0,0.0294441619843986,0.981097450041458
1.0,0.0294495960677661,0.981376656722919
1.0,0.0294549498851131,0.981651739285111
1.0,0.0294602246220343,0.981922758644786
1.0,0.0294654214466135,0.982189774818891
1.0,0.0294705415096828,0.982452846937868
1.0,0.0294755859450753,0.982712033258747
1.0,0.0294805558698772,0.982967391178049
1.0,0.0294854523846748,0.983218977244502
1.0,0.0294902765737979,0.983466847171561
1.0,0.0294950295055578,0.983711055849748
1.0,0.0294997122324876,0.983951657358806
1.0,0.0295043257915728,0.984188704979678
1.0,0.0295088712044806,0.984422251206303
1.0,0.0295133494777891,0.984652347757239
1.0,0.0295177616032056,0.984879045587121
1.0,0.0295221085577915,0.985102394897939
1.0,0.029526391304175,0.985322445150158
1.0,0.0295306107907649,0.98553924507367
1.0,0.0295347679519626,0.985752842678585
1.0,0.0295388637083669,0.985963285265863
1.0,0.0295428989669779,0.986170619437788
1.0,0.0295468746213996,0.986374891108291
1.0,0.0295507915520361,0.986576145513112
1.0,0.029554650626288,0.986774427219823
1.0,0.0295584526987427,0.986969780137693
1.0,0.0295621986113652,0.987162247527416
1.0,0.0295658891936839,0.987351872010689
1.0,0.029569525262974,0.987538695579648
1.0,0.0295731076244394,0.987722759606172
1.0,0.0295766370713899,0.987904104851041
1.0,0.029580114385418,0.988082771472963
1.0,0.0295835403365712,0.988258799037469
1.0,0.0295869156835225,0.988432226525675
1.0,0.0295902411737388,0.98860309234291
1.0,0.0295935175436468,0.988771434327225
1.0,0.0295967455187947,0.988937289757772
1.0,0.0295999258140136,0.989100695363058
1.0,0.0296030591335772,0.989261687329076
1.0,0.0296061461713557,0.989420301307325
1.0,0.0296091876109701,0.989576572422699
1.0,0.029612184125944,0.989730535281268
1.0,0.0296151363798525,0.989882223977941
1.0,0.0296180450264685,0.990031672104016
1.0,0.0296209107099097,0.990178912754621
1.0,0.0296237340647771,0.990323978536039
1.0,0.0296265157163011,0.990466901572931
1.0,0.029629256280475,0.990607713515448
1.0,0.0296319563641931,0.990746445546245
1.0,0.0296346165653867,0.990883128387379
1.0,0.0296372374731542,0.991017792307119
1.0,0.0296398196678931,0.991150467126645
1.0,0.0296423637214271,0.991281182226652
1.0,0.0296448701971348,0.991409966553858
1.0,0.029647339650072,0.991536848627414
1.0,0.029649772627097,0.991661856545218
1.0,0.0296521696669891,0.99178501799014
1.0,0.0296545313005705,0.991906360236148
1.0,0.029656858050823,0.992025910154352
1.0,0.0296591504330024,0.992143694218952
1.0,0.0296614089547542,0.992259738513103
1.0,0.0296636341162257,0.992374068734688
1.0,0.0296658264101768,0.992486710202013
1.0,0.0296679863220881,0.992597687859408
1.0,0.0296701143302704,0.992707026282756
1.0,0.0296722109059682,0.992814749684934
1.0,0.0296742765134663,0.992920881921172
1.0,0.0296763116101912,0.993025446494339
1.0,0.0296783166468129,0.993128466560149
1.0,0.0296802920673445,0.993229964932282
1.0,0.029682238309241,0.993329964087445
1.0,0.0296841558034953,0.993428486170343
1.0,0.0296860449747343,0.993525552998585
1.0,0.0296879062413129,0.993621186067516
1.0,0.0296897400154075,0.993715406554974
1.0,0.029691546703104,0.993808235325987
1.0,0.0296933267044928,0.993899692937385
1.0,0.0296950804137524,0.993989799642357
1.0,0.0296968082192397,0.994078575394937
1.0,0.0296985105035761,0.994166039854419
1.0,0.0297001876437302,0.994252212389713
1.0,0.0297018400111029,0.994337112083635
1.0,0.0297034679716093,0.99442075773713
1.0,0.0297050718857592,0.994503167873437
1.0,0.0297066521087384,0.994584360742194
1.0,0.0297082089904845,0.994664354323473
1.0,0.0297097428757682,0.994743166331767
1.0,0.0297112541042659,0.994820814219909
1.0,0.0297127430106385,0.994897315182941
1.0,0.0297142099246022,0.994972686161919
1.0,0.0297156551710034,0.995046943847666
1.0,0.0297170790698904,0.995120104684464
1.0,0.0297184819365841,0.995192184873704
1.0,0.0297198640817482,0.995263200377464
1.0,0.0297212258114568,0.995333166922053
1.0,0.0297225674272636,0.995402100001485
1.0,0.0297238892262681,0.995470014880917
1.0,0.0297251915011809,0.995536926600027
1.0,0.02972647454039,0.995602849976341
1.0,0.0297277386280224,0.99566779960852
1.0,0.0297289840440091,0.995731789879592
1.0,0.0297302110641466,0.995794834960132
1.0,0.0297314199601566,0.995856948811405
1.0,0.0297326109997482,0.995918145188457
1.0,0.0297337844466754,0.99597843764316
1.0,0.0297349405607974,0.996037839527212
1.0,0.0297360795981341,0.996096363995097
1.0,0.0297372018109237,0.996154024006996
1.0,0.0297383074476794,0.996210832331655
1.0,0.0297393967532436,0.996266801549217
1.0,0.0297404699688415,0.996321944054005
1.0,0.0297415273321353,0.996376272057266
1.0,0.0297425690772772,0.99642979758988
1.0,0.029743595434961,0.996482532505018
1.0,0.0297446066324716,0.996534488480769
1.0,0.0297456028937382,0.996585677022728
1.0,0.0297465844393816,0.996636109466544
1.0,0.0297475514867638,0.996685796980426
1.0,0.0297485042500369,0.996734750567621
1.0,0.0297494429401888,0.996782981068847
1.0,0.0297503677650919,0.996830499164698
1.0,0.0297512789295471,0.996877315378005
1.0,0.0297521766353315,0.996923440076166
1.0,0.0297530610812407,0.996968883473448
1.0,0.0297539324631342,0.997013655633241
1.0,0.0297547909739788,0.997057766470292
1.0,0.0297556368038905,0.997101225752899
1.0,0.0297564701401776,0.997144043105072
1.0,0.029757291167382,0.997186228008668
1.0,0.0297581000673182,0.997227789805489
1.0,0.0297588970191174,0.997268737699349
1.0,0.0297596821992629,0.997309080758117
1.0,0.0297604557816322,0.997348827915718
1.0,0.0297612179375342,0.997387987974118
1.0,0.029761968835748,0.997426569605269
1.0,0.0297627086425587,0.997464581353033
1.0,0.0297634375217959,0.99750203163507
1.0,0.0297641556348689,0.997538928744704
1.0,0.029764863140803,0.99757528085276
1.0,0.0297655601962754,0.997611096009374
1.0,0.0297662469556474,0.997646382145774
1.0,0.0297669235710019,0.997681147076036
1.0,0.0297675901921737,0.997715398498817
1.0,0.0297682469667861,0.997749143999057
1.0,0.0297688940402812,0.997782391049661
1.0,0.0297695315559521,0.997815147013152
1.0,0.0297701596549769,0.997847419143304
1.0,0.029770778476446,0.997879214586745
1.0,0.0297713881573978,0.997910540384542
1.0,0.0297719888328454,0.997941403473758
1.0,0.0297725806358076,0.997971810688993
1.0,0.0297731636973388,0.998001768763889
1.0,0.0297737381465564,0.998031284332633
1.0,0.0297743041106726,0.998060363931413
1.0,0.0297748617150191,0.998089013999875
1.0,0.029775411083077,0.998117240882547
1.0,0.0297759523365029,0.998145050830242
1.0,0.0297764855951572,0.998172450001441
1.0,0.0297770109771291,0.998199444463663
1.0,0.0297775285987645,0.998226040194802
1.0,0.0297780385746893,0.998252243084453
1.0,0.0297785410178375,0.998278058935219
1.0,0.0297790360394747,0.998303493463991
1.0,0.0297795237492229,0.998328552303219
1.0,0.0297800042550844,0.998353241002156
1.0,0.0297804776634678,0.998377565028087
1.0,0.0297809440792078,0.998401529767541
1.0,0.0297814036055923,0.998425140527486
1.0,0.0297818563443826,0.998448402536497
1.0,0.029782302395837,0.998471320945922
1.0,0.029782741858734,0.998493900831017
1.0,0.0297831748303909,0.998516147192075
1.0,0.0297836014066901,0.998538064955528
1.0,0.0297840216820953,0.99855965897504
1.0,0.0297844357496768,0.998580934032585
1.0,0.0297848437011297,0.9986018948395
1.0,0.0297852456267933,0.998622546037534
1.0,0.0297856416156743,0.998642892199873
1.0,0.0297860317554641,0.998662937832151
1.0,0.0297864161325587,0.998682687373453
1.0,0.0297867948320776,0.998702145197294
1.0,0.0297871679378838,0.998721315612586
1.0,0.0297875355326014,0.9987402028646
1.0,0.0297878976976331,0.998758811135894
1.0,0.0297882545131807,0.998777144547253
1.0,0.0297886060582597,0.99879520715859
1.0,0.0297889524107204,0.99881300296985
1.0,0.0297892936472617,0.998830535921896
1.0,0.0297896298434503,0.998847809897383
1.0,0.029789961073736,0.998864828721613
1.0,0.0297902874114697,0.998881596163386
1.0,0.0297906089289186,0.998898115935835
1.0,0.0297909256972824,0.998914391697245
1.0,0.0297912377867091,0.998930427051867
1.0,0.0297915452663104,0.998946225550713
1.0,0.0297918482041775,0.998961790692342
1.0,0.0297921466673952,0.998977125923639
1.0,0.0297924407220584,0.998992234640573
1.0,0.0297927304332848,0.999007120188955
0.0,-0.140306984134769,0.9712811862776123
0.0,-0.133329900939894,0.9138188453293643
0.0,-0.113171532835105,0.7798109996470803
0.0,-0.0871961655309674,0.6138115182714503
0.0,-0.0606538073018141,0.5026924578395258
0.0,-0.0368683341431617,0.2995608273783503
0.0,-0.017579586016911,0.2362578283068187
0.0,-0.0033409639424422,0.0936368859519063
0.0,0.0060950531515948,0.0361655511279947
0.0,0.0114439919790206,0.003667749544047798
0.0,0.0136280571491406,0.0457920495558007
0.0,0.0135897984727023,-0.009761374095935998
0.0,0.0121741126618545,0.0537465386563205
0.0,0.0100664515487322,0.010227976069853803
0.0,0.0077731355202374,0.023085142540483397
0.0,0.0056300961953027,0.034847207484493894
0.0,0.0038282363459359,0.044409899956951604
0.0,0.0024461336256356,0.1068286730390414
0.0,0.0014834748003261,0.055704982503812506
0.0,0.0008910315111518,0.05781430442808359
0.0,0.0005949829799456,0.1136276305871079
0.0,0.0005148853287089,0.1126847379618174
0.0,0.0005755962983308,0.1109295671383615
0.0,0.0007140541717057,0.108746222150018
0.0,0.0008820706506595,0.1064250450651932
0.0,0.0010463236615568,0.048683002514208595
0.0,0.001186613580429,0.1020814503386112
0.0,0.0012932459417587,0.044749653024557606
0.0,0.0013641783550798,0.0431393936439865
0.0,0.0014023549194006,0.0972294079550897
0.0,0.0014134688466812,0.0960202216487429
0.0,0.0014042525541633,0.0949504588665359
0.0,0.0013812951026596,0.038497889000779204
0.0,0.0013503252061118,0.0375896122723864
0.0,0.0013158670107954,0.036716793942630804
0.0,0.001281167448185,0.0913409611408296
0.0,0.0012483005965947,0.035006063195817505
0.0,0.0012183696651499,0.034149157114989497
0.0,0.0011917459198194,0.08876811306002949
0.0,0.0011683025777228,0.08790136587821659
0.0,0.0011476182140282,0.0315514672209157
0.0,0.001129137453344,0.0861653117435976
0.0,0.0011122863558115,0.029821454740703898
0.0,0.0010965461915734,0.028966465981850202
0.0,0.0010814927640018,0.0281215138594351
0.0,0.0010668097553714,0.0827694919350768
0.0,0.0010522843921566,0.0819490596284432
0.0,0.0010377926468604,0.08114193474415049
0.0,0.0010232796786094,0.0803482206337011
0.0,0.0010087396077701,0.0795677311093627
0.0,0.0009941972435729,0.023318903456501797
0.0,0.0009796931613103,0.0780448849581311
0.0,0.0009652726037755,0.021820408643077403
0.0,0.0009509780540406,0.07656982490631581
0.0,0.0009368449551607,0.020367939475978203
0.0,0.0009228998832285,0.019658010978355303
0.0,0.0009091604563844,0.0744397587558233
0.0,0.0008956363315425,0.0182693560484919
0.0,0.0008823307593442,0.0730714117575175
0.0,0.0008692423034869,0.0169209720284966
0.0,0.0008563664608159,0.016261497849461397
0.0,0.000843697030218,0.07109286491273001
0.0,0.0008312271654229,0.014971357224293103
0.0,0.0008189501084225,0.0698216544471916
0.0,0.0008068596388412,0.0692000407844891
0.0,0.0007949502944108,0.0685875946297507
0.0,0.0007832174235557,0.0679841924236188
0.0,0.0007716571275855,0.0673897082145017
0.0,0.0007602661410883,0.0668040144011087
0.0,0.0007490416879063,0.0662269826063062
0.0,0.0007379813387496,0.010177285351845797
0.0,0.0007270828864218,0.009617193491160601
0.0,0.0007163442465103,0.0645465809043235
0.0,0.0007057633854363,0.0640029248983678
0.0,0.0006953382738409,0.0634673023276757
0.0,0.0006850668610833,0.007458393835008598
0.0,0.0006749470657702,0.0624196789227092
0.0,0.0006649767772771,0.006426244981890698
0.0,0.0006551538638622,0.005921575661610702
0.0,0.0006454761838612,0.005424359843288401
0.0,0.0006359415974319,0.0604156865905589
0.0,0.0006265479772125,0.059933049180865
0.0,0.0006172932170041,0.003976340901378397
0.0,0.0006081752381612,0.0589890541592367
0.0,0.0005991919937594,0.0030462886795969008
0.0,0.000590341470847,0.058072739093778
0.0,0.0005816216911929,0.0576247072832941
0.0,0.0005730307109664,0.0571832932837551
0.0,0.0005645666197422,0.056748399391191
0.0,0.0005562275391556,0.0008387301463269985
0.0,0.0005480116214515,0.055897788195339804
0.0,0.0005399170480902,0.0554818825237315
0.0,0.0005319420285072,-0.0004090789831824003
0.0,0.0005240847990667,0.0546684104432495
0.0,0.0005163436222156,-0.0012105353135568007
0.0,0.0005087167858165,-0.0016024068218929016
0.0,0.0005012026026251,-0.001988490046775499
0.0,0.0004937994098799,0.0531123286817304
0.0,0.0004865055689634,0.0527375667737513
0.0,0.0004793194651099,0.052368340411212605
0.0,0.0004722395071333,0.0242639682408805
0.0,0.0004652641271608,0.0239055688810805
0.0,0.0004583917803617,0.0235524633780356
0.0,0.0004516209446659,0.0232045735381608
0.0,0.000444950120471,0.022861822322923
0.0,0.0004383778303391,0.0225241338316104
0.0,0.0004319026186855,0.0221914332844328
0.0,0.0004255230514624,0.0218636470059303
0.0,0.0004192377158403,0.0215407024086668
0.0,0.0004130452198905,0.0212225279771882
0.0,0.0004069441922697,0.0209090532522304
0.0,0.0004009332819089,0.0206002088151616
0.0,0.0003950111577074,0.0202959262726515
0.0,0.0003891765082326,0.0199961382415601
0.0,0.0003834280414253,0.0197007783340406
0.0,0.0003777644843105,0.0194097811428558
0.0,0.0003721845827142,0.019123082226903
0.0,0.0003666871009841,0.018840618096948
0.0,0.0003612708217171,0.0185623262015663
0.0,0.0003559345454889,0.018288144913288
0.0,0.0003506770905893,0.0180180135149479
0.0,0.0003454972927615,0.0177518721862352
0.0,0.0003403940049443,0.0174896619904431
0.0,0.000335366097019,0.0172313248614136
0.0,0.0003304124555592,0.0169768035906773
0.0,0.0003255319835851,0.0167260418147819
0.0,0.0003207236003201,0.0164789840028106
0.0,0.0003159862409517,0.0162355754440834
0.0,0.0003113188563961,0.0159957622360419
0.0,0.0003067204130656,0.0157594912723125
0.0,0.0003021898926394,0.0155267102309468
0.0,0.0002977262918387,0.0152973675628343
0.0,0.0002933286222038,0.0150714124802884
0.0,0.0002889959098756,0.0148487949457989
0.0,0.0002847271953799,0.0146294656609519
0.0,0.0002805215334144,0.014413376055513
