Setpoint,ControllerOutput,PlantOutput
0.0,0.0,0.0
0.0,0.0,0.0
0.0,0.0,0.0
0.0,0.0,0.0
0.0,0.0,0.0
0.0,0.0,0.0
0.0,0.0,0.0
0.0,0.0,0.0
0.0,0.0,0.0
0.0,0.0,0.0
0.0,0.0,0.0
0.0,0.0,0.0
0.0,0.0,0.0
0.0,0.0,0.0
0.0,0.0,0.0
0.0,0.0,0.0
0.0,0.0,0.0
0.0,0.0,0.0
0.0,0.0,0.0
0.0,0.0,0.0
0.0,0.0,0.0
0.0,0.0,0.0
0.0,0.0,0.0
0.0,0.0,0.0
0.0,0.0,0.0
0.0,0.0,0.0
0.0,0.0,0.0
0.0,0.0,0.0
0.0,0.0,0.0
0.0,0.0,0.0
0.0,0.0,0.0
0.0,0.0,0.0
0.0,0.0,0.0
0.0,0.0,0.0
0.0,0.0,0.0
0.0,0.0,0.0
0.0,0.0,0.0
0.0,0.0,0.0
0.0,0.0,0.0
0.0,0.0,0.0
0.0,0.0,0.0
0.0,0.0,0.0
0.0,0.0,0.0
0.0,0.0,0.0
0.0,0.0,0.0
0.0,0.0,0.0
0.0,0.0,0.0
0.0,0.0,0.0
0.0,0.0,0.0
0.0,0.0,0.0
0.0,0.0,0.0
0.0,0.0,0.0
0.0,0.0,0.0
0.0,0.0,0.0
0.0,0.0,0.0
0.0,0.0,0.0
0.0,0.0,0.0
0.0,0.0,0.0
0.0,0.0,0.0
0.0,0.0,0.0
0.0,0.0,0.0
0.0,0.0,0.0
0.0,0.0,0.0
0.0,0.0,0.0
0.0,0.0,0.0
0.0,0.0,0.0
0.0,0.0,0.0
0.0,0.0,0.0
0.0,0.0,0.0
0.0,0.0,0.0
0.0,0.0,0.0
0.0,0.0,0.0
0.0,0.0,0.0
0.0,0.0,0.0
0.0,0.0,0.0
0.0,0.0,0.0
0.0,0.0,0.0
0.0,0.0,0.0
0.0,0.0,0.0
0.0,0.0,0.0
0.0,0.0,0.0
0.0,0.0,0.0
0.0,0.0,0.0
0.0,0.0,0.0
0.0,0.0,0.0
0.0,0.0,0.0
0.0,0.0,0.0
0.0,0.0,0.0
0.0,0.0,0.0
0.0,0.0,0.0
0.0,0.0,0.0
0.0,0.0,0.0
0.0,0.0,0.0
0.0,0.0,0.0
0.0,0.0,0.0
0.0,0.0,0.0
0.0,0.0,0.0
0.0,0.0,0.0
0.0,0.0,0.0
0.0,0.0,0.0
0.0,0.0,0.0
0.0,0.0,0.0
0.0,0.0,0.0
0.0,0.0,0.0
0.0,0.0,0.0
0.0,0.0,0.0
0.0,0.0,0.0
0.0,0.0,0.0
0.0,0.0,0.0
0.0,0.0,0.0
0.0,0.0,0.0
0.0,0.0,0.0
0.0,0.0,0.0
0.0,0.0,0.0
0.0,0.0,0.0
0.0,0.0,0.0
0.0,0.0,0.0
0.0,0.0,0.0
0.0,0.0,0.0
0.0,0.0,0.0
0.0,0.0,0.0
0.0,0.0,0.0
0.0,0.0,0.0
0.0,0.0,0.0
0.0,0.0,0.0
0.0,0.0,0.0
0.0,0.0,0.0
0.0,0.0,0.0
0.0,0.0,0.0
0.0,0.0,0.0
0.0,0.0,0.0
0.0,0.0,0.0
0.0,0.0,0.0
0.0,0.0,0.0
0.0,0.0,0.0
0.0,0.0,0.0
0.0,0.0,0.0
0.0,0.0,0.0
0.0,0.0,0.0
0.0,0.0,0.0
0.0,0.0,0.0
0.0,0.0,0.0
0.0,0.0,0.0
0.0,0.0,0.0
0.0,0.0,0.0
0.0,0.0,0.0
0.0,0.0,0.0
0.0,0.0,0.0
0.0,0.0,0.0
0.0,0.0,0.0
0.0,0.0,0.0
0.0,0.0,0.0
0.0,0.0,0.0
0.0,0.0,0.0
0.0,0.0,0.0
0.0,0.0,0.0
0.0,0.0,0.0
0.0,0.0,0.0
0.0,0.0,0.0
0.0,0.0,0.0
0.0,0.0,0.0
0.0,0.0,0.0
0.0,0.0,0.0
0.0,0.0,0.0
0.0,0.0,0.0
0.0,0.0,0.0
0.0,0.0,0.0
0.0,0.0,0.0
0.0,0.0,0.0
0.0,0.0,0.0
0.0,0.0,0.0
0.0,0.0,0.0
0.0,0.0,0.0
0.0,0.0,0.0
0.0,0.0,0.0
0.0,0.0,0.0
0.0,0.0,0.0
0.0,0.0,0.0
0.0,0.0,0.0
0.0,0.0,0.0
0.0,0.0,0.0
0.0,0.0,0.0
0.0,0.0,0.0
0.0,0.0,0.0
0.0,0.0,0.0
0.0,0.0,0.0
0.0,0.0,0.0
0.0,0.0,0.0
0.0,0.0,0.0
0.0,0.0,0.0
0.0,0.0,0.0
0.0,0.0,0.0
0.0,0.0,0.0
0.0,0.0,0.0
0.0,0.0,0.0
0.0,0.0,0.0
0.0,0.0,0.0
0.0,0.0,0.0
0.0,0.0,0.0
0.0,0.0,0.0
0.0,0.0,0.0
0.0,0.0,0.0
0.0,0.0,0.0
0.0,0.0,0.0
0.0,0.0,0.0
0.0,0.0,0.0
0.0,0.0,0.0
0.0,0.0,0.0
0.0,0.0,0.0
0.0,0.0,0.0
0.0,0.0,0.0
0.0,0.0,0.0
0.0,0.0,0.0
0.0,0.0,0.0
0.0,0.0,0.0
0.0,0.0,0.0
0.0,0.0,0.0
0.0,0.0,0.0
0.0,0.0,0.0
0.0,0.0,0.0
0.0,0.0,0.0
0.0,0.0,0.0
0.0,0.0,0.0
0.0,0.0,0.0
0.0,0.0,0.0
0.0,0.0,0.0
0.0,0.0,0.0
0.0,0.0,0.0
0.0,0.0,0.0
0.0,0.0,0.0
0.0,0.0,0.0
0.0,0.0,0.0
0.0,0.0,0.0
0.0,0.0,0.0
0.0,0.0,0.0
0.0,0.0,0.0
0.0,0.0,0.0
0.0,0.0,0.0
0.0,0.0,0.0
0.0,0.0,0.0
0.0,0.0,0.0
0.0,0.0,0.0
0.0,0.0,0.0
0.0,0.0,0.0
0.0,0.0,0.0
0.0,0.0,0.0
0.0,0.0,0.0
0.0,0.0,0.0
0.0,0.0,0.0
0.0,0.0,0.0
0.0,0.0,0.0
0.0,0.0,0.0
0.0,0.0,0.0
0.0,0.0,0.0
0.0,0.0,0.0
1.0,0.1701,0.011272257193922997
1.0,0.163123198021,0.019977138687171936
1.0,0.142965106978289,0.2105505721397556
1.0,0.116990012643787,0.3534847953346411
1.0,0.0904479233522777,0.5195520955091365
1.0,0.0666627151588314,0.6681746713423434
1.0,0.0473742280840264,0.7950754565040865
1.0,0.0331358632050521,0.8840066921216436
1.0,0.0237000995075146,0.9430703471204351
1.0,0.0183514103337071,0.9641818187218901
1.0,0.0161675911296097,0.9766790674121241
1.0,0.0162060921389443,0.981190266685576
1.0,0.0176220167032256,0.973175820412789
1.0,0.0197299130431912,0.9575774835977117
1.0,0.0220234608240295,0.9433760856303267
1.0,0.0241667284781294,1.0073901216045962
1.0,0.025968813284046,1.0645401166226094
1.0,0.027351137638097,1.070152095253761
1.0,0.0283140148234391,1.0189418627538038
1.0,0.0289066732472834,0.9746185242889398
1.0,0.0292029337354378,0.9410118301479135
1.0,0.0292832402128392,0.91434018593273
1.0,0.0292227349848425,0.898600921027999
1.0,0.0290844798141147,0.888582531209307
1.0,0.0289166630437181,0.8848803570325174
1.0,0.0287526067915135,0.8851103612772422
1.0,0.0286125107250415,0.8857362212069564
1.0,0.0285060693527475,0.8885826683981003
1.0,0.028435325107392,0.8933500788412836
1.0,0.0283973339316368,0.8982902879839404
1.0,0.0283864026545756,0.9034203560469237
1.0,0.0283957988994141,0.9088508466899387
1.0,0.0284189336451903,0.9140213564502715
1.0,0.0284500782172241,0.91811047115137
1.0,0.0284847085079212,0.9216812019203198
1.0,0.0285195776239175,0.9248480313991506
1.0,0.0285526115244472,0.9273628436450182
1.0,0.0285827070373765,0.9294840432970676
1.0,0.0286094929331839,0.931227185684182
1.0,0.0286330960306571,0.9326169074009479
1.0,0.0286539377900061,0.9338973058934369
1.0,0.0286725736214777,0.9351415269166922
1.0,0.0286895774992701,0.936417996339722
1.0,0.0287054681870749,0.9376271701622574
1.0,0.0287206699148521,0.9388189818799655
1.0,0.0287354990331687,0.9400328250204361
1.0,0.0287501683479054,0.9412607568114482
1.0,0.0287648019184379,0.9423631530322257
1.0,0.0287794546170461,0.9435641453171166
1.0,0.0287941323543068,0.9448462137419584
1.0,0.0288088103514756,0.9460705854498261
1.0,0.0288234480632963,0.9472142228740089
1.0,0.0288380002765669,0.9482537992542516
1.0,0.0288524245373709,0.950726237190074
1.0,0.0288666854313777,0.951453489640756
1.0,0.0288807564107945,0.952169887345572
1.0,0.0288946198853628,0.952875712394743
1.0,0.0289082662256388,0.953571195434241
1.0,0.0289216922080457,0.954256525653977
1.0,0.0289348992955512,0.954931861577926
1.0,0.0289478920175803,0.955597341093228
1.0,0.0289606766011286,0.95625308983744
1.0,0.0289732599179677,0.956899227589444
1.0,0.0289856487512294,0.957535872677557
1.0,0.0289978493460417,0.958163144645167
1.0,0.0290098671890602,0.958781165526855
1.0,0.0290217069558873,0.959390060116494
1.0,0.0290333725688856,0.95998995558196
1.0,0.0290448673167889,0.96058098072286
1.0,0.029056193998733,0.961163265096944
1.0,0.0290673550666465,0.961736938170519
1.0,0.0290783527500296,0.962302128586388
1.0,0.0290891891552703,0.962858963593547
1.0,0.0290998663375961,0.963407568647117
1.0,0.0291103863476969,0.963948067163796
1.0,0.0291207512572285,0.964480580405477
1.0,0.029130963168289,0.965005227458999
1.0,0.0291410242119017,0.965522125280881
1.0,0.0291509365399061,0.966031388780052
1.0,0.0291607023137677,0.966533130917349
1.0,0.0291703236928365,0.967027462806606
1.0,0.0291798028236949,0.967514493807684
1.0,0.0291891418314774,0.967994331606367
1.0,0.0291983428134863,0.96846708227946
1.0,0.0292074078350271,0.968932850345756
1.0,0.0292163389271605,0.969391738804886
1.0,0.0292251380859603,0.969843849166713
1.0,0.0292338072728353,0.970289281473934
1.0,0.0292423484155291,0.97072813432037
1.0,0.0292507634094705,0.971160504866884
1.0,0.0292590541192244,0.971586488856412
1.0,0.0292672223798933,0.972006180629093
1.0,0.0292752699983603,0.972419673138038
1.0,0.0292831987543378,0.972827057965999
1.0,0.0292910104012181,0.973228425342924
1.0,0.0292987066667443,0.973623864164284
1.0,0.0293062892535358,0.974013462009955
1.0,0.0293137598395021,0.974397305163428
1.0,0.0293211200781849,0.974775478631152
1.0,0.0293283715990531,0.975148066161808
1.0,0.0293355160077795,0.975515150265396
1.0,0.0293425548865098,0.975876812232043
1.0,0.0293494897941362,0.976233132150467
1.0,0.0293563222665829,0.976584188926081
1.0,0.0293630538171015,0.976930060298734
1.0,0.0293696859365782,0.977270822860092
1.0,0.0293762200938463,0.977606552070695
1.0,0.0293826577360072,0.977937322276698
1.0,0.0293890002887514,0.978263206726324
1.0,0.0293952491566771,0.978584277586054
1.0,0.0294014057236125,0.978900605956564
1.0,0.0294074713529251,0.979212261888422
1.0,0.0294134473878331,0.97951931439756
1.0,0.0294193351517074,0.979821831480526
1.0,0.0294251359483699,0.98011988012951
1.0,0.0294308510623833,0.980413526347169
1.0,0.0294364817593393,0.980702835161231
1.0,0.0294420292861386,0.980987870638888
1.0,0.0294474948712664,0.981268695900988
1.0,0.0294528797250666,0.981545373136011
1.0,0.0294581850400057,0.981817963613846
1.0,0.02946341199094,0.982086527699367
1.0,0.0294685617353723,0.982351124865796
1.0,0.0294736354137091,0.982611813707882
1.0,0.0294786341495124,0.982868651954881
1.0,0.0294835590497486,0.983121696483336
1.0,0.0294884112050324,0.983371003329678
1.0,0.02949319168987,0.983616627702631
1.0,0.0294979015628949,0.983858623995445
1.0,0.0295025418671042,0.984097045797934
1.0,0.0295071136300886,0.984331945908349
1.0,0.0295116178642598,0.984563376345065
1.0,0.0295160555670759,0.984791388358102
1.0,0.0295204277212615,0.985016032440477
1.0,0.0295247352950248,0.98523735833938
1.0,0.0295289792422733,0.985455415067193
1.0,0.0295331605028251,0.985670250912345
1.0,0.029537280002615,0.985881913450002
1.0,0.0295413386539021,0.986090449552605
1.0,0.0295453373554702,0.986295905400251
1.0,0.0295492769928276,0.986498326490916
1.0,0.0295531584384023,0.986697757650531
1.0,0.0295569825517366,0.986894243042913
1.0,0.0295607501796762,0.98708782617954
1.0,0.0295644621565583,0.987278549929189
1.0,0.0295681193043964,0.987466456527428
1.0,0.0295717224330612,0.987651587585971
1.0,0.0295752723404621,0.987833984101892
1.0,0.0295787698127226,0.988013686466702
1.0,0.0295822156243537,0.988190734475297
1.0,0.0295856105384273,0.988365167334767
1.0,0.0295889553067428,0.988537023673081
1.0,0.0295922506699957,0.988706341547639
1.0,0.0295954973579409,0.988873158453703
1.0,0.0295986960895536,0.989037511332697
1.0,0.0296018475731901,0.989199436580388
1.0,0.0296049525067421,0.989358970054948
1.0,0.0296080115777946,0.989516147084894
1.0,0.0296110254637749,0.989671002476909
1.0,0.0296139948321055,0.989823570523554
1.0,0.0296169203403491,0.989973885010857
1.0,0.029619802636357,0.990121979225799
1.0,0.0296226423584103,0.990267885963686
1.0,0.0296254401353624,0.990411637535406
1.0,0.029628196586778,0.990553265774591
1.0,0.02963091232307,0.990692802044661
1.0,0.0296335879456358,0.990830277245773
1.0,0.029636224046989,0.990965721821663
1.0,0.0296388212108909,0.991099165766385
1.0,0.0296413800124813,0.991230638630958
1.0,0.0296439010184038,0.991360169529905
1.0,0.0296463847869319,0.991487787147706
1.0,0.0296488318680945,0.991613519745142
1.0,0.0296512428037945,0.991737395165564
1.0,0.0296536181279308,0.991859440841048
1.0,0.0296559583665168,0.991979683798479
1.0,0.0296582640377958,0.99209815066553
1.0,0.0296605356523563,0.99221486767656
1.0,0.0296627737132444,0.992329860678427
1.0,0.0296649787160765,0.992443155136206
1.0,0.029667151149148,0.992554776138834
1.0,0.0296692914935421,0.99266474840466
1.0,0.0296714002232359,0.992773096286925
1.0,0.0296734778052052,0.992879843779149
1.0,0.0296755246995279,0.992985014520452
1.0,0.0296775413594872,0.993088631800779
1.0,0.0296795282316695,0.993190718566066
1.0,0.0296814857560659,0.993291297423318
1.0,0.0296834143661684,0.993390390645613
1.0,0.029685314489065,0.993488020177039
1.0,0.0296871865455361,0.993584207637551
1.0,0.0296890309501472,0.993678974327757
1.0,0.0296908481113387,0.99377234123364
1.0,0.0296926384315195,0.9938643290312
1.0,0.0296944023071539,0.993954958091036
1.0,0.0296961401288509,0.994044248482855
1.0,0.0296978522814486,0.994132219979918
1.0,0.0296995391441013,0.994218892063419
1.0,0.0297012010903628,0.994304283926797
1.0,0.02970283848827,0.994388414479989
1.0,0.0297044517004226,0.994471302353614
1.0,0.0297060410840644,0.994552965903103
1.0,0.0297076069911628,0.994633423212761
1.0,0.0297091497684863,0.994712692099772
1.0,0.0297106697576814,0.994790790118146
1.0,0.0297121672953482,0.994867734562605
1.0,0.0297136427131148,0.994943542472413
1.0,0.0297150963377102,0.995018230635151
1.0,0.0297165284910386,0.995091815590431
1.0,0.0297179394902487,0.995164313633563
1.0,0.0297193296478047,0.995235740819159
1.0,0.0297206992715555,0.995306112964695
1.0,0.0297220486648029,0.995375445654004
1.0,0.0297233781263684,0.995443754240736
1.0,0.0297246879506601,0.995511053851755
1.0,0.0297259784277371,0.995577359390487
1.0,0.0297272498433736,0.995642685540221
1.0,0.0297285024791241,0.995707046767364
1.0,0.0297297366123828,0.99577045732464
1.0,0.0297309525164473,0.995832931254248
1.0,0.0297321504605785,0.995894482390973
1.0,0.02973333071006,0.995955124365247
1.0,0.0297344935262562,0.996014870606171
1.0,0.0297356391666717,0.996073734344484
1.0,0.0297367678850078,0.996131728615499
1.0,0.0297378799312171,0.996188866261984
1.0,0.0297389755515614,0.996245159937011
1.0,0.0297400549886651,0.996300622106751
1.0,0.0297411184815679,0.996355265053243
1.0,0.0297421662657791,0.996409100877109
1.0,0.0297431985733299,0.996462141500233
1.0,0.0297442156328234,0.996514398668405
1.0,0.0297452176694859,0.996565883953918
1.0,0.029746204905218,0.996616608758134
1.0,0.0297471775586415,0.996666584314005
1.0,0.0297481358451497,0.996715821688565
1.0,0.029749079976954,0.996764331785376
1.0,0.0297500101631314,0.996812125346949
1.0,0.0297509266096709,0.996859212957114
1.0,0.0297518295195185,0.996905605043372
1.0,0.0297527190926221,0.996951311879202
1.0,0.0297535955259773,0.996996343586333
1.0,0.0297544590136694,0.997040710136988
1.0,0.0297553097469163,0.997084421356091
1.0,0.0297561479141122,0.997127486923446
1.0,0.0297569737008685,0.997169916375875
1.0,0.0297577872900543,0.997211719109335
1.0,0.0297585888618386,0.997252904380997
1.0,0.0297593785937282,0.997293481311294
1.0,0.0297601566606085,0.997333458885945
1.0,0.0297609232347817,0.997372845957939
1.0,0.0297616784860046,0.997411651249501
1.0,0.0297624225815269,0.997449883354023
1.0,0.029763155686128,0.99748755073796
1.0,0.0297638779621527,0.997524661742716
1.0,0.0297645895695486,0.997561224586482
1.0,0.0297652906659001,0.99759724736606
1.0,0.0297659814064646,0.997632738058658
1.0,0.029766661944205,0.997667704523649
1.0,0.0297673324298267,0.997702154504321
1.0,0.0297679930118075,0.997736095629583
1.0,0.0297686438364326,0.997769535415662
1.0,0.0297692850478262,0.997802481267763
1.0,0.0297699167879846,0.997834940481708
1.0,0.0297705391968051,0.997866920245556
1.0,0.02977115241212,0.997898427641191
1.0,0.0297717565697253,0.997929469645892
1.0,0.0297723518034103,0.997960053133876
1.0,0.0297729382449896,0.997990184877826
1.0,0.0297735160243302,0.998019871550382
1.0,0.02977408526938,0.998049119725627
1.0,0.0297746461061978,0.998077935880538
1.0,0.0297751986589805,0.998106326396421
1.0,0.0297757430500905,0.998134297560325
1.0,0.0297762794000827,0.998161855566433
1.0,0.0297768078277305,0.998189006517438
1.0,0.0297773284500547,0.998215756425888
1.0,0.0297778413823453,0.998242111215521
1.0,0.0297783467381918,0.998268076722577
1.0,0.0297788446295038,0.998293658697089
1.0,0.0297793351665396,0.998318862804159
1.0,0.0297798184579272,0.998343694625208
1.0,0.029780294610692,0.998368159659217
1.0,0.0297807637302765,0.998392263323941
1.0,0.0297812259205676,0.99841601095711
1.0,0.0297816812839162,0.998439407817613
1.0,0.029782129921162,0.998462459086658
1.0,0.0297825719316556,0.998485169868926
1.0,0.0297830074132799,0.998507545193692
1.0,0.0297834364624716,0.99852959001595
1.0,0.029783859174243,0.998551309217502
1.0,0.0297842756422033,0.998572707608041
1.0,0.0297846859585789,0.998593789926218
1.0,0.029785090214234,0.998614560840689
1.0,0.0297854884986901,0.998635024951152
1.0,0.0297858809001479,0.998655186789361
1.0,0.029786267505503,0.998675050820134
1.0,0.0297866484003697,0.998694621442338
1.0,0.0297870236690965,0.998713902989868
1.0,0.0297873933947856,0.998732899732601
1.0,0.0297877576593133,0.998751615877346
1.0,0.0297881165433453,0.99877005556877
1.0,0.0297884701263564,0.998788222890326
0.0,-0.140311181513354,1.000619334856839
0.0,-0.13333403631964,0.9704430911506924
0.0,-0.113175607131788,0.7871110663300411
0.0,-0.0872001796468356,0.6504778883275628
0.0,-0.0606577621257893,0.4818596586229165
0.0,-0.0368722305510349,0.33457043454788443
0.0,-0.0175834248715381,0.208319985909811
0.0,-0.0033447460939328,0.11232909480833744
0.0,0.0060913268656863,0.06524454089335818
0.0,0.011440320733513,0.0312197181860648
0.0,0.0136244401310406,0.0178656052616177
0.0,0.0135862348810244,0.020046032872525436
0.0,0.0121706017074461,0.02288321214877729
0.0,0.0100629924540956,0.04487229465698402
0.0,0.0077697275193598,0.060315845728875585
0.0,0.0056267385334861,-0.014913825822073803
0.0,0.0038249282796298,-0.07586825594460196
0.0,0.0024428744222722,-0.0710791093431863
0.0,0.0014802637381583,-0.015317042648429327
0.0,0.0008878678790933,0.03035700931791442
0.0,0.0005918660774139,0.06259946826501188
0.0,0.0005118144654689,0.0847863554541571
0.0,0.0005725707943432,0.10156434037113621
0.0,0.000711073356976,0.11017557488677147
0.0,0.0008791338650896,0.11311542511999854
0.0,0.0010434302547985,0.11569933778597048
0.0,0.0011837629117403,0.11716226730068005
0.0,0.0012904373798624,0.11537625732523468
0.0,0.0013614112780228,0.11113281440166174
0.0,0.0013996287144167,0.1051235612128501
0.0,0.0014107829100551,0.09940496835747478
0.0,0.0014016062910973,0.09419256241058058
0.0,0.0013786879271416,0.08936683356293783
0.0,0.0013477565407857,0.08534857700914299
0.0,0.001313336286833,0.08145531119394032
0.0,0.0012786741051603,0.07818824111202038
0.0,0.0012458440823592,0.07537383342172058
0.0,0.0012159494357116,0.07262017978126253
0.0,0.0011893614392209,0.07035797548115763
0.0,0.0011659533179234,0.06843565808750603
0.0,0.0011453036547869,0.06670498968002661
0.0,0.0011268570821041,0.06498754532893489
0.0,0.0011100396675873,0.06356001454020038
0.0,0.0010943326888383,0.06217738528240545
0.0,0.0010793119565779,0.06084177311224107
0.0,0.0010646611603213,0.05950245329710733
0.0,0.0010501675336762,0.058128842754617834
0.0,0.0010357070561736,0.05680057656091852
0.0,0.0010212248938644,0.05555223714914787
0.0,0.0010067151739371,0.05434254663462156
0.0,0.0009922027123433,0.05329205054358269
0.0,0.0009777280909971,0.052249036820983245
0.0,0.0009633365592162,0.051248972475526094
0.0,0.0009490706065001,0.05027376343484157
0.0,0.0009349656822369,0.0480119808170707
0.0,0.0009210483687582,0.0473034785665756
0.0,0.000907336290352,0.0466054323491733
0.0,0.0008938391099883,0.0459176132415073
0.0,0.0008805600842753,0.0452398337508357
0.0,0.0008674977827893,0.0445719370252835
0.0,0.0008546477081674,0.0439137868251142
0.0,0.0008420036650027,0.0432652591358394
0.0,0.0008295588126469,0.0426262357776709
0.0,0.0008173063986308,0.0419965999977685
0.0,0.0008052402080361,0.0413762338049464
0.0,0.000793354783971,0.040765016693901
0.0,0.0007816454801573,0.0401628253774453
0.0,0.0007701084031232,0.0395695341721377
0.0,0.0007587402925987,0.0389850157408769
0.0,0.0007475383774919,0.0384091419668164
0.0,0.0007365002335041,0.0378417848032698
0.0,0.0007256236583559,0.0372828170060858
0.0,0.0007149065724795,0.0367321127042599
0.0,0.0007043469470695,0.0361895478003103
0.0,0.0006939427574689,0.0356550002151229
0.0,0.0006836919576709,0.0351283500046331
0.0,0.0006735924708461,0.0346094793803634
0.0,0.0006636421908682,0.0340982726649785
0.0,0.0006538389904255,0.0335946162098383
0.0,0.0006441807322195,0.0330983982957794
0.0,0.0006346652807087,0.0326095090323023
0.0,0.0006252905127688,0.0321278402648091
0.0,0.0006160543263759,0.0316532854949765
0.0,0.0006069546469974,0.0311857398159202
0.0,0.0005979894317615,0.0307250998614894
0.0,0.0005891566717089,0.0302712637676649
0.0,0.0005804543925422,0.029824131143428
0.0,0.000571880654306,0.0293836030483932
0.0,0.0005634335503932,0.0289495819747731
0.0,0.0005551112062012,0.028521971831697
0.0,0.0005469117776807,0.0281006779304132
0.0,0.000538833449944,0.0276856069693991
0.0,0.000530874436024,0.027276667018816
0.0,0.0005230329758291,0.0268737675040724
0.0,0.0005153073352988,0.0264768191884874
0.0,0.0005076958057355,0.0260857341551866
0.0,0.0005001967032852,0.0257004257884364
0.0,0.0004928083685256,0.0253208087546441
0.0,0.0004855291661298,0.0249467989832319
0.0,0.0004783574845736,0.0245783136475655
0.0,0.0004712917358647,0.0242152711460706
0.0,0.000464330355277,0.023857591083629
0.0,0.00045747180108,0.0235051942533109
0.0,0.0004507145542578,0.0231580026184661
0.0,0.0004440571182173,0.0228159392951784
0.0,0.0004374980184855,0.0224789285350688
0.0,0.0004310358023986,0.02214689570843
0.0,0.0004246690387866,0.0218197672876681
0.0,0.0004183963176554,0.0214974708310288
0.0,0.0004122162498699,0.0211799349665882
0.0,0.0004061274668388,0.0208670893764921
0.0,0.0004001286202047,0.0205588647814299
0.0,0.0003942183815385,0.0202551929253347
0.0,0.0003883954420396,0.0199560065603022
0.0,0.0003826585122418,0.0196612394317243
0.0,0.0003770063217252,0.0193708262636336
0.0,0.0003714376188327,0.0190847027442589
0.0,0.0003659511703922,0.0188028055117871
0.0,0.0003605457614437,0.0185250721403321
0.0,0.0003552201949701,0.0182514411261089
0.0,0.0003499732916331,0.0179818518738098
0.0,0.0003448038895123,0.0177162446831816
0.0,0.0003397108438487,0.0174545607358018
0.0,0.0003346930267917,0.0171967420820496
0.0,0.0003297493271497,0.0169427316282714
0.0,0.0003248786501441,0.0166924731241348
0.0,0.0003200799171676,0.0164459111501719
0.0,0.0003153520655449,0.0162029911055055
0.0,0.0003106940482975,0.0159636591957581
0.0,0.0003061048339121,0.0157278624211392
0.0,0.0003015834061117,0.0154955485647088
0.0,0.0002971287636309,0.0152666661808144
0.0,0.0002927399199941,0.0150411645836986
0.0,0.0002884159032965,0.0148189938362751
0.0,0.0002841557559894,0.0146001047390705
0.0,0.0002799585346679,0.0143844488193295
0.0,0.0002758233098621,0.0141719783202802
0.0,0.0002717491658309,0.013962646190559
0.0,0.0002677352003596,0.0137564060737909
0.0,0.0002637805245599,0.013553212298324
0.0,0.0002598842626731,0.0133530198671154
0.0,0.0002560455518764,0.013155784447767
0.0,0.0002522635420912,0.0129614623627077
0.0,0.0002485373957957,0.0127700105795211
0.0,0.0002448662878387,0.0125813867014162
0.0,0.0002412494052572,0.0123955489578386
0.0,0.0002376859470967,0.0122124561952202
0.0,0.000234175124233,0.0120320678678662
0.0,0.0002307161591982,0.0118543440289758
0.0,0.0002273082860083,0.0116792453217966
0.0,0.0002239507499933,0.0115067329709084
0.0,0.0002206428076307,0.0113367687736371
0.0,0.0002173837263799,0.0111693150915944
0.0,0.0002141727845212,0.0110043348423428
0.0,0.0002110092709947,0.0108417914911838
0.0,0.000207892485244,0.0106816490430676
0.0,0.0002048217370601,0.0105238720346216
0.0,0.0002017963464291,0.0103684255262972
0.0,0.0001988156433816,0.0102152750946327
0.0,0.0001958789678441,0.01006438682463
0.0,0.0001929856694929,0.0099157273022442
0.0,0.0001901351076103,0.0097692636069845
0.0,0.0001873266509424,0.0096249633046233
0.0,0.0001845596775595,0.0094827944400141
0.0,0.0001818335747183,0.0093427255300151
0.0,0.0001791477387262,0.0092047255565171
0.0,0.0001765015748079,0.0090687639595747
0.0,0.0001738944969731,0.0089348106306387
0.0,0.0001713259278873,0.0088028359058887
0.0,0.0001687952987436,0.0086728105596643
0.0,0.0001663020491369,0.0085447057979926
0.0,0.0001638456269398,0.0084184932522121
0.0,0.0001614254881802,0.0082941449726907
0.0,0.000159041096921,0.0081716334226357
0.0,0.0001566919251413,0.0080509314719966
0.0,0.0001543774526196,0.0079320123914563
0.0,0.0001520971668185,0.0078148498465126
0.0,0.000149850562771,0.0076994178916462
0.0,0.0001476371429692,0.0075856909645751
0.0,0.0001454564172536,0.0074736438805938
0.0,0.0001433079027049,0.0073632518269964
0.0,0.0001411911235368,0.0072544903575815
0.0,0.0001391056109908,0.0071473353872389
0.0,0.0001370509032325,0.0070417631866159
0.0,0.000135026545249,0.0069377503768624
0.0,0.0001330320887485,0.0068352739244539
0.0,0.0001310670920607,0.0067343111360903
0.0,0.0001291311200392,0.0066348396536709
0.0,0.000127223743965,0.0065368374493432
0.0,0.0001253445414519,0.0064402828206246
0.0,0.0001234930963524,0.0063451543855967
0.0,0.000121668998666,0.00625143107817
0.0,0.0001198718444483,0.006159092143419
0.0,0.0001181012357213,0.0060681171329862
0.0,0.0001163567803858,0.0059784859005536
0.0,0.0001146380921338,0.0058901785973813
0.0,0.0001129447903638,0.0058031756679122
0.0,0.000111276500096,0.0057174578454413
0.0,0.0001096328518892,0.0056330061478492
0.0,0.0001080134817593,0.0055498018733985
0.0,0.0001064180310985,0.0054678265965922
0.0,0.000104846146596,0.0053870621640936
0.0,0.0001032974801598,0.0053074906907063
0.0,0.0001017716888392,0.005229094555413
0.0,0.0001002684347494,0.0051518563974743
0.0,9.8787384996489e-05,0.0050757591125832
0.0,9.73282116034993e-05,0.005000785849078
0.0,9.58905914380873e-05,0.0049269200042102
0.0,9.44742061408099e-05,0.0048541452204682
0.0,9.30787420546711e-05,0.0047824453819545
0.0,9.17038901556699e-05,0.0047118046108171
0.0,9.03493459843349e-05,0.0046422072637333
0.0,8.90148095783055e-05,0.0045736379284458
0.0,8.76999854059202e-05,0.0045060814203489
0.0,8.640458230081e-05,0.0044395227791269
0.0,8.51283133973396e-05,0.0043739472654403
0.0,8.38708960671439e-05,0.0043093403576624
0.0,8.26320518564905e-05,0.0042456877486629
0.0,8.14115064246904e-05,0.0041829753426403
0.0,8.02089894832506e-05,0.0041211892519997
0.0,7.90242347361025e-05,0.0040603157942781
0.0,7.785697982058e-05,0.0040003414891137
0.0,7.67069662493472e-05,0.0039412530552614
0.0,7.55739393531185e-05,0.0038830374076511
0.0,7.44576482243353e-05,0.0038256816544904
0.0,7.33578456615092e-05,0.0037691730944096
0.0,7.22742881145502e-05,0.0037134992136489
0.0,7.12067356308105e-05,0.0036586476832875
0.0,7.01549518019526e-05,0.0036046063565129
0.0,6.9118703711582e-05,0.0035513632659318
0.0,6.80977618836565e-05,0.0034989066209189
0.0,6.70919002317139e-05,0.0034472248050069
0.0,6.61008960087944e-05,0.0033963063733132
0.0,6.51245297580497e-05,0.0033461400500061
0.0,6.41625852642533e-05,0.0032967147258073
0.0,6.32148495058188e-05,0.003248019455532
0.0,6.22811126076844e-05,0.0032000434556651
0.0,6.13611677948295e-05,0.0031527761019732
0.0,6.04548113464637e-05,0.0031062069271516
0.0,5.95618425509176e-05,0.0030603256185068
0.0,5.86820636612265e-05,0.0030151220156724
0.0,5.78152798512907e-05,0.0029705861083594
0.0,5.6961299172778e-05,0.0029267080341389
0.0,5.61199325125813e-05,0.0028834780762589
0.0,5.52909935509771e-05,0.0028408866614916
0.0,5.44742987203112e-05,0.0027989243580142
0.0,5.36696671643924e-05,0.0027575818733197
0.0,5.28769206984345e-05,0.0027168500521596
0.0,5.20958837695873e-05,0.0026767198745159
0.0,5.1326383418062e-05,0.0026371824536039
0.0,5.05682492388318e-05,0.0025982290339046
0.0,4.98213133439118e-05,0.0025598509892249
0.0,4.90854103251323e-05,0.0025220398207884
0.0,4.83603772175878e-05,0.0024847871553524
0.0,4.76460534634612e-05,0.0024480847433544
0.0,4.69422808765281e-05,0.0024119244570848
0.0,4.62489036071115e-05,0.0023762982888871
0.0,4.55657681075645e-05,0.0023411983493848
0.0,4.48927230982631e-05,0.0023066168657342
0.0,4.42296195341148e-05,0.0022725461799029
0.0,4.35763105715511e-05,0.0022389787469742
0.0,4.29326515360047e-05,0.0022059071334764
0.0,4.22984998898791e-05,0.0021733240157362
0.0,4.16737152009738e-05,0.0021412221782573
0.0,4.10581591113908e-05,0.0021095945121225
0.0,4.04516953068992e-05,0.002078434013419
0.0,3.98541894867446e-05,0.0020477337816882
0.0,3.92655093339016e-05,0.0020174870183967
0.0,3.86855244857917e-05,0.0019876870254314
0.0,3.81141065053901e-05,0.0019583272036159
0.0,3.75511288528071e-05,0.0019294010512494
0.0,3.69964668572378e-05,0.0019009021626667
0.0,3.64499976893903e-05,0.0018728242268194
0.0,3.59116003342541e-05,0.001845161025879
0.0,3.53811555643124e-05,0.0018179064338595
0.0,3.48585459131433e-05,0.0017910544152608
0.0,3.43436556494055e-05,0.0017645990237324
0.0,3.38363707511995e-05,0.0017385344007562
0.0,3.33365788808375e-05,0.0017128547743496
0.0,3.28441693599434e-05,0.0016875544577871
0.0,3.23590331449616e-05,0.0016626278483408
0.0,3.18810628029999e-05,0.0016380694260398
0.0,3.14101524880456e-05,0.0016138737524481
0.0,3.09461979175057e-05,0.0015900354694597
0.0,3.04890963491525e-05,0.0015665492981127
0.0,3.00387465583321e-05,0.0015434100374196
0.0,2.9595048815563e-05,0.0015206125632161
0.0,2.9157904864463e-05,0.0014981518270262
0.0,2.87272178999751e-05,0.001476022854944
0.0,2.830289254694e-05,0.0014542207465324
0.0,2.78848348389538e-05,0.0014327406737382
0.0,2.74729521975992e-05,0.0014115778798222
0.0,2.70671534119034e-05,0.0013907276783065
0.0,2.66673486181614e-05,0.0013701854519367
0.0,2.62734492800336e-05,0.0013499466516586
0.0,2.58853681689378e-05,0.0013300067956119
0.0,2.55030193447303e-05,0.0013103614681368
0.0,2.51263181366753e-05,0.0012910063187969
0.0,2.47551811246947e-05,0.001271937061415
0.0,2.43895261208965e-05,0.0012531494731248
0.0,2.40292721513796e-05,0.001234639393435
0.0,2.36743394382843e-05,0.0012164027233085
0.0,2.33246493821469e-05,0.0011984354242543
0.0,2.29801245444812e-05,0.0011807335174333
0.0,2.26406886306325e-05,0.0011632930827774
0.0,2.23062664728817e-05,0.0011461102581212
0.0,2.19767840138069e-05,0.0011291812383466
0.0,2.16521682898704e-05,0.0011125022745404
0.0,2.13323474152673e-05,0.001096069673164
0.0,2.10172505660123e-05,0.0010798797952357
0.0,2.07068079642481e-05,0.0010639290555244
0.0,2.0400950862795e-05,0.001048213921756
0.0,2.00996115299265e-05,0.0010327309138309
0.0,1.98027232343693e-05,0.0010174766030539
0.0,1.95102202305356e-05,0.0010024476113742
0.0,1.92220377439444e-05,0.0009876406106378
0.0,1.89381119569017e-05,0.0009730523218504
0.0,1.86583799943428e-05,0.0009586795144511
0.0,1.83827799099291e-05,0.0009445190055972
0.0,1.81112506723174e-05,0.0009305676594593
0.0,1.78437321516484e-05,0.0009168223865268
0.0,1.75801651062391e-05,0.0009032801429238
0.0,1.73204911694449e-05,0.0008899379297351
0.0,1.70646528367593e-05,0.000876792792342
0.0,1.68125934530521e-05,0.0008638418197679
0.0,1.65642572000496e-05,0.0008510821440339
0.0,1.63195890839542e-05,0.0008385109395237
0.0,1.60785349232768e-05,0.0008261254223574
1.0,0.170115841041337,0.012086180043698597
1.0,0.163138805076732,0.020779039206703834
1.0,0.142980483504581,0.2113406279090496
1.0,0.117005162045756,0.3542631813106961
1.0,0.090462848984741,0.5203189840646885
1.0,0.0666774203270546,0.6689302323040365
1.0,0.0473887160444532,0.7958198571900804
1.0,0.0331501371660258,0.8847400973786685
1.0,0.0237141626299882,0.9437929193602961
1.0,0.0183652657319441,0.9648937179574302
1.0,0.016181241871873,0.977380451292662
1.0,0.016219541248176,0.981881290531816
1.0,0.0176352671577168,0.973856637251217
1.0,0.0197429677772407,0.9582482441944826
1.0,0.022036322728594,0.9440369385246528
1.0,0.0241794004014636,1.0080412131416383
1.0,0.0259812980323338,1.0651815909858873
1.0,0.0273634379760727,1.0707840944970801
1.0,0.0283261334749991,1.019564526832717
1.0,0.0289186128960898,0.9752319910917348
1.0,0.0292146970255133,0.9416162355261535
1.0,0.0292948297491517,0.914935663731335
1.0,0.0292341533338822,0.8991876031148851
1.0,0.0290957295044626,0.889160547504592
1.0,0.028927746566606,0.8854498355372855
1.0,0.0287635266013756,0.8856714281018943
1.0,0.0286232692400581,0.8862890005991374
1.0,0.0285166689553801,0.8891272827702104
1.0,0.0284457681449113,0.8938866487975876
1.0,0.0284076227166419,0.8988189323472774
1.0,0.028396539465507,0.9039411918850188
1.0,0.0284057859810578,0.9093639893413267
1.0,0.0284287732091748,0.9145269195498394
1.0,0.02845977244251,0.918608566655522
1.0,0.0284942595412843,0.9221719401317678
1.0,0.0285289875804242,0.9253315209913426
1.0,0.0285618824879217,0.9278391916862052
1.0,0.0285918410608641,0.9299533552740086
1.0,0.0286184920394039,0.931689565525509
1.0,0.0286419622124519,0.9330724575001779
1.0,0.0286626730107824,0.9343461271316489
1.0,0.0286811798156401,0.9355837186848652
1.0,0.028698056572652,0.9368536565607479
1.0,0.0287138220173571,0.9380563953126213
1.0,0.0287289003519819,0.9392418670111145
1.0,0.0287436078997672,0.9404494637798281
1.0,0.0287581574396722,0.9416712414632882
1.0,0.028772673004549,0.9427675744778957
1.0,0.0287872094405452,0.9439625931153096
1.0,0.028801772632491,0.9452387761285105
1.0,0.0288163377762765,0.9464573493572551
1.0,0.0288308643016537,0.9475952739507649
1.0,0.028845306970799,0.9486292218836846
1.0,0.0288596233055374,0.951096114509121
1.0,0.0288737778676376,0.951817903558352
1.0,0.0288877440857602,0.952528918560786
1.0,0.0289015043464476,0.953229440414651
1.0,0.0289150489973993,0.953919698591531
1.0,0.0289283747925193,0.954599881124298
1.0,0.0289414831725887,0.955270145396977
1.0,0.0289543786451743,0.955930628173595
1.0,0.0289670674157363,0.956581453985188
1.0,0.0289795563348281,0.95722274152046
1.0,0.0289918521646768,0.957854608033652
1.0,0.0290039611298154,0.958477172009943
1.0,0.0290158886966083,0.959090554441333
1.0,0.0290276395206659,0.959694879094516
1.0,0.0290392175046545,0.960290272125361
1.0,0.0290506259179037,0.960876861336413
1.0,0.0290618675404295,0.961454775303094
1.0,0.029072944805324,0.962024142523886
1.0,0.0290838599235297,0.962585090688067
1.0,0.0290946149831504,0.963137746105191
1.0,0.0291052120214004,0.963682233304812
1.0,0.0291156530712213,0.964218674791734
1.0,0.0291259401867834,0.964747190929426
1.0,0.029136075452957,0.965267899919571
1.0,0.029146060983793,0.96578091784661
1.0,0.0291558989144087,0.966286358760272
1.0,0.0291655913897935,0.966784334774889
1.0,0.0291751405530662,0.96727495617029
1.0,0.0291845485348168,0.96775833148465
1.0,0.029193817444424,0.968234567594206
1.0,0.0292029493636674,0.968703769778174
1.0,0.0292119463425582,0.969166041769534
1.0,0.0292208103970895,0.96962148579372
1.0,0.0292295435084893,0.970070202597823
1.0,0.0292381476235397,0.970512291473046
1.0,0.0292466246555758,0.970947850272808
1.0,0.0292549764858274,0.971376975428508
1.0,0.0292632049648731,0.971799761964395
1.0,0.0292713119140344,0.972216303512534
1.0,0.0292792991266164,0.972626692328424
1.0,0.0292871683689548,0.973031019307506
1.0,0.0292949213812634,0.973429374002571
1.0,0.0293025598783001,0.973821844641936
1.0,0.0293100855498918,0.974208518148175
1.0,0.0293175000613433,0.974589480157188
1.0,0.0293248050537798,0.974964815037397
1.0,0.0293320021444359,0.975334605908881
1.0,0.0293390929269302,0.975698934662323
1.0,0.0293460789715334,0.97605788197768
1.0,0.0293529618254378,0.976411527342514
1.0,0.0293597430130399,0.976759949069962
1.0,0.0293664240362346,0.977103224316343
1.0,0.0293730063747182,0.977441429098415
1.0,0.029379491486301,0.9777746383103
1.0,0.0293858808072234,0.9781029257401
1.0,0.029392175752474,0.978426364086232
1.0,0.02939837771611,0.97874502497349
1.0,0.0294044880715711,0.979058978968864
1.0,0.0294105081719924,0.979368295597118
1.0,0.0294164393505092,0.979673043356149
1.0,0.0294222829205593,0.97997328973212
1.0,0.0294280401761777,0.980269101214376
1.0,0.0294337123922852,0.980560543310156
1.0,0.029439300824974,0.980847680559086
1.0,0.0294448067117845,0.981130576547468
1.0,0.0294502312719818,0.981409293922363
1.0,0.0294555757068247,0.981683894405461
1.0,0.0294608411998285,0.981954438806758
1.0,0.0294660289170312,0.982220987038025
1.0,0.0294711400072474,0.982483598126075
1.0,0.0294761756023234,0.982742330225844
1.0,0.0294811368173884,0.982997240633268
1.0,0.0294860247510993,0.983248385797971
1.0,0.0294908404858845,0.983495821335773
1.0,0.0294955850881855,0.983739602041001
1.0,0.0295002596086893,0.983979781898623
1.0,0.0295048650825636,0.984216414096208
1.0,0.0295094025296867,0.9844495510357
1.0,0.0295138729548714,0.984679244345021
1.0,0.029518277348088,0.984905544889508
1.0,0.0295226166846849,0.985128502783173
1.0,0.0295268919256033,0.985348167399802
1.0,0.029531104017591,0.985564587383888
1.0,0.0295352538934106,0.985777810661405
1.0,0.0295393424720474,0.985987884450418
1.0,0.029543370658913,0.986194855271541
1.0,0.0295473393460453,0.98639876895824
1.0,0.0295512494123054,0.986599670666982
1.0,0.0295551017235731,0.986797604887233
1.0,0.0295588971329386,0.986992615451314
1.0,0.0295626364808914,0.987184745544104
1.0,0.0295663205955059,0.987374037712604
1.0,0.0295699502926257,0.987560533875362
1.0,0.0295735263760428,0.987744275331751
1.0,0.0295770496376775,0.987925302771119
1.0,0.029580520857752,0.988103656281798
1.0,0.0295839408049638,0.98827937535998
1.0,0.0295873102366577,0.988452498918465
1.0,0.0295906298989901,0.988623065295279
1.0,0.0295939005270964,0.988791112262162
1.0,0.0295971228452541,0.988956677032935
1.0,0.0296002975670415,0.989119796271736
1.0,0.029603425395498,0.989280506101147
1.0,0.0296065070232774,0.989438842110184
1.0,0.0296095431328034,0.989594839362187
1.0,0.0296125343964184,0.98974853240258
1.0,0.029615481476535,0.98989995526652
1.0,0.029618385025781,0.990049141486437
1.0,0.0296212456871436,0.990196124099459
1.0,0.0296240640941139,0.990340935654728
1.0,0.0296268408708251,0.990483608220606
1.0,0.0296295766321906,0.990624173391779
1.0,0.0296322719840425,0.990762662296254
1.0,0.0296349275232635,0.990899105602247
1.0,0.0296375438379197,0.991033533524984
1.0,0.0296401215073909,0.991165975833382
1.0,0.0296426611025005,0.991296461856648
1.0,0.0296451631856371,0.991425020490771
1.0,0.0296476283108862,0.991551680204922
1.0,0.029650057024146,0.991676469047758
1.0,0.0296524498632529,0.991799414653633
1.0,0.0296548073580982,0.991920544248721
1.0,0.0296571300307467,0.992039884657039
1.0,0.0296594183955519,0.992157462306392
1.0,0.02966167295927,0.992273303234224
1.0,0.0296638942211713,0.992387433093383
1.0,0.0296660826731516,0.992499877157804
1.0,0.0296682387998417,0.992610660328104
1.0,0.0296703630787136,0.992719807137096
1.0,0.0296724559801862,0.992827341755223
1.0,0.0296745179677307,0.992933287995912
1.0,0.0296765494979716,0.993037669320842
1.0,0.0296785510207891,0.993140508845145
1.0,0.0296805229794184,0.993241829342525
1.0,0.0296824658105479,0.993341653250294
1.0,0.0296843799444149,0.993440002674351
1.0,0.0296862658049026,0.99353689939407
1.0,0.0296881238096329,0.993632364867123
1.0,0.0296899543700586,0.993726420234239
1.0,0.0296917578915554,0.993819086323876
1.0,0.0296935347735114,0.99391038365684
1.0,0.0296952854094152,0.994000332450826
1.0,0.0296970101869429,0.994088952624899
1.0,0.0296987094880454,0.9941762638039
1.0,0.0297003836890302,0.994262285322796
1.0,0.0297020331606477,0.99434703623096
1.0,0.0297036582681716,0.994430535296388
1.0,0.0297052593714802,0.99451280100986
1.0,0.0297068368251359,0.994593851589028
1.0,0.0297083909784646,0.994673704982456
1.0,0.0297099221756316,0.994752378873592
1.0,0.0297114307557187,0.994829890684685
1.0,0.0297129170527994,0.994906257580641
1.0,0.0297143813960128,0.994981496472827
1.0,0.0297158241096358,0.995055624022815
1.0,0.0297172455131562,0.995128656646071
1.0,0.0297186459213419,0.99520061051559
1.0,0.029720025644312,0.99527150156548
1.0,0.0297213849876046,0.995341345494487
1.0,0.0297227242522446,0.995410157769474
1.0,0.0297240437348112,0.995477953628844
1.0,0.0297253437275022,0.995544748085919
1.0,0.0297266245181991,0.995610555932259
1.0,0.0297278863905324,0.995675391740939
1.0,0.0297291296239417,0.995739269869781
1.0,0.02973035449374,0.995802204464526
1.0,0.0297315612711735,0.995864209461974
1.0,0.0297327502234817,0.995925298593064
1.0,0.0297339216139567,0.995985485385918
1.0,0.0297350757020018,0.996044783168837
1.0,0.0297362127431882,0.996103205073251
1.0,0.0297373329893125,0.996160764036628
1.0,0.0297384366884523,0.996217472805338
1.0,0.0297395240850207,0.996273343937476
1.0,0.0297405954198202,0.996328389805645
1.0,0.0297416509300967,0.996382622599693
1.0,0.0297426908495924,0.996436054329414
1.0,0.0297437154085953,0.996488696827206
1.0,0.0297447248339939,0.996540561750694
1.0,0.0297457193493238,0.99659166058531
1.0,0.0297466991748194,0.996642004646836
1.0,0.0297476645274621,0.996691605083909
1.0,0.0297486156210283,0.996740472880493
1.0,0.0297495526661362,0.996788618858309
1.0,0.029750475870294,0.996836053679232
1.0,0.0297513854379441,0.996882787847652
1.0,0.0297522815705091,0.996928831712799
1.0,0.0297531644664368,0.996974195471039
1.0,0.029754034321243,0.997018889168126
1.0,0.0297548913275572,0.997062922701432
1.0,0.0297557356751614,0.997106305822134
1.0,0.0297565675510365,0.99714904813738
1.0,0.0297573871393995,0.997191159112407
1.0,0.029758194621748,0.997232648072647
1.0,0.0297589901768978,0.997273524205785
1.0,0.0297597739810238,0.997313796563796
1.0,0.0297605462076989,0.997353474064951
1.0,0.0297613070279314,0.997392565495789
1.0,0.0297620566102046,0.997431079513066
1.0,0.0297627951205119,0.99746902464567
1.0,0.0297635227223962,0.997506409296508
1.0,0.0297642395769846,0.997543241744373
1.0,0.0297649458430227,0.997579530145769
1.0,0.029765641676913,0.997615282536724
1.0,0.0297663272327471,0.997650506834567
1.0,0.0297670026623404,0.99768521083968
1.0,0.0297676681152665,0.997719402237228
1.0,0.029768323738889,0.997753088598859
1.0,0.0297689696783947,0.997786277384381
1.0,0.0297696060768269,0.997818975943416
1.0,0.0297702330751146,0.997851191517023
1.0,0.0297708508121062,0.997882931239308
1.0,0.029771459424599,0.997914202138998
1.0,0.0297720590473698,0.997945011140998
1.0,0.0297726498132038,0.99797536506793
1.0,0.0297732318529256,0.998005270641637
1.0,0.0297738052954279,0.998034734484678
1.0,0.0297743702676985,0.998063763121787
1.0,0.0297749268948502,0.998092362981327
1.0,0.0297754753001462,0.998120540396705
1.0,0.0297760156050317,0.998148301607779
1.0,0.0297765479291565,0.998175652762239
1.0,0.0297770723904023,0.99820259991697
1.0,0.0297775891049115,0.998229149039389
1.0,0.0297780981871094,0.998255306008771
1.0,0.0297785997497317,0.998281076617548
1.0,0.0297790939038491,0.998306466572595
1.0,0.0297795807588916,0.998331481496489
1.0,0.0297800604226719,0.998356126928759
1.0,0.0297805330014125,0.998380408327109
1.0,0.0297809985997641,0.998404331068628
1.0,0.0297814573208337,0.998427900450982
1.0,0.0297819092662039,0.998451121693584
1.0,0.0297823545359586,0.998473999938755
1.0,0.0297827932287014,0.998496540252856
1.0,0.0297832254415806,0.998518747627417
1.0,0.0297836512703094,0.998540626980236
1.0,0.029784070809187,0.998562183156472
1.0,0.0297844841511197,0.998583420929718
1.0,0.029784891387642,0.998604345003055
1.0,0.0297852926089357,0.998624960010096
1.0,0.0297856879038507,0.998645270516015
1.0,0.029786077359925,0.998665281018548
1.0,0.0297864610634027,0.998684995949002
1.0,0.0297868390992553,0.998704419673225
1.0,0.0297872115511977,0.99872355649258
1.0,0.0297875785017092,0.998742410644897
1.0,0.0297879400320511,0.998760986305406
1.0,0.0297882962222831,0.998779287587668
1.0,0.0297886471512838,0.998797318544481
1.0,0.0297889928967661,0.998815083168781
1.0,0.0297893335352941,0.998832585394527
1.0,0.0297896691423025,0.998849829097566
1.0,0.0297899997921107,0.998866818096498
1.0,0.0297903255579415,0.998883556153519
1.0,0.0297906465119346,0.998900046975254
1.0,0.0297909627251651,0.998916294213576
1.0,0.0297912742676585,0.99893230146642
1.0,0.0297915812084049,0.998948072278574
1.0,0.0297918836153765,0.998963610142467
1.0,0.0297921815555411,0.998978918498943
1.0,0.029792475094877,0.998994000738021
1.0,0.029792764298388,0.999008860199646
1.0,0.0297930492301184,0.999023500174431
1.0,0.0297933299531652,0.999037923904381
1.0,0.0297936065296949,0.999052134583617
1.0,0.0297938790209549,0.999066135359079
1.0,0.0297941474872878,0.999079929331221
1.0,0.0297944119881459,0.999093519554706
1.0,0.0297946725821019,0.999106909039073
1.0,0.0297949293268642,0.999120100749409
1.0,0.029795182279289,0.999133097607004
1.0,0.0297954314953917,0.999145902489999
1.0,0.0297956770303618,0.99915851823402
1.0,0.0297959189385726,0.99917094763281
1.0,0.0297961572735936,0.999183193438848
1.0,0.0297963920882045,0.999195258363952
1.0,0.0297966234344045,0.999207145079889
1.0,0.0297968513634255,0.999218856218957
1.0,0.0297970759257415,0.999230394374577
1.0,0.0297972971710818,0.999241762101861
1.0,0.0297975151484406,0.999252961918179
1.0,0.0297977299060894,0.999263996303719
1.0,0.0297979414915857,0.999274867702034
1.0,0.029798149951785,0.999285578520582
1.0,0.0297983553328505,0.999296131131264
1.0,0.0297985576802633,0.999306527870943
1.0,0.0297987570388336,0.999316771041967
1.0,0.0297989534527088,0.999326862912674
1.0,0.0297991469653847,0.999336805717899
1.0,0.0297993376197141,0.999346601659465
0.0,-0.140300474542082,1.001169465898364
0.0,-0.133323487499408,0.9709850962905303
0.0,-0.11316521412657,0.7876450655946461
0.0,-0.0871899401551122,0.6510039999704949
0.0,-0.0606476738800363,0.4823779991510335
0.0,-0.036862291317221,0.3350811187471384
0.0,-0.0175736324486304,0.208823126870667
0.0,-0.0033350983134103,0.11282480395081844
0.0,0.006100832140315,0.06573292799171988
0.0,0.01144968560718,0.0317008913931038
0.0,0.0136336666775871,0.0183396711326223
0.0,0.0135953251436598,0.020513096388871836
0.0,0.0121795576991988,0.02334337674117789
0.0,0.0100718161582604,0.04532566222839182
0.0,0.0077784208899366,0.060762516677050786
0.0,0.0056353034956124,-0.01447375258233101
0.0,0.0038333667300072,-0.07543468295954686
0.0,0.0024511882295863,-0.0706519405985485
0.0,0.001488454743493,-0.01489618354815063
0.0,0.0008959378963379,0.030771651972628322
0.0,0.0005998168936648,0.06300798629632998
0.0,0.0005196478414259,0.0851888393279574
0.0,0.000580288464699,0.1019608792170387
0.0,0.0007186770308004,0.11056625651787627
0.0,0.0008866252262078,0.11350033605233195
0.0,0.0010508109621646,0.11607856325764349
0.0,0.0011910345998037,0.11753589129076486
0.0,0.0012976016589308,0.11574436257236108
0.0,0.0013684697346182,0.11149548242234004
0.0,0.0014065829116265,0.1054808723195229
0.0,0.0014176343878789,0.09975700167630148
0.0,0.0014083565667873,0.09453939589896018
0.0,0.0013853384955393,0.08970854402677274
0.0,0.0013543088746522,0.0856852401198473
0.0,0.0013197918371755,0.08178700150519702
0.0,0.0012850343015535,0.07851503207629139
0.0,0.001252110333262,0.07569579740651287
0.0,0.0012221231287782,0.07293738808515364
0.0,0.0011954439416089,0.07067049834958464
0.0,0.0011719459765966,0.06874356472832133
0.0,0.0011512077968131,0.06700834827882401
0.0,0.0011326740149492,0.06528642306414909
0.0,0.0011157706794048,0.06385447759798388
0.0,0.0010999790487544,0.06246749887128505
0.0,0.0010848749149732,0.061127601477558476
0.0,0.0010701419491066,0.05978405973524603
0.0,0.0010555673665667,0.05840628962702003
0.0,0.0010410271289562,0.05707392530789512
0.0,0.0010264663846636,0.05582154830348437
0.0,0.0010118792434754,0.05460787983498286
0.0,0.0009972905041981,0.0535534645477202
0.0,0.0009827407318546,0.05250658951874645
0.0,0.0009682751591203,0.05150272090168229
0.0,0.0009539362590985,0.05052376378170637
0.0,0.0009397594650231,0.0482582884469513
0.0,0.0009257713433102,0.0475461480240315
0.0,0.0009119895025673,0.0468445173730942
0.0,0.0008984235903158,0.0461531667770142
0.0,0.0008850768479434,0.0454719079610051
0.0,0.0008719478300304,0.0448005833026992
0.0,0.0008590320244395,0.0441390558032479
0.0,0.000846323221208,0.0434872007002636
0.0,0.0008338145653464,0.042844899077106
0.0,0.0008214992902564,0.0422120334549664
0.0,0.0008093711670992,0.041588485127414
0.0,0.0007974247252681,0.0409741328844649
0.0,0.0007856553049723,0.0403688527446607
0.0,0.0007740589994277,0.039772518340543
0.0,0.0007626325352478,0.0391850016610975
0.0,0.0007513731284187,0.0386061739255189
0.0,0.00074027834191,0.038035906432969
0.0,0.000729345960899,0.0374740712948075
0.0,0.0007185738934595,0.0369205420050603
0.0,0.0007079600986106,0.036375193840655
0.0,0.0006975025396999,0.0358379041061275
0.0,0.0006871991589016,0.0353085522501671
0.0,0.0006770478677426,0.0347870198860199
0.0,0.0006670465486242,0.0342731907469111
0.0,0.0006571930629325,0.0337669506034677
0.0,0.000647485262233,0.0332681871643714
0.0,0.0006379210000136,0.0327767899754188
0.0,0.0006284981423407,0.0322926503266348
0.0,0.0006192145765407,0.031815661172522
0.0,0.0006100682175891,0.0313457170671045
0.0,0.0006010570122771,0.0308827141131022
0.0,0.0005921789414606,0.0304265499232126
0.0,0.0005834320208084,0.0299771235908623
0.0,0.0005748143004793,0.0295343356677266
0.0,0.0005663238641265,0.0290980881455818
0.0,0.0005579588275512,0.0286682844405124
0.0,0.0005497173372503,0.0282448293780049
0.0,0.0005415975690212,0.0278276291779499
0.0,0.00053359772672,0.0274165914389908
0.0,0.0005257160412138,0.0270116251219835
0.0,0.0005179507695338,0.0266126405325557
0.0,0.0005103001942067,0.0262195493029022
0.0,0.0005027626227316,0.0258322643730197
0.0,0.0004953363871674,0.0254506999716075
0.0,0.0004880198437939,0.0250747715968454
0.0,0.0004808113728179,0.0247043959972266
0.0,0.0004737093781001,0.0243394911525797
0.0,0.0004667122868878,0.0239799762553727
0.0,0.0004598185495423,0.0236257716923535
0.0,0.0004530266392566,0.0232767990265517
0.0,0.0004463350517613,0.0229329809796434
0.0,0.0004397423050206,0.0225942414146681
0.0,0.0004332469389197,0.0222605053190766
0.0,0.0004268475149475,0.0219316987880879
0.0,0.0004205426158773,0.0216077490083319
0.0,0.0004143308454482,0.0212885842417582
0.0,0.0004082108280484,0.0209741338097938
0.0,0.0004021812084037,0.0206643280777377
0.0,0.0003962406512704,0.0203590984393821
0.0,0.0003903878411337,0.0200583773018533
0.0,0.0003846214819129,0.0197620980706694
0.0,0.0003789402966708,0.0194701951350097
0.0,0.0003733430273293,0.0191826038531954
0.0,0.0003678284343906,0.018899260538379
0.0,0.000362395296662,0.0186201024444412
0.0,0.0003570424109859,0.0183450677520936
0.0,0.0003517685919741,0.0180740955551855
0.0,0.0003465726717458,0.0178071258472122
0.0,0.0003414534996697,0.0175440995080231
0.0,0.0003364099421094,0.0172849582907264
0.0,0.0003314408821731,0.0170296448087878
0.0,0.0003265452194664,0.0167781025233211
0.0,0.0003217218698488,0.0165302757305662
0.0,0.0003169697651935,0.0162861095495532
0.0,0.0003122878531514,0.0160455499099492
0.0,0.0003076750969175,0.0158085435400841
0.0,0.0003031304750019,0.0155750379551543
0.0,0.0002986529810026,0.0153449814456004
0.0,0.0002942416233834,0.015118323065656
0.0,0.0002898954252541,0.0148950126220667
0.0,0.0002856134241539,0.0146750006629745
0.0,0.0002813946718384,0.0144582384669674
0.0,0.0002772382340695,0.0142446780322901
0.0,0.0002731431904087,0.0140342720662137
0.0,0.000269108634013,0.0138269739745633
0.0,0.0002651336714344,0.0136227378513998
0.0,0.0002612174224216,0.0134215184688534
0.0,0.0002573590197255,0.0132232712671087
0.0,0.0002535576089072,0.0130279523445365
0.0,0.0002498123481481,0.0128355184479719
0.0,0.0002461224080644,0.0126459269631359
0.0,0.0002424869715228,0.0124591359051985
0.0,0.0002389052334597,0.0122751039094814
0.0,0.0002353764007032,0.0120937902222974
0.0,0.0002318996917969,0.011915154691926
0.0,0.0002284743368275,0.0117391577597215
0.0,0.0002250995772538,0.0115657604513528
0.0,0.0002217746657389,0.011394924368173
0.0,0.0002184988659847,0.0112266116787155
0.0,0.000215271452569,0.0110607851103165
0.0,0.0002120917107844,0.0108974079408613
0.0,0.0002089589364807,0.0107364439906516
0.0,0.0002058724359082,0.0105778576143942
0.0,0.0002028315255649,0.0104216136933069
0.0,0.0001998355320443,0.0102676776273417
0.0,0.0001968837918869,0.0101160153275228
0.0,0.0001939756514331,0.0099665932083971
0.0,0.0001911104666783,0.0098193781805976
0.0,0.0001882876031304,0.0096743376435149
0.0,0.0001855064356693,0.0095314394780785
0.0,0.0001827663484085,0.0093906520396434
0.0,0.0001800667345586,0.0092519441509832
0.0,0.000177406996293,0.0091152850953855
0.0,0.0001747865446156,0.0089806446098496
0.0,0.0001722047992301,0.0088479928783851
0.0,0.0001696611884119,0.008717300525409
0.0,0.000167155148881,0.0085885386092405
0.0,0.0001646861256777,0.0084616786156921
0.0,0.0001622535720395,0.008336692451755
0.0,0.0001598569492799,0.0082135524393777
0.0,0.0001574957266696,0.0080922313093373
0.0,0.0001551693813181,0.0079727021952003
0.0,0.000152877398059,0.0078549386273731
0.0,0.0001506192693349,0.0077389145272405
0.0,0.0001483944950857,0.0076246042013905
0.0,0.0001462025826375,0.0075119823359248
0.0,0.0001440430465937,0.0074010239908525
0.0,0.0001419154087274,0.0072917045945677
0.0,0.0001398191978754,0.0071839999384079
0.0,0.0001377539498341,0.007077886171293
0.0,0.0001357192072565,0.0069733397944437
0.0,0.0001337145195512,0.0068703376561775
0.0,0.0001317394427821,0.0067688569467819
0.0,0.0001297935395706,0.006668875193463
0.0,0.0001278763789986,0.0065703702553694
0.0,0.000125987536513,0.0064733203186887
0.0,0.0001241265938315,0.006377703891817
0.0,0.0001222931388505,0.0062834998005996
0.0,0.0001204867655533,0.006190687183642
0.0,0.0001187070739206,0.0060992454876901
0.0,0.0001169536698414,0.0060091544630791
0.0,0.0001152261650263,0.0059203941592484
0.0,0.0001135241769214,0.0058329449203246
0.0,0.0001118473286231,0.0057467873807678
0.0,0.0001101952487952,0.0056619024610839
0.0,0.0001085675715864,0.0055782713635987
0.0,0.0001069639365493,0.0054958755682959
0.0,0.0001053839885607,0.0054146968287154
0.0,0.0001038273777428,0.0053347171679128
0.0,0.0001022937593858,0.0052559188744784
0.0,0.0001007827938717,0.005178284498615
0.0,9.92941465986566e-05,0.0051017968482738
0.0,9.78274879073412e-05,0.0050264389853469
0.0,9.63824930078142e-05,0.0049521942219169
0.0,9.49588419074943e-05,0.0048790461165609
0.0,9.35562193404016e-05,0.0048069784707098
0.0,9.21743146972478e-05,0.0047359753250611
0.0,9.08128219567692e-05,0.0046660209560447
0.0,8.94714396178567e-05,0.004597099872341
0.0,8.81498706328324e-05,0.0045291968114502
0.0,8.6847822341668e-05,0.0044622967363126
0.0,8.55650064071692e-05,0.0043963848319788
0.0,8.43011387511375e-05,0.0043314465023286
0.0,8.30559394914415e-05,0.0042674673668387
0.0,8.18291328800527e-05,0.0042044332573986
0.0,8.06204472419483e-05,0.0041423302151728
0.0,7.94296149150137e-05,0.0040811444875093
0.0,7.82563721907215e-05,0.0040208625248948
0.0,7.71004592557065e-05,0.0039614709779536
0.0,7.59616201343252e-05,0.0039029566944917
0.0,7.48396026318543e-05,0.0038453067165839
0.0,7.37341582787501e-05,0.0037885082777048
0.0,7.26450422755404e-05,0.0037325487999014
0.0,7.15720134386519e-05,0.0036774158910076
0.0,7.0514834147023e-05,0.0036230973419001
0.0,6.94732702894232e-05,0.0035695811237947
0.0,6.84470912126686e-05,0.0035168553855826
0.0,6.74360696705095e-05,0.003464908451206
0.0,6.6439981773303e-05,0.0034137288170721
0.0,6.54586069384691e-05,0.0033633051495062
0.0,6.44917278415993e-05,0.0033136262822413
0.0,6.35391303683772e-05,0.0032646812139459
0.0,6.26006035670951e-05,0.0032164591057874
0.0,6.16759396020183e-05,0.0031689492790318
0.0,6.07649337072969e-05,0.0031221412126792
0.0,5.9867384141675e-05,0.0030760245411338
0.0,5.89830921437565e-05,0.0030305890519083
0.0,5.81118618880327e-05,0.0029858246833626
0.0,5.72535004415009e-05,0.0029417215224755
0.0,5.64078177209548e-05,0.0028982698026497
0.0,5.55746264508522e-05,0.0028554599015485
0.0,5.47537421218894e-05,0.0028132823389654
0.0,5.39449829501173e-05,0.0027717277747248
0.0,5.31481698366927e-05,0.0027307870066131
0.0,5.23631263282011e-05,0.0026904509683413
0.0,5.1589678577612e-05,0.0026507107275373
0.0,5.08276553057539e-05,0.0026115574837675
0.0,5.00768877633902e-05,0.0025729825665883
0.0,4.93372096938526e-05,0.0025349774336258
0.0,4.86084572962411e-05,0.0024975336686844
0.0,4.78904691891234e-05,0.0024606429798825
0.0,4.7183086374792e-05,0.002424297197817
0.0,4.64861522041018e-05,0.0023884882737535
0.0,4.57995123417203e-05,0.0023532082778445
0.0,4.51230147319945e-05,0.0023184493973728
0.0,4.44565095652598e-05,0.0022842039350218
0.0,4.37998492446544e-05,0.0022504643071707
0.0,4.31528883534753e-05,0.0022172230422154
0.0,4.2515483622909e-05,0.0021844727789136
1.0,0.1701418874939,0.013424463458677698
1.0,0.163164466801118,0.022097555041525836
1.0,0.143005766183552,0.21263966814762558
1.0,0.117030071278132,0.35554303362408707
1.0,0.0904873902866458,0.5215799318748094
1.0,0.0667015991331331,0.6701725548464215
1.0,0.0474125377090757,0.7970438295757174
1.0,0.0331736069644745,0.8859459906549245
1.0,0.0237372857596245,0.944981000570936
1.0,0.0183880473133601,0.9660642502017591
1.0,0.0162036869500255,0.9785336937837831
1.0,0.0162416547935035,0.983017498654037
1.0,0.0176570540672397,0.974976062616602
1.0,0.0197644328756468,0.9593511346985727
1.0,0.0220574707693061,0.9451235384013607
1.0,0.0242002360676928,1.0091117630173372
1.0,0.0260018259381157,1.0662363279326934
1.0,0.02738366266729,1.0718232520853541
1.0,0.0283460594303877,1.0205883351827858
1.0,0.0289382445282315,0.9762406769248547
1.0,0.0292340386818113,0.9426100222147155
1.0,0.0293138857127954,0.91591477134833
1.0,0.0292529278247941,0.9001522484826401
1.0,0.0291142266802333,0.8901109442427829
1.0,0.0289459705234155,0.8863861941102474
1.0,0.0287814813748991,0.8865939558652243
1.0,0.0286409588063611,0.8871979018456143
1.0,0.0285340972317978,0.8900227587750353
1.0,0.0284629389909168,0.8947688978629577
1.0,0.0284245399347005,0.8996881498462973
1.0,0.0284132068019185,0.9047975703049668
1.0,0.0284222071267861,0.9102077183262807
1.0,0.0284449518006646,0.9153581859426745
1.0,0.028475712062493,0.919427554539284
1.0,0.0285099637195727,0.9229788308704419
1.0,0.0285444597946904,0.9261264932700136
1.0,0.0285771261644716,0.9286224215506261
1.0,0.028606859575393,0.9307250161695906
1.0,0.0286332887177461,0.932449828335725
1.0,0.0286565403313157,0.9338214905844089
1.0,0.0286770357984765,0.9350840963624629
1.0,0.0286953304527886,0.9363107874847543
1.0,0.0287119981928976,0.937569985938313
1.0,0.028727557708057,0.9387621438982323
1.0,0.0287424331548898,0.9399371910920364
1.0,0.0287569408117077,0.9411345173348271
1.0,0.0287712934132049,0.9423461761967362
1.0,0.0287856149486205,0.9434325398533627
1.0,0.0287999602211351,0.9446177363886616
1.0,0.0288143350732459,0.9458842423805194
1.0,0.0288287146591357,0.9470932815257271
1.0,0.0288430583674646,0.948221812862192
1.0,0.0288573209199239,0.9492465062844345
1.0,0.0288714597984525,0.951704281096159
1.0,0.0288854395255216,0.952417087009514
1.0,0.0288992334910747,0.9531192515646
1.0,0.028912824043509,0.953811053699726
1.0,0.0289262014929423,0.954492720955502
1.0,0.0289393625562522,0.955164439462349
1.0,0.0289523086377397,0.955826364729944
1.0,0.0289650442090312,0.95647863167565
1.0,0.0289775754401767,0.957121363011117
1.0,0.0289899091468422,0.957754675632535
1.0,0.0290020520568841,0.958378685028108
1.0,0.0290140103609711,0.958993507943066
1.0,0.0290257894921035,0.959599263655158
1.0,0.0290373940730215,0.960196074242152
1.0,0.0290488279740055,0.960784064195931
1.0,0.0290600944324779,0.961363359679641
1.0,0.0290711961970194,0.961934087653513
1.0,0.0290821356697506,0.9624963750247
1.0,0.0290929150311001,0.963050347914654
1.0,0.0291035363391083,0.963596131088263
1.0,0.0291140016013705,0.964133847553229
1.0,0.0291243128216467,0.964663618314986
1.0,0.0291344720253561,0.965185562259775
1.0,0.0291444812690442,0.965699796133877
1.0,0.0291543426388527,0.966206434587823
1.0,0.0291640582424046,0.966705590258618
1.0,0.0291736301976007,0.96719737386873
1.0,0.0291830606208696,0.967681894326687
1.0,0.0291923516165069,0.968159258819621
1.0,0.029201505267985,0.968629572892677
1.0,0.0292105236315594,0.969092940513641
1.0,0.0292194087320947,0.969549464123439
1.0,0.0292281625608086,0.96999924467453
1.0,0.0292367870745194,0.970442381659835
1.0,0.0292452841959614,0.970878973134911
1.0,0.0292536558147751,0.971309115735786
1.0,0.0292619037888469,0.971732904694446
1.0,0.0292700299457567,0.972150433853445
1.0,0.029278036084166,0.97256179568061
1.0,0.0292859239750569,0.972967081284393
1.0,0.0292936953627696,0.973366380430135
1.0,0.0293013519658485,0.97375978155722
1.0,0.0293088954777014,0.974147371797001
1.0,0.0293163275671204,0.974529236991294
1.0,0.0293236498786886,0.974905461711203
1.0,0.0293308640331107,0.975276129276084
1.0,0.0293379716275073,0.975641321772441
1.0,0.0293449742356784,0.976001120072654
1.0,0.0293518734083673,0.976355603853416
1.0,0.0293586706735292,0.976704851613843
1.0,0.029365367536607,0.977048940693229
1.0,0.0293719654808218,0.977387947288431
1.0,0.0293784659674732,0.977721946470918
1.0,0.0293848704362443,0.978051012203489
1.0,0.0293911803055174,0.978375217356676
1.0,0.0293973969726873,0.97869463372488
1.0,0.0294035218144757,0.979009332042233
1.0,0.0294095561872449,0.979319381998216
1.0,0.0294155014273025,0.97962485225305
1.0,0.0294213588512069,0.979925810452857
1.0,0.0294271297560627,0.980222323244603
1.0,0.0294328154198136,0.980514456290838
1.0,0.0294384171015258,0.980802274284214
1.0,0.0294439360416721,0.981085840961804
1.0,0.0294493734624037,0.981365219119212
1.0,0.0294547305678248,0.981640470624476
1.0,0.0294600085442545,0.981911656431775
1.0,0.0294652085604932,0.982178836594928
1.0,0.0294703317680778,0.982442070280699
1.0,0.0294753793015374,0.9827014157819
1.0,0.0294803522786447,0.982956930530304
1.0,0.029485251800661,0.983208671109369
1.0,0.0294900789525816,0.983456693266765
1.0,0.0294948348033757,0.983701051926725
1.0,0.0294995204062218,0.983941801202203
1.0,0.029504136798743,0.984178994406863
1.0,0.0295086850032347,0.98441268406688
1.0,0.0295131660268926,0.984642921932577
1.0,0.029517580862034,0.984869758989881
1.0,0.0295219304863195,0.985093245471613
1.0,0.029526215862969,0.985313430868615
1.0,0.0295304379409744,0.985530363940707
1.0,0.0295345976553096,0.985744092727483
1.0,0.0295386959271391,0.985954664558954
1.0,0.029542733664021,0.986162126066027
1.0,0.0295467117601078,0.986366523190828
1.0,0.0295506310963438,0.98656790119688
1.0,0.0295544925406623,0.986766304679128
1.0,0.0295582969481754,0.986961777573808
1.0,0.0295620451613658,0.987154363168182
1.0,0.0295657380102712,0.987344104110122
1.0,0.0295693763126683,0.987531042417555
1.0,0.0295729608742561,0.987715219487768
1.0,0.0295764924888313,0.987896676106575
1.0,0.0295799719384662,0.988075452457348
1.0,0.0295833999936816,0.988251588129918
1.0,0.0295867774136163,0.988425122129339
1.0,0.0295901049461966,0.988596092884529
1.0,0.0295933833283004,0.988764538256776
1.0,0.0295966132859224,0.988930495548128
1.0,0.0295997955343332,0.989094001509647
1.0,0.0296029307782379,0.989255092349553
1.0,0.0296060197119339,0.989413803741238
1.0,0.0296090630194612,0.989570170831169
1.0,0.029612061374757,0.98972422824667
1.0,0.0296150154418049,0.989876010103589
1.0,0.0296179258747784,0.990025550013854
1.0,0.0296207933181909,0.99017288109292
1.0,0.0296236184070335,0.990318035967092
1.0,0.0296264017669201,0.990461046780763
1.0,0.0296291440142229,0.990601945203523
1.0,0.0296318457562086,0.990740762437174
1.0,0.0296345075911759,0.990877529222645
1.0,0.0296371301085849,0.991012275846793
1.0,0.0296397138891897,0.991145032149112
1.0,0.0296422595051651,0.991275827528343
1.0,0.0296447675202351,0.991404690948981
1.0,0.0296472384897972,0.991531650947692
1.0,0.0296496729610447,0.991656735639631
1.0,0.029652071473089,0.991779972724668
1.0,0.0296544345570779,0.991901389493522
1.0,0.0296567627363133,0.992021012833807
1.0,0.029659056526369,0.992138869235982
1.0,0.0296613164352013,0.99225498479922
1.0,0.0296635429632655,0.992369385237188
1.0,0.0296657366036226,0.99248209588374
1.0,0.029667897842053,0.992593141698526
1.0,0.0296700271571602,0.992702547272524
1.0,0.029672125020479,0.992810336833478
1.0,0.0296741918965784,0.992916534251271
1.0,0.0296762282431666,0.993021163043208
1.0,0.0296782345111897,0.99312424637922
1.0,0.0296802111449341,0.993225807087003
1.0,0.029682158582123,0.993325867657064
1.0,0.0296840772540146,0.993424450247711
1.0,0.0296859675854957,0.99352157668995
1.0,0.0296878299951795,0.993617268492328
1.0,0.0296896648954936,0.993711546845693
1.0,0.0296914726927751,0.993804432627882
1.0,0.0296932537873589,0.993895946408354
1.0,0.0296950085736665,0.993986108452735
1.0,0.029696737440293,0.994074938727313
1.0,0.029698440770094,0.994162456903458
1.0,0.029700118940271,0.994248682361974
1.0,0.0297017723224522,0.994333634197397
1.0,0.029703401282777,0.994417331222219
1.0,0.0297050061819779,0.994499791971056
1.0,0.0297065873754572,0.994581034704752
1.0,0.0297081452133687,0.994661077414423
1.0,0.0297096800406944,0.99473993782544
1.0,0.0297111921973199,0.994817633401356
1.0,0.0297126820181102,0.994894181347774
1.0,0.0297141498329854,0.994969598616153
1.0,0.0297155959669906,0.995043901907567
1.0,0.029717020740371,0.995117107676399
1.0,0.0297184244686413,0.995189232133988
1.0,0.0297198074626552,0.995260291252216
1.0,0.0297211700286759,0.99533030076705
1.0,0.0297225124684419,0.995399276182021
1.0,0.0297238350792346,0.99546723277166
1.0,0.029725138153945,0.995534185584881
1.0,0.0297264219811377,0.995600149448312
1.0,0.0297276868451148,0.995665138969579
1.0,0.0297289330259791,0.995729168540543
1.0,0.0297301607996958,0.995792252340482
1.0,0.0297313704381545,0.995854404339236
1.0,0.0297325622092279,0.995915638300298
1.0,0.0297337363768326,0.995975967783863
1.0,0.0297348932009871,0.99603540614983
1.0,0.0297360329378682,0.99609396656076
1.0,0.0297371558398696,0.996151661984795
1.0,0.029738262155657,0.996208505198524
1.0,0.0297393521302227,0.996264508789814
1.0,0.0297404260049403,0.996319685160601
1.0,0.0297414840176184,0.996374046529633
1.0,0.0297425264025524,0.996427604935177
1.0,0.0297435533905777,0.996480372237682
1.0,0.0297445652091197,0.996532360122413
1.0,0.029745562082244,0.996583580102029
1.0,0.0297465442307077,0.996634043519141
1.0,0.0297475118720063,0.996683761548817
1.0,0.0297484652204225,0.996732745201061
1.0,0.0297494044870752,0.996781005323251
1.0,0.0297503298799633,0.996828552602538
1.0,0.0297512416040142,0.996875397568217
1.0,0.0297521398611285,0.996921550594054
1.0,0.0297530248502238,0.996967021900588
1.0,0.0297538967672799,0.997011821557389
1.0,0.0297547558053823,0.997055959485295
1.0,0.0297556021547642,0.997099445458602
1.0,0.0297564360028484,0.99714228910723
1.0,0.0297572575342899,0.997184499918861
1.0,0.0297580669310156,0.997226087241033
1.0,0.0297588643722657,0.997267060283214
1.0,0.0297596500346329,0.997307428118839
1.0,0.0297604240921012,0.997347199687323
1.0,0.0297611867160845,0.997386383796036
1.0,0.0297619380754655,0.997424989122257
1.0,0.0297626783366316,0.997463024215094
1.0,0.0297634076635129,0.997500497497377
1.0,0.029764126217618,0.997537417267525
1.0,0.0297648341580701,0.99757379170138
1.0,0.0297655316416421,0.997609628854022
1.0,0.0297662188227903,0.997644936661549
1.0,0.0297668958536905,0.997679722942839
1.0,0.0297675628842708,0.997713995401274
1.0,0.0297682200622444,0.997747761626454
1.0,0.029768867533142,0.997781029095873
1.0,0.0297695054403457,0.997813805176576
1.0,0.02977013392512,0.997846097126792
1.0,0.0297707531266409,0.997877912097537
1.0,0.0297713631820309,0.997909257134204
1.0,0.0297719642263856,0.997940139178116
1.0,0.0297725563928062,0.997970565068068
1.0,0.0297731398124266,0.998000541541841
1.0,0.029773714614445,0.998030075237693
1.0,0.0297742809261505,0.998059172695829
1.0,0.0297748388729522,0.998087840359851
1.0,0.0297753885784069,0.99811608457818
1.0,0.0297759301642462,0.99814391160547
1.0,0.0297764637504032,0.998171327603984
1.0,0.029776989455041,0.998198338644967
1.0,0.0297775073945752,0.998224950709985
1.0,0.0297780176837041,0.99825116969225
1.0,0.0297785204354299,0.998277001397929
1.0,0.0297790157610867,0.998302451547423
1.0,0.0297795037703639,0.998327525776642
1.0,0.0297799845713302,0.998352229638246
1.0,0.0297804582704593,0.99837656860288
1.0,0.0297809249726504,0.998400548060379
1.0,0.0297813847812549,0.998424173320971
1.0,0.0297818377980963,0.998447449616442
1.0,0.0297822841234956,0.998470382101303
1.0,0.02978272385629,0.99849297585393
1.0,0.0297831570938587,0.998515235877683
1.0,0.029783583932141,0.998537167102021
1.0,0.0297840044656605,0.998558774383591
1.0,0.0297844187875433,0.998580062507301
1.0,0.0297848269895411,0.998601036187383
1.0,0.0297852291620491,0.998621700068436
1.0,0.0297856253941284,0.998642058726455
1.0,0.0297860157735244,0.998662116669842
1.0,0.0297864003866859,0.998681878340407
1.0,0.0297867793187847,0.998701348114351
1.0,0.0297871526537352,0.998720530303234
1.0,0.0297875204742124,0.998739429154932
1.0,0.0297878828616698,0.998758048854575
1.0,0.0297882398963567,0.998776393525475
1.0,0.0297885916573388,0.998794467230039
1.0,0.0297889382225134,0.998812273970671
1.0,0.0297892796686265,0.998829817690654
1.0,0.0297896160712909,0.998847102275025
1.0,0.0297899475050032,0.998864131551437
1.0,0.0297902740431588,0.998880909291005
0.0,-0.140309404241931,1.000710652200834
0.0,-0.133332285300023,0.9705330596601304
0.0,-0.113173881976214,0.7871997059283521
0.0,-0.0871984799732715,0.6505652186438888
0.0,-0.0606560875578444,0.48194569899646356
0.0,-0.0368705807178777,0.33465520403219945
0.0,-0.0175817994078145,0.208403503277005
0.0,-0.0033431446396861,0.11241137855324243
0.0,0.0060929046650968,0.06532560923761979
0.0,0.0114418752274892,0.0312995890821808
0.0,0.0136259716638233,0.0179442963969121
0.0,0.0135877437917702,0.020123561673065435
0.0,0.0121720883303014,0.02295959578323219
0.0,0.0100644571182715,0.044947550040427324
0.0,0.0077711705492047,0.060389989526530984
0.0,0.0056281602485572,-0.014840777191142206
0.0,0.0038263289947644,-0.07579628630385357
0.0,0.0024442544476571,-0.07100820275502179
0.0,0.0014816233793989,-0.015247183410661322
0.0,0.0008892074372807,0.030425836675538914
0.0,0.0005931858491915,0.06266727898423707
0.0,0.0005131147430991,0.0848531645515938
0.0,0.0005738518657708,0.1016301626415869
0.0,0.000712335505893,0.11024042490650697
0.0,0.0008803773709974,0.11317931724998595
0.0,0.0010446553930703,0.11576228617505308
0.0,0.0011849699536814,0.11722428588871076
0.0,0.0012916265927712,0.11543735984616288
0.0,0.0013625829252493,0.11119301438657474
0.0,0.0014007830554206,0.10518287199297001
0.0,0.0014119202004644,0.09946340306710978
0.0,0.0014027267827635,0.09425013399003418
0.0,0.0013797918681962,0.08942355476137434
0.0,0.0013488441756954,0.0854044603874109
0.0,0.0013144078564534,0.08151036912735342
0.0,0.0012797298467892,0.07824248579309849
0.0,0.0012468842297896,0.07542727686289007
0.0,0.0012169742192831,0.07267283381751574
0.0,0.0011903710858705,0.07040985177267414
0.0,0.0011669480512365,0.06848676812223463
0.0,0.0011462836950457,0.06675534477622952
0.0,0.0011278226463379,0.0650371566376938
0.0,0.001110990969619,0.06360889304788608
0.0,0.0010952699393328,0.06222554181311085
0.0,0.0010802353630884,0.06088921833017787
0.0,0.0010655709273351,0.05954919770896803
0.0,0.0010510638626604,0.05817489671190213
0.0,0.001036590145619,0.05684595026222562
0.0,0.0010220949393304,0.05559694064243517
0.0,0.0010075723680944,0.05438658981942936
0.0,0.0009930472450163,0.053335443173227
0.0,0.0009785601492068,0.05229178850471514
0.0,0.000964156327221,0.0512910926806597
0.0,0.0009498782658368,0.05031526148885097
0.0,0.0009357614117607,0.0480528659096551
0.0,0.0009218323446826,0.0473437597516948
0.0,0.0009081086862876,0.0466451185470523
0.0,0.0008946000969815,0.0459567132406118
0.0,0.0008813098308456,0.0452783562098185
0.0,0.0008682364549674,0.0446098904749016
0.0,0.0008553754695315,0.043951179670118
0.0,0.0008427206767147,0.0433020996568342
0.0,0.0008302652334882,0.0426625321329504
0.0,0.0008180023850377,0.0420323602251215
0.0,0.000805925914134,0.0414114658234366
0.0,0.0007940303616088,0.0407997283056209
0.0,0.0007823110789407,0.0401970242692441
0.0,0.0007707641704486,0.039603227917323
0.0,0.000759386373685,0.0390182118008924
0.0,0.000748174915413,0.0384418476928937
0.0,0.0007371273692207,0.0378740074380567
0.0,0.0007262415307466,0.03731456368525
0.0,0.0007155153183713,0.0367633904580694
0.0,0.0007049467012685,0.03622036355519
0.0,0.0006945336527902,0.0356853607951885
0.0,0.0006842741249675,0.0351582621332024
0.0,0.0006741660390385,0.0346389496814449
0.0,0.0006642072869721,0.0341273076647386
0.0,0.0006543957395812,0.0336232223380465
0.0,0.0006447292577183,0.0331265818872319
0.0,0.0006352057040212,0.0326372763282249
0.0,0.000625822953571,0.0321551974142398
0.0,0.0006165789025762,0.0316802385561265
0.0,0.0006074714747627,0.0312122947575159
0.0,0.0005984986255427,0.030751262564094
0.0,0.0005896583442664,0.0302970400249808
0.0,0.0005809486549708,0.0298495266635795
0.0,0.0005723676160597,0.0294086234551908
0.0,0.0005639133193092,0.028974232808959
0.0,0.0005555838885236,0.0285462585521717
0.0,0.0005473774780848,0.0281246059154449
0.0,0.0005392922715585,0.0277091815178142
0.0,0.0005313264804543,0.0272998933511729
0.0,0.0005234783431802,0.0268966507638174
0.0,0.0005157461241966,0.0264993644430938
0.0,0.0005081281133494,0.0261079463972766
0.0,0.0005006226253493,0.0257223099368873
0.0,0.0004932279993599,0.0253423696556768
0.0,0.0004859425986611,0.0249680414114847
0.0,0.000478764810356,0.0245992423071513
0.0,0.0004716930451001,0.0242358906716185
0.0,0.000464725736835,0.0238779060413107
0.0,0.0004578613425172,0.0235252091418519
0.0,0.0004510983418379,0.023177721870142
0.0,0.0004444352369297,0.0228353672767961
0.0,0.000437870552064,0.0224980695489338
0.0,0.0004314028333404,0.0221657539932993
0.0,0.0004250306483704,0.0218383470196886
0.0,0.0004187525859592,0.021515776124662
0.0,0.0004125672557889,0.0211979698755217
0.0,0.000406473288103,0.0208848578945371
0.0,0.0004004693333958,0.0205763708434055
0.0,0.000394554062107,0.0202724404079396
0.0,0.0003887261643216,0.0199729992829729
0.0,0.0003829843494755,0.0196779811574807
0.0,0.0003773273460668,0.019387320699913
0.0,0.0003717539013727,0.0191009535437364
0.0,0.0003662627811711,0.0188188162731847
0.0,0.0003608527694673,0.0185408464092157
0.0,0.000355522668225,0.0182669823956733
0.0,0.0003502712971017,0.0179971635856524
0.0,0.0003450974931875,0.0177313302280646
0.0,0.0003400001107489,0.0174694234544027
0.0,0.0003349780209746,0.0172113852657015
0.0,0.0003300301117269,0.0169571585196915
0.0,0.0003251552872953,0.0167066869181427
0.0,0.0003203524681537,0.0164599149943968
0.0,0.0003156205907219,0.0162167881010837
0.0,0.0003109586071301,0.0159772523980195
0.0,0.0003063654849865,0.0157412548402838
0.0,0.0003018402071488,0.0155087431664733
0.0,0.0002973817714991,0.0152796658871292
0.0,0.0002929891907217,0.0150539722733346
0.0,0.0002886614920842,0.0148316123454814
0.0,0.0002843977172226,0.0146125368622024
0.0,0.0002801969219286,0.0143966973094672
0.0,0.0002760581759409,0.0141840458898387
0.0,0.0002719805627387,0.0139745355118886
0.0,0.000267963179339,0.0137681197797689
0.0,0.0002640051360965,0.013564752982938
0.0,0.0002601055565071,0.0133643900860377
0.0,0.0002562635770129,0.0131669867189202
0.0,0.0002524783468117,0.0129724991668226
0.0,0.0002487490276684,0.0127808843606862
0.0,0.0002450747937292,0.0125920998676186
0.0,0.0002414548313391,0.0124061038814974
0.0,0.0002378883388613,0.0122228552137119
0.0,0.0002343745264997,0.0120423132840422
0.0,0.0002309126161245,0.0118644381116725
0.0,0.0002275018410992,0.0116891903063377
0.0,0.0002241414461116,0.0115165310596
0.0,0.0002208306870056,0.0113464221362555
0.0,0.0002175688306173,0.0111788258658662
0.0,0.0002143551546121,0.0110137051344187
0.0,0.0002111889473249,0.010851023376105
0.0,0.0002080695076024,0.0106907445652251
0.0,0.0002049961446483,0.0105328332082088
0.0,0.0002019681778695,0.0103772543357564
0.0,0.000198984936726,0.0102239734950943
0.0,0.0001960457605823,0.0100729567423454
0.0,0.000193149998561,0.0099241706350125
0.0,0.0001902970093988,0.0097775822245726
0.0,0.0001874861613043,0.00963315904918
0.0,0.0001847168318181,0.0094908691264783
0.0,0.0001819884076754,0.0093506809465174
0.0,0.0001793002846693,0.0092125634647759
0.0,0.0001766518675181,0.0090764860952863
0.0,0.0001740425697327,0.0089424187038618
0.0,0.0001714718134867,0.008810331601423
0.0,0.000168939029489,0.0086801955374233
0.0,0.0001664436568574,0.0085519816933718
0.0,0.0001639851429943,0.0084256616764507
0.0,0.0001615629434643,0.0083012075132284
0.0,0.0001591765218741,0.0081785916434646
0.0,0.0001568253497531,0.0080577869140071
0.0,0.0001545089064369,0.0079387665727787
0.0,0.0001522266789514,0.0078215042628531
0.0,0.0001499781619,0.0077059740166181
0.0,0.0001477628573509,0.0075921502500253
0.0,0.0001455802747274,0.007480007756924
0.0,0.0001434299306988,0.0073695217034802
0.0,0.0001413113490738,0.0072606676226763
0.0,0.0001392240606948,0.0071534214088933
0.0,0.0001371676033339,0.0070477593125729
0.0,0.0001351415215911,0.0069436579349577
0.0,0.0001331453667926,0.0068410942229098
0.0,0.000131178696892,0.0067400454638056
0.0,0.0001292410763726,0.0066404892805064
0.0,0.0001273320761502,0.0065424036264026
0.0,0.0001254512734789,0.0064457667805318
0.0,0.0001235982518569,0.0063505573427687
0.0,0.0001217726009346,0.0062567542290859
0.0,0.0001199739164236,0.0061643366668848
0.0,0.0001182018000071,0.006073284190396
0.0,0.0001164558592517,0.0059835766361467
0.0,0.000114735707521,0.0058951941384956
0.0,0.000113040963889,0.0058081171252338
0.0,0.0001113712530567,0.0057223263132507
0.0,0.0001097262052684,0.0056378027042633
0.0,0.0001081054562299,0.0055545275806095
0.0,0.0001065086470283,0.005472482501103
0.0,0.0001049354240518,0.0053916492969492
0.0,0.0001033854389118,0.0053120100677222
0.0,0.0001018583483659,0.0052335471774005
0.0,0.0001003538142415,0.0051562432504617
0.0,9.88715033611171e-05,0.0050800811680344
0.0,9.74110874686074e-05,0.0050050440641074
0.0,9.59722431564183e-05,0.0049311153217951
0.0,9.45546517940737e-05,0.0048582785696571
0.0,9.31579994574855e-05,0.0047865176780731
0.0,9.17819768594674e-05,0.004715816755671
0.0,9.04262792813387e-05,0.0046461601458077
0.0,8.90906065053043e-05,0.004577532423102
0.0,8.77746627480913e-05,0.0045099183900187
0.0,8.64781565953487e-05,0.0044433030735031
0.0,8.52008009371991e-05,0.004377671721665
0.0,8.39423129046085e-05,0.0043130098005123
0.0,8.27024138067428e-05,0.0042493029907323
0.0,8.1480829069315e-05,0.0041865371845206
0.0,8.02772881736621e-05,0.0041246984824571
0.0,7.90915245969734e-05,0.0040637731904277
0.0,7.79232757531778e-05,0.0040037478165923
0.0,7.6772282934838e-05,0.0039446090683964
0.0,7.56382912558209e-05,0.0038863438496281
0.0,7.45210495948986e-05,0.0038289392575174
0.0,7.34203105400982e-05,0.0037723825798792
0.0,7.23358303339472e-05,0.0037166612922983
0.0,7.12673688194818e-05,0.0036617630553555
0.0,7.02146893870464e-05,0.0036076757118955
0.0,6.91775589219124e-05,0.0035543872843342
0.0,6.81557477526518e-05,0.0035018859720069
0.0,6.714902960029e-05,0.0034501601485544
0.0,6.61571815281717e-05,0.003399198359349
0.0,6.51799838926187e-05,0.0033489893189574
0.0,6.42172202942534e-05,0.0032995219086416
0.0,6.32686775301275e-05,0.0032507851738969
0.0,6.23341455464679e-05,0.003202768322026
0.0,6.14134173921588e-05,0.0031554607197487
0.0,6.05062891729513e-05,0.0031088518908475
0.0,5.96125600062919e-05,0.0030629315138475
0.0,5.8732031976802e-05,0.0030176894197306
0.0,5.78645100925007e-05,0.0029731155896838
0.0,5.70098022416032e-05,0.0029292001528807
0.0,5.61677191499854e-05,0.0028859333842949
0.0,5.53380743392451e-05,0.0028433057025471
0.0,5.45206840854365e-05,0.0028013076677833
0.0,5.37153673783666e-05,0.0027599299795839
0.0,5.29219458815164e-05,0.0027191634749044
0.0,5.21402438925615e-05,0.0026789991260462
0.0,5.13700883044248e-05,0.0026394280386576
0.0,5.06113085669939e-05,0.002600441449764
0.0,4.98637366493013e-05,0.0025620307258272
0.0,4.91272070023557e-05,0.0025241873608338
0.0,4.84015565224635e-05,0.0024869029744115
0.0,4.76866245151079e-05,0.002450169309973
0.0,4.69822526593597e-05,0.0024139782328878
0.0,4.6288284972839e-05,0.0023783217286811
0.0,4.56045677771494e-05,0.0023431919012583
0.0,4.49309496638461e-05,0.0023085809711571
0.0,4.42672814609281e-05,0.0022744812738242
0.0,4.36134161997878e-05,0.0022408852579185
0.0,4.29692090826682e-05,0.0022077854836383
0.0,4.23345174505943e-05,0.0021751746210744
0.0,4.17092007517911e-05,0.0021430454485865
0.0,4.10931205105519e-05,0.0021113908512037
0.0,4.04861402965653e-05,0.0020802038190498
0.0,3.98881256947307e-05,0.0020494774457899
0.0,3.92989442753386e-05,0.002019204927102
0.0,3.8718465564809e-05,0.0019893795591693
0.0,3.81465610167532e-05,0.0019599947371962
0.0,3.75831039835309e-05,0.0019310439539456
0.0,3.70279696881894e-05,0.0019025207982977
0.0,3.64810351968295e-05,0.0018744189538305
0.0,3.59421793914017e-05,0.0018467321974207
0.0,3.54112829428731e-05,0.0018194543978661
0.0,3.48882282847941e-05,0.0017925795145272
0.0,3.43728995872705e-05,0.0017661015959901
0.0,3.38651827313172e-05,0.0017400147787484
0.0,3.33649652835936e-05,0.0017143132859043
0.0,3.28721364714762e-05,0.0016889914258901
0.0,3.23865871585602e-05,0.0016640435912072
0.0,3.19082098204672e-05,0.0016394642571843
0.0,3.14368985210554e-05,0.0016152479807545
0.0,3.09725488889488e-05,0.0015913893992495
0.0,3.0515058094413e-05,0.0015678832292121
0.0,3.00643248266098e-05,0.0015447242652262
0.0,2.96202492711464e-05,0.0015219073787644
0.0,2.91827330879645e-05,0.0014994275170515
0.0,2.87516793895728e-05,0.0014772797019465
0.0,2.83269927196031e-05,0.0014554590288396
0.0,2.79085790316456e-05,0.0014339606655663
0.0,2.74963456684402e-05,0.0014127798513371
0.0,2.70902013413572e-05,0.0013919118956837
0.0,2.66900561101627e-05,0.0013713521774196
0.0,2.62958213631363e-05,0.0013510961436174
0.0,2.59074097974168e-05,0.0013311393086003
0.0,2.55247353996759e-05,0.0013114772529487
1.0,0.170125147713427,0.012564362816444496
1.0,0.163147974281388,0.021250158814664036
1.0,0.142989517272315,0.2118047886811536
1.0,0.117014062377084,0.35472048603484707
1.0,0.0904716178506332,0.5207695340105235
1.0,0.0666860596693666,0.6693741272453564
1.0,0.0473972277763578,0.7962571954269425
1.0,0.0331585231724368,0.8851709757591536
1.0,0.0237224247679779,0.9442174333019571
1.0,0.0183734058311541,0.9653119614684211
1.0,0.0161892617349193,0.9777925169925581
1.0,0.016227442651049,0.982287269672123
1.0,0.0176430518501732,0.974256619735578
1.0,0.0197506374831926,0.9586423185985866
1.0,0.0220438791464894,0.9444251921158527
1.0,0.024186845204663,1.0084237318982732
1.0,0.0259886328694809,1.0655584596163243
1.0,0.0273706644714593,1.071155396458472
1.0,0.0283332532289248,1.0199303443494818
1.0,0.0289256274852163,0.9755924051737688
1.0,0.0292216080032139,0.9419713259867665
1.0,0.0293016386458549,0.915285509204926
1.0,0.029240861657411,0.899532281074358
1.0,0.0291023387403679,0.8895001342785079
1.0,0.0289342581784962,0.8857844063267705
1.0,0.0287699420312401,0.8860010569972893
1.0,0.0286295899085866,0.8866137605964054
1.0,0.0285228962622779,0.8894472457871043
1.0,0.0284519034692089,0.8942018856895716
1.0,0.0284136674170005,0.8991295129232223
1.0,0.0284024948805186,0.9042471849226578
1.0,0.0284116534295431,0.9096654626024877
1.0,0.0284345539904733,0.9148239397954525
1.0,0.0284654678367697,0.9189011996604001
1.0,0.0284998708097446,0.9224602506991738
1.0,0.0285345159656942,0.9256155729673416
1.0,0.0285673292142561,0.9281190479738002
1.0,0.0285972073344347,0.9302290778470735
1.0,0.0286237790485664,0.931961215442511
1.0,0.0286471711280087,0.9333400949176979
1.0,0.0286678049862423,0.9346098113177049
1.0,0.0286862359874736,0.9358435080320362
1.0,0.0287030380605424,0.937109608599105
1.0,0.02871872992445,0.9383085667224673
1.0,0.0287337357651274,0.9394903136355375
1.0,0.028748371889763,0.9406942406370631
1.0,0.0287628510614988,0.9419124027589072
1.0,0.0287772972976035,0.9430051736168088
1.0,0.0287917654288723,0.9441966827135906
1.0,0.0288062613250097,0.9454694080250474
1.0,0.0288207601670027,0.9466845746252331
1.0,0.0288352213699212,0.947819142908974
1.0,0.0288495996814759,0.9488497841076656
1.0,0.0288638526092393,0.95131341884214
1.0,0.02887794470094,0.952031998122219
1.0,0.0288918493714039,0.952739850766511
1.0,0.0289055489935433,0.953437256972944
1.0,0.0289190339016296,0.954124445523146
1.0,0.0289323008363376,0.954801603770221
1.0,0.0289453512254128,0.955468888428471
1.0,0.0289581895635802,0.956126435602091
1.0,0.0289708220436478,0.95677436917203
1.0,0.0289832555037033,0.957412807186508
1.0,0.0289954966936925,0.958041866268744
1.0,0.0290075518260493,0.958661664282212
1.0,0.0290194263552157,0.959272321606394
1.0,0.0290311249250581,0.959873961404512
1.0,0.0290426514266702,0.960466709237875
1.0,0.0290540091179807,0.961050692323256
1.0,0.0290652007677745,0.961626038658949
1.0,0.0290762287980764,0.96219287617484
1.0,0.0290870954089264,0.962751332000004
1.0,0.0290978026776856,0.963301531892071
1.0,0.0291083526309859,0.96384359983682
1.0,0.0291187472913419,0.964377657803317
1.0,0.0291289887026505,0.964903825627198
1.0,0.0291390789396613,0.965422220990119
1.0,0.0291490201064535,0.965932959464167
1.0,0.0291588143283195,0.966436154594292
1.0,0.0291684637405702,0.966931917997498
1.0,0.0291779704767878,0.967420359463632
1.0,0.0291873366581668,0.967901587048129
1.0,0.0291965643848295,0.968375707151612
1.0,0.0292056557294351,0.968842824584708
1.0,0.0292146127330102,0.969303042618735
1.0,0.0292234374026952,0.969756463024277
1.0,0.0292321317109958,0.9702031861003
1.0,0.0292406975961019,0.970643310696495
1.0,0.0292491369628824,0.971076934231296
1.0,0.0292574516842254,0.971504152707538
1.0,0.0292656436024938,0.971925060727238
1.0,0.0292737145309105,0.972339751506466
1.0,0.0292816662548054,0.972748316890871
1.0,0.0292895005326543,0.973150847372096
1.0,0.0292972190969285,0.9735474321051
1.0,0.0293048236547582,0.973938158926242
1.0,0.029312315888453,0.974323114371931
1.0,0.0293196974559142,0.974702383697606
1.0,0.0293269699909702,0.975076050896845
1.0,0.0293341351036691,0.975444198720418
1.0,0.0293411943805484,0.97580690869516
1.0,0.029348149384901,0.976164261142551
1.0,0.0293550016570454,0.97651633519697
1.0,0.0293617527146057,0.976863208823589
1.0,0.0293684040528053,0.977204958835902
1.0,0.0293749571447666,0.977541660912906
1.0,0.0293814134418224,0.97787338961595
1.0,0.0293877743738324,0.97820021840528
1.0,0.0293940413494995,0.978522219656298
1.0,0.0294002157566868,0.978839464675555
1.0,0.0294062989627308,0.979152023716496
1.0,0.0294122923147553,0.979459965994978
1.0,0.0294181971399714,0.979763359704547
1.0,0.0294240147459817,0.980062272031514
1.0,0.0294297464210704,0.980356769169801
1.0,0.0294353934344949,0.980646916335586
1.0,0.0294409570367655,0.980932777781734
1.0,0.0294464384599249,0.981214416812023
1.0,0.0294518389178193,0.98149189579516
1.0,0.0294571596063704,0.981765276178597
1.0,0.0294624017038361,0.982034618502138
1.0,0.0294675663710722,0.982299982411356
1.0,0.029472654751789,0.982561426670798
1.0,0.0294776679728048,0.982819009177006
1.0,0.0294826071442931,0.98307278697134
1.0,0.0294874733600292,0.98332281625261
1.0,0.0294922676976335,0.983569152389521
1.0,0.029496991218807,0.983811849932941
1.0,0.0295016449695698,0.984050962627974
1.0,0.02950622998049,0.984286543425865
1.0,0.0295107472669145,0.984518644495726
1.0,0.0295151978291903,0.98474731723609
1.0,0.0295195826528905,0.984972612286288
1.0,0.0295239027090295,0.985194579537667
1.0,0.0295281589542788,0.985413268144635
1.0,0.0295323523311788,0.985628726535552
1.0,0.0295364837683485,0.985841002423444
1.0,0.0295405541806906,0.986050142816581
1.0,0.0295445644695929,0.986256194028876
1.0,0.0295485155231292,0.986459201690148
1.0,0.0295524082162573,0.986659210756227
1.0,0.0295562434110082,0.986856265518904
1.0,0.0295600219566827,0.987050409615744
1.0,0.0295637446900359,0.987241686039748
1.0,0.0295674124354621,0.987430137148874
1.0,0.0295710260051805,0.987615804675416
1.0,0.0295745861994114,0.98779872973525
1.0,0.0295780938065568,0.987978952836931
1.0,0.0295815496033722,0.988156513890672
1.0,0.0295849543551399,0.988331452217177
1.0,0.0295883088158386,0.988503806556349
1.0,0.0295916137283099,0.988673615075871
1.0,0.0295948698244233,0.988840915379657
1.0,0.029598077825238,0.989005744516179
1.0,0.0296012384411624,0.98916813898667
1.0,0.0296043523721106,0.989328134753213
1.0,0.0296074203076602,0.989485767246696
1.0,0.0296104429272015,0.989641071374667
1.0,0.0296134209000911,0.989794081529056
1.0,0.0296163548857971,0.989944831593798
1.0,0.029619245534048,0.990093354952331
1.0,0.0296220934849742,0.990239684494994
1.0,0.0296248993692521,0.990383852626306
1.0,0.0296276638082416,0.990525891272145
1.0,0.0296303874141244,0.990665831886814
1.0,0.0296330707900399,0.990803705460014
1.0,0.0296357145302191,0.990939542523698
1.0,0.0296383192201155,0.991073373158837
1.0,0.0296408854365351,0.991205227002081
1.0,0.0296434137477632,0.991335133252321
1.0,0.0296459047136921,0.991463120677158
1.0,0.0296483588859433,0.991589217619268
1.0,0.0296507768079903,0.991713452002683
1.0,0.0296531590152795,0.991835851338974
1.0,0.0296555060353485,0.991956442733342
1.0,0.0296578183879423,0.99207525289062
1.0,0.0296600965851281,0.992192308121191
1.0,0.0296623411314114,0.992307634346808
1.0,0.0296645525238441,0.992421257106341
1.0,0.0296667312521359,0.992533201561427
1.0,0.0296688777987653,0.992643492502044
1.0,0.029670992639081,0.992752154352004
1.0,0.0296730762414139,0.992859211174355
1.0,0.0296751290671742,0.992964686676715
1.0,0.0296771515709582,0.993068604216521
1.0,0.0296791442006477,0.9931709868062
1.0,0.0296811073975076,0.993271857118266
1.0,0.0296830415962865,0.993371237490341
1.0,0.0296849472253107,0.993469149930102
1.0,0.0296868247065785,0.993565616120152
1.0,0.0296886744558575,0.993660657422826
1.0,0.0296904968827718,0.993754294884918
1.0,0.029692292390896,0.993846549242342
1.0,0.0296940613778442,0.993937440924726
1.0,0.0296958042353557,0.994026990059936
1.0,0.0296975213493846,0.994115216478531
1.0,0.0296992131001845,0.994202139718157
1.0,0.029700879862391,0.994287779027871
1.0,0.0297025220051075,0.994372153372406
1.0,0.0297041398919848,0.99445528143637
1.0,0.0297057338813014,0.994537181628383
1.0,0.0297073043260452,0.994617872085155
1.0,0.0297088515739889,0.994697370675499
1.0,0.0297103759677695,0.994775695004294
1.0,0.0297118778449625,0.994852862416377
1.0,0.0297133575381563,0.994928890000388
1.0,0.0297148153750275,0.995003794592555
1.0,0.0297162516784129,0.995077592780418
1.0,0.0297176667663799,0.995150300906507
1.0,0.0297190609522984,0.995221935071958
1.0,0.0297204345449098,0.995292511140079
1.0,0.0297217878483937,0.995362044739865
1.0,0.0297231211624389,0.995430551269455
1.0,0.0297244347823056,0.995498045899549
1.0,0.0297257289988935,0.995564543576758
1.0,0.0297270040988058,0.995630059026922
1.0,0.0297282603644116,0.995694606758366
1.0,0.02972949807391,0.995758201065117
1.0,0.0297307175013899,0.995820856030065
1.0,0.0297319189168928,0.995882585528084
1.0,0.0297331025864704,0.995943403229106
1.0,0.0297342687722455,0.996003322601143
1.0,0.0297354177324678,0.996062356913278
1.0,0.0297365497215747,0.996120519238593
1.0,0.029737664990243,0.996177822457075
1.0,0.029738763785448,0.996234279258458
1.0,0.0297398463505165,0.996289902145041
1.0,0.0297409129251813,0.996344703434452
1.0,0.0297419637456346,0.996398695262378
1.0,0.0297429990445799,0.996451889585249
1.0,0.0297440190512817,0.996504298182894
1.0,0.0297450239916202,0.996555932661138
1.0,0.029746014088138,0.996606804454381
1.0,0.0297469895600919,0.996656924828127
1.0,0.0297479506234981,0.996706304881478
1.0,0.0297488974911833,0.996754955549595
1.0,0.0297498303728303,0.996802887606115
1.0,0.0297507494750249,0.996850111665541
1.0,0.0297516550013013,0.996896638185589
1.0,0.0297525471521869,0.996942477469507
1.0,0.0297534261252483,0.996987639668357
1.0,0.0297542921151326,0.997032134783256
1.0,0.029755145313612,0.997075972667602
1.0,0.0297559859096272,0.997119163029245
1.0,0.0297568140893267,0.997161715432646
1.0,0.0297576300361106,0.997203639300988
1.0,0.0297584339306685,0.997244943918266
1.0,0.0297592259510229,0.997285638431344
1.0,0.0297600062725654,0.997325731851978
1.0,0.0297607750680975,0.997365233058812
1.0,0.0297615325078679,0.997404150799345
0.0,-0.140337721240389,0.9992557066835631
0.0,-0.133360184032416,0.9690996049211323
0.0,-0.113201368620687,0.7857874245306191
0.0,-0.0872255606167129,0.6491737978392279
0.0,-0.0606827681972326,0.4805748306562355
0.0,-0.0368968672616121,0.3333045845790894
0.0,-0.0176076976770216,0.207072833617789
0.0,-0.0033686603695097,0.11110036401255843
0.0,0.0060677658242259,0.06403395949271089
0.0,0.0114171077086014,0.0300270180986027
0.0,0.0136015699821787,0.0166905223651918
0.0,0.0135637025436425,0.018888306946294633
0.0,0.0121484021917819,0.02174258681558269
0.0,0.0100411208440907,0.04374851732657482
0.0,0.0077481789715696,0.059208667541972786
0.0,0.0056055082760079,-0.016004650048886404
0.0,0.0038040116110459,-0.07694296777317407
0.0,0.002422266710609,-0.07213794676729429
0.0,0.0014599604198603,-0.016360240146479826
0.0,0.0008678644580125,0.029329220730959712
0.0,0.0005721581238141,0.06158686098647807
0.0,0.0004923976150451,0.0837887052432535
0.0,0.0005534407472548,0.1005814262992986
0.0,0.0006922258768947,0.10920717928873777
0.0,0.0008605647782611,0.11216133354560714
0.0,0.0010251354491188,0.11475933895267018
0.0,0.0011657383358442,0.11623615304674216
0.0,0.001272679042227,0.11446382256365568
0.0,0.0013439152460836,0.11023385707474674
0.0,0.001382391113696,0.1042378822474679
0.0,0.0013937999233051,0.09853237162097289
0.0,0.0013848741574538,0.09333285466735199
0.0,0.0013622029412916,0.08851982443162934
0.0,0.0013315150521466,0.0845140789204954
0.0,0.0012973346987449,0.08063313934925102
0.0,0.0012629088740885,0.07737821344222029
0.0,0.0012303117171107,0.07457577054705516
0.0,0.0012006464966606,0.07183390497156814
0.0,0.0011742845375478,0.06958331461672493
0.0,0.001151099114865,0.06767243962052133
0.0,0.0011306688608955,0.06595304459658291
0.0,0.0011124384565207,0.0642467071116036
0.0,0.0010958340173228,0.06283011913115658
0.0,0.0010803368680665,0.06145827104709725
0.0,0.0010655228659397,0.06013328080359598
0.0,0.0010510757462372,0.05880442602026713
0.0,0.0010367827876711,0.05744112593219433
0.0,0.0010225200142097,0.05612301789876242
0.0,0.0010082326356857,0.05488468660262367
0.0,0.0009939148224219,0.05368485637537996
0.0,0.0009795914328674,0.052644074926824595
0.0,0.0009653030908064,0.05161063235320665
0.0,0.0009510950868077,0.05061999778274939
0.0,0.0009370099510132,0.04965407923129687
0.0,0.0009230831728521,0.0474014498743588
0.0,0.0009093413741069,0.0467019656832773
0.0,0.0008958022179326,0.0460128043209087
0.0,0.000882475405593,0.0453337388314381
0.0,0.0008693642314241,0.0446645836606031
0.0,0.0008564673021725,0.0440051838663749
0.0,0.000843780157097,0.0433554050906532
0.0,0.0008312966368713,0.0427151251727926
0.0,0.0008190099363944,0.0420842277594652
0.0,0.0008069133382201,0.0414625978973122
0.0,0.0007950006619352,0.0408501193680496
0.0,0.0007832664846435,0.0402466734130886
0.0,0.00077170619356,0.0396521384661564
0.0,0.000760315928212,0.0390663905393061
0.0,0.0007490924608405,0.0384893039658874
0.0,0.0007380330523848,0.0379207522748305
0.0,0.0007271353101041,0.0373606090409166
0.0,0.0007163970628107,0.0368087486175112
0.0,0.0007058162615695,0.0362650467075301
0.0,0.000695390907755,0.0357293807641636
0.0,0.000685119006445,0.0352016302360651
0.0,0.0006749985409272,0.0346816766843709
0.0,0.0006650274632349,0.0341694038035713
0.0,0.0006552036956776,0.0336646973773942
0.0,0.0006455251389602,0.0331674451966816
0.0,0.0006359896833856,0.0326775369604897
0.0,0.0006265952206077,0.0321948641755904
0.0,0.0006173396542945,0.0317193200640184
0.0,0.0006082209088191,0.0312507994837488
0.0,0.0005992369356562,0.030789198864162
0.0,0.0005903857175572,0.0303344161556341
0.0,0.0005816652708071,0.029886350791227
0.0,0.0005730736459801,0.0294449036578437
0.0,0.0005646089276254,0.0290099770741442
0.0,0.0005562692332782,0.0285814747727902
0.0,0.0005480527121212,0.0281593018850369
0.0,0.0005399575435401,0.027743364926207
0.0,0.000531981935735,0.0273335717810672
0.0,0.0005241241244859,0.0269298316885452
0.0,0.000516382372113,0.0265320552255527
0.0,0.0005087549666356,0.0261401542899029
0.0,0.0005012402211102,0.0257540420824581
0.0,0.0004938364731155,0.0253736330887121
0.0,0.0004865420843455,0.0249988430600325
0.0,0.0004793554402774,0.024629588994777
0.0,0.0004722749498839,0.0242657891194573
0.0,0.0004652990453669,0.0239073628700891
0.0,0.0004584261818963,0.0235542308738182
0.0,0.0004516548373436,0.0232063149308792
0.0,0.0004449835120053,0.0228635379969097
0.0,0.0004384107283156,0.0225258241656241
0.0,0.0004319350305476,0.0221930986518338
0.0,0.0004255549845069,0.0218652877747946
0.0,0.0004192691772198,0.0215423189418589
0.0,0.0004130762166201,0.0212241206324086
0.0,0.0004069747312354,0.0209106223820501
0.0,0.0004009633698764,0.0206017547670544
0.0,0.0003950408013307,0.0202974493890294
0.0,0.0003892057140608,0.0199976388598144
0.0,0.0003834568159085,0.0197022567865919
0.0,0.0003777928338039,0.0194112377572099
0.0,0.0003722125134813,0.0191245173257138
0.0,0.0003667146191989,0.0188420319980848
0.0,0.0003612979334655,0.0185637192181833
0.0,0.0003559612567698,0.0182895173538967
0.0,0.0003507034073154,0.0180193656834882
0.0,0.0003455232207597,0.0177532043821471
0.0,0.0003404195499569,0.0174909745087364
0.0,0.000335391264704,0.0172326179927365
0.0,0.0003304372514915,0.0169780776213832
0.0,0.0003255564132572,0.0167272970269944
0.0,0.0003207476691431,0.0164802206744871
0.0,0.0003160099542568,0.0162367938490771
0.0,0.0003113422194353,0.0159969626441626
0.0,0.0003067434310131,0.0157606739493865
0.0,0.0003022125705928,0.0155278754388748
0.0,0.0002977486348201,0.0152985155596499
0.0,0.0002933506351611,0.0150725435202142
0.0,0.0002890175976835,0.0148499092793032
0.0,0.0002847485628408,0.0146305635348034
0.0,0.0002805425852602,0.0144144577128354
0.0,0.0002763987335323,0.014201543956997
0.0,0.000272316090006,0.0139917751177657
0.0,0.0002682937505842,0.0137851047420574
0.0,0.0002643308245244,0.0135814870629398
0.0,0.0002604264342408,0.0133808769894969
0.0,0.0002565797151105,0.0131832300968439
0.0,0.0002527898152816,0.0129885026162894
0.0,0.000249055895485,0.0127966514256426
0.0,0.0002453771288482,0.0126076340396642
0.0,0.0002417527007121,0.0124214086006578
0.0,0.0002381818084511,0.0122379338692006
0.0,0.000234663661295,0.0120571692150111
0.0,0.0002311974801538,0.0118790746079515
0.0,0.0002277824974454,0.0117036106091631
0.0,0.0002244179569257,0.0115307383623323
0.0,0.0002211031135207,0.0113604195850865
0.0,0.0002178372331619,0.0111926165605159
0.0,0.0002146195926236,0.0110272921288216
0.0,0.0002114494793629,0.0108644096790864
0.0,0.0002083261913615,0.0107039331411672
0.0,0.0002052490369707,0.0105458269777077
0.0,0.000202217334758,0.0103900561762684
0.0,0.0001992304133561,0.010236586241573
0.0,0.0001962876113145,0.0100853831878701
0.0,0.000193388276953,0.0099364135314061
0.0,0.000190531768217,0.0097896442830113
0.0,0.0001877174525358,0.0096450429407937
0.0,0.0001849447066822,0.009502577482942
0.0,0.0001822129166345,0.009362216360634
0.0,0.0001795214774409,0.0092239284910504
0.0,0.0001768697930851,0.0090876832504915
0.0,0.0001742572763543,0.0089534504675956
0.0,0.0001716833487096,0.0088212004166577
0.0,0.0001691474401574,0.0086909038110463
0.0,0.0001666489891236,0.0085625317967187
0.0,0.0001641874423288,0.0084360559458306
0.0,0.0001617622546663,0.008311448250441
0.0,0.0001593728890807,0.0081886811163102
0.0,0.0001570188164497,0.0080677273567885
0.0,0.0001546995154663,0.0079485601867963
0.0,0.000152414472524,0.0078311532168921
0.0,0.0001501631816024,0.007715480447429
0.0,0.0001479451441555,0.007601516262797
0.0,0.0001457598690014,0.0074892354257499
0.0,0.0001436068722132,0.0073786130718176
0.0,0.000141485677012,0.0072696247037989
0.0,0.0001393958136616,0.0071622461863372
0.0,0.000137336819364,0.0070564537405755
0.0,0.000135308238157,0.0069522239388907
0.0,0.0001333096208135,0.0068495336997054
0.0,0.0001313405247419,0.006748360282377
0.0,0.0001294005138879,0.0066486812821611
0.0,0.0001274891586384,0.0065504746252507
0.0,0.0001256060357256,0.0064537185638872
0.0,0.000123750728134,0.0063583916715453
0.0,0.0001219228250079,0.0062644728381873
0.0,0.00012012192156,0.0061719412655887
0.0,0.0001183476189822,0.0060807764627326
0.0,0.000116599524357,0.0059909582412716
0.0,0.0001148772505709,0.0059024667110573
0.0,0.0001131804162282,0.0058152822757357
0.0,0.0001115086455666,0.0057293856284076
0.0,0.0001098615683745,0.005644757747353
0.0,0.0001082388199083,0.0055613798918188
0.0,0.0001066400408121,0.0054792335978687
0.0,0.000105064877038,0.0053983006742945
0.0,0.0001035129797677,0.0053185631985875
0.0,0.0001019840053353,0.0052400035129696
0.0,0.000100477615151,0.005162604220483
0.0,9.89934756262592e-05,0.0050863481811379
0.0,9.75312581000046e-05,0.0050112185081165
0.0,9.60906387657695e-05,0.0049371985640337
0.0,9.46712985999409e-05,0.0048642719572526
0.0,9.32729232911711e-05,0.0047924225382548
0.0,9.18952031707526e-05,0.0047216343960637
0.0,9.05378331440485e-05,0.0046518918547217
0.0,8.92005126229278e-05,0.0045831794698181
0.0,8.78829454592084e-05,0.0045154820250693
0.0,8.65848398790628e-05,0.0044487845289491
0.0,8.53059084184038e-05,0.0043830722113689
0.0,8.40458678592407e-05,0.0043183305204067
0.0,8.28044391669516e-05,0.0042545451190848
0.0,8.1581347428486e-05,0.004191701882195
0.0,8.03763217914824e-05,0.00412978689317
0.0,7.91890954043376e-05,0.0040687864410022
0.0,7.80194053570382e-05,0.0040086870172074
0.0,7.68669926229787e-05,0.0039494753128328
0.0,7.57316020016038e-05,0.0038911382155103
0.0,7.46129820618849e-05,0.0038336628065525
0.0,7.35108850866348e-05,0.0037770363580922
0.0,7.2425067017684e-05,0.0037212463302632
0.0,7.1355287401785e-05,0.0036662803684241
0.0,7.03013093373769e-05,0.0036121263004219
0.0,6.92628994221692e-05,0.0035587721338965
0.0,6.82398277014051e-05,0.0035062060536252
0.0,6.72318676169445e-05,0.0034544164189062
0.0,6.62387959571228e-05,0.0034033917609808
0.0,6.52603928072912e-05,0.0033531207804934
0.0,6.42964415011119e-05,0.0033035923449895
0.0,6.33467285726247e-05,0.0032547954864505
0.0,6.24110437089168e-05,0.0032067193988647
0.0,6.14891797035763e-05,0.0031593534358342
0.0,6.05809324108336e-05,0.0031126871082176
0.0,5.96861007002916e-05,0.0030667100818068
0.0,5.88044864124268e-05,0.0030214121750391
0.0,5.79358943147146e-05,0.0029767833567416
0.0,5.70801320583653e-05,0.0029328137439108
0.0,5.62370101357609e-05,0.0028894935995231
0.0,5.54063418384335e-05,0.0028468133303794
0.0,5.45879432158128e-05,0.00280476348498
0.0,5.37816330343915e-05,0.002763334751432
0.0,5.29872327376425e-05,0.0027225179553869
0.0,5.22045664064878e-05,0.0026823040580093
0.0,5.14334607203161e-05,0.0026426841539749
0.0,5.06737449185932e-05,0.0026036494694987
0.0,4.99252507630797e-05,0.0025651913603918
0.0,4.91878125005452e-05,0.0025273013101474
0.0,4.84612668260817e-05,0.0024899709280548
0.0,4.77454528469388e-05,0.0024531919473411
0.0,4.70402120468817e-05,0.0024169562233405
0.0,4.63453882510907e-05,0.0023812557316911
0.0,4.56608275915885e-05,0.0023460825665575
0.0,4.49863784731455e-05,0.0023114289388801
0.0,4.43218915397448e-05,0.0022772871746505
0.0,4.36672196414585e-05,0.0022436497132117
0.0,4.30222178019087e-05,0.0022105091055841
0.0,4.23867431861326e-05,0.002177858012816
0.0,4.17606550689627e-05,0.002145689204358
0.0,4.11438148038498e-05,0.0021139955564621
0.0,4.05360857921935e-05,0.0020827700506041
0.0,3.99373334530571e-05,0.0020520057719295
0.0,3.93474251933687e-05,0.0020216959077219
0.0,3.87662303786007e-05,0.0019918337458944
0.0,3.8193620303769e-05,0.0019624126735036
0.0,3.76294681649972e-05,0.0019334261752847
0.0,3.70736490314036e-05,0.0019048678322089
0.0,3.65260398174326e-05,0.0018767313200618
0.0,3.59865192556229e-05,0.0018490104080432
0.0,3.54549678697226e-05,0.001821698957387
0.0,3.49312679482523e-05,0.0017947909200018
0.0,3.44153035184286e-05,0.0017682803371319
0.0,3.39069603204796e-05,0.0017421613380371
0.0,3.34061257823599e-05,0.0017164281386933
0.0,3.29126889947913e-05,0.0016910750405112
0.0,3.2426540686737e-05,0.0016660964290745
0.0,3.19475732011749e-05,0.0016414867728967
0.0,3.14756804712761e-05,0.0016172406221959
0.0,3.10107579968959e-05,0.0015933526076881
3.5527136788005e-13,3.05527028818878e-05,0.0015698174393984
1.0,0.170130101413507,0.012818887099432397
1.0,0.163152854811115,0.021500923558325037
1.0,0.142994325712479,0.2120518494170546
1.0,0.117018799792513,0.3549638974743101
1.0,0.0904762852904214,0.5210093500567425
1.0,0.0666906581671152,0.6696104010053334
1.0,0.0474017583503995,0.7964899792232445
1.0,0.0331629868260622,0.8854003211415046
1.0,0.0237268224896581,0.944443391058644
1.0,0.0183777385947592,0.9655345816375501
1.0,0.0161935304999351,0.9780118488731261
1.0,0.0162316483627883,0.982503361834941
1.0,0.0176471954399864,0.974469520034024
1.0,0.0197547198686727,0.9588520741792047
1.0,0.0220479012316763,0.9446318494287888
1.0,0.0241908078802433,1.0086273367075682
1.0,0.0259925370129847,1.0657590570100433
1.0,0.0273745109474548,1.071353030858691
1.0,0.0283370428892099,1.020125059522127
1.0,0.0289293611690076,0.9757842442383048
1.0,0.0292252865373314,0.9421603314257475
1.0,0.029305262844906,0.915471722873402
1.0,0.0292444323239708,0.899715744209145
1.0,0.0291058566651567,0.889680887507321
1.0,0.0289377241405546,0.8859624896772155
1.0,0.0287733567981014,0.8861765099057333
1.0,0.0286329542364478,0.8867866219167063
1.0,0.0285262108961655,0.8896175537992134
1.0,0.0284551691431452,0.8943696781080156
1.0,0.0284168848541653,0.8992948269054504
1.0,0.0284056647934101,0.9044100570772747
1.0,0.0284147765201346,0.9098259289973567
1.0,0.0284376309503704,0.9149820359656825
1.0,0.0284684993473614,0.919056960616218
1.0,0.0285028575423558,0.9226137109336768
1.0,0.0285374585817337,0.9257667664641327
1.0,0.028570228365363,0.9282680082145162
1.0,0.0286000636626227,0.9303758378187995
1.0,0.0286265931863663,0.932105807645084
1.0,0.0286499436986087,0.9334825513709069
1.0,0.0286705366036246,0.9347501635683759
1.0,0.0286889272565523,0.9359817871610242
1.0,0.0287056895772964,0.937245845228173
1.0,0.0287213422760544,0.9384427910210713
1.0,0.028736309530085,0.9396225553275035
1.0,0.0287509076380308,0.9408245290071721
1.0,0.0287653493546161,0.9420407666593782
1.0,0.0287797586888143,0.9431316414736878
1.0,0.0287941904632489,0.9443212825330486
1.0,0.0288086505395735,0.9455921673995804
1.0,0.0288231140908428,0.9468055207397731
1.0,0.0288375405243111,0.9479383025469069
1.0,0.0288518845799903,0.9489671836567656
1.0,0.0288661037578666,0.951429084300411
1.0,0.028880162598194,0.952145955103652
1.0,0.0288940345084359,0.952852124506756
1.0,0.0289077018542496,0.953547872334901
1.0,0.0289211549627588,0.954233427002466
1.0,0.0289343905675963,0.954908975500737
1.0,0.0289474100895699,0.955574674187536
1.0,0.0289602180165687,0.956230658815848
1.0,0.0289728205346667,0.956877052920596
1.0,0.0289852244753162,0.95751397420909
1.0,0.0289974365819266,0.958141538968668
1.0,0.02900946306049,0.958759864731891
1.0,0.0290213093591041,0.959369071552212
1.0,0.0290329801153832,0.95996928227164
1.0,0.0290444792142621,0.960560622135017
1.0,0.0290558099076013,0.961143218047321
1.0,0.0290669749582062,0.961717197699658
1.0,0.029077976782212,0.962282688719265
1.0,0.0290888175738548,0.962839817937037
1.0,0.0290994994047791,0.963388710816827
1.0,0.0291100242959823,0.963929491054979
1.0,0.0291203942644296,0.964462280335396
1.0,0.0291306113485497,0.964987198212766
1.0,0.0291406776177057,0.965504362091945
1.0,0.0291505951706679,0.96601388727231
1.0,0.0291603661275006,0.966515887030128
1.0,0.0291699926183626,0.967010472717687
1.0,0.0291794767717595,0.967497753864034
1.0,0.0291888207038853,0.967977838267649
1.0,0.029198026509935,0.968450832076001
1.0,0.029207096257714,0.9689168398503
1.0,0.0292160319834653,0.96937596461613
1.0,0.0292248356896183,0.969828307901973
1.0,0.0292335093440363,0.970273969768268
1.0,0.0292420548803349,0.970713048829703
1.0,0.0292504741988771,0.971145642273176
1.0,0.0292587691681119,0.971571845873414
1.0,0.0292669416260263,0.971991754007688
1.0,0.0292749933815353,0.972405459670646
1.0,0.0292829262157224,0.972813054489783
1.0,0.0292907418828809,0.97321462874181
1.0,0.0292984421113605,0.973610271369933
1.0,0.0293060286042301,0.974000070001881
1.0,0.0293135030398004,0.974384110968517
1.0,0.0293208670720304,0.974762479322769
1.0,0.029328122330865,0.975135258858696
1.0,0.0293352704225271,0.975502532130498
1.0,0.0293423129297852,0.975864380471338
1.0,0.0293492514122171,0.97622088401189
1.0,0.0293560874064844,0.976572121698544
1.0,0.0293628224266054,0.97691817131126
1.0,0.0293694579642518,0.977259109481053
1.0,0.0293759954890478,0.977595011707138
1.0,0.0293824364488791,0.97792595237374
1.0,0.0293887822702081,0.978252004766593
1.0,0.0293950343583915,0.978573241089169
1.0,0.0294011940979955,0.978889732478623
1.0,0.0294072628531099,0.979201549021514
1.0,0.0294132419676563,0.97950875976927
1.0,0.0294191327656945,0.979811432753444
1.0,0.0294249365517201,0.980109635000739
1.0,0.0294306546109573,0.980403432547833
1.0,0.0294362882096473,0.98069289045598
1.0,0.0294418385953306,0.98097807282541
1.0,0.0294473069971226,0.98125904280952
1.0,0.0294526946259865,0.981535862628856
1.0,0.0294580026750029,0.9818085935849
1.0,0.02946323231963,0.982077296073642
1.0,0.0294683847179666,0.982342029598962
1.0,0.0294734610110068,0.98260285278581
1.0,0.0294784623228908,0.982859823393192
1.0,0.0294833897611553,0.983112998326965
1.0,0.0294882444169775,0.983362433652434
1.0,0.029493027365417,0.983608184606777
1.0,0.0294977396656537,0.983850305611271
1.0,0.0295023823612222,0.984088850283346
1.0,0.0295069564802428,0.98432387144846
1.0,0.0295114630356499,0.984555421151795
1.0,0.0295159030254148,0.984783550669784
1.0,0.0295202774327694,0.98500831052146
1.0,0.0295245872264205,0.985229750479654
1.0,0.0295288333607675,0.985447919582004
1.0,0.0295330167761125,0.985662866141825
1.0,0.0295371383988678,0.985874637758801
1.0,0.0295411991417622,0.986083281329529
1.0,0.029545199904043,0.986288843057905
1.0,0.0295491415716744,0.98649136846535
1.0,0.0295530250175342,0.9866909024009
1.0,0.029556851101608,0.986887489051128
1.0,0.0295606206711776,0.987081171949937
1.0,0.0295643345610097,0.987271993988196
1.0,0.0295679935935422,0.987459997423239
1.0,0.029571598579063,0.987645223888224
1.0,0.0295751503158928,0.987827714401354
1.0,0.0295786495905594,0.988007509374954
1.0,0.0295820971779739,0.988184648624429
1.0,0.0295854938416005,0.988359171377073
1.0,0.0295888403336273,0.988531116280763
1.0,0.0295921373951304,0.988700521412512
1.0,0.0295953857562412,0.988867424286904
1.0,0.0295985861363059,0.989031861864401
1.0,0.0296017392440446,0.989193870559526
1.0,0.0296048457777101,0.989353486248932
1.0,0.0296079064252408,0.98951074427934
1.0,0.0296109218644134,0.989665679475372
1.0,0.0296138927629943,0.98981832614726
1.0,0.0296168197788858,0.989968718098445
1.0,0.0296197035602714,0.990116888633062
1.0,0.0296225447457625,0.990262870563318
1.0,0.029625343964536,0.990406696216752
1.0,0.0296281018364759,0.990548397443401
1.0,0.0296308189723107,0.990688005622848
1.0,0.0296334959737461,0.990825551671175
1.0,0.0296361334336019,0.990961066047807
1.0,0.0296387319359406,0.991094578762255
1.0,0.0296412920561973,0.991226119380766
1.0,0.0296438143613085,0.991355717032868
1.0,0.0296462994098359,0.991483400417823
1.0,0.0296487477520904,0.991609197810977
1.0,0.0296511599302549,0.991733137070029
1.0,0.0296535364785036,0.991855245641193
1.0,0.0296558779231211,0.991975550565281
1.0,0.0296581847826172,0.992094078483688
1.0,0.0296604575678436,0.992210855644295
1.0,0.0296626967821059,0.992325907907279
1.0,0.0296649029212765,0.992439260750837
1.0,0.0296670764739015,0.992550939276837
1.0,0.0296692179213125,0.992660968216366
1.0,0.0296713277377303,0.992769371935216
1.0,0.0296734063903716,0.992876174439272
1.0,0.0296754543395521,0.992981399379834
1.0,0.0296774720387876,0.993085070058852
1.0,0.0296794599348957,0.993187209434086
1.0,0.0296814184680936,0.99328784012419
1.0,0.0296833480720962,0.993386984413723
1.0,0.0296852491742121,0.993484664258081
1.0,0.0296871221954396,0.99358090128836
1.0,0.0296889675505556,0.993675716816146
1.0,0.0296907856482129,0.993769131838235
1.0,0.0296925768910272,0.993861167041285
1.0,0.029694341675667,0.993951842806391
1.0,0.029696080392942,0.994041179213604
1.0,0.0296977934278897,0.994129196046376
1.0,0.0296994811598594,0.994215912795938
1.0,0.0297011439625976,0.994301348665621
1.0,0.0297027822043301,0.994385522575107
1.0,0.029704396247844,0.994468453164618
1.0,0.0297059864505673,0.994550158799043
1.0,0.0297075531646489,0.994630657572006
1.0,0.0297090967370361,0.994709967309875
1.0,0.0297106175095507,0.994788105575705
1.0,0.0297121158189666,0.994865089673131
1.0,0.0297135919970826,0.994940936650199
1.0,0.0297150463707969,0.995015663303139
1.0,0.0297164792621789,0.995089286180089
1.0,0.0297178909885407,0.995161821584755
1.0,0.0297192818625083,0.995233285580024
1.0,0.0297206521920885,0.995303693991522
1.0,0.0297220022807394,0.995373062411115
1.0,0.0297233324274369,0.995441406200365
1.0,0.0297246429267404,0.99550874049393
1.0,0.0297259340688587,0.995575080202918
1.0,0.0297272061397138,0.995640440018184
1.0,0.0297284594210043,0.99570483441359
1.0,0.0297296941902683,0.995768277649206
1.0,0.0297309107209434,0.995830783774467
1.0,0.0297321092824294,0.995892366631288
1.0,0.029733290140147,0.995953039857126
1.0,0.029734453555595,0.996012816888001
1.0,0.0297355997864113,0.996071710961472
1.0,0.029736729086427,0.996129735119569
1.0,0.0297378417057239,0.996186902211679
1.0,0.0297389378906914,0.996243224897392
1.0,0.0297400178840781,0.996298715649307
1.0,0.0297410819250472,0.996353386755791
1.0,0.0297421302492293,0.996407250323702
1.0,0.029743163088775,0.996460318281069
1.0,0.029744180672405,0.996512602379733
1.0,0.0297451832254629,0.996564114197952
1.0,0.0297461709699622,0.996614865142962
1.0,0.0297471441246382,0.996664866453507
1.0,0.0297481029049953,0.996714129202321
1.0,0.0297490475233537,0.996762664298589
1.0,0.0297499781888984,0.996810482490353
1.0,0.0297508951077243,0.996857594366903
1.0,0.0297517984828819,0.996904010361111
1.0,0.0297526885144235,0.99694974075175
1.0,0.0297535653994445,0.996994795665765
1.0,0.0297544293321306,0.997039185080518
1.0,0.0297552805037991,0.997082918825998
1.0,0.029756119102941,0.997126006586996
1.0,0.0297569453152622,0.997168457905249
1.0,0.0297577593237277,0.997210282181557
1.0,0.029758561308598,0.997251488677861
1.0,0.0297593514474723,0.997292086519293
1.0,0.0297601299153256,0.997332084696203
1.0,0.0297608968845497,0.997371492066144
1.0,0.0297616525249877,0.997410317355836
1.0,0.0297623970039766,0.997448569163096
1.0,0.0297631304863795,0.997486255958747
1.0,0.0297638531346263,0.997523386088489
1.0,0.0297645651087457,0.997559967774749
1.0,0.0297652665664034,0.997596009118502
1.0,0.0297659576629381,0.997631518101065
1.0,0.0297666385513906,0.997666502585864
1.0,0.0297673093825437,0.997700970320175
1.0,0.0297679703049525,0.997734928936841
1.0,0.0297686214649773,0.997768385955961
1.0,0.029769263006816,0.997801348786555
1.0,0.0297698950725389,0.997833824728208
1.0,0.029770517802115,0.99786582097268
1.0,0.0297711313334479,0.997897344605507
1.0,0.0297717358024026,0.997928402607563
0.0,-0.140327668657161,0.9997722148483001
0.0,-0.133350279934362,0.9696084838225644
0.0,-0.113191610814554,0.7862887868594322
0.0,-0.0872159469416454,0.6496677546215679
0.0,-0.0606732965242931,0.48106149127830056
0.0,-0.0368875354933083,0.3337840568113504
0.0,-0.0175985037468438,0.207545223638855
0.0,-0.0033596022414723,0.11156577643269043
0.0,0.006076690156036,0.06449249737698709
0.0,0.011425900220468,0.0304787829897438
0.0,0.0136102326211937,0.0171356143060461
0.0,0.0135722372281383,0.019326824501992836
0.0,0.012156810811755,0.02217462709536489
0.0,0.0100494052616208,0.04417417600529542
0.0,0.0077563410212324,0.05962803888128748
0.0,0.0056135497652802,-0.0155914731796465
0.0,0.0038119343207071,-0.07653589387643647
0.0,0.0024300723951343,-0.0717368856969831
0.0,0.0014676508078104,-0.015965103088053226
0.0,0.0008754412524154,0.02971852128017742
0.0,0.0005796230025428,0.06197041123667407
0.0,0.0004997522311889,0.0841665901312174
0.0,0.0005606867294856,0.10095372950723171
0.0,0.0006993648298275,0.10957398326278417
0.0,0.0008675982828092,0.11252271951411165
0.0,0.0010320650628442,0.11511538694416627
0.0,0.0011725655933025,0.11658694190767385
0.0,0.0012794054553069,0.11480942997583818
0.0,0.001350542304342,0.11057435957256924
0.0,0.001388920284688,0.1045733552348415
0.0,0.0014002326529082,0.09886288938802909
0.0,0.0013912118701893,0.09365849040689408
0.0,0.0013684470406392,0.08884065025534084
0.0,0.0013376669208554,0.08483016587490919
0.0,0.0013033956991394,0.08094455743148271
0.0,0.001268880348371,0.07768503161546848
0.0,0.0012361949876574,0.07487805675587378
0.0,0.0012064428663157,0.07213172615691234
0.0,0.0011799952899109,0.06987673673077534
0.0,0.0011567255145762,0.06796152764128893
0.0,0.0011362121539151,0.06623786254229831
0.0,0.0011178998704047,0.06452731805489409
0.0,0.0011012147614954,0.06310658521301318
0.0,0.001085638134088,0.06173065349063585
0.0,0.0010707458277693,0.060401639927615276
0.0,0.0010562215604945,0.05906882125260593
0.0,0.0010418525938911,0.05770161582289173
0.0,0.0010275149350955,0.05637966013302412
0.0,0.0010131537773571,0.05513753801359577
0.0,0.0009987632746604,0.05393397295673516
0.0,0.0009843682693576,0.0528895118451614
0.0,0.0009700093693735,0.051852443960266045
0.0,0.000955731849652,0.050858237627451196
0.0,0.0009415782249408,0.04988880007159797
0.0,0.0009275839695026,0.0476327036889363
0.0,0.0009137756901766,0.0469298036830392
0.0,0.0009001710353963,0.0462372769603345
0.0,0.0008867796919204,0.0455548958197521
0.0,0.0008736049397947,0.0448824739727819
0.0,0.0008606453716868,0.0442198557539934
0.0,0.0008478965129838,0.0435669060925695
0.0,0.0008353521906933,0.0429235021256757
0.0,0.0008230055862497,0.0422895268081667
0.0,0.0008108499689409,0.0416648645050852
0.0,0.0007988791452842,0.0410493983266166
0.0,0.0007870876795066,0.0404430088525602
0.0,0.0007754709461368,0.0398455738648041
0.0,0.0007640250722029,0.0392569687331904
0.0,0.0007527468176313,0.038677067158344
0.0,0.0007416334312289,0.0381057420458161
0.0,0.0007306825083015,0.0375428663562166
0.0,0.0007198918658848,0.0369883138378116
0.0,0.0007092594434405,0.0364419595973556
0.0,0.0006987832309119,0.035903680500683
0.0,0.000688461222114,0.0353733554177671
0.0,0.0006782913892384,0.0348508653396119
0.0,0.0006682716733862,0.0343360933989968
0.0,0.0006583999860957,0.0338289248262355
0.0,0.00064867421746,0.0333292468669303
0.0,0.0006390922473275,0.0328369486829513
0.0,0.0006296519570508,0.032351921251819
0.0,0.0006203512401498,0.0318740572741343
0.0,0.0006111880109992,0.0314032510941404
0.0,0.0006021602112228,0.0309393986350742
0.0,0.0005932658138663,0.0304823973486444
0.0,0.000584502825653,0.030032146176611
0.0,0.0005758692877363,0.0295885455218323
0.0,0.0005673632753838,0.0291514972260736
0.0,0.0005589828969859,0.0287209045521455
0.0,0.0005507262927163,0.0282966721683924
0.0,0.0005425916330841,0.0278787061340641
0.0,0.0005345771175442,0.0274669138845903
0.0,0.0005266809732606,0.0270612042161996
0.0,0.0005189014540645,0.026661487269643
0.0,0.0005112368396118,0.0262676745130159
0.0,0.0005036854347193,0.0258796787238098
0.0,0.0004962455688475,0.0254974139704012
0.0,0.0004889155956919,0.025120795593202
0.0,0.0004816938928498,0.0247497401856838
0.0,0.0004745788615301,0.0243841655754532
0.0,0.0004675689262857,0.0240239908055126
0.0,0.0004606625347504,0.0236691361158001
0.0,0.0004538581573708,0.0233195229250614
