Setpoint,ControllerOutput,PlantOutput
1.0,0.1701,0.00751483766362071
1.0,0.163123198021,0.032477022458114624
1.0,0.142965106978289,0.20420000457538734
1.0,0.116990012643787,0.3548273229029814
1.0,0.0904479233522777,0.5210768824396678
1.0,0.0666627151588314,0.6693799478073869
1.0,0.0473742280840264,0.7935796749166497
1.0,0.0331358632050521,0.881918151887972
1.0,0.0237000995075146,0.9404553730761718
1.0,0.0183514103337071,0.9653665639479455
1.0,0.0161675911296097,0.9781545752712647
1.0,0.0162060921389443,0.981190266685576
1.0,0.0176220167032256,0.973175820412789
1.0,0.0197299130431912,0.9587934122975329
1.0,0.0220234608240295,0.945044060845568
1.0,0.0241667284781294,0.983803300793563
1.0,0.025968813284046,1.0187195823933308
1.0,0.027351137638097,1.02015218019038
1.0,0.0283140148234391,0.9845632596530272
1.0,0.0289066732472834,0.9543149471042627
1.0,0.0292029337354378,0.9318034079937253
1.0,0.0292832402128392,0.91434018593273
1.0,0.0292227349848425,0.9044359242475439
1.0,0.0290844798141147,0.8984882494762709
1.0,0.0289166630437181,0.8967972813005247
1.0,0.0287526067915135,0.8977075999221997
1.0,0.0286125107250415,0.8988224135168128
1.0,0.0285060693527475,0.9013401802075686
1.0,0.028435325107392,0.9050584278307703
1.0,0.0283973339316368,0.9088188058709367
1.0,0.0283864026545756,0.912645042818555
1.0,0.0283957988994141,0.9166250376671544
1.0,0.0284189336451903,0.9203988709020137
1.0,0.0284500782172241,0.9234306988563122
1.0,0.0284847085079212,0.9261050726253879
1.0,0.0285195776239175,0.9285048732136686
1.0,0.0285526115244472,0.9304688416842638
1.0,0.0285827070373765,0.9321714290684912
1.0,0.0286094929331839,0.9336237156902628
1.0,0.0286330960306571,0.9348418486732365
1.0,0.0286539377900061,0.9359877097035804
1.0,0.0286725736214777,0.9371089640163576
1.0,0.0286895774992701,0.9382501132006184
1.0,0.0287054681870749,0.9393438032567321
1.0,0.0287206699148521,0.9404225351844142
1.0,0.0287354990331687,0.9415120067143029
1.0,0.0287501683479054,0.9426065707843236
1.0,0.0287648019184379,0.9436129723277066
1.0,0.0287794546170461,0.9446805980557593
1.0,0.0287941323543068,0.9457978314652893
1.0,0.0288088103514756,0.9468722783994341
1.0,0.0288234480632963,0.9478887312696137
1.0,0.0288380002765669,0.9488317960884328
1.0,0.0288524245373709,0.950726237190074
1.0,0.0288666854313777,0.951453489640756
1.0,0.0288807564107945,0.952169887345572
1.0,0.0288946198853628,0.952875712394743
1.0,0.0289082662256388,0.953571195434241
1.0,0.0289216922080457,0.954256525653977
1.0,0.0289348992955512,0.954931861577926
1.0,0.0289478920175803,0.955597341093228
1.0,0.0289606766011286,0.95625308983744
1.0,0.0289732599179677,0.956899227589444
1.0,0.0289856487512294,0.957535872677557
1.0,0.0289978493460417,0.958163144645167
1.0,0.0290098671890602,0.958781165526855
1.0,0.0290217069558873,0.959390060116494
1.0,0.0290333725688856,0.95998995558196
1.0,0.0290448673167889,0.96058098072286
1.0,0.029056193998733,0.961163265096944
1.0,0.0290673550666465,0.961736938170519
1.0,0.0290783527500296,0.962302128586388
1.0,0.0290891891552703,0.962858963593547
1.0,0.0290998663375961,0.963407568647117
1.0,0.0291103863476969,0.963948067163796
1.0,0.0291207512572285,0.964480580405477
1.0,0.029130963168289,0.965005227458999
1.0,0.0291410242119017,0.965522125280881
1.0,0.0291509365399061,0.966031388780052
1.0,0.0291607023137677,0.966533130917349
1.0,0.0291703236928365,0.967027462806606
1.0,0.0291798028236949,0.967514493807684
1.0,0.0291891418314774,0.967994331606367
1.0,0.0291983428134863,0.96846708227946
1.0,0.0292074078350271,0.968932850345756
1.0,0.0292163389271605,0.969391738804886
1.0,0.0292251380859603,0.969843849166713
1.0,0.0292338072728353,0.970289281473934
1.0,0.0292423484155291,0.97072813432037
1.0,0.0292507634094705,0.971160504866884
1.0,0.0292590541192244,0.971586488856412
1.0,0.0292672223798933,0.972006180629093
1.0,0.0292752699983603,0.972419673138038
1.0,0.0292831987543378,0.972827057965999
1.0,0.0292910104012181,0.973228425342924
1.0,0.0292987066667443,0.973623864164284
1.0,0.0293062892535358,0.974013462009955
1.0,0.0293137598395021,0.974397305163428
1.0,0.0293211200781849,0.974775478631152
1.0,0.0293283715990531,0.975148066161808
1.0,0.0293355160077795,0.975515150265396
1.0,0.0293425548865098,0.975876812232043
1.0,0.0293494897941362,0.976233132150467
1.0,0.0293563222665829,0.976584188926081
1.0,0.0293630538171015,0.976930060298734
1.0,0.0293696859365782,0.977270822860092
1.0,0.0293762200938463,0.977606552070695
1.0,0.0293826577360072,0.977937322276698
1.0,0.0293890002887514,0.978263206726324
1.0,0.0293952491566771,0.978584277586054
1.0,0.0294014057236125,0.978900605956564
1.0,0.0294074713529251,0.979212261888422
1.0,0.0294134473878331,0.97951931439756
1.0,0.0294193351517074,0.979821831480526
1.0,0.0294251359483699,0.98011988012951
1.0,0.0294308510623833,0.980413526347169
1.0,0.0294364817593393,0.980702835161231
1.0,0.0294420292861386,0.980987870638888
1.0,0.0294474948712664,0.981268695900988
1.0,0.0294528797250666,0.981545373136011
1.0,0.0294581850400057,0.981817963613846
1.0,0.02946341199094,0.982086527699367
1.0,0.0294685617353723,0.982351124865796
1.0,0.0294736354137091,0.982611813707882
1.0,0.0294786341495124,0.982868651954881
1.0,0.0294835590497486,0.983121696483336
1.0,0.0294884112050324,0.983371003329678
1.0,0.02949319168987,0.983616627702631
1.0,0.0294979015628949,0.983858623995445
1.0,0.0295025418671042,0.984097045797934
1.0,0.0295071136300886,0.984331945908349
1.0,0.0295116178642598,0.984563376345065
1.0,0.0295160555670759,0.984791388358102
1.0,0.0295204277212615,0.985016032440477
1.0,0.0295247352950248,0.98523735833938
1.0,0.0295289792422733,0.985455415067193
1.0,0.0295331605028251,0.985670250912345
1.0,0.029537280002615,0.985881913450002
1.0,0.0295413386539021,0.986090449552605
1.0,0.0295453373554702,0.986295905400251
1.0,0.0295492769928276,0.986498326490916
1.0,0.0295531584384023,0.986697757650531
1.0,0.0295569825517366,0.986894243042913
1.0,0.0295607501796762,0.98708782617954
1.0,0.0295644621565583,0.987278549929189
1.0,0.0295681193043964,0.987466456527428
1.0,0.0295717224330612,0.987651587585971
1.0,0.0295752723404621,0.987833984101892
1.0,0.0295787698127226,0.988013686466702
1.0,0.0295822156243537,0.988190734475297
1.0,0.0295856105384273,0.988365167334767
1.0,0.0295889553067428,0.988537023673081
1.0,0.0295922506699957,0.988706341547639
1.0,0.0295954973579409,0.988873158453703
1.0,0.0295986960895536,0.989037511332697
1.0,0.0296018475731901,0.989199436580388
1.0,0.0296049525067421,0.989358970054948
1.0,0.0296080115777946,0.989516147084894
1.0,0.0296110254637749,0.989671002476909
1.0,0.0296139948321055,0.989823570523554
1.0,0.0296169203403491,0.989973885010857
1.0,0.029619802636357,0.990121979225799
1.0,0.0296226423584103,0.990267885963686
1.0,0.0296254401353624,0.990411637535406
1.0,0.029628196586778,0.990553265774591
1.0,0.02963091232307,0.990692802044661
1.0,0.0296335879456358,0.990830277245773
1.0,0.029636224046989,0.990965721821663
1.0,0.0296388212108909,0.991099165766385
1.0,0.0296413800124813,0.991230638630958
1.0,0.0296439010184038,0.991360169529905
1.0,0.0296463847869319,0.991487787147706
1.0,0.0296488318680945,0.991613519745142
1.0,0.0296512428037945,0.991737395165564
1.0,0.0296536181279308,0.991859440841048
1.0,0.0296559583665168,0.991979683798479
1.0,0.0296582640377958,0.99209815066553
1.0,0.0296605356523563,0.99221486767656
1.0,0.0296627737132444,0.992329860678427
1.0,0.0296649787160765,0.992443155136206
1.0,0.029667151149148,0.992554776138834
1.0,0.0296692914935421,0.99266474840466
1.0,0.0296714002232359,0.992773096286925
1.0,0.0296734778052052,0.992879843779149
1.0,0.0296755246995279,0.992985014520452
1.0,0.0296775413594872,0.993088631800779
1.0,0.0296795282316695,0.993190718566066
1.0,0.0296814857560659,0.993291297423318
1.0,0.0296834143661684,0.993390390645613
1.0,0.029685314489065,0.993488020177039
1.0,0.0296871865455361,0.993584207637551
1.0,0.0296890309501472,0.993678974327757
1.0,0.0296908481113387,0.99377234123364
1.0,0.0296926384315195,0.9938643290312
1.0,0.0296944023071539,0.993954958091036
1.0,0.0296961401288509,0.994044248482855
1.0,0.0296978522814486,0.994132219979918
1.0,0.0296995391441013,0.994218892063419
1.0,0.0297012010903628,0.994304283926797
1.0,0.02970283848827,0.994388414479989
1.0,0.0297044517004226,0.994471302353614
1.0,0.0297060410840644,0.994552965903103
1.0,0.0297076069911628,0.994633423212761
1.0,0.0297091497684863,0.994712692099772
1.0,0.0297106697576814,0.994790790118146
1.0,0.0297121672953482,0.994867734562605
1.0,0.0297136427131148,0.994943542472413
1.0,0.0297150963377102,0.995018230635151
1.0,0.0297165284910386,0.995091815590431
1.0,0.0297179394902487,0.995164313633563
1.0,0.0297193296478047,0.995235740819159
1.0,0.0297206992715555,0.995306112964695
1.0,0.0297220486648029,0.995375445654004
1.0,0.0297233781263684,0.995443754240736
1.0,0.0297246879506601,0.995511053851755
1.0,0.0297259784277371,0.995577359390487
1.0,0.0297272498433736,0.995642685540221
1.0,0.0297285024791241,0.995707046767364
1.0,0.0297297366123828,0.99577045732464
1.0,0.0297309525164473,0.995832931254248
1.0,0.0297321504605785,0.995894482390973
1.0,0.02973333071006,0.995955124365247
1.0,0.0297344935262562,0.996014870606171
1.0,0.0297356391666717,0.996073734344484
1.0,0.0297367678850078,0.996131728615499
1.0,0.0297378799312171,0.996188866261984
1.0,0.0297389755515614,0.996245159937011
1.0,0.0297400549886651,0.996300622106751
1.0,0.0297411184815679,0.996355265053243
1.0,0.0297421662657791,0.996409100877109
1.0,0.0297431985733299,0.996462141500233
1.0,0.0297442156328234,0.996514398668405
1.0,0.0297452176694859,0.996565883953918
1.0,0.029746204905218,0.996616608758134
1.0,0.0297471775586415,0.996666584314005
1.0,0.0297481358451497,0.996715821688565
1.0,0.029749079976954,0.996764331785376
1.0,0.0297500101631314,0.996812125346949
1.0,0.0297509266096709,0.996859212957114
1.0,0.0297518295195185,0.996905605043372
1.0,0.0297527190926221,0.996951311879202
1.0,0.0297535955259773,0.996996343586333
1.0,0.0297544590136694,0.997040710136988
1.0,0.0297553097469163,0.997084421356091
1.0,0.0297561479141122,0.997127486923446
1.0,0.0297569737008685,0.997169916375875
1.0,0.0297577872900543,0.997211719109335
1.0,0.0297585888618386,0.997252904380997
1.0,0.0297593785937282,0.997293481311294
1.0,0.0297601566606085,0.997333458885945
1.0,0.0297609232347817,0.997372845957939
1.0,0.0297616784860046,0.997411651249501
1.0,0.0297624225815269,0.997449883354023
1.0,0.029763155686128,0.99748755073796
1.0,0.0297638779621527,0.997524661742716
1.0,0.0297645895695486,0.997561224586482
1.0,0.0297652906659001,0.99759724736606
1.0,0.0297659814064646,0.997632738058658
1.0,0.029766661944205,0.997667704523649
1.0,0.0297673324298267,0.997702154504321
1.0,0.0297679930118075,0.997736095629583
1.0,0.0297686438364326,0.997769535415662
1.0,0.0297692850478262,0.997802481267763
1.0,0.0297699167879846,0.997834940481708
1.0,0.0297705391968051,0.997866920245556
1.0,0.02977115241212,0.997898427641191
1.0,0.0297717565697253,0.997929469645892
1.0,0.0297723518034103,0.997960053133876
1.0,0.0297729382449896,0.997990184877826
1.0,0.0297735160243302,0.998019871550382
1.0,0.02977408526938,0.998049119725627
1.0,0.0297746461061978,0.998077935880538
1.0,0.0297751986589805,0.998106326396421
1.0,0.0297757430500905,0.998134297560325
1.0,0.0297762794000827,0.998161855566433
1.0,0.0297768078277305,0.998189006517438
1.0,0.0297773284500547,0.998215756425888
1.0,0.0297778413823453,0.998242111215521
1.0,0.0297783467381918,0.998268076722577
1.0,0.0297788446295038,0.998293658697089
1.0,0.0297793351665396,0.998318862804159
1.0,0.0297798184579272,0.998343694625208
1.0,0.029780294610692,0.998368159659217
1.0,0.0297807637302765,0.998392263323941
1.0,0.0297812259205676,0.99841601095711
1.0,0.0297816812839162,0.998439407817613
1.0,0.029782129921162,0.998462459086658
1.0,0.0297825719316556,0.998485169868926
1.0,0.0297830074132799,0.998507545193692
1.0,0.0297834364624716,0.99852959001595
1.0,0.029783859174243,0.998551309217502
1.0,0.0297842756422033,0.998572707608041
1.0,0.0297846859585789,0.998593789926218
1.0,0.029785090214234,0.998614560840689
1.0,0.0297854884986901,0.998635024951152
1.0,0.0297858809001479,0.998655186789361
1.0,0.029786267505503,0.998675050820134
1.0,0.0297866484003697,0.998694621442338
1.0,0.0297870236690965,0.998713902989868
1.0,0.0297873933947856,0.998732899732601
1.0,0.0297877576593133,0.998751615877346
1.0,0.0297881165433453,0.99877005556877
1.0,0.0297884701263564,0.998788222890326
1.0,0.0297888184866464,0.998806121865147
1.0,0.0297891617013599,0.998823756456941
1.0,0.0297894998465009,0.998841130570871
1.0,0.0297898329969519,0.998858248054414
1.0,0.0297901612264884,0.998875112698219
1.0,0.0297904846077963,0.998891728236943
1.0,0.0297908032124883,0.99890809835008
1.0,0.0297911171111189,0.998924226662773
1.0,0.0297914263732011,0.998940116746619
1.0,0.0297917310672198,0.998955772120462
1.0,0.0297920312606497,0.998971196251165
1.0,0.0297923270199687,0.998986392554387
1.0,0.0297926184106716,0.999001364395332
1.0,0.029792905497287,0.999016115089499
1.0,0.0297931883433895,0.999030647903412
1.0,0.0297934670116153,0.999044966055349
1.0,0.0297937415636758,0.999059072716047
1.0,0.0297940120603692,0.999072971009413
1.0,0.0297942785615977,0.999086664013207
1.0,0.0297945411263769,0.999100154759732
1.0,0.029794799812852,0.999113446236497
1.0,0.0297950546783081,0.999126541386887
1.0,0.029795305779186,0.999139443110809
1.0,0.0297955531710905,0.999152154265334
1.0,0.0297957969088074,0.999164677665335
1.0,0.029796037046312,0.999177016084105
1.0,0.0297962736367818,0.999189172253974
1.0,0.0297965067326098,0.999201148866912
1.0,0.029796736385415,0.999212948575128
1.0,0.0297969626460535,0.999224573991654
1.0,0.0297971855646306,0.999236027690926
1.0,0.0297974051905117,0.999247312209353
1.0,0.0297976215723323,0.999258430045881
1.0,0.0297978347580097,0.999269383662541
1.0,0.0297980447947541,0.999280175485001
1.0,0.029798251729078,0.999290807903097
1.0,0.0297984556068065,0.999301283271367
1.0,0.0297986564730883,0.999311603909571
0.0,-0.140301145627595,1.000530580725525
0.0,-0.133324148672419,0.9612524171873796
0.0,-0.113165865533495,0.7943553268667788
0.0,-0.0871905819402055,0.6479270186923076
0.0,-0.0606483061854197,0.47997517713075044
0.0,-0.0368629142829182,0.3325593745325986
0.0,-0.0175742462125961,0.208791591284999
0.0,-0.0033357030115621,0.11574508889217387
0.0,0.0061002363740674,0.06519236739006602
0.0,0.0114490986409046,0.0316707326899329
0.0,0.013633088381301,0.0183099578990551
0.0,0.0135947553893001,0.019733853004901082
0.0,0.0121789963605934,0.024295312004430313
0.0,0.0100712631111022,0.042936763145354745
0.0,0.0077778760117535,0.0575127837318
0.0,0.0056347666657418,0.01127503611491723
0.0,0.0038328378295687,-0.02617892741144484
0.0,0.0024506671414557,-0.0206788068276514
0.0,0.0014879413522755,0.017943320002140814
0.0,0.0008954320883439,0.049090777077611045
0.0,0.0005993185568835,0.07069151952870675
0.0,0.0005191568655013,0.0851636126704806
0.0,0.0005798047409047,0.09575908221924317
0.0,0.0007182004520164,0.10076739947574213
0.0,0.0008861556868963,0.1019489183913789
0.0,0.0010503483583466,0.10291332807253153
0.0,0.0011905788290363,0.10318984616103273
0.0,0.0012971526202837,0.10137785387168355
0.0,0.0013680273286526,0.09800775286661682
0.0,0.001406147040372,0.09353353401991829
0.0,0.0014172049548121,0.08931382122523812
0.0,0.001407933476811,0.08547810065738246
0.0,0.0013849216549604,0.08193302414156382
0.0,0.0013538981911618,0.07894735671191694
0.0,0.0013193872198283,0.07605689542525966
0.0,0.0012846356607474,0.07358921963914274
0.0,0.0012517175807184,0.07142448853534504
0.0,0.0012217361775225,0.06929924683324425
0.0,0.0011950627059513,0.06749991719052442
0.0,0.0011715703721126,0.06592573286226033
0.0,0.0011508377403255,0.06447871891499801
0.0,0.0011323094245097,0.06304102362649555
0.0,0.0011154114742749,0.06179822242251409
0.0,0.0010996251493887,0.06058796468436331
0.0,0.001084526243001,0.05941244935061179
0.0,0.0010697984273151,0.05823842380766345
0.0,0.0010552289188832,0.057045850626456104
0.0,0.0010406936804319,0.055887992224054384
0.0,0.0010261378614564,0.054787937662381915
0.0,0.0010115555728345,0.05371810541261049
0.0,0.0009969716144468,0.05275873719086653
0.0,0.0009824265523752,0.051808540768634566
0.0,0.000967965620338,0.05089100333292891
0.0,0.0009536312924663,0.04999391295360409
0.0,0.0009394590030064,0.0482428505160991
0.0,0.0009254753193721,0.0475309381245006
0.0,0.0009116978511538,0.0468295321366689
0.0,0.0008981362468408,0.0461384028852299
0.0,0.0008847937487751,0.045457362144414
0.0,0.0008716689124766,0.0447862523401459
0.0,0.0008587572267343,0.0441249365211563
0.0,0.0008460524824979,0.0434732899719337
0.0,0.0008335478256765,0.0428311938220221
0.0,0.0008212364905575,0.0421985306381146
0.0,0.0008091122491745,0.0415751817586099
0.0,0.0007971696317806,0.040961026017692
0.0,0.0007854039794317,0.0403559394774174
0.0,0.0007738113861783,0.0397597958132001
0.0,0.000762388579456,0.0391724670562652
0.0,0.0007511327760607,0.0385938244674222
0.0,0.0007400415397599,0.0380237393868339
0.0,0.0007291126565173,0.0374620839662547
0.0,0.0007183440351812,0.0369087317395087
0.0,0.0007077336355341,0.036363558022734
0.0,0.0006972794216749,0.0358264401590979
0.0,0.0006869793365189,0.0352972576353501
0.0,0.0006768312923227,0.0347758921022353
0.0,0.0006668331722068,0.0342622273299231
0.0,0.0006569828382657,0.0337561491254395
0.0,0.0006472781427627,0.0332575452333273
0.0,0.0006377169398734,0.0327663052347148
0.0,0.0006282970963416,0.0322823204544362
0.0,0.0006190165001613,0.0318054838812898
0.0,0.0006098730669658,0.0313356901030884
0.0,0.0006008647441938,0.0308728352558419
0.0,0.0005919895133399,0.0304168169850457
0.0,0.0005832453907015,0.0299675344164402
0.0,0.0005746304270573,0.029524888133537
0.0,0.0005661427066708,0.0290887801594783
0.0,0.0005577803459446,0.0286591139412517
0.0,0.0005495414919683,0.0282357943347897
0.0,0.000541424321123,0.0278187275899796
0.0,0.00053342703784,0.0274078213350185
0.0,0.0005255478735532,0.0270029845598789
0.0,0.0005177850858522,0.0266041275988758
0.0,0.0005101369578135,0.0262111621124669
0.0,0.0005026017974782,0.0258240010684948
0.0,0.0004951779374393,0.0254425587230931
0.0,0.0004878637345026,0.0250667506014708
0.0,0.0004806575693931,0.024696493478751
0.0,0.0004735578464822,0.0243317053609989
0.0,0.0004665629935203,0.0239723054665316
0.0,0.0004596714613643,0.0236182142075642
0.0,0.0004528817236957,0.0232693531722173
0.0,0.0004461922767261,0.0229256451068875
0.0,0.0004396016388936,0.0225870138989696
0.0,0.0004331083505506,0.0222533845599099
0.0,0.000426710973646,0.0219246832085685
0.0,0.0004204080914066,0.0216008370548673
0.0,0.0004141983080179,0.0212817743837037
0.0,0.0004080802483083,0.0209674245391138
0.0,0.000402052557437,0.0206577179086714
0.0,0.0003961139005874,0.0203525859081145
0.0,0.0003902629626658,0.0200519609661915
0.0,0.0003844984480058,0.0197557765097228
0.0,0.0003788190800787,0.0194639669488754
0.0,0.0003732236012091,0.0191764676626483
0.0,0.0003677107722954,0.0188932149845664
0.0,0.0003622793725357,0.0186141461885816
0.0,0.0003569281991571,0.0183391994751807
0.0,0.0003516560671509,0.0180683139576957
0.0,0.0003464618090096,0.0178014296488169
0.0,0.00034134427447,0.0175384874473054
0.0,0.0003363023302585,0.0172794291249013
0.0,0.0003313348598404,0.0170241973134276
0.0,0.0003264407631734,0.0167727354920838
0.0,0.0003216189564637,0.0165249879749285
0.0,0.0003168683719263,0.0162808998985474
0.0,0.0003121879575487,0.0160404172099036
0.0,0.0003075766768576,0.0158034866543678
0.0,0.0003030335086896,0.0155700557639255
0.0,0.0002985574469649,0.0153400728455581
0.0,0.0002941475004644,0.0151134869697961
0.0,0.0002898026926105,0.0148902479594409
0.0,0.00028552206125,0.0146703063784535
0.0,0.000281304658442,0.0144536135210069
0.0,0.0002771495502472,0.0142401214007008
0.0,0.0002730558165216,0.0140297827399344
0.0,0.0002690225507123,0.0138225509594377
0.0,0.000265048859657,0.0136183801679558
0.0,0.000261133863386,0.0134172251520868
0.0,0.0002572766949277,0.0132190413662691
0.0,0.0002534765001164,0.0130237849229169
0.0,0.0002497324374029,0.0128314125827012
0.0,0.0002460436776686,0.0126418817449747
0.0,0.0002424094040416,0.0124551504383377
0.0,0.000238828811716,0.0122711773113436
0.0,0.0002353011077734,0.0120899216233417
0.0,0.0002318255110075,0.0119113432354552
0.0,0.0002284012517512,0.0117354026016927
0.0,0.000225027571706,0.0115620607601904
0.0,0.0002217037237741,0.0113912793245844
0.0,0.0002184289718929,0.0112230204755096
0.0,0.0002152025908721,0.0110572469522253
0.0,0.0002120238662332,0.0108939220443635
0.0,0.0002088920940509,0.0107330095837991
0.0,0.0002058065807978,0.0105744739366414
0.0,0.0002027666431903,0.010418279995342
0.0,0.0001997716080373,0.0102643931709209
0.0,0.0001968208120917,0.0101127793853067
0.0,0.0001939136019029,0.0099634050637899
0.0,0.0001910493336722,0.009816237127588
0.0,0.0001882273731106,0.0096712429865201
0.0,0.0001854470952979,0.00952839053179
0.0,0.0001827078845447,0.0093876481288754
0.0,0.0001800091342556,0.0092489846105229
0.0,0.0001773502467953,0.0091123692698458
0.0,0.0001747306333561,0.0089777718535241
0.0,0.0001721497138273,0.008845162555105
0.0,0.0001696069166671,0.0087145120084023
0.0,0.0001671016787759,0.0085857912809931
0.0,0.0001646334453714,0.0084589718678112
0.0,0.0001622016698659,0.0083340256848341
0.0,0.0001598058137454,0.0082109250628642
0.0,0.0001574453464502,0.0080896427414015
0.0,0.0001551197452573,0.0079701518626065
0.0,0.0001528284951649,0.0078524259653529
0.0,0.000150571088778,0.0077364389793677
0.0,0.0001483470261964,0.0076221652194577
0.0,0.000146155814904,0.007509579379822
0.0,0.0001439969696592,0.0073986565284477
0.0,0.0001418700123883,0.0072893721015889
0.0,0.0001397744720787,0.007181701898327
0.0,0.0001377098846753,0.0070756220752116
0.0,0.0001356757929775,0.0069711091409802
0.0,0.0001336717465378,0.006868139951356
0.0,0.0001316973015624,0.006766691703923
0.0,0.0001297520208124,0.0066667419330761
0.0,0.0001278354735077,0.0065682685050462
0.0,0.0001259472352308,0.0064712496129989
0.0,0.0001240868878335,0.006375663772205
0.0,0.0001222540193437,0.0062814898152831
0.0,0.0001204482238748,0.006188706887512
0.0,0.0001186691015352,0.0060972944422122
0.0,0.0001169162583404,0.0060072322361962
0.0,0.0001151893061249,0.0059185003252856
0.0,0.0001134878624571,0.0058310790598943
0.0,0.0001118115505543,0.0057449490806773
0.0,0.0001101599991988,0.0056600913142436
0.0,0.0001085328426564,0.0055764869689321
0.0,0.000106929720595,0.0054941175306507
0.0,0.0001053502780051,0.005412964758776
0.0,0.0001037941651207,0.0053330106821142
0.0,0.0001022610373423,0.0052542375949212
0.0,0.0001007505551604,0.0051766280529817
0.0,9.92623840804785e-05,0.0051001648697462
0.0,9.77961945484718e-05,0.0050248311125252
0.0,9.6351661878373e-05,0.0049506100987393
0.0,9.49284661799638e-05,0.0048774853922252
0.0,9.35262922881e-05,0.0048054407995951
0.0,9.21448296928792e-05,0.0047344603666519
0.0,9.07837724708968e-05,0.004664528374855
0.0,8.94428192175084e-05,0.0045956293378403
0.0,8.81216729800502e-05,0.0045277479979903
0.0,8.68200411921066e-05,0.0044608693230553
0.0,8.55376356087428e-05,0.004394978502825
0.0,8.42741722425974e-05,0.0043300609458481
0.0,8.30293713010855e-05,0.0042661022762016
0.0,8.18029571243648e-05,0.0042030883303071
0.0,8.05946581243708e-05,0.0041410051537941
0.0,7.94042067245662e-05,0.0040798389984102
0.0,7.82313393007661e-05,0.004019576318976
0.0,7.70757961227539e-05,0.0039602037703862
0.0,7.59373212967443e-05,0.0039017082046539
0.0,7.48156627087063e-05,0.003844076667999
0.0,7.37105719685466e-05,0.00378729639798
0.0,7.26218043551261e-05,0.0037313548206671
0.0,7.15491187620182e-05,0.0036762395478584
0.0,7.0492277644163e-05,0.0036219383743361
0.0,6.94510469652215e-05,0.0035684392751638
0.0,6.84251961458049e-05,0.0035157304030236
0.0,6.74144980123276e-05,0.0034638000855927
0.0,6.64187287468046e-05,0.0034126368229582
0.0,6.54376678371829e-05,0.0033622292850708
0.0,6.44710980285818e-05,0.0033125663092353
0.0,6.35188052751784e-05,0.0032636368976395
0.0,6.25805786927461e-05,0.0032154302149178
0.0,6.16562105120316e-05,0.0031679355857523
0.0,6.07454960326881e-05,0.0031211424925085
0.0,5.98482335779985e-05,0.0030750405729063
0.0,5.89642244501337e-05,0.0030296196177254
0.0,5.80932728862366e-05,0.0029848695685442
0.0,5.72351860150186e-05,0.0029407805155124
0.0,5.63897738140584e-05,0.0028973426951568
0.0,5.55568490677588e-05,0.002854546488219
0.0,5.47362273258106e-05,0.0028123824175249
0.0,5.39277268624128e-05,0.0027708411458865
0.0,5.31311686360302e-05,0.0027299134740341
0.0,5.2346376249679e-05,0.0026895903385788
0.0,5.15731759119474e-05,0.0026498628100057
0.0,5.08113963984431e-05,0.0026107220906964
0.0,5.0060869013914e-05,0.0025721595129808
0.0,4.93214275548888e-05,0.0025341665372176
0.0,4.85929082728424e-05,0.0024967347499033
0.0,4.78751498379747e-05,0.0024598558618089
0.0,4.71679933034472e-05,0.0024235217061444
0.0,4.64712820702068e-05,0.0023877242367501
0.0,4.57848618523049e-05,0.0023524555263151
0.0,4.51085806427234e-05,0.0023177077646213
0.0,4.44422886797212e-05,0.0022834732568146
0.0,4.37858384136486e-05,0.0022497444216999
0.0,4.3139084474314e-05,0.002216513790063
1.0,0.170142501883639,0.00969861166663721
1.0,0.1631650721158,0.03462854026848442
1.0,0.143006362557222,0.20631974264441136
1.0,0.117030658842858,0.3569157506443704
1.0,0.090487969172543,0.5231344623334948
1.0,0.0667021694683949,0.6714071355025019
1.0,0.0474130996200022,0.7955769193315837
1.0,0.0331741605755004,0.8838858953103489
1.0,0.0237378311933463,0.9423940512606517
1.0,0.0183885846905637,0.9672766062127235
1.0,0.0162042163897125,0.9800364045931408
1.0,0.0162421764129175,0.983044299793626
1.0,0.017657567981893,0.975002467880647
1.0,0.0197649391993452,0.9605930786343119
1.0,0.0220579696141745,0.946817144585439
1.0,0.0242007275441996,0.98555019458401
1.0,0.0260023101550979,1.0204406730821027
1.0,0.0273841397319771,1.0218478489111527
1.0,0.0283465294484253,0.9862338819098132
1.0,0.028938707603704,0.9559608928545607
1.0,0.0292344949172668,0.9334250417304473
1.0,0.0293143352092665,0.91593786676492
1.0,0.0292533706818214,0.9060100059799
1.0,0.0291146629958872,0.9000390806874979
1.0,0.0289464003943173,0.8983252054205217
1.0,0.0287819048962435,0.8992129553081167
1.0,0.0286413760719362,0.9003055335279788
1.0,0.0285345083340067,0.9028013932793116
1.0,0.0284633440207979,0.9064980575471493
1.0,0.0284249389819471,0.9102371710364016
1.0,0.0284135999548991,0.914042457528544
1.0,0.028422594472564,0.9180018113776485
1.0,0.0284453334250168,0.9217553084980676
1.0,0.02847608804993,0.9247671007195702
1.0,0.0285103341533566,0.927421734700601
1.0,0.0285448247568538,0.9298020870742356
1.0,0.0285774857358345,0.9317468945967968
1.0,0.028607213835582,0.9334306040564311
1.0,0.0286336377452117,0.9348642915965528
1.0,0.0286568842033501,0.9360641002220734
1.0,0.0286773745912294,0.9371919075612534
1.0,0.0286956642412854,0.9382953748511836
1.0,0.0287123270510559,0.9394189997419993
1.0,0.0287278817087016,0.940495424353334
1.0,0.0287427523697701,0.9415571458614872
1.0,0.0287572553115136,0.942629858230159
1.0,0.0287716032675822,0.9437079106859767
1.0,0.0287859202261862,0.9446980445056906
1.0,0.0288002609894924,0.9457496427981383
1.0,0.0288146313989999,0.9468510855108693
1.0,0.0288290066079069,0.94790997499019
1.0,0.0288433460039046,0.9489111002023347
1.0,0.0288576043077304,0.9498390637656198
1.0,0.028871739000381,0.951718626670067
1.0,0.0288857146034009,0.952431220687137
1.0,0.0288995045058209,0.953133176475827
1.0,0.0289130910551378,0.953824772928213
1.0,0.0289264645605829,0.954506237539358
1.0,0.0289396217381608,0.955177756394807
1.0,0.028952563991312,0.955839484960025
1.0,0.0289652957908146,0.956491558108815
1.0,0.0289778233058837,0.957134098509909
1.0,0.028990153351363,0.957767223017218
1.0,0.0290022926542972,0.958391047077286
1.0,0.0290142474045563,0.959005687394301
1.0,0.0290260230343542,0.959611263205578
1.0,0.0290376241656551,0.960207896549043
1.0,0.029049054667976,0.960795711877331
1.0,0.029060317777986,0.961374835314916
1.0,0.0290714162435253,0.961945393783929
1.0,0.0290823524659831,0.962507514153989
1.0,0.0290931286250689,0.963061322509563
1.0,0.0291037467781132,0.963606943579104
1.0,0.0291142089320127,0.964144500334418
1.0,0.0291245170898398,0.964674113745569
1.0,0.0291346732763349,0.965195902663954
1.0,0.0291446795473749,0.965709983801524
1.0,0.0291545379884453,0.966216471774985
1.0,0.029164250706518,0.96671547918802
1.0,0.0291738198188556,0.967207116730265
1.0,0.0291832474412581,0.967691493277901
1.0,0.0291925356773999,0.96816871598619
1.0,0.0292016866101428,0.968638890368881
1.0,0.0292107022951398,0.969102120362827
1.0,0.0292195847566623,0.969558508378473
1.0,0.0292283359853445,0.970008155338252
1.0,0.0292369579374276,0.970451160705503
1.0,0.0292454525350798,0.970887622506635
1.0,0.0292538216673817,0.971317637348959
1.0,0.0292620671916699,0.971741300436171
1.0,0.0292701909349817,0.97215870558295
1.0,0.0292781946954439,0.97256994522966
1.0,0.029286080243512,0.972975110457697
1.0,0.0292938493230073,0.973374291005746
1.0,0.0293015036519624,0.973767575286925
1.0,0.0293090449232829,0.974155050406714
1.0,0.0293164748052646,0.974536802181434
1.0,0.0293237949420002,0.974912915157074
1.0,0.0293310069537145,0.975283472628242
1.0,0.0293381124370526,0.975648556657065
1.0,0.0293451129653473,0.976008248091901
1.0,0.0293520100888813,0.976362626585778
1.0,0.0293588053351563,0.976711770614497
1.0,0.0293655002091679,0.977055757494379
1.0,0.0293720961936967,0.97739466339965
1.0,0.0293785947496084,0.977728563379483
1.0,0.029384997316158,0.978057531374707
1.0,0.0293913053113073,0.978381640234212
1.0,0.0293975201320356,0.978700961731072
1.0,0.029403643154656,0.979015566578411
1.0,0.0294096757351279,0.979325524445011
1.0,0.029415619209362,0.979630903970701
1.0,0.0294214748935255,0.979931772781509
1.0,0.0294272440843379,0.980228197504609
1.0,0.029432928059363,0.980520243783046
1.0,0.0294385280772935,0.980807976290258
1.0,0.0294440453782339,0.981091458744386
1.0,0.0294494811839721,0.981370753922383
1.0,0.0294548366982539,0.981645923673914
1.0,0.0294601131070473,0.981917028935052
1.0,0.0294653115788053,0.982184129741779
1.0,0.029470433264722,0.982447285243285
1.0,0.0294754792989904,0.982706553715069
1.0,0.0294804507990503,0.982961992571846
1.0,0.0294853488658364,0.983213658380268
1.0,0.0294901745840224,0.983461606871447
1.0,0.0294949290222588,0.983705892953302
1.0,0.0294996132334122,0.983946570722715
1.0,0.029504228254797,0.984183693477515
1.0,0.0295087751084058,0.984417313728276
1.0,0.0295132548011336,0.984647483209951
1.0,0.0295176683250042,0.984874252893322
1.0,0.029522016657388,0.985097672996292
1.0,0.0295263007612179,0.985317792995002
1.0,0.029530521585204,0.985534661634789
1.0,0.029534680064043,0.985748326940982
1.0,0.0295387771186262,0.985958836229532
1.0,0.029542813656241,0.986166236117494
1.0,0.0295467905707743,0.986370572533353
1.0,0.0295507087429099,0.986571890727185
1.0,0.0295545690403229,0.98677023528069
1.0,0.0295583723178714,0.986965650117053
1.0,0.0295621194177877,0.987158178510681
1.0,0.0295658111698625,0.98734786309678
1.0,0.0295694483916302,0.987534745880795
1.0,0.0295730318885505,0.987718868247718
1.0,0.0295765624541848,0.987900270971248
1.0,0.0295800408703721,0.988078994222823
1.0,0.029583467907405,0.988255077580515
1.0,0.0295868443241964,0.988428560037793
1.0,0.0295901708684503,0.988599480012162
1.0,0.0295934482768268,0.988767875353664
1.0,0.0295966772751042,0.988933783353267
1.0,0.0295998585783406,0.989097240751118
1.0,0.029602992891032,0.989258283744682
1.0,0.0296060809072691,0.989416947996756
1.0,0.0296091233108895,0.989573268643368
1.0,0.0296121207756299,0.989727280301558
1.0,0.0296150739652763,0.989879017077039
1.0,0.0296179835338086,0.990028512571759
1.0,0.0296208501255484,0.990175799891333
1.0,0.0296236743752987,0.99032091165238
1.0,0.0296264569084868,0.990463879989742
1.0,0.0296291983413013,0.990604736563604
1.0,0.0296318992808302,0.990743512566502
1.0,0.0296345603251935,0.990880238730233
1.0,0.0296371820636763,0.991014945332658
1.0,0.0296397650768598,0.99114766220441
1.0,0.0296423099367498,0.991278418735495
1.0,0.0296448172069028,0.991407243881807
1.0,0.0296472874425509,0.991534166171537
1.0,0.029649721190725,0.991659213711487
1.0,0.029652118990376,0.991782414193303
1.0,0.0296544813724944,0.991903794899596
1.0,0.0296568088602265,0.992023382709995
1.0,0.0296591019689925,0.992141204107091
1.0,0.029661361206599,0.992257285182304
1.0,0.029663587073351,0.992371651641665
1.0,0.0296657800621654,0.992484328811502
1.0,0.029667940658676,0.992595341644052
1.0,0.0296700693413456,0.992704714722989
1.0,0.0296721665815682,0.992812472268863
1.0,0.0296742328437751,0.992918638144466
1.0,0.0296762685855385,0.993023235860117
1.0,0.0296782742576707,0.993126288578867
1.0,0.0296802503043261,0.99322781912163
1.0,0.0296821971630974,0.993327849972236
1.0,0.0296841152651148,0.993426403282407
1.0,0.0296860050351402,0.993523500876669
1.0,0.0296878668916607,0.99361916425718
1.0,0.0296897012469826,0.99371341460849
1.0,0.0296915085073219,0.993806272802241
1.0,0.0296932890728945,0.993897759401777
1.0,0.0296950433380048,0.993987894666709
1.0,0.0296967716911325,0.994076698557393
1.0,0.0296984745150199,0.994164190739356
1.0,0.0297001521867555,0.994250390587646
1.0,0.0297018050778579,0.994335317191128
1.0,0.0297034335543578,0.994418989356707
1.0,0.02970503797688,0.994501425613492
1.0,0.0297066187007216,0.994582644216905
1.0,0.0297081760759326,0.994662663152717
1.0,0.029709710447392,0.994741500141035
1.0,0.0297112221548845,0.994819172640227
1.0,0.0297127115331763,0.994895697850782
1.0,0.0297141789120887,0.994971092719127
1.0,0.0297156246165713,0.995045373941374
1.0,0.0297170489667733,0.995118557967019
1.0,0.0297184522781158,0.995190661002586
1.0,0.0297198348613601,0.995261699015214
1.0,0.0297211970226787,0.995331687736196
1.0,0.0297225390637201,0.995400642664457
1.0,0.0297238612816779,0.995468579069993
1.0,0.0297251639693561,0.995535511997246
1.0,0.0297264474152334,0.995601456268442
1.0,0.0297277119035275,0.995666426486869
1.0,0.0297289577142577,0.995730437040111
1.0,0.0297301851233078,0.995793502103237
1.0,0.029731394402486,0.995855635641936
1.0,0.029732585819586,0.995916851415614
1.0,0.0297337596384455,0.995977162980437
1.0,0.0297349161190059,0.996036583692338
1.0,0.0297360555173689,0.996095126709968
1.0,0.029737178085852,0.996152804997616
1.0,0.0297382840730473,0.996209631328076
1.0,0.0297393737238745,0.996265618285478
1.0,0.0297404472796357,0.996320778268074
1.0,0.0297415049780685,0.996375123490982
1.0,0.029742547053399,0.996428665988893
1.0,0.0297435737363936,0.996481417618737
1.0,0.0297445852544105,0.996533390062303
1.0,0.0297455818314492,0.996584594828835
1.0,0.0297465636882004,0.996635043257572
1.0,0.0297475310420952,0.996684746520264
1.0,0.0297484841073532,0.996733715623646
1.0,0.0297494230950297,0.996781961411871
1.0,0.0297503482130628,0.996829494568919
1.0,0.0297512596663183,0.996876325620957
1.0,0.0297521576566366,0.996922464938669
1.0,0.0297530423828773,0.996967922739557
1.0,0.0297539140409613,0.997012709090204
1.0,0.0297547728239171,0.997056833908498
1.0,0.0297556189219208,0.997100306965833
1.0,0.0297564525223397,0.997143137889269
1.0,0.029757273809774,0.99718533616367
1.0,0.0297580829660973,0.997226911133798
1.0,0.0297588801704955,0.997267872006384
1.0,0.0297596655995098,0.99730822785217
1.0,0.0297604394270714,0.997347987607914
1.0,0.0297612018245441,0.997387160078373
1.0,0.0297619529607602,0.997425753938246
1.0,0.029762693002058,0.997463777734102
1.0,0.0297634221123189,0.997501239886271
1.0,0.0297641404530029,0.997538148690706
1.0,0.0297648481831865,0.99757451232082
1.0,0.0297655454595953,0.997610338829303
1.0,0.0297662324366406,0.997645636149894
1.0,0.029766909266453,0.997680412099147
1.0,0.0297675760989153,0.99771467437816
1.0,0.0297682330816971,0.997748430574276
1.0,0.0297688803602865,0.997781688162768
1.0,0.0297695180780226,0.997814454508495
1.0,0.0297701463761275,0.997846736867529
1.0,0.0297707653937365,0.997878542388762
1.0,0.0297713752679309,0.997909878115493
1.0,0.0297719761337669,0.997940750986985
1.0,0.0297725681243051,0.997971167840002
1.0,0.0297731513706414,0.998001135410323
1.0,0.0297737260019351,0.998030660334234
1.0,0.029774292145438,0.998059749149999
1.0,0.0297748499265209,0.998088408299304
1.0,0.0297753994687049,0.998116644128686
1.0,0.0297759408936851,0.998144462890941
1.0,0.0297764743213598,0.998171870746502
1.0,0.0297769998698552,0.998198873764809
1.0,0.0297775176555544,0.998225477925653
1.0,0.0297780277931197,0.998251689120495
1.0,0.0297785303955211,0.998277513153778
1.0,0.0297790255740589,0.998302955744205
1.0,0.02977951343839,0.99832802252601
1.0,0.0297799940965515,0.998352719050205
1.0,0.0297804676549849,0.998377050785809
1.0,0.0297809342185587,0.998401023121058
1.0,0.0297813938905931,0.9984246413646
1.0,0.0297818467728821,0.998447910746671
1.0,0.0297822929657157,0.998470836420249
1.0,0.029782732567903,0.9984934234622
1.0,0.029783165676794,0.9985156768744
1.0,0.0297835923882992,0.998537601584843
1.0,0.029784012796914,0.998559202448733
1.0,0.029784426995737,0.998580484249558
1.0,0.0297848350764927,0.99860145170015
1.0,0.0297852371295497,0.998622109443727
1.0,0.0297856332439426,0.998642462054925
1.0,0.0297860235073899,0.998662514040809
1.0,0.0297864080063155,0.998682269841868
1.0,0.0297867868258661,0.998701733833004
1.0,0.0297871600499309,0.998720910324495
1.0,0.0297875277611601,0.998739803562957
1.0,0.0297878900409825,0.998758417732275
1.0,0.0297882469696253,0.998776756954539
1.0,0.0297885986261295,0.998794825290948
1.0,0.0297889450883693,0.998812626742716
1.0,0.0297892864330676,0.998830165251957
1.0,0.0297896227358156,0.998847444702553
1.0,0.0297899540710871,0.998864468921021
1.0,0.0297902805122559,0.998881241677354
1.0,0.0297906021316121,0.998897766685863
1.0,0.0297909190003776,0.998914047605992
1.0,0.0297912311887232,0.998930088043133
1.0,0.0297915387657821,0.998945891549425
1.0,0.0297918417996674,0.998961461624535
1.0,0.0297921403574857,0.998976801716442
1.0,0.0297924345053515,0.998991915222191
1.0,0.0297927243084042,0.999006805488653
1.0,0.0297930098308203,0.999021475813261
1.0,0.0297932911358283,0.999035929444742
1.0,0.0297935682857229,0.999050169583837
1.0,0.0297938413418786,0.999064199384011
1.0,0.0297941103647634,0.999078021952146
1.0,0.0297943754139522,0.999091640349236
1.0,0.0297946365481403,0.99910505759106
1.0,0.0297948938251549,0.999118276648852
1.0,0.0297951473019702,0.999131300449958
1.0,0.0297953970347178,0.999144131878484
1.0,0.0297956430787014,0.999156773775938
1.0,0.0297958854884064,0.999169228941853
1.0,0.0297961243175149,0.999181500134412
1.0,0.029796359618915,0.999193590071058
1.0,0.0297965914447142,0.999205501429094
1.0,0.0297968198462499,0.999217236846278
1.0,0.029797044874101,0.999228798921405
1.0,0.0297972665781003,0.999240190214884
1.0,0.0297974850073437,0.999251413249305
1.0,0.0297977002102019,0.999262470509997
1.0,0.0297979122343317,0.999273364445578
1.0,0.0297981211266853,0.999284097468498
1.0,0.0297983269335218,0.999294671955575
1.0,0.0297985297004169,0.999305090248516
1.0,0.029798729472273,0.999315354654442
1.0,0.0297989262933296,0.999325467446393
1.0,0.0297991202071723,0.999335430863837
0.0,-0.140300688743256,1.0005540557354848
0.0,-0.133323698536649,0.9612755454515476
0.0,-0.113165422046612,0.7943781135068858
0.0,-0.0871901450039994,0.6479494687544297
0.0,-0.0606478757031317,0.47999729558642945
0.0,-0.0368624901592183,0.3325811662799426
0.0,-0.0175738283535627,0.208813061149767
0.0,-0.0033352913246609,0.11576624162884587
0.0,0.006100641980004,0.06521320768289111
0.0,0.0114494982556983,0.0316912651539719
0.0,0.0136334820934456,0.0183301870812
0.0,0.0135951432859824,0.01975378338488268
0.0,0.0121793785277132,0.024314947995809813
0.0,0.0100716396332896,0.04295610909650125
0.0,0.0077782469723892,0.0575318439268535
0.0,0.0056351321469745,0.011293814774737537
0.0,0.003833197912334,-0.02616042612834385
0.0,0.0024510219054932,-0.0206605788241805
0.0,0.0014882908761477,0.017961278762553323
0.0,0.0008957764494521,0.04910847057191335
0.0,0.0005996578314864,0.07070895167510395
0.0,0.0005194911287307,0.0851807873293027
0.0,0.0005801340667831,0.09577600319379986
0.0,0.0007185249134724,0.10078407051316503
0.0,0.0008864753557817,0.1019653431834512
0.0,0.0010506633054516,0.10292951025650583
0.0,0.0011908891241057,0.10320578932043634
0.0,0.0012974583320321,0.10139356153711186
0.0,0.0013683285247791,0.09802322851651543
0.0,0.0014064437875765,0.09354878108135319
0.0,0.001417497318809,0.08932884307465462
0.0,0.0014082215223439,0.08549290062135285
0.0,0.0013852054458166,0.08194760549752413
0.0,0.0013541777901866,0.07896172268889294
0.0,0.0013196626889386,0.07607104920458137
0.0,0.0012849070609455,0.07360316435514923
0.0,0.0012519849721056,0.07143822727607874
0.0,0.0012219996193124,0.06931278264113455
0.0,0.0011953222564826,0.06751325306306144
0.0,0.0011718260888627,0.06593887175265863
0.0,0.0011510896799225,0.06449166373285072
0.0,0.0011325576427453,0.06305377723841865
0.0,0.0011156560261168,0.06181078765278129
0.0,0.0010998660889927,0.06060034431553111
0.0,0.0010847636237229,0.05942464612413629
0.0,0.0010700323017225,0.05825044042450705
0.0,0.0010554593387673,0.0570576897476856
0.0,0.001040920696819,0.05589965647143028
0.0,0.0010263615246193,0.05479942961893932
0.0,0.0010117759323028,0.05372942762323069
0.0,0.0009971887190191,0.05276989216284103
0.0,0.0009826404501289,0.051819530972219766
0.0,0.0009681763586405,0.05090183120189351
0.0,0.0009538389179857,0.050004580885767994
0.0,0.0009396635617209,0.0482533608738644
0.0,0.0009256768565811,0.0475412932353748
0.0,0.0009118964114873,0.0468397342937801
0.0,0.0008983318742701,0.0461484543478349
0.0,0.0008849864866212,0.0454672651383984
0.0,0.0008718588034216,0.044796009058517
0.0,0.0008589443128291,0.0441345491245287
0.0,0.0008462368051725,0.0434827605890083
0.0,0.0008337294257489,0.0428405245500567
0.0,0.000821415408243,0.0422077235433888
0.0,0.0008092885240941,0.0415842388768828
0.0,0.0007973433029702,0.0409699493546525
0.0,0.0007855750853508,0.0403647310091289
0.0,0.000773979964718,0.0397684574865379
0.0,0.0007625546679477,0.0391810007893474
0.0,0.0007512964112846,0.038602232150035
0.0,0.000740202757953,0.0380320228808495
0.0,0.000729271493381,0.0374702451060438
0.0,0.00071850052589,0.0369167723323471
0.0,0.0007078878147424,0.0363714798492023
0.0,0.0006974313235256,0.035834244973476
0.0,0.0006871289946505,0.0353049471660058
0.0,0.0006769787398769,0.0347834680520067
0.0,0.0006669784418357,0.0342696913764963
0.0,0.000657125962139,0.0337635029217195
0.0,0.0006474191525752,0.0332647904078043
0.0,0.0006378558668514,0.0327734433918249
0.0,0.0006284339712505,0.0322893531749166
0.0,0.0006191513533118,0.0318124127225289
0.0,0.0006100059282209,0.0313425165994706
0.0,0.0006009956429755,0.0308795609190875
0.0,0.0005921184786357,0.0304234433045455
0.0,0.0005833724510707,0.0299740628595856
0.0,0.0005747556106371,0.0295313201460446
0.0,0.000566266041183,0.0290951171657105
0.0,0.0005579018587016,0.0286653573445315
0.0,0.0005496612098789,0.0282419455177122
0.0,0.0005415422706986,0.0278247879147176
0.0,0.0005335432452004,0.0274137921436243
0.0,0.0005256623644324,0.0270088671745818
0.0,0.0005178978856041,0.0266099233223743
0.0,0.0005102480914174,0.0262168722282179
0.0,0.0005027112895447,0.0258296268409971
0.0,0.0004952858122151,0.025448101398168
0.0,0.0004879700158765,0.0250722114065378
0.0,0.0004807622809011,0.0247018736230994
0.0,0.0004736610113125,0.0243370060360559
0.0,0.0004666646345187,0.0239775278461259
0.0,0.0004597716010391,0.0236233594481862
0.0,0.0004529803842225,0.023274422413275
0.0,0.0004462894799533,0.0229306394709589
0.0,0.0004396974063468,0.0225919344920512
0.0,0.0004332027034373,0.0222582324716618
0.0,0.0004268039328607,0.0219294595125555
0.0,0.0004204996775348,0.0216055428087968
0.0,0.0004142885413415,0.0212864106296598
0.0,0.0004081691488092,0.0209719923037881
0.0,0.0004021401448022,0.0206622182035906
0.0,0.000396200194213,0.0203570197298641
0.0,0.0003903479816614,0.0200563292966364
0.0,0.0003845822111988,0.0197600803162251
0.0,0.0003789016060183,0.0194682071845084
0.0,0.0003733049081707,0.0191806452664077
0.0,0.0003677908782843,0.0188973308815779
0.0,0.0003623582952911,0.0186182012903064
0.0,0.0003570059561566,0.0183431946796165
0.0,0.0003517326756135,0.0180722501495762
0.0,0.0003465372859004,0.0178053076998077
0.0,0.0003414186365032,0.0175423082161965
0.0,0.0003363755939014,0.0172831934577981
0.0,0.0003314070413172,0.0170279060439375
0.0,0.0003265118784686,0.0167763894415011
0.0,0.0003216890213257,0.0165285879524164
0.0,0.000316937401871,0.016284446701317
0.0,0.0003122559678626,0.0160439116233905
0.0,0.0003076436826016,0.0158069294524062
0.0,0.0003030995247019,0.0155734477089193
0.0,0.0002986224878648,0.0153434146886499
0.0,0.0002942115806551,0.0151167794510335
0.0,0.0002898658262824,0.0148934918079402
0.0,0.0002855842623841,0.0146735023125614
0.0,0.0002813659408126,0.0144567622484597
0.0,0.0002772099274253,0.0142432236187807
0.0,0.0002731153018776,0.0140328391356244
0.0,0.0002690811574192,0.0138255622095732
0.0,0.0002651066006931,0.013621346939375
0.0,0.0002611907515381,0.0134201481017779
0.0,0.0002573327427936,0.0132219211415162
0.0,0.0002535317201078,0.0130266221614432
0.0,0.0002497868417483,0.0128342079128101
0.0,0.0002460972784157,0.012644635785689
0.0,0.0002424622130603,0.0124578637995368
0.0,0.0002388808407007,0.0122738505938983
0.0,0.0002353523682458,0.0120925554192477
0.0,0.0002318760143193,0.0119139381279637
0.0,0.0002284510090863,0.0117379591654399
0.0,0.0002250765940831,0.0115645795613245
0.0,0.0002217520220491,0.0113937609208911
0.0,0.0002184765567615,0.0112254654165359
0.0,0.0002152494728719,0.0110596557794007
0.0,0.0002120700557461,0.0108962952911201
0.0,0.0002089376013056,0.01073534777569
0.0,0.0002058514158718,0.0105767775914566
0.0,0.0002028108160122,0.0104205496232233
0.0,0.0001998151283892,0.010266629274475
0.0,0.0001968636896111,0.0101149824597163
0.0,0.000193955846085,0.0099655755969235
0.0,0.0001910909538719,0.0098183756001079
0.0,0.0001882683785447,0.0096733498719886
0.0,0.0001854874950471,0.0095304662967747
0.0,0.0001827476875553,0.0093896932330522
0.0,0.000180048349342,0.0092509995067779
0.0,0.0001773888826416,0.0091143544043756
0.0,0.0001747686985182,0.0089797276659346
0.0,0.0001721872167347,0.0088470894785088
0.0,0.0001696438656248,0.0087164104695144
0.0,0.0001671380819662,0.0085876617002258
0.0,0.0001646693108557,0.0084608146593667
0.0,0.0001622370055866,0.0083358412567966
0.0,0.0001598406275276,0.0082127138172903
0.0,0.0001574796460034,0.0080914050744088
0.0,0.000155153538177,0.0079718881644618
0.0,0.0001528617889345,0.0078541366205584
0.0,0.0001506038907704,0.0077381243667461
0.0,0.0001483793436756,0.0076238257122363
0.0,0.0001461876550266,0.0075112153457151
0.0,0.0001440283394763,0.0074002683297382
0.0,0.0001419009188465,0.0072909600952084
0.0,0.0001398049220223,0.0071832664359351
0.0,0.0001377398848475,0.0070771635032734
0.0,0.0001357053500217,0.0069726278008431
0.0,0.0001337008669994,0.0068696361793258
0.0,0.0001317259918901,0.0067681658313377
0.0,0.0001297802873597,0.0066681942863796
0.0,0.0001278633225341,0.0065696994058607
0.0,0.0001259746729035,0.0064726593781958
0.0,0.0001241139202285,0.0063770527139752
0.0,0.0001222806524473,0.0062828582412064
0.0,0.0001204744635849,0.0061900551006247
0.0,0.0001186949536626,0.0060986227410746
0.0,0.0001169417286099,0.0060085409149588
0.0,0.000115214400177,0.0059197896737539
0.0,0.0001135125858488,0.0058323493635931
0.0,0.0001118359087605,0.0057462006209139
0.0,0.0001101839976136,0.0056613243681702
0.0,0.0001085564865943,0.0055777018096073
0.0,0.000106953015292,0.0054953144270996
0.0,0.0001053732286196,0.0054141439760501
0.0,0.0001038167767352,0.0053341724813499
0.0,0.0001022833149641,0.0052553822333976
0.0,0.0001007725037229,0.0051777557841777
0.0,9.9284008444056e-05,0.0051012759433968
0.0,9.78174995018705e-05,0.0050259257746764
0.0,9.6372652139555e-05,0.004951688591803
0.0,9.49491463972107e-05,0.0048785479550322
0.0,9.35466670409987e-05,0.0048064876674491
0.0,9.21649034934177e-05,0.0047354917713805
0.0,9.08035497643941e-05,0.0046655445448617
0.0,8.9462304383614e-05,0.0045966304981549
0.0,8.81408703337361e-05,0.0045287343703186
0.0,8.6838954984618e-05,0.0044618411258284
0.0,8.5556270028507e-05,0.0043959359512476
0.0,8.42925314161885e-05,0.0043310042519461
0.0,8.30474592941263e-05,0.0042670316488692
0.0,8.1820777942436e-05,0.0042040039753528
0.0,8.06122157138503e-05,0.0041419072739865
0.0,7.94215049735592e-05,0.0040807277935228
0.0,7.82483820399651e-05,0.0040204519858316
0.0,7.70925871262582e-05,0.0039610665029003
0.0,7.5953864282885e-05,0.0039025581938776
0.0,7.4831961340921e-05,0.0038449141021616
0.0,7.37266298561634e-05,0.0037881214625303
0.0,7.26376250541269e-05,0.0037321676983148
0.0,7.15647057758922e-05,0.0036770404186144
0.0,7.05076344246283e-05,0.0036227274155523
0.0,6.9466176913037e-05,0.0035692166615726
0.0,6.84401026114639e-05,0.0035164963067764
0.0,6.74291842968633e-05,0.003464554676298
0.0,6.64331981024627e-05,0.0034133802677193
0.0,6.54519234681919e-05,0.0033629617485227
0.0,6.44851430918539e-05,0.0033132879535814
0.0,6.35326428809549e-05,0.003264347882687
0.0,6.25942119053535e-05,0.0032161306981137
0.0,6.16696423505411e-05,0.0031686257222177
0.0,6.07587294715675e-05,0.0031218224350735
0.0,5.98612715477648e-05,0.0030757104721434
0.0,5.89770698380329e-05,0.0030302796219831
0.0,5.81059285368613e-05,0.0029855198239796
0.0,5.72476547309672e-05,0.002941421166124
0.0,5.64020583565111e-05,0.002897973882816
0.0,5.55689521571021e-05,0.0028551683527015
0.0,5.47481516422685e-05,0.002812995096542
0.0,5.39394750466229e-05,0.0027714447751154
0.0,5.31427432895956e-05,0.0027305081871477
0.0,5.23577799358063e-05,0.0026901762672757
0.0,5.15844111559638e-05,0.0026504400840392
0.0,5.08224656883827e-05,0.0026112908379033
0.0,5.00717748010658e-05,0.0025727198593094
0.0,4.93321722543176e-05,0.0025347186067561
0.0,4.86034942639574e-05,0.0024972786649068
0.0,4.78855794650325e-05,0.0024603917427269
0.0,4.71782688760691e-05,0.0024240496716471
0.0,4.64814058639164e-05,0.0023882444037549
0.0,4.57948361090033e-05,0.0023529680100124
0.0,4.51184075711958e-05,0.0023182126785002
0.0,4.44519704561261e-05,0.0022839707126875
0.0,4.37953771820175e-05,0.002250234529728
0.0,4.31484823469885e-05,0.0022169966587803
0.0,4.25111426968772e-05,0.0021842497393536
0.0,4.18832170935128e-05,0.002151986519678
0.0,4.12645664834323e-05,0.0021201998550982
0.0,4.06550538671405e-05,0.0020888827064916
0.0,4.00545442687111e-05,0.0020580281387094
0.0,3.9462904705953e-05,0.0020276293190408
0.0,3.88800041609232e-05,0.0019976795157
0.0,3.83057135509048e-05,0.0019681720963352
0.0,3.77399056998851e-05,0.0019391005265603
0.0,3.71824553103105e-05,0.0019104583685074
0.0,3.66332389353935e-05,0.0018822392794016
0.0,3.60921349517665e-05,0.0018544370101558
0.0,3.55590235325345e-05,0.0018270454039877
0.0,3.50337866207411e-05,0.0018000583950555
0.0,3.45163079032394e-05,0.0017734700071151
0.0,3.40064727849324e-05,0.0017472743521967
0.0,3.35041683633824e-05,0.0017214656293008
0.0,3.30092834038113e-05,0.0016960381231134
0.0,3.25217083144771e-05,0.0016709862027408
0.0,3.20413351224021e-05,0.0016463043204621
0.0,3.1568057449468e-05,0.0016219870105012
0.0,3.11017704888381e-05,0.0015980288878158
0.0,3.06423709817635e-05,0.0015744246469057
0.0,3.0189757194727e-05,0.0015511690606371
0.0,2.97438288968874e-05,0.0015282569790854
0.0,2.93044873379035e-05,0.0015056833283949
0.0,2.88716352260625e-05,0.0014834431096549
0.0,2.84451767067345e-05,0.001461531397793
0.0,2.8025017341133e-05,0.0014399433404843
0.0,2.76110640854213e-05,0.0014186741570766
0.0,2.72032252701011e-05,0.0013977191375323
0.0,2.68014105797004e-05,0.0013770736413848
0.0,2.64055310327926e-05,0.0013567330967112
0.0,2.60154989622768e-05,0.0013366929991199
0.0,2.56312279959727e-05,0.0013169489107529
0.0,2.52526330374887e-05,0.001297496459303
0.0,2.48796302473788e-05,0.0012783313370459
0.0,2.45121370245766e-05,0.0012594492998858
0.0,2.41500719881053e-05,0.0012408461664161
0.0,2.37933549590511e-05,0.0012225178169927
0.0,2.34419069428133e-05,0.0012044601928226
0.0,2.30956501116059e-05,0.0011866692950642
0.0,2.27545077872288e-05,0.0011691411839425
0.0,2.24184044240825e-05,0.0011518719778761
0.0,2.20872655924374e-05,0.001134857852618
0.0,2.17610179619569e-05,0.0011180950404084
0.0,2.14395892854553e-05,0.0011015798291407
0.0,2.11229083828951e-05,0.001085308561539
0.0,2.08109051256372e-05,0.0010692776343489
0.0,2.05035104208946e-05,0.0010534834975385
0.0,2.02006561964372e-05,0.0010379226535136
1.0,0.170119902275386,0.00853742931996241
1.0,0.163142806322912,0.033484509569104925
1.0,0.142984425648965,0.20519261024796134
1.0,0.117009045961326,0.3558052669485954
1.0,0.0904666755315865,0.5220403814229777
1.0,0.0666811903525605,0.6703292150942028
1.0,0.0473924303834875,0.7945149207211897
1.0,0.0331537966411248,0.8828395833194129
1.0,0.0237177680515389,0.9413631941845108
1.0,0.0183688178983631,0.9662609757691886
1.0,0.0161847415697836,0.9790357758719457
1.0,0.016222989252583,0.982058451206618
1.0,0.0176386642321766,0.974031181112718
1.0,0.019746314674032,0.9596361385950549
1.0,0.0220396201888835,0.945874339361513
1.0,0.0241826491554702,0.984621315392214
1.0,0.0259844987994906,1.0195255142231407
1.0,0.0273665914651861,1.0209462077240818
1.0,0.0283292403844059,0.9853455587271651
1.0,0.0289216739138117,0.9550856909581217
1.0,0.0292177128294093,0.9325627673077023
1.0,0.0292978010070684,0.915088328866127
1.0,0.0292370807038015,0.905173016475807
1.0,0.0290986136346474,0.899214454227681
1.0,0.0289305880957438,0.8975127593923398
1.0,0.0287663261587199,0.8984125097962717
1.0,0.0286260274455679,0.8995169112746758
1.0,0.0285193864198572,0.9020244196450006
1.0,0.028448445470135,0.9057325604718574
1.0,0.0284102604955033,0.9094829810016266
1.0,0.0283991382821394,0.913299407519715
1.0,0.0284083464109663,0.9172697368471414
1.0,0.0284312958193635,0.9210340473287667
1.0,0.0284622577916083,0.9240564931889673
1.0,0.0284967081796703,0.926721623445425
1.0,0.0285314000503463,0.9291123170556026
1.0,0.0285642593236184,0.9310673130658788
1.0,0.0285941827886831,0.9327610605206301
1.0,0.0286207991779186,0.9342046377861748
1.0,0.028644235272576,0.9354141900574935
1.0,0.028664912495882,0.9365515971205653
1.0,0.0286833862216471,0.9376645223383316
1.0,0.0287002303881723,0.9387974654553733
1.0,0.0287159637237799,0.939883070654835
1.0,0.0287310104235858,0.9409538371460482
1.0,0.0287456868038254,0.942035460895716
1.0,0.0287602056365561,0.9431222931038807
1.0,0.0287746909478293,0.9441210769915586
1.0,0.0287891975770929,0.9451811975831363
1.0,0.0288037314025771,0.9462910367134183
1.0,0.0288182676136686,0.947358198588086
1.0,0.028832765633712,0.9483674740052888
1.0,0.0288471802185715,0.9493034673881958
1.0,0.0288614688838527,0.951190941505025
1.0,0.0288755961851972,0.951911329879166
1.0,0.0288895355452286,0.952620964895668
1.0,0.0289032693445415,0.953320127147163
1.0,0.0289167879249757,0.954009045804152
1.0,0.0289300880346619,0.954687908602871
1.0,0.0289431711086929,0.955356872635093
1.0,0.0289560416490318,0.956016074376909
1.0,0.0289687058556174,0.956665638075668
1.0,0.0289811705735632,0.957305682140583
1.0,0.0289934425597382,0.957936323550529
1.0,0.0290055280333941,0.958557680519386
1.0,0.0290174324556931,0.959169873771865
1.0,0.0290291604771209,0.959773026811318
1.0,0.0290407159952939,0.960367265534159
1.0,0.0290521022745662,0.960952717487317
1.0,0.0290633220900529,0.961529510994364
1.0,0.0290743778700171,0.962097774305662
1.0,0.0290852718206429,0.962657634866027
1.0,0.0290960060253469,0.963209218744165
1.0,0.0291065825167247,0.96375265023234
1.0,0.0291170033231682,0.964288051601569
1.0,0.0291272704943646,0.964815542984987
1.0,0.0291373861107678,0.965335242357347
1.0,0.0291473522820773,0.965847265579511
1.0,0.0291571711391228,0.966351726480934
1.0,0.0291668448226705,0.966848736958921
1.0,0.0291763754716774,0.967338407079486
1.0,0.0291857652126337,0.967820845170146
1.0,0.0291950161508787,0.968296157899591
1.0,0.0292041303642119,0.968764450342553
1.0,0.0292131098987238,0.969225826030555
1.0,0.0292219567665444,0.969680386990541
1.0,0.0292306729450953,0.970128233774053
1.0,0.0292392603774105,0.970569465479624
1.0,0.029247720973129,0.971004179770857
1.0,0.029256056609841,0.971432472892134
1.0,0.0292642691345399,0.971854439683452
1.0,0.0292723603650136,0.972270173595345
1.0,0.0292803320910862,0.97267976670446
1.0,0.029288186075664,0.97308330973003
1.0,0.0292959240555817,0.973480892051243
1.0,0.0293035477422692,0.97387260172537
1.0,0.0293110588222725,0.974258525506472
1.0,0.0293184589576667,0.974638748864426
1.0,0.0293257497863915,0.975013356004077
1.0,0.0293329329225462,0.975382429884347
1.0,0.0293400099566594,0.975746052237143
1.0,0.0293469824559565,0.97610430358599
1.0,0.0293538519646304,0.97645726326433
1.0,0.0293606200041219,0.976805009433455
1.0,0.0293672880734153,0.977147619100081
1.0,0.0293738576493376,0.977485168133575
1.0,0.0293803301868729,0.977817731282844
1.0,0.0293867071194769,0.978145382192921
1.0,0.0293929898593952,0.978468193421266
1.0,0.029399179797982,0.978786236453797
1.0,0.0294052783060144,0.979099581720682
1.0,0.0294112867340031,0.979408298611883
1.0,0.0294172064124993,0.979712455492487
1.0,0.0294230386523937,0.980012119717804
1.0,0.0294287847452122,0.980307357648266
1.0,0.0294344459634044,0.980598234664097
1.0,0.0294400235606258,0.980884815179788
1.0,0.0294455187720184,0.981167162658354
1.0,0.0294509328144825,0.981445339625386
1.0,0.0294562668869478,0.981719407682904
1.0,0.0294615221706358,0.981989427522997
1.0,0.0294666998293229,0.982255458941273
1.0,0.029471801009596,0.982517560850099
1.0,0.0294768268411074,0.982775791291653
1.0,0.0294817784368233,0.983030207450779
1.0,0.0294866568932715,0.98328086566765
1.0,0.0294914632907815,0.983527821450252
1.0,0.0294961986937257,0.98377112948667
1.0,0.0295008641507557,0.984010843657203
1.0,0.0295054606950316,0.984247017046291
1.0,0.0295099893444539,0.984479701954275
1.0,0.029514451101887,0.984708949908978
1.0,0.029518846955382,0.984934811677111
1.0,0.0295231778783971,0.985157337275521
1.0,0.0295274448300087,0.985376575982263
1.0,0.0295316487551296,0.985592576347511
1.0,0.0295357905847142,0.985805386204316
1.0,0.0295398712359656,0.986015052679192
1.0,0.0295438916125401,0.986221622202553
1.0,0.0295478526047457,0.986425140518998
1.0,0.0295517550897397,0.986625652697439
1.0,0.0295555999317232,0.986823203141083
1.0,0.0295593879821319,0.987017835597262
1.0,0.0295631200798261,0.987209593167124
1.0,0.0295667970512747,0.987398518315175
1.0,0.0295704197107389,0.987584652878687
1.0,0.0295739888604527,0.987768038076957
1.0,0.0295775052908005,0.987948714520441
1.0,0.0295809697804921,0.988126722219742
1.0,0.0295843830967353,0.988302100594473
1.0,0.0295877459954048,0.988474888481986
1.0,0.029591059221211,0.988645124145973
1.0,0.0295943235078642,0.988812845284938
1.0,0.0295975395782377,0.988978089040546
1.0,0.029600708144526,0.989140892005849
1.0,0.0296038299084052,0.989301290233389
1.0,0.0296069055611863,0.98945931924318
1.0,0.0296099357839694,0.989615014030575
1.0,0.0296129212477938,0.989768409074019
1.0,0.0296158626137877,0.989919538342678
1.0,0.0296187605333134,0.990068435303965
1.0,0.0296216156481117,0.990215132930953
1.0,0.0296244285904448,0.990359663709671
1.0,0.029627199983236,0.990502059646307
1.0,0.0296299304402075,0.990642352274286
1.0,0.0296326205660147,0.990780572661261
1.0,0.0296352709563845,0.990916751415986
1.0,0.0296378821982426,0.9910509186951
1.0,0.0296404548698452,0.991183104209802
1.0,0.0296429895409087,0.991313337232433
1.0,0.029645486772732,0.991441646602954
1.0,0.0296479471183253,0.991568060735338
1.0,0.0296503711225291,0.991692607623858
1.0,0.0296527593221363,0.991815314849288
1.0,0.029655112246012,0.991936209585012
1.0,0.0296574304152075,0.992055318603037
1.0,0.0296597143430801,0.992172668279928
1.0,0.0296619645354024,0.992288284602644
1.0,0.029664181490477,0.992402193174296
1.0,0.0296663656992462,0.992514419219814
1.0,0.0296685176454015,0.992624987591534
1.0,0.0296706378054876,0.992733922774703
1.0,0.0296727266490131,0.992841248892901
1.0,0.0296747846385494,0.992946989713381
1.0,0.0296768122298363,0.993051168652333
1.0,0.0296788098718817,0.993153808780071
1.0,0.0296807780070609,0.99325493282614
1.0,0.0296827170712157,0.993354563184352
1.0,0.0296846274937499,0.993452721917743
1.0,0.0296865096977241,0.993549430763458
1.0,0.0296883640999506,0.993644711137567
1.0,0.029690191111085,0.993738584139805
1.0,0.0296919911357161,0.993831070558248
1.0,0.0296937645724582,0.993922190873913
1.0,0.029695511814037,0.994011965265297
1.0,0.0296972332473768,0.994100413612842
1.0,0.0296989292536873,0.994187555503338
1.0,0.0297006002085476,0.994273410234265
1.0,0.029702246481988,0.994357996818058
1.0,0.0297038684385753,0.994441333986327
1.0,0.0297054664374889,0.994523440193997
1.0,0.0297070408326041,0.994604333623399
1.0,0.0297085919725697,0.994684032188297
1.0,0.0297101202008831,0.994762553537851
1.0,0.0297116258559698,0.99483991506053
1.0,0.0297131092712544,0.994916133887959
1.0,0.0297145707752382,0.994991226898717
1.0,0.0297160106915695,0.995065210722069
1.0,0.0297174293391167,0.995138101741652
1.0,0.029718827032037,0.995209916099106
1.0,0.029720204079849,0.995280669697641
1.0,0.0297215607874974,0.995350378205567
1.0,0.0297228974554242,0.995419057059756
1.0,0.029724214379633,0.995486721469067
1.0,0.0297255118517552,0.995553386417712
1.0,0.0297267901591145,0.99561906666857
1.0,0.0297280495847911,0.995683776766463
1.0,0.0297292904076827,0.995747531041373
1.0,0.0297305129025691,0.995810343611613
1.0,0.0297317173401699,0.995872228386961
1.0,0.0297329039872063,0.995933199071733
1.0,0.0297340731064608,0.995993269167823
1.0,0.0297352249568332,0.996052451977686
1.0,0.0297363597933993,0.996110760607294
1.0,0.0297374778674677,0.99616820796903
1.0,0.0297385794266345,0.99622480678455
1.0,0.0297396647148389,0.9962805695876
1.0,0.0297407339724167,0.996335508726793
1.0,0.0297417874361541,0.996389636368343
1.0,0.0297428253393395,0.996442964498757
1.0,0.0297438479118148,0.996495504927492
1.0,0.0297448553800286,0.99654726928957
1.0,0.0297458479670829,0.996598269048153
1.0,0.0297468258927853,0.996648515497082
1.0,0.0297477893736964,0.99669801976338
1.0,0.0297487386231776,0.996746792809712
1.0,0.02974967385144,0.996794845436818
1.0,0.0297505952655877,0.996842188285899
1.0,0.0297515030696685,0.996888831840979
1.0,0.0297523974647129,0.996934786431223
1.0,0.0297532786487849,0.996980062233225
1.0,0.0297541468170217,0.997024669273263
1.0,0.0297550021616775,0.997068617429518
1.0,0.0297558448721682,0.997111916434261
1.0,0.0297566751351106,0.997154575876011
1.0,0.0297574931343656,0.997196605201655
1.0,0.0297582990510785,0.997238013718541
1.0,0.0297590930637186,0.997278810596542
1.0,0.0297598753481192,0.997319004870082
1.0,0.0297606460775164,0.997358605440139
1.0,0.029761405422587,0.997397621076217
1.0,0.0297621535514874,0.997436060418287
1.0,0.0297628906298901,0.997473931978699
1.0,0.0297636168210202,0.99751124414407
1.0,0.029764332285692,0.997548005177139
1.0,0.0297650371823437,0.997584223218597
1.0,0.029765731667075,0.997619906288889
1.0,0.0297664158936781,0.997655062289994
1.0,0.0297670900136748,0.99768969900717
0.0,-0.140332245823652,0.9989326327330029
0.0,-0.133354789492226,0.9596780722408756
0.0,-0.113196053762427,0.7928042363293017
0.0,-0.0872203242634126,0.6463988390765286
0.0,-0.0606776091893082,0.47846957002294044
0.0,-0.0368917844566066,0.3310760065176846
0.0,-0.0176026899493533,0.207330133872734
0.0,-0.0033637266102233,0.11430521844438987
0.0,0.0060726267077067,0.06377376504900191
0.0,0.011421896792714,0.0302730843076296
0.0,0.0136062883274604,0.0169329539677843
0.0,0.0135683511949659,0.018377188588626282
0.0,0.012152982178586,0.02295868667127841
0.0,0.0100456331806084,0.041619880901086245
0.0,0.0077526246570529,0.056215352954261
0.0,0.0056098882949493,0.009996769489460232
0.0,0.0038083269333957,-0.027438312955586547
0.0,0.0024265182919905,-0.021919590180049492
0.0,0.0014641492017819,0.016720864071349914
0.0,0.0008719913680754,0.047886377856878645
0.0,0.000576224075918,0.06950491030512335
0.0,0.0004964035095906,0.0839945306707121
0.0,0.0005573874713432,0.09460726855134066
0.0,0.0006961143045238,0.09963259907180973
0.0,0.000864395770519,0.1008308799510902
0.0,0.0010289098543744,0.10181180400747863
0.0,0.0011694569899356,0.10210459253989873
0.0,0.0012763427686463,0.10030863036622335
0.0,0.0013475248561588,0.09695432269843753
0.0,0.0013859474067715,0.09249566390804419
0.0,0.0013973036869179,0.08829128133445133
0.0,0.0013883261675088,0.08447066454732606
0.0,0.0013656039622326,0.08094046871659662
0.0,0.0013348658371263,0.07796946217170984
0.0,0.0013006359897908,0.07509344521612046
0.0,0.0012661614022682,0.07264000040606074
0.0,0.0012335162026927,0.07048929007474414
0.0,0.0012038036492749,0.06837786204643305
0.0,0.0011773950563426,0.06659214203783484
0.0,0.0011541636886611,0.06503136631786292
0.0,0.0011336881683397,0.0635975629223853
0.0,0.0011154131662353,0.06217288305462256
0.0,0.001098764788054,0.060942905022586695
0.0,0.0010832243488303,0.05974528104726481
0.0,0.0010683676961655,0.058582212864959085
0.0,0.0010538785559098,0.05742045061848135
0.0,0.0010395441974696,0.056239959594463304
0.0,0.0010252406356454,0.05509400488555009
0.0,0.0010109130712371,0.054005678189725716
0.0,0.0009965556656689,0.052947400575284895
0.0,0.0009821932686218,0.05199941631711593
0.0,0.0009678664952417,0.051060435707669764
0.0,0.000953620627587,0.05015394841769041
0.0,0.000939498187415,0.04926774496407499
0.0,0.0009255346558936,0.0475274086431608
0.0,0.0009117566466664,0.0468260639343212
0.0,0.0008981818148696,0.0461350695356186
0.0,0.0008848198538666,0.0454541980853141
0.0,0.0008716740502099,0.044783263629217
0.0,0.0008587430029776,0.0441221108312779
0.0,0.0008460222438725,0.0434706049451958
0.0,0.0008335056061251,0.0428286234278584
0.0,0.0008211862773004,0.0421960495491204
0.0,0.0008090575327266,0.0415727679843716
0.0,0.0007971131848718,0.0409586621495604
0.0,0.0007853478038261,0.0403536129257328
0.0,0.0007737567698945,0.0397574983915738
0.0,0.0007623362157963,0.0391701942093387
0.0,0.000751082907065,0.038591574367746
0.0,0.0007399940980318,0.0380215120561855
0.0,0.000729067389445,0.0374598805149128
0.0,0.0007183006037024,0.0369065537677096
0.0,0.0007076916855491,0.0363614071927759
0.0,0.0006972386301331,0.0358243179233824
0.0,0.0006869394363978,0.0352951650929885
0.0,0.0006767920815868,0.0347738299521921
0.0,0.000666794511779,0.0342601958895322
0.0,0.0006569446434174,0.0337541483873044
0.0,0.0006472403714264,0.0332555749393708
0.0,0.0006376795804148,0.0327643649521946
0.0,0.0006282601564256,0.0322804096442761
0.0,0.0006189799975994,0.0318036019536368
0.0,0.0006098370228633,0.0313338364584334
0.0,0.0006008291783266,0.0308710093123615
0.0,0.0005919544414539,0.0304150181941842
0.0,0.0005832108233224,0.0299657622693622
0.0,0.000574596369375,0.0295231421611501
0.0,0.0005661091591054,0.0290870599284543
0.0,0.0005577473050678,0.0286574190480188
0.0,0.0005495089515379,0.0282341243989619
0.0,0.0005413922730665,0.0278170822481937
0.0,0.0005333954730905,0.0274062002357369
0.0,0.0005255167826968,0.027001387359391
0.0,0.000517754459582,0.0266025539585008
0.0,0.0005101067872098,0.0262096116968217
0.0,0.0005025720741489,0.0258224735446156
0.0,0.0004951486535562,0.0254410537601818
0.0,0.0004878348827691,0.0250652678710496
0.0,0.0004806291429726,0.0246950326550441
0.0,0.000473529838911,0.0243302661214025
0.0,0.0004665353986196,0.023970887492075
0.0,0.0004596442731638,0.0236168171833039
0.0,0.0004528549363708,0.0232679767875355
0.0,0.0004461658845528,0.0229242890556884
0.0,0.0004395756362187,0.0225856778797817
0.0,0.0004330827317738,0.0222520682759106
0.0,0.0004266857332133,0.0219233863675506
0.0,0.0004203832238095,0.0215995593691648
0.0,0.0004141738077976,0.0212805155700952
0.0,0.000408056110061,0.0209661843187157
0.0,0.0004020287758204,0.0206564960068299
0.0,0.000396090470326,0.0203513820543033
0.0,0.0003902398785556,0.0200507748939174
0.0,0.0003844757049173,0.0197546079564415
0.0,0.0003787966729586,0.0194628156559162
0.0,0.0003732015250809,0.0191753333751469
0.0,0.0003676890222591,0.0188920974514041
0.0,0.0003622579437668,0.0186130451623295
0.0,0.0003569070869053,0.018338114712047
0.0,0.0003516352667382,0.0180672452174752
0.0,0.0003464413158292,0.0178003766948419
0.0,0.0003413240839842,0.0175374500463968
0.0,0.0003362824379972,0.0172784070473204
0.0,0.0003313152614,0.0170231903328272
0.0,0.0003264214542152,0.01677174338546
0.0,0.0003215999327131,0.0165240105225724
0.0,0.0003168496291716,0.0162799368839969
0.0,0.0003121694916401,0.0160394684198955
0.0,0.0003075584837063,0.0158025518787906
0.0,0.0003030155842671,0.0155691347957724
0.0,0.0002985397873019,0.0153391654808813
0.0,0.0002941301016503,0.0151125930076606
0.0,0.000289785550792,0.0148893672018804
0.0,0.0002855051726312,0.0146694386304258
0.0,0.0002812880192827,0.0144527585903511
0.0,0.0002771331568627,0.014239279098094
0.0,0.0002730396652813,0.0140289528788503
0.0,0.0002690066380396,0.0138217333561048
0.0,0.0002650331820279,0.013617574641317
0.0,0.0002611184173288,0.0134164315237593
0.0,0.0002572614770218,0.0132182594605049
0.0,0.0002534615069918,0.0130230145665638
0.0,0.0002497176657394,0.0128306536051646
0.0,0.0002460291241951,0.0126411339781797
0.0,0.0002423950655352,0.0124544137166922
0.0,0.0002388146850014,0.0122704514717012
0.0,0.0002352871897223,0.012089206504966
0.0,0.0002318117985379,0.011910638679984
0.0,0.0002283877418264,0.0117347084531029
0.0,0.0002250142613342,0.0115613768647635
0.0,0.0002216906100078,0.0113906055308724
0.0,0.000218416051828,0.0112223566343017
0.0,0.0002151898616475,0.0110565929165146
0.0,0.00021201132503,0.0108932776693145
0.0,0.000208879738092,0.0107323747267157
0.0,0.0002057944073469,0.0105738484569351
0.0,0.0002027546495515,0.010417663754501
0.0,0.0001997597915548,0.0102637860324793
0.0,0.0001968091701487,0.0101121812148144
0.0,0.0001939021319212,0.0099628157287827
0.0,0.0001910380331118,0.0098156564975583
0.0,0.0001882162394691,0.009670670932888
0.0,0.0001854361261097,0.0095278269278748
0.0,0.0001826970773807,0.0093870928498677
0.0,0.0001799984867226,0.0092484375334567
0.0,0.0001773397565354,0.0091118302735715
0.0,0.0001747202980462,0.0089772408186815
0.0,0.0001721395311787,0.0088446393640971
0.0,0.0001695968844249,0.0087139965453689
0.0,0.0001670917947183,0.0085852834317856
0.0,0.0001646237073097,0.0084584715199668
0.0,0.0001621920756437,0.0083335327275513
0.0,0.000159796361238,0.0082104393869783
0.0,0.0001574360335643,0.00808916423936
0.0,0.0001551105699307,0.0079696804284456
0.0,0.0001528194553656,0.0078519614946741
0.0,0.0001505621825041,0.0077359813693144
0.0,0.0001483382514758,0.0076217143686927
0.0,0.0001461471697934,0.0075091351885049
0.0,0.0001439884522443,0.0073982188982128
0.0,0.0001418616207828,0.0072889409355235
0.0,0.0001397662044243,0.0071812771009498
0.0,0.0001377017391412,0.0070752035524516
0.0,0.0001356677677598,0.006970696800156
0.0,0.0001336638398594,0.0068677337011552
0.0,0.0001316895116723,0.0067662914543819
0.0,0.0001297443459857,0.0066663475955599
0.0,0.0001278279120446,0.0065678799922294
0.0,0.0001259397854569,0.0064708668388456
0.0,0.000124079548099,0.0063752866519504
0.0,0.0001222467880234,0.0062811182654142
0.0,0.0001204410993672,0.0061883408257495
0.0,0.0001186620822627,0.0060969337874921
0.0,0.0001169093427484,0.006006876908652
0.0,0.0001151824926821,0.0059181502462304
0.0,0.0001134811496547,0.0058307341518034
0.0,0.0001118049369056,0.0057446092671712
0.0,0.0001101534832392,0.0056597565200709
0.0,0.0001085264229431,0.0055761571199531
0.0,0.0001069233957064,0.0054937925538206
0.0,0.0001053440465404,0.0054126445821291
0.0,0.0001037880257,0.0053326952347478
0.0,0.000102254988606,0.0052539268069797
0.0,0.0001007445957691,0.0051763218556414
0.0,9.92565127144601e-05,0.0050998631952001
0.0,9.77904099075111e-05,0.0050245338939678
0.0,9.63459626814669e-05,0.0049503172703519
0.0,9.49228511650177e-05,0.0048771968891612
0.0,9.3520760211685e-05,0.0048051565579659
0.0,9.21393793299266e-05,0.0047341803235124
0.0,9.07784026144276e-05,0.00466425246819
0.0,8.94375286783627e-05,0.0045953575065506
0.0,8.81164605866444e-05,0.004527480181879
0.0,8.68149057901696e-05,0.004460605462815
0.0,8.55325760610454e-05,0.004394718540024
0.0,8.42691874287232e-05,0.004329804822918
0.0,8.30244601171259e-05,0.0042658499364242
0.0,8.17981184827593e-05,0.0042028397178021
0.0,8.05898909535946e-05,0.0041407602135065
0.0,7.9399509968936e-05,0.0040795976760982
0.0,7.8226711920211e-05,0.004019338561199
0.0,7.70712370925311e-05,0.0039599695244931
0.0,7.59328296072587e-05,0.0039014774187711
0.0,7.48112373652743e-05,0.0038438492910193
0.0,7.37062119911952e-05,0.003787072379551
0.0,7.2617508778329e-05,0.0037311341111801
0.0,7.15448866345364e-05,0.0036760220984376
0.0,7.04881080287878e-05,0.0036217241368275
0.0,6.94469389386082e-05,0.0035682282021247
0.0,6.84211487982089e-05,0.0035155224477123
0.0,6.74105104475006e-05,0.0034635952019576
0.0,6.64148000816822e-05,0.003412434965628
0.0,6.54337972017735e-05,0.0033620304093443
0.0,6.44672845657376e-05,0.0033123703710719
0.0,6.35150481404084e-05,0.0032634438536488
0.0,6.25768770540422e-05,0.0032152400223505
0.0,6.16525635496676e-05,0.0031677482024903
0.0,6.0741902939053e-05,0.0031209578770561
0.0,5.98446935573954e-05,0.0030748586843806
0.0,5.89607367186412e-05,0.0030294404158474
0.0,5.80898366714933e-05,0.0029846930136297
0.0,5.72318005560707e-05,0.0029406065684637
0.0,5.63864383612209e-05,0.0028971713174534
0.0,5.55535628823725e-05,0.0028543776419095
0.0,5.47329896801729e-05,0.0028122160652185
0.0,5.39245370395486e-05,0.0027706772507447
0.0,5.31280259295462e-05,0.0027297519997624
0.0,5.23432799636389e-05,0.0026894312494189
0.0,5.15701253606705e-05,0.0026497060707275
0.0,5.08083909063935e-05,0.0026105676665902
0.0,5.00579079155371e-05,0.0025720073698495
0.0,4.93185101944418e-05,0.0025340166413693
0.0,4.85900340042832e-05,0.0024965870681437
0.0,4.78723180247984e-05,0.002459710361434
0.0,4.71652033185513e-05,0.0024233783549333
0.0,4.64685332957522e-05,0.0023875830029579
0.0,4.57821536795806e-05,0.0023523163786657
0.0,4.51059124720009e-05,0.0023175706723007
0.0,4.44396599201362e-05,0.0022833381894636
0.0,4.3783248483073e-05,0.0022496113494082
0.0,4.31365327992067e-05,0.0022163826833619
0.0,4.24993696540484e-05,0.0021836448328724
0.0,4.18716179484968e-05,0.0021513905481782
0.0,4.12531386676171e-05,0.0021196126866025
0.0,4.06437948498491e-05,0.0020883042109722
0.0,4.00434515566532e-05,0.002057458188059
0.0,3.94519758426526e-05,0.0020270677870445
0.0,3.88692367261911e-05,0.0019971262780072
0.0,3.82951051603117e-05,0.0019676270304319
0.0,3.7729454004206e-05,0.0019385635117423
0.0,3.71721579950392e-05,0.0019099292858534
0.0,3.66230937201943e-05,0.0018817180117467
0.0,3.60821395899921e-05,0.001853923442066
0.0,3.55491758107195e-05,0.0018265394217338
0.0,3.50240843581227e-05,0.0017995598865882
0.0,3.45067489512657e-05,0.0017729788620403
0.0,3.39970550267826e-05,0.0017467904617509
3.5527136788005e-13,3.34948897739301e-05,0.001720988886327
1.0,0.170133000141805,0.00921040608567851
1.0,0.16315571072274,0.03414754589770992
1.0,0.142997139439869,0.20584585296811936
1.0,0.117021571958764,0.3564488607201934
1.0,0.0904790165094286,0.5226744687691538
1.0,0.0666933490437032,0.6709539364329149
1.0,0.0474044094804597,0.7951304143963036
1.0,0.0331655987966849,0.8834459856313389
1.0,0.0237293958792612,0.9419606394203908
1.0,0.018380273973217,0.9668495962326276
1.0,0.0161960284287044,0.9796157019123127
1.0,0.016234109395033,0.982629811247913
1.0,0.0176496201206991,0.974594101682008
1.0,0.0197571087347965,0.9601907443504929
1.0,0.0220502548122231,0.946420753119948
1.0,0.0241931266964108,0.985159658156384
1.0,0.0259948215782723,1.0200559052084697
1.0,0.0273767617677768,1.0214687643850837
1.0,0.0283392604630085,0.9858603967834472
1.0,0.0289315459873617,0.9555929244200186
1.0,0.029227439084067,0.9330625085015163
1.0,0.0293073835967025,0.915580688459006
1.0,0.029246521750466,0.905658103500252
1.0,0.0291079152290519,0.899692376105691
1.0,0.0289397522977166,0.8979836219592008
1.0,0.0287753549976634,0.8988764173239918
1.0,0.0286349229209089,0.8999739664950748
1.0,0.028528150501489,0.9024747237724676
1.0,0.0284570800988541,0.9061762132257544
1.0,0.0284187675834388,0.9099200806283786
1.0,0.0284075197131768,0.9137300508145629
1.0,0.0284166040411644,0.9176940191755805
1.0,0.0284394314773655,0.9214520626476597
1.0,0.0284702732790472,0.9244683340673563
1.0,0.0285046052715674,0.9271273810850289
1.0,0.0285391804955035,0.9295120813110126
1.0,0.0285719248450074,0.9314611724644598
1.0,0.028601735083825,0.9331491022821211
1.0,0.0286282399192612,0.9345869478420058
1.0,0.0286515661078632,0.9357908530698145
1.0,0.0286721350485197,0.9369226965009934
1.0,0.0286905020910617,0.9380301402664256
1.0,0.0287072411501652,0.9391576828968293
1.0,0.0287228709308771,0.940237967379418
1.0,0.0287378156053804,0.9413034917452552
1.0,0.028752391467318,0.942379950800182
1.0,0.0287668112664867,0.9434616946005226
1.0,0.0287811990070079,0.9444554652404726
1.0,0.0287956095067223,0.9455106466342393
1.0,0.0288100486225722,0.9466156195228463
1.0,0.028824491522971,0.947677987034353
1.0,0.0288388976105995,0.9486825389052027
1.0,0.028853221620964,0.9496138785125379
1.0,0.028867421049612,0.951496767594006
1.0,0.0288814604324243,0.952212638657642
1.0,0.0288953131725544,0.952917823088143
1.0,0.0289089616314158,0.953612600492564
1.0,0.0289223961319491,0.954297199070387
1.0,0.0289356134036656,0.954971805601171
1.0,0.0289486148633138,0.955636576234142
1.0,0.0289614049947839,0.956291646516767
1.0,0.0289739899802077,0.95693713978149
1.0,0.0289863766471554,0.957573173536128
1.0,0.0289985717352113,0.958199863871478
1.0,0.0290105814465988,0.95881732812646
1.0,0.0290224112257023,0.959425686163746
1.0,0.0290340657064776,0.960025060637384
1.0,0.0290455487702563,0.96061557660703
1.0,0.0290568636653468,0.961197360795212
1.0,0.029068013151057,0.96177054071328
1.0,0.0290789996400747,0.962335243811371
1.0,0.0290898253232401,0.962891596745895
1.0,0.0291004922688518,0.963439724808799
1.0,0.0291110024946113,0.963979751527058
1.0,0.0291213580142358,0.964511798417709
1.0,0.0291315608629543,0.965035984871039
1.0,0.0291416131069784,0.965552428129931
1.0,0.0291515168419716,0.966061243334182
1.0,0.0291612741849381,0.966562543602834
1.0,0.0291708872630216,0.967056440133277
1.0,0.0291803582017589,0.96754304230194
1.0,0.0291896891144166,0.968022457756948
1.0,0.0291988820933071,0.968494792497631
1.0,0.0292079392033944,0.968960150939249
1.0,0.0292168624781237,0.969418635963592
1.0,0.0292256539171669,0.969870348957472
1.0,0.0292343154856702,0.97031538984175
1.0,0.0292428491145738,0.970753857093597
1.0,0.029251256701603,0.971185847764431
1.0,0.0292595401126095,0.97161145749549
1.0,0.0292677011830207,0.972030780532537
1.0,0.0292757417192295,0.97244390974065
1.0,0.0292836634998346,0.972850936619668
1.0,0.0292914682766821,0.973251951320534
1.0,0.0292991577757096,0.97364704266254
1.0,0.0293067336976101,0.974036298151336
1.0,0.0293141977183531,0.974419803997503
1.0,0.0293215514895924,0.97479764513547
1.0,0.0293287966390001,0.975169905242542
1.0,0.0293359347705595,0.975536666757894
1.0,0.0293429674648336,0.975898010901361
1.0,0.0293498962792287,0.976254017691961
1.0,0.0293567227482634,0.976604765966082
1.0,0.0293634483838481,0.976950333395301
1.0,0.0293700746755756,0.977290796503858
1.0,0.029376603091023,0.977626230685763
1.0,0.0293830350760578,0.977956710221594
1.0,0.0293893720551561,0.978282308294969
1.0,0.0293956154317163,0.97860309700875
1.0,0.029401766588375,0.978919147400971
1.0,0.029407826887321,0.979230529460532
1.0,0.0294137976706041,0.979537312142645
1.0,0.0294196802604387,0.979839563384066
1.0,0.029425475959503,0.980137350118109
1.0,0.02943118605123,0.980430738289433
1.0,0.0294368118000972,0.980719792868636
1.0,0.0294423544519056,0.981004577866633
1.0,0.0294478152340589,0.981285156348822
1.0,0.0294531953558324,0.981561590449054
1.0,0.0294584960086446,0.981833941383391
1.0,0.0294637183663156,0.982102269463668
1.0,0.0294688635853313,0.982366634110854
1.0,0.0294739328050946,0.98262709386821
1.0,0.0294789271481799,0.982883706414263
1.0,0.0294838477205808,0.983136528575576
1.0,0.029488695611954,0.983385616339333
1.0,0.0294934718958613,0.983631024865744
1.0,0.0294981776300065,0.983872808500256
1.0,0.0295028138564706,0.98411102078559
1.0,0.0295073816019409,0.984345714473597
1.0,0.0295118818779403,0.98457694153694
1.0,0.0295163156810503,0.984804753180602
1.0,0.0295206839931308,0.985029199853226
1.0,0.0295249877815411,0.985250331258286
1.0,0.0295292279993495,0.985468196365095
1.0,0.0295334055855483,0.985682843419646
1.0,0.0295375214652587,0.985894319955299
1.0,0.0295415765499381,0.986102672803306
1.0,0.0295455717375803,0.986307948103181
1.0,0.0295495079129151,0.986510191312917
1.0,0.0295533859476045,0.986709447219057
1.0,0.0295572067004353,0.986905759946606
1.0,0.0295609710175082,0.987099172968805
1.0,0.0295646797324287,0.987289729116761
1.0,0.0295683336664863,0.987477470588926
1.0,0.0295719336288416,0.987662438960447
1.0,0.0295754804167021,0.987844675192371
1.0,0.0295789748155004,0.988024219640715
1.0,0.0295824175990669,0.988201112065403
1.0,0.0295858095298023,0.988375391639072
1.0,0.0295891513588467,0.988547096955747
1.0,0.029592443826244,0.988716266039383
1.0,0.0295956876611077,0.988882936352294
1.0,0.0295988835817815,0.989047144803439
1.0,0.0296020322959984,0.989208927756604
1.0,0.029605134501038,0.989368321038449
1.0,0.0296081908838806,0.989525359946445
1.0,0.0296112021213579,0.989680079256687
1.0,0.0296141688803062,0.989832513231602
1.0,0.0296170918177108,0.989982695627528
1.0,0.0296199715808527,0.990130659702196
1.0,0.0296228088074528,0.990276438222089
1.0,0.0296256041258116,0.990420063469705
1.0,0.029628358154949,0.9905615672507
1.0,0.0296310715047428,0.990700980900933
1.0,0.02963374477606,0.990838335293407
1.0,0.0296363785608946,0.990973660845105
1.0,0.0296389734424953,0.991106987523723
1.0,0.029641529995496,0.991238344854312
1.0,0.0296440487860421,0.99136776192581
1.0,0.0296465303719173,0.991495267397488
1.0,0.0296489753026659,0.991620889505297
1.0,0.0296513841197159,0.991744656068115
1.0,0.0296537573564963,0.991866594493915
1.0,0.0296560955385585,0.991986731785831
1.0,0.0296583991836903,0.992105094548136
1.0,0.0296606688020311,0.992221708992135
1.0,0.0296629048961856,0.992336600941974
1.0,0.0296651079613346,0.992449795840348
1.0,0.0296672784853442,0.992561318754148
1.0,0.0296694169488749,0.992671194380001
1.0,0.0296715238254874,0.992779447049748
1.0,0.0296735995817463,0.992886100735824
1.0,0.0296756446773265,0.992991179056574
1.0,0.0296776595651118,0.993094705281479
1.0,0.0296796446912968,0.99319670233631
1.0,0.0296816004954856,0.993297192808205
1.0,0.0296835274107894,0.993396198950669
1.0,0.0296854258639216,0.993493742688508
1.0,0.0296872962752919,0.993589845622675
1.0,0.0296891390591012,0.993684529035063
1.0,0.0296909546234316,0.993777813893212
1.0,0.0296927433703387,0.993869720854952
1.0,0.0296945056959379,0.993960270272982
1.0,0.0296962419904947,0.994049482199372
1.0,0.0296979526385097,0.994137376390006
1.0,0.0296996380188035,0.99422397230896
1.0,0.0297012985046023,0.994309289132806
1.0,0.0297029344636184,0.994393345754863
1.0,0.0297045462581338,0.994476160789379
1.0,0.0297061342450782,0.994557752575654
1.0,0.0297076987761093,0.994638139182102
1.0,0.0297092401976919,0.994717338410249
1.0,0.0297107588511709,0.99479536779868
1.0,0.0297122550728512,0.994872244626919
1.0,0.0297137291940694,0.994947985919255
1.0,0.0297151815412682,0.995022608448518
1.0,0.0297166124360675,0.995096128739784
1.0,0.0297180221953384,0.995168563074045
1.0,0.0297194111312702,0.995239927491805
1.0,0.0297207795514414,0.995310237796637
1.0,0.0297221277588866,0.995379509558683
1.0,0.0297234560521653,0.9954477581181
1.0,0.0297247647254271,0.995514998588458
1.0,0.0297260540684754,0.995581245860086
1.0,0.0297273243668343,0.995646514603371
1.0,0.02972857590181,0.995710819272007
1.0,0.0297298089505535,0.995774174106192
1.0,0.0297310237861219,0.995836593135786
1.0,0.0297322206775401,0.995898090183417
1.0,0.029733399889857,0.99595867886754
1.0,0.0297345616842091,0.996018372605452
1.0,0.0297357063178738,0.996077184616268
1.0,0.0297368340443298,0.996135127923845
1.0,0.02973794511331,0.996192215359666
1.0,0.0297390397708595,0.996248459565681
1.0,0.0297401182593895,0.99630387299711
1.0,0.0297411808177301,0.996358467925196
1.0,0.0297422276811832,0.996412256439929
1.0,0.0297432590815763,0.996465250452716
1.0,0.029744275247312,0.996517461699025
1.0,0.0297452764034181,0.99656890174098
1.0,0.0297462627716001,0.996619581969923
1.0,0.0297472345702883,0.996669513608936
1.0,0.029748192014686,0.996718707715327
1.0,0.0297491353168189,0.996767175183077
1.0,0.0297500646855797,0.996814926745256
1.0,0.0297509803267764,0.996861972976393
1.0,0.0297518824431768,0.996908324294829
1.0,0.0297527712345533,0.99695399096501
1.0,0.0297536468977282,0.996998983099774
1.0,0.0297545096266156,0.997043310662578
1.0,0.0297553596122662,0.997086983469715
1.0,0.0297561970429088,0.99713001119248
1.0,0.0297570221039909,0.997172403359317
1.0,0.0297578349782217,0.997214169357924
1.0,0.0297586358456114,0.997255318437338
1.0,0.0297594248835109,0.997295859709977
1.0,0.0297602022666519,0.997335802153663
1.0,0.0297609681671851,0.997375154613607
1.0,0.0297617227547184,0.997413925804369
1.0,0.0297624661963545,0.997452124311787
1.0,0.0297631986567275,0.99748975859488
1.0,0.0297639202980398,0.997526836987718
1.0,0.029764631280099,0.997563367701272
1.0,0.0297653317603503,0.997599358825229
1.0,0.0297660218939142,0.997634818329785
1.0,0.0297667018336212,0.997669754067409
1.0,0.0297673717300426,0.997704173774582
1.0,0.0297680317315259,0.997738085073511
1.0,0.029768681984228,0.997771495473817
1.0,0.0297693226321465,0.997804412374198
1.0,0.0297699538171525,0.997836843064065
1.0,0.0297705756790207,0.997868794725159
1.0,0.0297711883554628,0.997900274433142
1.0,0.0297717919821539,0.99793128915916
1.0,0.0297723866927675,0.997961845771392
1.0,0.0297729726190017,0.997991951036567
1.0,0.0297735498906084,0.998021611621462
1.0,0.0297741186354248,0.998050834094383
1.0,0.0297746789793976,0.998079624926614
1.0,0.0297752310466157,0.998107990493854
1.0,0.0297757749593328,0.998135937077629
1.0,0.0297763108379983,0.998163470866677
1.0,0.0297768388012818,0.998190597958329
1.0,0.0297773589660999,0.998217324359848
1.0,0.0297778714476429,0.998243655989768
1.0,0.0297783763593995,0.9982695986792
1.0,0.0297788738131812,0.998295158173123
1.0,0.029779363919149,0.998320340131661
1.0,0.0297798467858366,0.998345150131331
1.0,0.0297803225201738,0.998369593666281
1.0,0.0297807912275121,0.998393676149505
1.0,0.0297812530116452,0.998417402914044
1.0,0.0297817079748359,0.998440779214163
1.0,0.0297821562178342,0.998463810226519
1.0,0.0297825978399038,0.998486501051306
1.0,0.0297830329388411,0.99850885671338
1.0,0.0297834616109987,0.998530882163381
1.0,0.0297838839513047,0.998552582278821
1.0,0.0297843000532869,0.998573961865165
1.0,0.0297847100090902,0.998595025656901
1.0,0.0297851139094987,0.998615778318584
1.0,0.0297855118439561,0.998636224445866
1.0,0.0297859039005839,0.998656368566521
1.0,0.0297862901662036,0.998676215141443
1.0,0.0297866707263523,0.998695768565635
1.0,0.0297870456653055,0.998715033169182
1.0,0.0297874150660924,0.998734013218208
1.0,0.0297877790105168,0.998752712915825
1.0,0.0297881375791733,0.998771136403062
1.0,0.029788490851467,0.99878928775978
1.0,0.0297888389056296,0.998807171005577
1.0,0.0297891818187375,0.998824790100678
1.0,0.0297895196667277,0.998842148946813
0.0,-0.140310147475583,1.000068060010404
0.0,-0.133333017555483,0.9607967282951796
0.0,-0.113174603415641,0.7939063688856868
0.0,-0.0871991907564269,0.6474846922010626
0.0,-0.06065678784213,0.47953938417662745
0.0,-0.0368712706583714,0.33213001860971664
0.0,-0.0175824791573023,0.208368577312952
0.0,-0.0033438143486981,0.11532832319497487
0.0,0.0060922448482547,0.06478175767539891
0.0,0.0114412251567007,0.0312661880287194
0.0,0.0136253311951312,0.0179113887053157
0.0,0.0135871127833437,0.019341171015917584
0.0,0.0121714666424039,0.02390843026119931
0.0,0.0100638446132311,0.04255559597333125
0.0,0.0077705670913828,0.057137246721924405
0.0,0.0056275657043188,0.010905046104923433
0.0,0.0038257432324483,-0.02654345235544585
0.0,0.002443677337547,-0.021037947429315598
0.0,0.001481054793694,0.017589484211514114
0.0,0.0008886472500686,0.04874216774146714
0.0,0.0005926339364192,0.07034805944788394
0.0,0.000512570982546,0.084825225786114
0.0,0.0005733161370221,0.09542569359592187
0.0,0.0007118076903118,0.10043893528491483
0.0,0.0008798573516997,0.1016253058950045
0.0,0.0010441430548981,0.10259449560697144
0.0,0.0011844651831786,0.10287572312118114
0.0,0.0012911292781562,0.10106837069533176
0.0,0.0013620929563925,0.09770284101904902
0.0,0.0014003003238194,0.09323312597873408
0.0,0.0014114445992178,0.08901785046540073
0.0,0.0014022582065501,0.08518650163648596
0.0,0.0013793302132508,0.08164573228531913
0.0,0.0013483893397849,0.07866430839985224
0.0,0.0013139597388545,0.07577802797663116
0.0,0.001279288348267,0.07331447129905443
0.0,0.001246449252575,0.07115379846107305
0.0,0.0012165456670504,0.06903255508076335
0.0,0.0011899488637175,0.06723716470123353
0.0,0.0011665320656625,0.06566686144990372
0.0,0.0011458738539312,0.06422367125278051
0.0,0.0011274188589239,0.06278974323438727
0.0,0.0011105931464875,0.061550653654742896
0.0,0.001094877992386,0.06034405271709231
0.0,0.0010798492055301,0.05917214016979879
0.0,0.0010651904736511,0.05800166419709945
0.0,0.0010506890285997,0.0568125881559803
0.0,0.0010362208481751,0.05565817523794398
0.0,0.0010217310967226,0.05456151526791292
0.0,0.0010072138997503,0.05349502746878759
0.0,0.0009926940715534,0.05253895429731943
0.0,0.0009782121924154,0.051592004254678366
0.0,0.0009638135100461,0.050677665246786005
0.0,0.0009495405123622,0.04978372605178509
0.0,0.000935428647191,0.0480357682529412
0.0,0.0009215044953277,0.0473269146418599
0.0,0.0009077856795456,0.0466285222537648
0.0,0.0008942818613226,0.0459403620886406
0.0,0.0008809962957974,0.0452622465782186
0.0,0.0008679275510974,0.0445940187962124
0.0,0.0008550711284334,0.0439355424295735
0.0,0.0008424208309926,0.0432866933915841
0.0,0.0008299698167415,0.0426473534312941
0.0,0.0008177113318466,0.0420174057257517
0.0,0.0008056391600451,0.0413967322146955
0.0,0.0007937478431209,0.0407852123247669
0.0,0.0007820327334903,0.0401827227017286
0.0,0.0007704899363965,0.0395891375960795
0.0,0.0007591161903021,0.0390043296056344
0.0,0.0007479087228677,0.038428170549424
0.0,0.0007368651085649,0.0378605323175867
0.0,0.0007259831439029,0.0373012876037287
0.0,0.0007152607481202,0.0367503104755229
0.0,0.0007046958912357,0.0362074767750702
0.0,0.0006942865474342,0.0356726643637319
0.0,0.0006840306695671,0.0351457532387978
0.0,0.0006739261796807,0.0346266255540112
0.0,0.0006639709705402,0.0341151655751111
0.0,0.0006541629137433,0.0336112595973725
0.0,0.0006444998709153,0.0331147958463753
0.0,0.0006349797054556,0.0326256643771799
0.0,0.0006256002931958,0.0321437569815521
0.0,0.0006163595310834,0.0316689671083248
0.0,0.0006072553435728,0.0312011897985501
0.0,0.0005982856867936,0.0307403216347828
0.0,0.0005894485508031,0.0302862607024673
0.0,0.0005807419603348,0.0298389065607944
0.0,0.0005721639744786,0.0293981602203237
0.0,0.0005637126856868,0.0289639241249378
0.0,0.0005553862184298,0.0285361021361496
0.0,0.0005471827277458,0.0281145995182944
0.0,0.0005391003978471,0.0276993229236296
0.0,0.0005311374408802,0.027290180376779
0.0,0.0005232920958808,0.0268870812582866
0.0,0.0005155626279276,0.0264899362872693
0.0,0.0005079473274759,0.0260986575033034
0.0,0.0005004445098363,0.0257131582477499
0.0,0.000493052514764,0.0253333531447435
0.0,0.0004857697061214,0.0249591580820588
0.0,0.0004785944715856,0.0245904901920292
0.0,0.0004715252223777,0.0242272678326537
0.0,0.0004645603929964,0.0238694105689848
0.0,0.0004576984409472,0.0235168391548516
0.0,0.0004509378464622,0.0231694755149427
0.0,0.0004442771122067,0.0228272427272514
0.0,0.0004377147629772,0.022490065005871
0.0,0.0004312493453904,0.0221578676841209
0.0,0.0004248794275674,0.02183057719798
0.0,0.0004186035988157,0.0215081210698046
0.0,0.0004124204693118,0.0211904278923118
0.0,0.0004063286697865,0.0208774273128105
0.0,0.0004003268512143,0.0205690500176681
0.0,0.0003944136845081,0.0202652277170023
0.0,0.0003885878602188,0.019965893129593
0.0,0.0003828480882415,0.0196709799680083
0.0,0.0003771930975267,0.0193804229239422
0.0,0.0003716216357973,0.0190941576537621
0.0,0.0003661324692704,0.0188121207642644
0.0,0.0003607243823838,0.0185342497986362
0.0,0.0003553961775276,0.0182604832226223
0.0,0.000350146674779,0.017990760410895
0.0,0.0003449747116422,0.0177250216336246
0.0,0.000339879142791,0.0174632080432488
0.0,0.000334858839816,0.0172052616614376
0.0,0.000329912690975,0.0169511253662519
0.0,0.0003250396009474,0.0167007428794921
0.0,0.0003202384905912,0.0164540587542344
0.0,0.0003155082967046,0.0162110183625513
0.0,0.0003108479717906,0.0159715678834148
0.0,0.0003062564838247,0.0157356542907771
0.0,0.0003017328160266,0.0155032253418291
0.0,0.0002972759666348,0.015274229565431
0.0,0.0002928849486847,0.0150486162507149
0.0,0.0002885587897905,0.0148263354358547
0.0,0.0002842965319288,0.0146073378970028
0.0,0.0002800972312274,0.0143915751373894
0.0,0.0002759599577558,0.0141789993765832
0.0,0.0002718837953195,0.0139695635399104
0.0,0.0002678678412565,0.0137632212480303
0.0,0.0002639112062384,0.0135599268066644
0.0,0.0002600130140725,0.0133596351964775
0.0,0.0002561724015085,0.0131623020631083
0.0,0.0002523885180468,0.012967883707347
0.0,0.0002486605257504,0.0127763370754584
0.0,0.0002449875990596,0.0125876197496472
0.0,0.0002413689246087,0.0124016899386651
0.0,0.000237803701046,0.0122185064685558
0.0,0.0002342911388567,0.0120380287735374
0.0,0.0002308304601876,0.0118602168870187
0.0,0.0002274208986752,0.0116850314327493
0.0,0.0002240616992758,0.0115124336160989
0.0,0.0002207521180981,0.0113423852154672
0.0,0.0002174914222392,0.011174848573819
0.0,0.0002142788896213,0.0110097865903456
0.0,0.0002111138088326,0.0108471627122487
0.0,0.0002079954789694,0.0106869409266455
0.0,0.0002049232094809,0.0105290857525945
0.0,0.0002018963200163,0.0103735622332373
0.0,0.0001989141402742,0.0102203359280582
0.0,0.0001959760098541,0.010069372905257
0.0,0.0001930812781102,0.009920639734235
0.0,0.0001902293040073,0.0097741034781918
0.0,0.0001874194559788,0.0096297316868314
0.0,0.0001846511117868,0.0094874923891761
0.0,0.0001819236583846,0.0093473540864867
0.0,0.0001792364917805,0.0092092857452872
0.0,0.0001765890169043,0.0090732567904921
0.0,0.0001739806474756,0.008939237098636
0.0,0.0001714108058739,0.0088071969912026
0.0,0.0001688789230104,0.0086771072280523
0.0,0.0001663844382024,0.0085489390009473
0.0,0.000163926799049,0.0084226639271718
0.0,0.0001615054613085,0.0082982540432468
0.0,0.0001591198887784,0.0081756817987376
0.0,0.0001567695531763,0.0080549200501526
0.0,0.0001544539340227,0.0079359420549328
0.0,0.0001521725185265,0.0078187214655294
0.0,0.0001499248014704,0.0077032323235692
0.0,0.0001477102851001,0.0075894490541061
0.0,0.0001455284790132,0.0074773464599577
0.0,0.0001433789000512,0.0073668997161254
0.0,0.0001412610721921,0.0072580843642966
0.0,0.0001391745264453,0.0071508763074291
0.0,0.0001371188007473,0.0070452518044142
0.0,0.00013509343986,0.0069411874648195
0.0,0.0001330979952694,0.006838660243709
0.0,0.0001311320250864,0.0067376474365403
0.0,0.0001291950939491,0.006638126674136
0.0,0.0001272867729261,0.0065400759177305
0.0,0.0001254066394218,0.0064434734540894
0.0,0.0001235542770826,0.0063482978907013
0.0,0.000121729275705,0.0062545281510402
0.0,0.0001199312311443,0.0061621434698984
0.0,0.0001181597452256,0.0060711233887877
0.0,0.000116414425655,0.0059814477514092
0.0,0.0001146948859336,0.0058930966991898
0.0,0.0001130007452711,0.0058060506668841
0.0,0.0001113316285018,0.005720290378242
0.0,0.0001096871660017,0.00563579684174
0.0,0.0001080669936063,0.0055525513463755
0.0,0.0001064707525303,0.0054705354575234
0.0,0.0001048980892876,0.0053897310128532
0.0,0.0001033486556137,0.005310120118308
0.0,0.0001018221083883,0.0052316851441408
0.0,0.0001003181095591,0.0051544087210112
0.0,9.88363260671296e-05,0.0050782737361385
0.0,9.73764297730467e-05,0.0050032633295124
0.0,9.59380973844029e-05,0.0049293608901591
0.0,9.4521010384048e-05,0.0048565500524631
0.0,9.31248549595823e-05,0.0047848146925429
0.0,9.17493219338983e-05,0.0047141389246802
0.0,9.03941066966868e-05,0.0046445070978025
0.0,8.90589091370048e-05,0.0045759037920167
0.0,8.7743433576766e-05,0.0045083138151948
0.0,8.64473887053629e-05,0.0044417221996091
0.0,8.51704875150169e-05,0.0043761141986181
0.0,8.39124472373498e-05,0.0043114752834007
0.0,8.26729892807118e-05,0.0042477911397389
0.0,8.14518391684602e-05,0.0041850476648476
0.0,8.0248726478209e-05,0.0041232309642519
0.0,7.90633847819744e-05,0.00406232734871
0.0,7.78955515871038e-05,0.004002323331182
0.0,7.67449682781834e-05,0.0039432056238429
0.0,7.56113800597924e-05,0.0038849611351399
0.0,7.4494535900041e-05,0.003827576966894
0.0,7.33941884749831e-05,0.0037710404114428
0.0,7.23100941138685e-05,0.0037153389488271
0.0,7.12420127451791e-05,0.003660460244018
0.0,7.01897078434557e-05,0.0036063921441854
0.0,6.91529463768825e-05,0.003553122676007
0.0,6.81314987557788e-05,0.0035006400430163
0.0,6.71251387816471e-05,0.0034489326229909
0.0,6.61336435971716e-05,0.0033979889653784
0.0,6.51567936367989e-05,0.0033477977887606
0.0,6.41943725781732e-05,0.0032983479783555
0.0,6.32461672941675e-05,0.003249628583556
0.0,6.23119678057615e-05,0.0032016288155046
0.0,6.13915672354887e-05,0.0031543380447043
0.0,6.04847617616186e-05,0.0031077457986649
0.0,5.95913505730475e-05,0.0030618417595837
0.0,5.87111358248682e-05,0.0030166157620608
0.0,5.78439225944402e-05,0.0029720577908477
0.0,5.69895188383407e-05,0.0029281579786298
0.0,5.61477353497736e-05,0.0028849066038408
0.0,5.53183857167003e-05,0.0028422940885106
0.0,5.45012862805255e-05,0.0028003109961434
0.0,5.36962560954805e-05,0.0027589480296287
0.0,5.2903116888478e-05,0.0027181960291821
0.0,5.21216930196994e-05,0.0026780459703171
0.0,5.13518114436812e-05,0.0026384889618464
0.0,5.05933016709675e-05,0.0025995162439131
0.0,4.98459957303903e-05,0.0025611191860508
0.0,4.9109728131852e-05,0.0025232892852724
0.0,4.83843358296925e-05,0.0024860181641872
0.0,4.7669658186561e-05,0.0024492975691455
0.0,4.69655369378652e-05,0.0024131193684111
0.0,4.62718161567087e-05,0.0023774755503606
0.0,4.55883422193874e-05,0.0023423582217087
0.0,4.49149637713232e-05,0.0023077596057609
0.0,4.42515316935871e-05,0.002273672040691
0.0,4.35978990698596e-05,0.0022400879778444
0.0,4.2953921153898e-05,0.0022069999800666
0.0,4.23194553374889e-05,0.0021744007200561
0.0,4.16943611188658e-05,0.002142282978742
0.0,4.10785000715778e-05,0.002110639643685
0.0,4.04717358138684e-05,0.0020794637075027
0.0,3.98739339784425e-05,0.0020487482663176
0.0,3.92849621827264e-05,0.0020184865182284
0.0,3.87046899995545e-05,0.0019886717618036
0.0,3.81329889282724e-05,0.0019592973945974
0.0,3.75697323662973e-05,0.001930356911688
0.0,3.70147955810717e-05,0.0019018439042364
0.0,3.64680556824391e-05,0.0018737520580681
0.0,3.59293915954441e-05,0.0018460751522739
0.0,3.5398684033499e-05,0.0018188070578329
0.0,3.48758154719853e-05,0.0017919417362549
0.0,3.43606701222257e-05,0.0017654732382434
0.0,3.38531339058416e-05,0.001739395702378
0.0,3.3353094429478e-05,0.0017137033538166
0.0,3.28604409599344e-05,0.0016883905030163
0.0,3.23750643996291e-05,0.0016634515444734
0.0,3.18968572624555e-05,0.0016388809554825
0.0,3.14257136499428e-05,0.0016146732949132
0.0,3.09615292278624e-05,0.0015908232020051
0.0,3.05042012030618e-05,0.0015673253951808
0.0,3.00536283007434e-05,0.0015441746708763
0.0,2.96097107420276e-05,0.0015213659023887
0.0,2.9172350221849e-05,0.0014988940387408
0.0,2.87414498871957e-05,0.0014767541035625
0.0,2.8316914315641e-05,0.0014549411939892
0.0,2.78986494942554e-05,0.0014334504795755
0.0,2.74865627987314e-05,0.0014122772012257
0.0,2.70805629729205e-05,0.0013914166701403
0.0,2.66805601086013e-05,0.0013708642667772
0.0,2.62864656255645e-05,0.0013506154398287
0.0,2.58981922520163e-05,0.0013306657052139
0.0,2.55156540052322e-05,0.0013110106450857
0.0,2.51387661725326e-05,0.001291645906852
0.0,2.47674452925149e-05,0.0012725672022126
0.0,2.44016091365679e-05,0.0012537703062088
0.0,2.4041176690668e-05,0.0012352510562883
0.0,2.36860681374386e-05,0.001217005351383
0.0,2.33362048384731e-05,0.0011990291510014
0.0,2.29915093169254e-05,0.0011813184743333
0.0,2.26519052403413e-05,0.0011638693993683
0.0,2.23173174037621e-05,0.0011466780620276
0.0,2.19876717130717e-05,0.0011297406553081
0.0,2.1662895168589e-05,0.0011130534284393
0.0,2.13429158488973e-05,0.0010966126860528
0.0,2.10276628949211e-05,0.001080414787364
0.0,2.07170664942354e-05,0.0010644561453655
0.0,2.04110578655974e-05,0.0010487332260335
0.0,2.01095692437345e-05,0.0010332425475442
0.0,1.98125338643062e-05,0.0010179806795036
0.0,1.95198859491534e-05,0.0010029442421876
0.0,1.92315606917098e-05,0.0009881299057932
0.0,1.89474942426573e-05,0.0009735343897017
0.0,1.86676236957877e-05,0.0009591544617517
0.0,1.83918870740683e-05,0.0009449869375237
0.0,1.8120223315923e-05,0.0009310286796347
0.0,1.78525722617073e-05,0.0009172765970435
0.0,1.75888746403782e-05,0.0009037276443663
0.0,1.73290720563851e-05,0.000890378821202
0.0,1.70731069767272e-05,0.0008772271714683
0.0,1.68209227182099e-05,0.0008642697827464
0.0,1.65724634349027e-05,0.0008515037856366
0.0,1.63276741057643e-05,0.0008389263531225
0.0,1.60865005224622e-05,0.0008265346999453
0.0,1.58488892773659e-05,0.0008143260819868
0.0,1.56147877517221e-05,0.0008022977956615
0.0,1.53841441039981e-05,0.0007904471773186
0.0,1.51569072584096e-05,0.0007787716026514
0.0,1.49330268936019e-05,0.0007672684861163
0.0,1.47124534315077e-05,0.0007559352803607
0.0,1.44951380263696e-05,0.0007447694756583
0.0,1.4281032553928e-05,0.0007337685993538
0.0,1.40700896007571e-05,0.0007229302153148
0.0,1.3862262453767e-05,0.0007122519233931
0.0,1.36575050898591e-05,0.0007017313588922
0.0,1.34557721657366e-05,0.0006913661920447
0.0,1.32570190078595e-05,0.0006811541274953
0.0,1.30612016025549e-05,0.0006710929037934
0.0,1.28682765862722e-05,0.000661180292892
0.0,1.26782012359727e-05,0.0006514140996539
0.0,1.24909334596746e-05,0.0006417921613662
0.0,1.23064317871313e-05,0.0006323123472611
1.0,0.170112124655361,0.00813781022166461
1.0,0.163135143584926,0.03309079318354302
1.0,0.142976876096112,0.20480470938706635
1.0,0.117001607921767,0.35542309571213937
1.0,0.0904593473581753,0.5216638551795517
1.0,0.0666739704224808,0.6699582504624768
1.0,0.0473853170978934,0.7941494355514457
1.0,0.0331467884247871,0.8824794966753539
1.0,0.0237108633524955,0.9410084263253368
1.0,0.0183620151875757,0.9659114481319405
1.0,0.0161780393407998,0.9786914110541037
1.0,0.0162163860212007,0.981719172948965
1.0,0.0176321585361178,0.97369691428245
1.0,0.0197399050726172,0.9593068091691419
1.0,0.0220333052627132,0.945549874410308
1.0,0.024176427506111,0.984301643063304
1.0,0.0259783690491651,1.0192105637254318
1.0,0.0273605522564673,1.0206359093121278
1.0,0.0283232903799177,0.9850398436857142
1.0,0.0289158117959322,0.9547844915869097
1.0,0.0292119372999787,0.9322660169064523
1.0,0.0292921107871018,0.914795961719782
1.0,0.0292314745332062,0.904884967839976
1.0,0.0290930902719426,0.8989306603143059
1.0,0.028925146317787,0.8972331573555637
1.0,0.0287609647604352,0.8981370377185258
1.0,0.0286207452396794,0.8992455081529638
1.0,0.0285141822366258,0.9017570253773957
1.0,0.0284433181571004,0.9054691158441863
1.0,0.0284052089172272,0.9092234276743596
1.0,0.0283941613199552,0.913043688015048
1.0,0.0284034429627313,0.9170177945362664
1.0,0.0284264647992145,0.9207858264193296
1.0,0.0284574981297208,0.9238119387127153
1.0,0.0284920188220226,0.9264806812460329
1.0,0.028526779958485,0.9288749337766796
1.0,0.0285597074744293,0.9308334361391548
1.0,0.028589698174164,0.9325306381543101
1.0,0.0286163808049562,0.9339776189534759
1.0,0.0286398821627265,0.9351905244853385
1.0,0.0286606236851539,0.9363312352784553
1.0,0.0286791607602883,0.9374474154273726
1.0,0.0286960673404586,0.9385835653974753
1.0,0.0287118621678089,0.93967233008206
1.0,0.0287269694510721,0.9407462093901252
1.0,0.0287417055199002,0.941830899977701
1.0,0.0287562831595682,0.9429207537239787
1.0,0.0287708264091504,0.9439225145190906
1.0,0.0287853901209256,0.9449855680466573
1.0,0.0287999801857639,0.9460982967909773
1.0,0.0288145718055064,0.9471683055976341
1.0,0.0288291244157683,0.9481803858952298
1.0,0.028843592784503,0.9491191427280689
1.0,0.0288579344392255,0.951009339476332
1.0,0.0288721139473125,0.951732410266334
1.0,0.0288861047429485,0.952444688077141
1.0,0.0288998892181183,0.953146454086629
1.0,0.0289134577258843,0.953837938041901
1.0,0.0289268070254332,0.954519328247273
1.0,0.0289399385627509,0.955190782354209
1.0,0.0289528568505328,0.955852437390225
1.0,0.0289655680992911,0.956504418145951
1.0,0.0289780791645571,0.957146843565853
1.0,0.0289903968134626,0.957779831156153
1.0,0.0290025272753722,0.958403499650293
1.0,0.0290144760214104,0.959017970284868
1.0,0.0290262477118779,0.959623367067553
1.0,0.0290378462540621,0.960219816391637
1.0,0.0290492749218441,0.960807446293585
1.0,0.0290605364997267,0.961386385579273
1.0,0.0290716334252203,0.961956762974242
1.0,0.0290825679136215,0.962518706391472
1.0,0.0290933420573236,0.963072342360914
1.0,0.0291039578977665,0.963617795629264
1.0,0.0291144174720566,0.964155188915262
1.0,0.0291247228384652,0.964684642793149
1.0,0.0291348760859049,0.965206275672274
1.0,0.0291448793324087,0.965720203841669
1.0,0.0291547347170165,0.966226541552636
1.0,0.0291644443885832,0.966725401118102
1.0,0.0291740104940361,0.967216893013555
1.0,0.029183435167716,0.967701125969945
1.0,0.0291927205226992,0.968178207053431
1.0,0.0292018686444062,0.968648241730347
1.0,0.0292108815864363,0.969111333918031
1.0,0.0292197613683183,0.969567586023544
1.0,0.0292285099747616,0.970017098972931
1.0,0.0292371293559814,0.970459972233695
1.0,0.029245621428692,0.97089630383296
1.0,0.0292539880774549,0.971326190373259
1.0,0.0292622311561299,0.971749727047449
1.0,0.0292703524892715,0.972167007653714
1.0,0.0292783538733703,0.972578124611214
1.0,0.0292862370779001,0.972983168976638
1.0,0.0292940038461664,0.973382230461641
1.0,0.0293016558959744,0.973775397451057
1.0,0.0293091949201512,0.974162757021665
1.0,0.0293166225869588,0.974544394961297
1.0,0.0293239405404353,0.974920395788057
1.0,0.0293311504006861,0.975290842769496
1.0,0.0293382537641578,0.975655817941593
1.0,0.0293452522039066,0.976015402127454
1.0,0.029352147269869,0.976369674955675
1.0,0.0293589404891472,0.976718714878345
1.0,0.0293656333662997,0.97706259918868
1.0,0.0293722273836485,0.977401404038314
1.0,0.0293787240015899,0.977735204454256
1.0,0.0293851246589114,0.978064074355528
1.0,0.0293914307731133,0.978388086569535
1.0,0.029397643740726,0.978707312848153
1.0,0.0294037649376251,0.979021823883577
1.0,0.0294097957193475,0.979331689323928
1.0,0.0294157374213937,0.979636977788636
1.0,0.0294215913595317,0.979937756883602
1.0,0.0294273588300926,0.980234093216142
1.0,0.0294330411102595,0.980526052409723
1.0,0.0294386394583523,0.980813699118481
1.0,0.0294441551141083,0.981097097041539
1.0,0.0294495892989559,0.981376308937108
1.0,0.0294549432162841,0.981651396636391
1.0,0.0294602180517092,0.981922421057278
1.0,0.0294654149733375,0.982189442217837
1.0,0.0294705351320224,0.982452519249614
1.0,0.0294755796616184,0.982711710410726
1.0,0.0294805496792325,0.982967073098767
1.0,0.0294854462854717,0.98321866386352
1.0,0.0294902705646847,0.983466538419482
1.0,0.0294950235852043,0.983710751658198
1.0,0.029499706399583,0.983951357660424
1.0,0.0295043200448248,0.984188409708095
1.0,0.029508865542617,0.984421960296131
1.0,0.0295133438995556,0.984652061144058
1.0,0.0295177561073676,0.984878763207459
1.0,0.0295221031431319,0.985102116689264
1.0,0.0295263859694943,0.985322171050861
1.0,0.0295306055348825,0.985538975023051
1.0,0.0295347627737137,0.985752576616842
1.0,0.0295388586066052,0.985963023134077
1.0,0.0295428939405733,0.986170361177912
1.0,0.0295468696692394,0.986374636663132
1.0,0.0295507866730236,0.986575894826324
1.0,0.0295546458193425,0.98677418023589
1.0,0.0295584479627999,0.986969536801923
1.0,0.0295621939453763,0.987162007785922
1.0,0.0295658845966158,0.98735163581038
1.0,0.0295695207338083,0.987538462868218
1.0,0.0295731031621733,0.987722530332086
1.0,0.0295766326750353,0.987903878963528
1.0,0.0295801100540012,0.988082548922
1.0,0.0295835360691328,0.988258579773773
1.0,0.0295869114791179,0.98843201050069
1.0,0.0295902370314369,0.988602879508796
1.0,0.0295935134625303,0.988771224636852
1.0,0.0295967414979592,0.988937083164703
1.0,0.02959992185257,0.989100491821543
1.0,0.0296030552306477,0.989261486794041
1.0,0.0296061423260754,0.989420103734362
1.0,0.0296091838224881,0.989576377768056
1.0,0.0296121803934211,0.989730343501839
1.0,0.0296151327024621,0.989882035031257
1.0,0.0296180414033964,0.990031485948235
1.0,0.029620907140353,0.990178729348519
1.0,0.0296237305479463,0.990323797839001
1.0,0.0296265122514168,0.990466723544941
1.0,0.0296292528667694,0.990607538117083
1.0,0.0296319530009113,0.990746272738662
1.0,0.0296346132517833,0.990882958132311
1.0,0.0296372342084954,0.991017624566862
1.0,0.0296398164514562,0.991150301864054
1.0,0.0296423605524996,0.991281019405129
1.0,0.0296448670750149,0.991409806137347
1.0,0.0296473365740686,0.991536690580391
1.0,0.0296497695965288,0.991661700832684
1.0,0.0296521666811846,0.991784864577612
1.0,0.0296545283588694,0.991906209089652
1.0,0.0296568551525731,0.992025761240418
1.0,0.0296591475775618,0.992143547504603
1.0,0.0296614061414913,0.992259593965849
1.0,0.0296636313445169,0.992373926322521
1.0,0.0296658236794085,0.992486569893394
1.0,0.0296679836316558,0.992597549623266
1.0,0.0296701116795779,0.992706890088478
1.0,0.0296722082944292,0.99281461550236
1.0,0.0296742739405018,0.992920749720588
1.0,0.0296763090752314,0.99302531624647
1.0,0.0296783141492967,0.993128338236151
1.0,0.0296802896067188,0.993229838503739
1.0,0.0296822358849604,0.99332983952636
1.0,0.0296841534150232,0.993428363449131
1.0,0.029686042621542,0.99352543209007
1.0,0.0296879039228795,0.993621066944921
1.0,0.0296897377312191,0.993715289191921
1.0,0.0296915444526553,0.993808119696486
1.0,0.029693324487285,0.993899579015829
1.0,0.0296950782292944,0.993989687403519
1.0,0.0296968060670484,0.994078464813962
1.0,0.0296985083831742,0.994165930906818
1.0,0.0297001855546486,0.994252105051361
1.0,0.0297018379528786,0.994337006330761
1.0,0.0297034659437867,0.994420653546315
1.0,0.0297050698878896,0.994503065221609
1.0,0.0297066501403789,0.99458425960662
1.0,0.0297082070511996,0.994664254681757
1.0,0.0297097409651277,0.994743068161844
1.0,0.0297112522218477,0.994820717500039
1.0,0.0297127411560247,0.994897219891706
1.0,0.0297142080973827,0.994972592278216
1.0,0.0297156533707736,0.995046851350704
1.0,0.0297170772962518,0.995120013553761
1.0,0.0297184801891435,0.995192095089079
1.0,0.0297198623601185,0.995263111919035
1.0,0.0297212241152569,0.99533307977023
1.0,0.0297225657561184,0.995402014136968
1.0,0.0297238875798069,0.995469930284693
1.0,0.0297251898790394,0.99553684325336
1.0,0.0297264729422084,0.995602767860775
1.0,0.0297277370534477,0.995667718705871
1.0,0.0297289824926923,0.995731710171943
1.0,0.0297302095357439,0.995794756429832
1.0,0.0297314184543298,0.995856871441065
1.0,0.0297326095161639,0.995918068960942
1.0,0.0297337829850051,0.99597836254159
1.0,0.0297349391207169,0.996037765534955
1.0,0.0297360781793246,0.996096291095769
1.0,0.0297372004130716,0.996153952184452
1.0,0.0297383060704748,0.996210761569991
1.0,0.0297393953963814,0.996266731832763
1.0,0.0297404686320213,0.996321875367322
1.0,0.0297415260150611,0.996376204385144
1.0,0.0297425677796574,0.996429730917333
1.0,0.0297435941565078,0.996482466817281
1.0,0.0297446053729022,0.996534423763296
1.0,0.0297456016527735,0.996585613261188
1.0,0.0297465832167472,0.996636046646815
1.0,0.0297475502821889,0.996685735088598
1.0,0.0297485030632543,0.996734689589987
1.0,0.0297494417709361,0.996782920991904
1.0,0.02975036661311,0.996830439975142
1.0,0.0297512777945814,0.996877257062728
1.0,0.0297521755171299,0.996923382622256
1.0,0.0297530599795561,0.99696882686818
1.0,0.0297539313777224,0.997013599864081
1.0,0.0297547899045993,0.99705771152489
1.0,0.0297556357503066,0.997101171619087
1.0,0.0297564691021559,0.997143989770863
1.0,0.029757290144693,0.99718617546225
1.0,0.0297580990597353,0.997227738035227
1.0,0.029758896026417,0.997268686693778
1.0,0.0297596812212257,0.997309030505941
1.0,0.0297604548180412,0.997348778405809
1.0,0.0297612169881765,0.997387939195513
1.0,0.0297619679004129,0.997426521547166
1.0,0.0297627077210394,0.997464534004789
1.0,0.0297634366138879,0.997501984986199
1.0,0.0297641547403713,0.997538882784876
1.0,0.0297648622595184,0.997575235571798
1.0,0.029765559328008,0.99761105139725
1.0,0.0297662461002053,0.997646338192608
1.0,0.0297669227281954,0.997681103772095
1.0,0.0297675893618161,0.997715355834511
1.0,0.0297682461486941,0.997749101964939
1.0,0.029768893234273,0.997782349636422
1.0,0.0297695307618491,0.997815106211623
1.0,0.0297701588726029,0.997847378944449
1.0,0.0297707777056289,0.997879174981661
1.0,0.0297713873979664,0.997910501364459
1.0,0.029771988084631,0.997941365030035
1.0,0.029772579898645,0.997971772813116
1.0,0.0297731629710645,0.998001731447471
1.0,0.0297737374310101,0.998031247567409
1.0,0.0297743034056956,0.998060327709242
1.0,0.0297748610204551,0.998088978312737
1.0,0.0297754103987724,0.998117205722538
1.0,0.0297759516623064,0.998145016189576
1.0,0.0297764849309188,0.998172415872447
1.0,0.0297770103227024,0.998199410838783
1.0,0.0297775279540038,0.99822600706659
1.0,0.0297780379394523,0.998252210445573
1.0,0.0297785403919835,0.998278026778443
1.0,0.0297790354228653,0.998303461782198
1.0,0.0297795231417211,0.998328521089393
1.0,0.0297800036565563,0.998353210249384
1.0,0.0297804770737802,0.99837753472956
1.0,0.0297809434982306,0.998401499916549
1.0,0.0297814030331962,0.998425111117418
1.0,0.0297818557804415,0.998448373560841
1.0,0.0297823018402261,0.998471292398261
1.0,0.0297827413113294,0.99849387270503
1.0,0.0297831742910724,0.998516119481533
1.0,0.0297836008753372,0.998538037654294
1.0,0.0297840211585914,0.998559632077069
1.0,0.0297844352339054,0.998580907531919
1.0,0.0297848431929764,0.998601868730271
1.0,0.0297852451261462,0.998622520313961
1.0,0.029785641122422,0.998642866856258
1.0,0.029786031269498,0.998662912862883
1.0,0.0297864156537704,0.998682662773002
1.0,0.0297867943603614,0.998702120960212
1.0,0.0297871674731351,0.998721291733507
1.0,0.0297875350747174,0.998740179338235
1.0,0.0297878972465127,0.998758787957034
1.0,0.0297882540687233,0.998777121710764
1.0,0.0297886056203678,0.998795184659415
1.0,0.0297889519792967,0.998812980803006
1.0,0.0297892932222104,0.998830514082476
1.0,0.0297896294246771,0.998847788380549
1.0,0.0297899606611485,0.998864807522601
1.0,0.0297902870049769,0.998881575277502
1.0,0.0297906085284296,0.998898095358454
1.0,0.0297909253027091,0.99891437142381
1.0,0.0297912373979636,0.998930407077887
1.0,0.029791544883307,0.998946205871765
1.0,0.0297918478268313,0.998961771304068
1.0,0.0297921462956228,0.998977106821746
1.0,0.0297924403557774,0.998992215820832
1.0,0.0297927300724143,0.999007101647197
1.0,0.0297930155096915,0.999021767597292
1.0,0.0297932967308174,0.999036216918876
1.0,0.0297935737980692,0.999050452811735
1.0,0.0297938467728032,0.999064478428392
1.0,0.0297941157154686,0.999078296874805
1.0,0.0297943806856231,0.999091911211054
1.0,0.0297946417419441,0.99910532445202
1.0,0.0297948989422416,0.999118539568049
1.0,0.0297951523434732,0.999131559485615
1.0,0.0297954020017535,0.999144387087966
1.0,0.02979564797237,0.999157025215759
1.0,0.0297958903097915,0.999169476667694
1.0,0.029796129067684,0.999181744201133
1.0,0.0297963642989203,0.999193830532706
1.0,0.0297965960555915,0.99920573833892
1.0,0.0297968243890205,0.999217470256746
1.0,0.0297970493497715,0.999229028884202
1.0,0.0297972709876613,0.999240416780935
1.0,0.0297974893517714,0.999251636468784
1.0,0.0297977044904589,0.999262690432335
1.0,0.0297979164513655,0.999273581119477
1.0,0.0297981252814301,0.99928431094194
1.0,0.0297983310268972,0.999294882275833
1.0,0.02979853373333,0.999305297462165
1.0,0.0297987334456167,0.999315558807369
1.0,0.0297989302079835,0.999325668583809
1.0,0.0297991240640039,0.999335629030283
1.0,0.0297993150566063,0.999345442352521
1.0,0.029799503228086,0.999355110723675
1.0,0.0297996886201135,0.999364636284792
1.0,0.0297998712737437,0.9993740211453
0.0,-0.140299948770575,1.000592076005788
0.0,-0.133322969493992,0.9613130041302396
0.0,-0.113164703772533,0.7944150188891498
0.0,-0.0871894373394366,0.6479858290129227
0.0,-0.060647178491374,0.48003311877309146
0.0,-0.0368618032458692,0.33261646032777964
0.0,-0.0175731515865059,0.208847833874608
0.0,-0.0033346245540271,0.11580050073107287
0.0,0.0061012989018707,0.06524696074914511
0.0,0.0114501454742719,0.0317245196588334
0.0,0.0136341197520529,0.0183629503888433
0.0,0.0135957715258315,0.019786062750706882
0.0,0.0121799974879275,0.024346750568045812
0.0,0.010072249450937,0.042987441917794446
0.0,0.0077788477825131,0.057562713935823503
0.0,0.0056357240826238,0.011324228807514533
0.0,0.0038337811045917,-0.026130461336604946
0.0,0.0024515964835073,-0.020631056637808995
0.0,0.0014888569671576,0.017990364881213722
0.0,0.000896334178818,0.04913712706395215
0.0,0.0006002073227169,0.07073718488647054
0.0,0.0005200325035101,0.0852086035122113
0.0,0.0005806674449981,0.09580340850811427
0.0,0.0007190504132394,0.10081107102776243
0.0,0.0008869930934719,0.1019919448775666
0.0,0.0010511733957173,0.10295571902105584
0.0,0.0011913916799059,0.10323161095932364
0.0,0.0012979534646572,0.10141900176851046
0.0,0.0013688163438757,0.09804829297413734
0.0,0.0014069244011717,0.09357347531569529
0.0,0.001417970833334,0.08935317255422863
0.0,0.0014086880426581,0.08551687073389576
0.0,0.0013856650752304,0.08197122155119152
0.0,0.0013546306304846,0.07898498991343435
0.0,0.0013201088404016,0.07609397275249866
0.0,0.0012853466223733,0.07362574930283743
0.0,0.0012524180408385,0.07146047862495024
0.0,0.0012224262912531,0.06933470531872644
0.0,0.0011957426261172,0.06753485192412713
0.0,0.0011722402492817,0.06596015158024253
0.0,0.0011514977228409,0.06451262923934771
0.0,0.0011329596585241,0.06307443306661756
0.0,0.0011160521037819,0.06183113837689299
0.0,0.0011002563162549,0.06062039444220171
0.0,0.0010851480869977,0.05944440009344459
0.0,0.0010704110861491,0.058269902610948346
0.0,0.0010558325282269,0.057076864461140006
0.0,0.001041288373954,0.05591854795811749
0.0,0.0010267237708514,0.05481804206235872
0.0,0.0010121328278511,0.05374776514508779
0.0,0.0009975403429177,0.05278795882396023
0.0,0.0009829868802445,0.051837330773443865
0.0,0.00096851767169,0.050919368084969205
0.0,0.0009541751895519,0.05002185873421919
0.0,0.0009399948662711,0.0482703835138521
0.0,0.0009260032674824,0.0475580644365442
0.0,0.0009122180010231,0.0468562577700956
0.0,0.0008986487136558,0.0461647337584026
0.0,0.0008852986460207,0.0454833040882761
0.0,0.0008721663519623,0.044811811099513
0.0,0.0008592473186173,0.0441501177559879
0.0,0.0008465353353083,0.0434980992585873
0.0,0.0008340235463416,0.0428556366544874
0.0,0.0008217051844252,0.0422226124292305
0.0,0.0008095740200366,0.0415989078412632
0.0,0.0007976245818957,0.0409844016459979
0.0,0.0007858522095481,0.0403789698278836
0.0,0.0007742529955561,0.039782485985873
0.0,0.000762823665889,0.039194822075859
0.0,0.0007515614358983,0.038615849284432
0.0,0.0007404638679286,0.0380454388786316
0.0,0.000729528746541,0.0374834629381694
0.0,0.0007187539792028,0.0369297949258908
0.0,0.0007081375243349,0.0363843100880035
0.0,0.0006976773446958,0.0358468856987771
0.0,0.0006873713818797,0.035317401177082
0.0,0.0006772175468413,0.0347957381067853
0.0,0.0006672137214188,0.0342817801921676
0.0,0.0006573577664433,0.0337754131753388
0.0,0.0006476475329334,0.0332765247368845
0.0,0.0006380808738382,0.0327850043949203
0.0,0.0006286556546933,0.0323007434121991
0.0,0.0006193697623024,0.0318236347163541
0.0,0.0006102211111257,0.031353572834937
0.0,0.0006012076474464,0.0308904538445865
0.0,0.0005923273516209,0.0304341753323038
0.0,0.0005835782388249,0.0299846363661991
0.0,0.0005749583587318,0.029541737473005
0.0,0.0005664657945165,0.0291053806199237
0.0,0.0005580986615091,0.0286754691988283
0.0,0.0005498551057421,0.0282519080113518
0.0,0.0005417333025557,0.0278346032538835
0.0,0.000533731455355,0.0274234625019128
0.0,0.0005258477945636,0.0270183946934833
0.0,0.000518080576775,0.0266193101117476
0.0,0.000510428084085,0.0262261203667573
0.0,0.000502888623568,0.0258387383766931
0.0,0.0004954605268646,0.0254570783487603
0.0,0.0004881421498426,0.0250810557599623
0.0,0.0004809318723026,0.0247105873379288
0.0,0.0004738280977052,0.024345591041933
0.0,0.0004668292529038,0.0239859860441909
0.0,0.0004599337878712,0.0236316927114979
0.0,0.0004531401754176,0.0232826325872256
0.0,0.0004464469108971,0.0229387283736826
0.0,0.0004398525119022,0.0225999039148268
0.0,0.0004333555179522,0.0222660841793094
0.0,0.0004269544901756,0.0219371952438273
0.0,0.0004206480109907,0.0216131642767621
0.0,0.0004144346837864,0.0212939195220845
0.0,0.0004083131326064,0.0209793902835083
0.0,0.0004022820018367,0.0206695069088809
0.0,0.0003963399558989,0.0203642007748005
0.0,0.0003904856789488,0.0200634042714536
0.0,0.0003847178745805,0.0197670507876686
0.0,0.000379035265537,0.0194750746961817
0.0,0.0003734365934249,0.0191874113391138
0.0,0.0003679206184357,0.0189039970136563
0.0,0.0003624861190706,0.0186247689579648
0.0,0.0003571318918705,0.0183496653372579
0.0,0.0003518567511502,0.0180786252301207
0.0,0.0003466595287362,0.01781158861501
0.0,0.0003415390737088,0.0175484963569586
0.0,0.0003364942521474,0.0172892901944769
0.0,0.0003315239468804,0.017033912726649
0.0,0.0003266270572376,0.0167823074004186
0.0,0.0003218024988067,0.0165344184980656
0.0,0.0003170492031933,0.0162901911248659
0.0,0.0003123661177846,0.0160495711969356
0.0,0.0003077522055159,0.0158125054292539
0.0,0.0003032064446409,0.0155789413238637
0.0,0.0002987278285056,0.015348827158246
0.0,0.0002943153653255,0.0151221119738668
0.0,0.0002899680779652,0.0148987455648923
0.0,0.0002856850037228,0.0146786784670711
0.0,0.0002814651941165,0.0144618619467808
0.0,0.0002773077146737,0.0142482479902359
0.0,0.0002732116447255,0.0140377892928554
0.0,0.0002691760772015,0.0138304392487869
0.0,0.0002652001184298,0.0136261519405864
0.0,0.0002612828879386,0.0134248821290495
0.0,0.0002574235182615,0.0132265852431932
0.0,0.000253621154745,0.0130312173703859
0.0,0.0002498749553601,0.0128387352466225
0.0,0.0002461840905148,0.0126490962469444
0.0,0.0002425477428711,0.0124622583759994
0.0,0.0002389651071637,0.0122781802587424
0.0,0.0002354353900218,0.0120968211312729
0.0,0.0002319578097934,0.0119181408318074
0.0,0.0002285315963719,0.0117420997917862
0.0,0.0002251559910262,0.0115686590271107
0.0,0.000221830246232,0.0113977801295106
0.0,0.0002185536255069,0.011229425258038
0.0,0.0002153254032466,0.0110635571306881
0.0,0.0002121448645649,0.0109001390161428
0.0,0.0002090113051347,0.0107391347256368
0.0,0.0002059240310329,0.0105805086049434
0.0,0.0002028823585858,0.0104242255264792
0.0,0.0001998856142184,0.0102702508815247
0.0,0.0001969331343049,0.0101185505725608
0.0,0.0001940242650218,0.0099690910057175
0.0,0.0001911583622031,0.0098218390833348
0.0,0.0001883347911977,0.0096767621966332
0.0,0.0001855529267288,0.0095338282184925
0.0,0.0001828121527557,0.0093930054963372
0.0,0.0001801118623367,0.0092542628451272
0.0,0.0001774514574956,0.009117569540452
0.0,0.0001748303490886,0.0089828953117265
0.0,0.0001722479566739,0.0088502103354879
0.0,0.0001697037083837,0.0087194852287912
0.0,0.0001671970407968,0.0085906910427024
0.0,0.0001647273988144,0.0084637992558878
0.0,0.000162294235537,0.0083387817682978
0.0,0.0001598970121431,0.0082156108949447
0.0,0.0001575351977702,0.0080942593597712
0.0,0.0001552082693972,0.0079747002896106
0.0,0.0001529157117282,0.0078569072082356
0.0,0.0001506570170787,0.0077408540304954
0.0,0.0001484316852634,0.0076265150565388
0.0,0.0001462392234848,0.0075138649661232
0.0,0.0001440791462246,0.0074028788130074
0.0,0.0001419509751361,0.0072935320194276
0.0,0.0001398542389381,0.0071858003706539
0.0,0.0001377884733106,0.007079660009629
0.0,0.000135753220792,0.0069750874316843
0.0,0.0001337480306779,0.006872059479335
0.0,0.0001317724589211,0.0067705533371522
0.0,0.0001298260680333,0.0066705465267099
0.0,0.0001279084269884,0.006572016901608
0.0,0.0001260191111267,0.0064749426425669
0.0,0.0001241577020615,0.0063793022525967
0.0,0.0001223237875856,0.006285074552236
0.0,0.0001205169615806,0.0061922386748622
0.0,0.0001187368239269,0.0061007740620702
0.0,0.0001169829804149,0.0060106604591202
0.0,0.0001152550426579,0.0059218779104518
0.0,0.0001135526280058,0.0058344067552653
0.0,0.0001118753594609,0.0057482276231676
0.0,0.0001102228655937,0.0056633214298829
0.0,0.0001085947804614,0.0055796693730261
0.0,0.0001069907435262,0.0054972529279393
0.0,0.0001054103995758,0.0054160538435896
0.0,0.0001038533986449,0.0053360541385273
0.0,0.0001023193959372,0.0052572360969039
0.0,0.0001008080517494,0.005179582264549
0.0,9.93190313961084e-05,0.0051030754451051
0.0,9.78520051352558e-05,0.0050276986962196
0.0,9.64066480954873e-05,0.0049534353257925
