Setpoint,ControllerOutput,PlantOutput
1.0,0.1701,0.02786186710000038
1.0,0.163123198021,0.08533865710000038
1.0,0.142965106978289,0.1636370042092956
1.0,0.116990012643787,0.32965051093966163
1.0,0.0904479233522777,0.5519883229350694
1.0,0.0666627151588314,0.6996523683031354
1.0,0.0473742280840264,0.8184499795402684
1.0,0.0331358632050521,0.9056029375893064
1.0,0.0237000995075146,0.9630872920876454
1.0,0.0183514103337071,0.9955979210343954
1.0,0.0161675911296097,1.0089674580895465
1.0,0.0162060921389443,0.9533283995855756
1.0,0.0176220167032256,1.0010376875127895
1.0,0.0197299130431912,0.9333634028300056
1.0,0.0220234608240295,0.9762418781432204
1.0,0.0241667284781294,0.9087678106979477
1.0,0.025968813284046,0.8992166766370956
1.0,0.027351137638097,0.9480142246141984
1.0,0.0283140148234391,0.9436679354526354
1.0,0.0289066732472834,0.8858459330854886
1.0,0.0292029337354378,0.8855246965853486
1.0,0.0292832402128392,0.8864783188327297
1.0,0.0292227349848425,0.8882440607926656
1.0,0.0290844798141147,0.9461615549728444
1.0,0.0289166630437181,0.9484929932112494
1.0,0.0287526067915135,0.8950402119747596
1.0,0.0286125107250415,0.8971329235859447
1.0,0.0285060693527475,0.9547170690638603
1.0,0.028435325107392,0.9563369966350344
1.0,0.0283973339316368,0.9020139726822837
1.0,0.0283864026545756,0.9032325436738816
1.0,0.0283957988994141,0.9600352867215863
1.0,0.0284189336451903,0.9610157669054984
1.0,0.0284500782172241,0.9062092843722286
1.0,0.0284847085079212,0.9628146792728793
1.0,0.0285195776239175,0.9636804230113823
1.0,0.0285526115244472,0.9088189706627546
1.0,0.0285827070373765,0.9096843330456766
1.0,0.0286094929331839,0.9662786418711024
1.0,0.0286330960306571,0.9671535973864914
1.0,0.0286539377900061,0.9123066497582056
1.0,0.0286725736214777,0.9131819720470106
1.0,0.0286895774992701,0.9140524798224107
1.0,0.0287054681870749,0.9706389367785124
1.0,0.0287206699148521,0.9714915086604814
1.0,0.0287354990331687,0.9723322369692063
1.0,0.0287501683479054,0.9174363313972436
1.0,0.0287648019184379,0.9739744775530074
1.0,0.0287794546170461,0.9747753710987064
1.0,0.0287941323543068,0.9198391998119506
1.0,0.0288088103514756,0.9206137971986497
1.0,0.0288234480632963,0.9770996150444083
1.0,0.0288380002765669,0.9221259225403796
1.0,0.0288524245373709,0.9228643700900736
1.0,0.0288666854313777,0.9793153567407564
1.0,0.0288807564107945,0.9800317544455723
1.0,0.0288946198853628,0.9807375794947434
1.0,0.0289082662256388,0.9257093283342406
1.0,0.0289216922080457,0.9263946585539766
1.0,0.0289348992955512,0.9827937286779264
1.0,0.0289478920175803,0.9277354739932276
1.0,0.0289606766011286,0.9841149569374403
1.0,0.0289732599179677,0.9847610946894444
1.0,0.0289856487512294,0.9296740055775566
1.0,0.0289978493460417,0.9303012775451667
1.0,0.0290098671890602,0.9309192984268546
1.0,0.0290217069558873,0.9872519272164944
1.0,0.0290333725688856,0.9321280884819596
1.0,0.0290448673167889,0.9884428478228604
1.0,0.029056193998733,0.9890251321969444
1.0,0.0290673550666465,0.9338750710705186
1.0,0.0290783527500296,0.9344402614863876
1.0,0.0290891891552703,0.9349970964935466
1.0,0.0290998663375961,0.9912694357471173
1.0,0.0291103863476969,0.9918099342637964
1.0,0.0291207512572285,0.9366187133054766
1.0,0.029130963168289,0.9928670945589994
1.0,0.0291410242119017,0.9933839923808814
1.0,0.0291509365399061,0.9381695216800516
1.0,0.0291607023137677,0.9943949980173494
1.0,0.0291703236928365,0.9948893299066064
1.0,0.0291798028236949,0.9953763609076843
1.0,0.0291891418314774,0.9401324645063667
1.0,0.0291983428134863,0.9963289493794604
1.0,0.0292074078350271,0.9410709832457557
1.0,0.0292163389271605,0.9972536059048864
1.0,0.0292251380859603,0.9977057162667133
1.0,0.0292338072728353,0.9981511485739344
1.0,0.0292423484155291,0.9428662672203696
1.0,0.0292507634094705,0.9432986377668836
1.0,0.0292590541192244,0.9437246217564116
1.0,0.0292672223798933,0.9998680477290934
1.0,0.0292752699983603,1.0002815402380385
1.0,0.0292831987543378,1.0006889250659994
1.0,0.0292910104012181,0.9453665582429236
1.0,0.0292987066667443,1.0014857312642844
1.0,0.0293062892535358,0.9461515949099546
1.0,0.0293137598395021,0.9465354380634277
1.0,0.0293211200781849,0.9469136115311516
1.0,0.0293283715990531,1.0030099332618083
1.0,0.0293355160077795,0.975515150265396
1.0,0.0293425548865098,0.975876812232043
1.0,0.0293494897941362,0.976233132150467
1.0,0.0293563222665829,0.976584188926081
1.0,0.0293630538171015,0.976930060298734
1.0,0.0293696859365782,0.977270822860092
1.0,0.0293762200938463,0.977606552070695
1.0,0.0293826577360072,0.977937322276698
1.0,0.0293890002887514,0.978263206726324
1.0,0.0293952491566771,0.978584277586054
1.0,0.0294014057236125,0.978900605956564
1.0,0.0294074713529251,0.979212261888422
1.0,0.0294134473878331,0.97951931439756
1.0,0.0294193351517074,0.979821831480526
1.0,0.0294251359483699,0.98011988012951
1.0,0.0294308510623833,0.980413526347169
1.0,0.0294364817593393,0.980702835161231
1.0,0.0294420292861386,0.980987870638888
1.0,0.0294474948712664,0.981268695900988
1.0,0.0294528797250666,0.981545373136011
1.0,0.0294581850400057,0.981817963613846
1.0,0.02946341199094,0.982086527699367
1.0,0.0294685617353723,0.982351124865796
1.0,0.0294736354137091,0.982611813707882
1.0,0.0294786341495124,0.982868651954881
1.0,0.0294835590497486,0.983121696483336
1.0,0.0294884112050324,0.983371003329678
1.0,0.02949319168987,0.983616627702631
1.0,0.0294979015628949,0.983858623995445
1.0,0.0295025418671042,0.984097045797934
1.0,0.0295071136300886,0.984331945908349
1.0,0.0295116178642598,0.984563376345065
1.0,0.0295160555670759,0.984791388358102
1.0,0.0295204277212615,0.985016032440477
1.0,0.0295247352950248,0.98523735833938
1.0,0.0295289792422733,0.985455415067193
1.0,0.0295331605028251,0.985670250912345
1.0,0.029537280002615,0.985881913450002
1.0,0.0295413386539021,0.986090449552605
1.0,0.0295453373554702,0.986295905400251
1.0,0.0295492769928276,0.986498326490916
1.0,0.0295531584384023,0.986697757650531
1.0,0.0295569825517366,0.986894243042913
1.0,0.0295607501796762,0.98708782617954
1.0,0.0295644621565583,0.987278549929189
1.0,0.0295681193043964,0.987466456527428
1.0,0.0295717224330612,0.987651587585971
1.0,0.0295752723404621,0.987833984101892
1.0,0.0295787698127226,0.988013686466702
1.0,0.0295822156243537,0.988190734475297
1.0,0.0295856105384273,0.988365167334767
1.0,0.0295889553067428,0.988537023673081
1.0,0.0295922506699957,0.988706341547639
1.0,0.0295954973579409,0.988873158453703
1.0,0.0295986960895536,0.989037511332697
1.0,0.0296018475731901,0.989199436580388
1.0,0.0296049525067421,0.989358970054948
1.0,0.0296080115777946,0.989516147084894
1.0,0.0296110254637749,0.989671002476909
1.0,0.0296139948321055,0.989823570523554
1.0,0.0296169203403491,0.989973885010857
1.0,0.029619802636357,0.990121979225799
1.0,0.0296226423584103,0.990267885963686
1.0,0.0296254401353624,0.990411637535406
1.0,0.029628196586778,0.990553265774591
1.0,0.02963091232307,0.990692802044661
1.0,0.0296335879456358,0.990830277245773
1.0,0.029636224046989,0.990965721821663
1.0,0.0296388212108909,0.991099165766385
1.0,0.0296413800124813,0.991230638630958
1.0,0.0296439010184038,0.991360169529905
1.0,0.0296463847869319,0.991487787147706
1.0,0.0296488318680945,0.991613519745142
1.0,0.0296512428037945,0.991737395165564
1.0,0.0296536181279308,0.991859440841048
1.0,0.0296559583665168,0.991979683798479
1.0,0.0296582640377958,0.99209815066553
1.0,0.0296605356523563,0.99221486767656
1.0,0.0296627737132444,0.992329860678427
1.0,0.0296649787160765,0.992443155136206
1.0,0.029667151149148,0.992554776138834
1.0,0.0296692914935421,0.99266474840466
1.0,0.0296714002232359,0.992773096286925
1.0,0.0296734778052052,0.992879843779149
1.0,0.0296755246995279,0.992985014520452
1.0,0.0296775413594872,0.993088631800779
1.0,0.0296795282316695,0.993190718566066
1.0,0.0296814857560659,0.993291297423318
1.0,0.0296834143661684,0.993390390645613
1.0,0.029685314489065,0.993488020177039
1.0,0.0296871865455361,0.993584207637551
1.0,0.0296890309501472,0.993678974327757
1.0,0.0296908481113387,0.99377234123364
1.0,0.0296926384315195,0.9938643290312
1.0,0.0296944023071539,0.993954958091036
1.0,0.0296961401288509,0.994044248482855
1.0,0.0296978522814486,0.994132219979918
1.0,0.0296995391441013,0.994218892063419
1.0,0.0297012010903628,0.994304283926797
1.0,0.02970283848827,0.994388414479989
1.0,0.0297044517004226,0.994471302353614
1.0,0.0297060410840644,0.994552965903103
1.0,0.0297076069911628,0.994633423212761
1.0,0.0297091497684863,0.994712692099772
1.0,0.0297106697576814,0.994790790118146
1.0,0.0297121672953482,0.994867734562605
1.0,0.0297136427131148,0.994943542472413
1.0,0.0297150963377102,0.995018230635151
1.0,0.0297165284910386,0.995091815590431
1.0,0.0297179394902487,0.995164313633563
1.0,0.0297193296478047,0.995235740819159
1.0,0.0297206992715555,0.995306112964695
1.0,0.0297220486648029,0.995375445654004
1.0,0.0297233781263684,0.995443754240736
1.0,0.0297246879506601,0.995511053851755
1.0,0.0297259784277371,0.995577359390487
1.0,0.0297272498433736,0.995642685540221
1.0,0.0297285024791241,0.995707046767364
1.0,0.0297297366123828,0.99577045732464
1.0,0.0297309525164473,0.995832931254248
1.0,0.0297321504605785,0.995894482390973
1.0,0.02973333071006,0.995955124365247
1.0,0.0297344935262562,0.996014870606171
1.0,0.0297356391666717,0.996073734344484
1.0,0.0297367678850078,0.996131728615499
1.0,0.0297378799312171,0.996188866261984
1.0,0.0297389755515614,0.996245159937011
1.0,0.0297400549886651,0.996300622106751
1.0,0.0297411184815679,0.996355265053243
1.0,0.0297421662657791,0.996409100877109
1.0,0.0297431985733299,0.996462141500233
1.0,0.0297442156328234,0.996514398668405
1.0,0.0297452176694859,0.996565883953918
1.0,0.029746204905218,0.996616608758134
1.0,0.0297471775586415,0.996666584314005
1.0,0.0297481358451497,0.996715821688565
1.0,0.029749079976954,0.996764331785376
1.0,0.0297500101631314,0.996812125346949
1.0,0.0297509266096709,0.996859212957114
1.0,0.0297518295195185,0.996905605043372
1.0,0.0297527190926221,0.996951311879202
1.0,0.0297535955259773,0.996996343586333
1.0,0.0297544590136694,0.997040710136988
1.0,0.0297553097469163,0.997084421356091
1.0,0.0297561479141122,0.997127486923446
1.0,0.0297569737008685,0.997169916375875
1.0,0.0297577872900543,0.997211719109335
1.0,0.0297585888618386,0.997252904380997
1.0,0.0297593785937282,0.997293481311294
1.0,0.0297601566606085,0.997333458885945
1.0,0.0297609232347817,0.997372845957939
1.0,0.0297616784860046,0.997411651249501
1.0,0.0297624225815269,0.997449883354023
1.0,0.029763155686128,0.99748755073796
1.0,0.0297638779621527,0.997524661742716
1.0,0.0297645895695486,0.997561224586482
1.0,0.0297652906659001,0.99759724736606
1.0,0.0297659814064646,0.997632738058658
1.0,0.029766661944205,0.997667704523649
1.0,0.0297673324298267,0.997702154504321
1.0,0.0297679930118075,0.997736095629583
1.0,0.0297686438364326,0.997769535415662
1.0,0.0297692850478262,0.997802481267763
1.0,0.0297699167879846,0.997834940481708
1.0,0.0297705391968051,0.997866920245556
1.0,0.02977115241212,0.997898427641191
1.0,0.0297717565697253,0.997929469645892
1.0,0.0297723518034103,0.997960053133876
1.0,0.0297729382449896,0.997990184877826
1.0,0.0297735160243302,0.998019871550382
1.0,0.02977408526938,0.998049119725627
1.0,0.0297746461061978,0.998077935880538
1.0,0.0297751986589805,0.998106326396421
1.0,0.0297757430500905,0.998134297560325
1.0,0.0297762794000827,0.998161855566433
1.0,0.0297768078277305,0.998189006517438
1.0,0.0297773284500547,0.998215756425888
1.0,0.0297778413823453,0.998242111215521
1.0,0.0297783467381918,0.998268076722577
1.0,0.0297788446295038,0.998293658697089
1.0,0.0297793351665396,0.998318862804159
1.0,0.0297798184579272,0.998343694625208
1.0,0.029780294610692,0.998368159659217
1.0,0.0297807637302765,0.998392263323941
0.0,-0.140318774079432,1.0262778780571105
0.0,-0.133341516737084,0.9688244849176134
0.0,-0.113182977057127,0.7791017206773626
0.0,-0.0872074407121315,0.6131109247292627
0.0,-0.0606649159389976,0.5022429564586244
0.0,-0.0368792786963599,0.3546009559128164
0.0,-0.0175903689097836,0.23582506387723537
0.0,-0.0033515875628491,0.1486935042187364
0.0,0.0060845864510643,0.09123023203857387
0.0,0.0114336798805267,0.05874037400629508
0.0,0.0136178973690806,0.04539130106160698
0.0,0.0135797887612035,-0.010396946996214781
0.0,0.0121642508022773,0.053361097507345384
0.0,0.0100567353571783,0.00960748441233282
0.0,0.0077635628450666,0.07819575904664958
0.0,0.0056206649166564,0.03424135483465312
0.0,0.0038189443752676,0.043811205040248116
0.0,0.0024369789052485,0.10647956515457238
0.0,0.0014744553029172,0.11084402163769098
0.0,0.0008821452393632,0.05723645457965712
0.0,0.0005862279659221,0.057575325671591515
0.0,0.0005062596336617,0.05663907753813972
0.0,0.0005670980121093,0.05489045306174732
0.0,0.0007056814123737,0.10843729192537428
0.0,0.0008738215640782,0.10612246922569399
0.0,0.0010381964209749,0.04814415217531902
0.0,0.0011786063860777,0.04606756887682621
0.0,0.0012853570204535,0.09994678188275838
0.0,0.001356405959828,0.09834250968542718
0.0,0.0013946973290133,0.041233489368879925
0.0,0.0014059243653932,0.04003011468050392
0.0,0.0013968195112574,0.09468981187374619
0.0,0.0013739718520964,0.09372408238400158
0.0,0.0013431101261656,0.03709762933118302
0.0,0.0013087585036942,0.09195402098247098
0.0,0.0012741639397578,0.09110238390466659
0.0,0.001241400535922,0.03453026614665762
0.0,0.001211571524221,0.03367859676753012
0.0,0.0011850481931929,0.08854524708863029
0.0,0.0011617037821946,0.08768358305000698
0.0,0.0011411168883018,0.03109615742868182
0.0,0.0011227321577082,0.03023373686379842
0.0,0.0011059756718203,0.02937594024292372
0.0,0.0010903287217326,0.08424947508682479
0.0,0.0010753671314597,0.08340924162362617
0.0,0.0010607746036129,0.08258066948476978
0.0,0.0010463383847042,0.02604108326966842
0.0,0.0010319344669769,0.08096220522212208
0.0,0.0010175080290072,0.08017293709294948
0.0,0.0010030532103237,0.023673093678975715
0.0,0.0009885948390357,0.022909780810703516
0.0,0.0009741735090358,0.07788254920147447
0.0,0.0009598344814426,0.021419726922161417
0.0,0.0009456202573832,0.02069207119492702
0.0,0.0009315662977004,0.07569918536234138
0.0,0.0009176991960121,0.07499326302579608
0.0,0.0009040365877255,0.07429775861482818
0.0,0.000890588146766,0.01788870956896072
0.0,0.0008773571405348,0.01721339735001952
0.0,0.0008643421492421,0.07227166565250417
0.0,0.0008515386860019,0.015892176174980018
0.0,0.0008389405657293,0.07096974223331488
0.0,0.0008265409579455,0.07033304357023759
0.0,0.0008143331202009,0.01398196394770912
0.0,0.0008023108474481,0.013363854281742117
0.0,0.0007904686925215,0.012754860366738022
0.0,0.0007788020187242,0.06787859360783478
0.0,0.0007673069420252,0.011563726206640819
0.0,0.0007559802114552,0.06670506810394577
0.0,0.000744819065086,0.06613128905372948
0.0,0.0007338210876468,0.009842261473180021
0.0,0.0007229840857534,0.009285326975170018
0.0,0.0007123059886012,0.008736625938966416
0.0,0.0007017847760188,0.06391976891070889
0.0,0.0006914184318561,0.06338716584835027
0.0,0.0006812049184865,0.007138697238438518
0.0,0.0006711421673382,0.062345448316750283
0.0,0.0006612280804195,0.06183610122393338
0.0,0.000651460538434,0.005610542723159119
0.0,0.0006418374119794,0.06083986410099508
0.0,0.0006323565732944,0.06035275326667498
0.0,0.0006230159069196,0.05987283665943318
0.0,0.0006138133183826,0.0036762739689593163
0.0,0.0006047467405914,0.05893416327065428
0.0,0.0005958141380042,0.002751464775000219
0.0,0.0005870135088838,0.05802301378905388
0.0,0.0005783428860481,0.05757750768738598
0.0,0.0005698003365522,0.05713858208980338
0.0,0.0005613839606957,0.0009824056433893197
0.0,0.0005530918906803,0.0005563510069042168
0.0,0.0005449222891614,0.00013658963606081806
0.0,0.0005368733478562,0.055446762768714686
0.0,0.000528943286305,0.055039310409389586
0.0,0.0005211303508281,0.05463787651292068
0.0,0.0005134328136813,-0.0014813620328143831
0.0,0.0005058489723909,0.05385270977507778
0.0,0.0004983771492341,-0.002254931164096783
0.0,0.0004910156908299,-0.002633167273539981
0.0,0.0004837629678028,-0.0030058165180258806
0.0,0.0004766173744927,0.05235077277709918
0.0,0.0004695773286843,0.0241271838070957
0.0,0.0004626412713435,0.0237708048692997
0.0,0.0004558076663476,0.0234196899449135
0.0,0.0004490750002056,0.0230737612811637
0.0,0.000442441781768,0.0227329422738176
0.0,0.0004359065419244,0.0223971574500486
0.0,0.000429467833295,0.0220663324516318
0.0,0.0004231242299154,0.0217403940184456
0.0,0.0004168743269204,0.021419269972257
0.0,0.0004107167402278,0.0211028892007711
0.0,0.0004046501062249,0.0207911816419279
0.0,0.0003986730814591,0.0204840782684326
0.0,0.0003927843423336,0.0201815110725117
0.0,0.000386982584809,0.0198834130508866
0.0,0.0003812665241099,0.0195897181899615
0.0,0.0003756348944376,0.0193003614512218
0.0,0.0003700864486883,0.0190152787568413
0.0,0.0003646199581759,0.0187344069754964
0.0,0.0003592342123599,0.0184576839083862
0.0,0.0003539280185778,0.0181850482754565
0.0,0.0003487002017812,0.0179164397018256
0.0,0.0003435496042763,0.0176517987044107
0.0,0.0003384750854686,0.0173910666787515
0.0,0.0003334755216101,0.0171341858860296
0.0,0.0003285498055513,0.0168810994402793
0.0,0.0003236968464964,0.016631751295789
0.0,0.0003189155697612,0.016386086234689
0.0,0.0003142049165364,0.0161440498547224
0.0,0.0003095638436521,0.0159055885571984
0.0,0.000304991323347,0.0156706495351226
0.0,0.0003004863430413,0.0154391807615033
0.0,0.0002960479051118,0.0152111309778307
0.0,0.0002916750266712,0.0149864496827258
0.0,0.0002873667393504,0.0147650871207573
0.0,0.0002831220890839,0.0145469942714238
0.0,0.0002789401358986,0.014332122838298
0.0,0.0002748199537057,0.0141204252383318
0.0,0.0002707606300952,0.0139118545913192
0.0,0.0002667612661344,0.0137063647095148
0.0,0.0002628209761686,0.0135039100874054
0.0,0.0002589388876247,0.0133044458916329
0.0,0.0002551141408186,0.013107927951066
0.0,0.0002513458887641,0.0129143127470185
0.0,0.0002476332969858,0.0127235574036122
0.0,0.0002439755433344,0.0125356196782819
0.0,0.0002403718178042,0.0123504579524209
0.0,0.000236821322354,0.0121680312221646
0.0,0.0002333232707305,0.0119882990893102
0.0,0.0002298768882938,0.0118112217523706
0.0,0.0002264814118464,0.0116367599977605
0.0,0.0002231360894635,0.0114648751911122
0.0,0.0002198401803273,0.0112955292687205
0.0,0.000216592954562,0.0111286847291135
0.0,0.0002133936930731,0.0109643046247476
0.0,0.0002102416873876,0.0108023525538259
0.0,0.0002071362394972,0.0106427926522367
0.0,0.0002040766617038,0.0104855895856117
0.0,0.0002010622764673,0.0103307085415014
0.0,0.0001980924162552,0.0101781152216652
0.0,0.0001951664233953,0.0100277758344771
0.0,0.0001922836499295,0.0098796570874416
0.0,0.0001894434574707,0.009733726179822
0.0,0.0001866452170615,0.0095899507953759
0.0,0.0001838883090345,0.0094482990951994
0.0,0.0001811721228753,0.0093087397106761
0.0,0.0001784960570875,0.0091712417365308
0.0,0.0001758595190593,0.0090357747239851
0.0,0.000173261924932,0.0089023086740152
0.0,0.0001707026994713,0.0087708140307082
0.0,0.0001681812759394,0.0086412616747168
0.0,0.0001656970959699,0.0085136229168116
0.0,0.0001632496094437,0.0083878694915271
0.0,0.0001608382743676,0.0082639735509029
0.0,0.0001584625567541,0.0081419076583163
0.0,0.000156121930503,0.008021644782407
0.0,0.0001538158772851,0.0079031582910907
0.0,0.0001515438864276,0.0077864219456616
0.0,0.0001493054548003,0.0076714098949818
0.0,0.0001471000867052,0.0075580966697566
0.0,0.0001449272937657,0.0074464571768944
0.0,0.0001427865948193,0.0073364666939497
0.0,0.0001406775158104,0.0072281008636488
0.0,0.0001385995896859,0.0071213356884951
0.0,0.0001365523562911,0.0070161475254558
0.0,0.0001345353622684,0.0069125130807255
0.0,0.0001325481609568,0.006810409404568
0.0,0.0001305903122925,0.0067098138862344
0.0,0.0001286613827122,0.0066107042489554
0.0,0.0001267609450565,0.0065130585450087
0.0,0.0001248885784755,0.0064168551508584
0.0,0.0001230438683355,0.0063220727623665
0.0,0.0001212264061276,0.0062286903900752
0.0,0.0001194357893768,0.0061366873545588
0.0,0.0001176716215527,0.0060460432818443
0.0,0.0001159335119825,0.0059567380988994
0.0,0.0001142210757636,0.0058687520291875
0.0,0.0001125339336788,0.0057820655882884
0.0,0.0001108717121123,0.0056966595795831
0.0,0.0001092340429671,0.005612515090003
0.0,0.0001076205635829,0.0055296134858416
0.0,0.0001060309166566,0.005447936408628
0.0,0.0001044647501625,0.0053674657710615
0.0,0.0001029217172748,0.005288183753006
0.0,0.0001014014762904,0.0052100727975441
0.0,9.99036905537792e-05,0.005133115607089
0.0,9.84280283816905e-05,0.0050572951395536
0.0,9.69741629904264e-05,0.0049825946045772
0.0,9.55417724230676e-05,0.0049089974598067
0.0,9.41305394782516e-05,0.0048364874072339
0.0,9.27401516399584e-05,0.0047650483895856
0.0,9.13703010083297e-05,0.0046946645867684
0.0,9.0020684231383e-05,0.0046253204123651
0.0,8.86910024379683e-05,0.0045570005101828
0.0,8.73809611714599e-05,0.004489689750853
0.0,8.60902703246486e-05,0.0044233732284804
0.0,8.48186440754184e-05,0.0043580362573427
0.0,8.35658008235332e-05,0.004293664368638
0.0,8.23314631281866e-05,0.004230243307281
0.0,8.11153576466342e-05,0.0041677590287458
0.0,7.99172150736105e-05,0.0041061976959564
0.0,7.87367700817582e-05,0.004045545676222
0.0,7.75737612627794e-05,0.0039857895382182
0.0,7.64279310696558e-05,0.0039269160490125
0.0,7.52990257594996e-05,0.0038689121711343
0.0,7.41867953374734e-05,0.0038117650596873
0.0,7.30909935013069e-05,0.0037554620595052
0.0,7.201137758691e-05,0.0036999907023494
0.0,7.09477085144711e-05,0.0036453387041475
0.0,6.98997507356316e-05,0.0035914939622735
0.0,6.88672721812708e-05,0.0035384445528672
0.0,6.78500442101229e-05,0.0034861787281942
0.0,6.68478415581444e-05,0.0034346849140439
0.0,6.5860442288658e-05,0.0033839517071666
0.0,6.48876277431348e-05,0.0033339678727483
0.0,6.39291824928515e-05,0.0032847223419228
0.0,6.29848942911501e-05,0.0032362042093204
0.0,6.2054554026407e-05,0.0031884027306527
0.0,6.11379556757982e-05,0.003141307320334
0.0,6.02348962595797e-05,0.0030949075491364
0.0,5.93451757962341e-05,0.0030491931418804
0.0,5.84685972581239e-05,0.00300415397516
0.0,5.76049665278605e-05,0.0029597800751001
0.0,5.67540923553655e-05,0.0029160616151484
0.0,5.59157863154677e-05,0.002872988913899
0.0,5.50898627661861e-05,0.0028305524329487
0.0,5.42761388076657e-05,0.0027887427747845
0.0,5.34744342415849e-05,0.0027475506807027
0.0,5.26845715313438e-05,0.0027069670287584
0.0,5.19063757627031e-05,0.0026669828317456
0.0,5.11396746050337e-05,0.002627589235207
0.0,5.03842982731949e-05,0.002588777515473
0.0,4.96400794899217e-05,0.0025505390777302
0.0,4.89068534487574e-05,0.0025128654541178
0.0,4.81844577775933e-05,0.0024757483018523
0.0,4.74727325026764e-05,0.0024391794013804
0.0,4.67715200132141e-05,0.0024031506545585
0.0,4.60806650264614e-05,0.0023676540828594
0.0,4.54000145533213e-05,0.0023326818256056
0.0,4.4729417864476e-05,0.0022982261382285
0.0,4.40687264570208e-05,0.0022642793905531
0.0,4.34177940215608e-05,0.0022308340651087
0.0,4.27764764097879e-05,0.0021978827554642
0.0,4.21446316026253e-05,0.0021654181645874
0.0,4.1522119678717e-05,0.0021334331032298
0.0,4.09088027834639e-05,0.0021019204883339
0.0,4.0304545098506e-05,0.0020708733414651
0.0,3.97092128116353e-05,0.0020402847872662
0.0,3.91226740871463e-05,0.0020101480519349
0.0,3.85447990366716e-05,0.0019804564617236
0.0,3.79754596904133e-05,0.0019512034414616
0.0,3.74145299687767e-05,0.0019223825130991
0.0,3.68618856544899e-05,0.0018939872942726
0.0,3.63174043650563e-05,0.0018660114968915
0.0,3.57809655256829e-05,0.0018384489257456
0.0,3.52524503425718e-05,0.0018112934771331
0.0,3.47317417765981e-05,0.0017845391375094
0.0,3.42187245174139e-05,0.0017581799821546
0.0,3.37132849579022e-05,0.0017322101738623
0.0,3.32153111690103e-05,0.0017066239616464
0.0,3.27246928749879e-05,0.0016814156794678
0.0,3.22413214289448e-05,0.0016565797449795
0.0,3.17650897887801e-05,0.0016321106582906
0.0,3.12958924935207e-05,0.0016080030007482
0.0,3.08336256399332e-05,0.0015842514337376
0.0,3.03781868595185e-05,0.0015608506974998
0.0,2.99294752958458e-05,0.001537795609967
0.0,2.94873915822266e-05,0.0015150810656149
0.0,2.90518378196977e-05,0.0014927020343322
0.0,2.86227175553509e-05,0.0014706535603064
0.0,2.81999357609579e-05,0.0014489307609268
0.0,2.77833988119522e-05,0.0014275288257029
0.0,2.73730144666751e-05,0.0014064430151991
0.0,2.69686918459543e-05,0.0013856686599855
0.0,2.65703414129848e-05,0.0013652011596035
0.0,2.61778749534886e-05,0.0013450359815471
0.0,2.57912055561908e-05,0.0013251686602594
0.0,2.54102475935672e-05,0.0013055947961435
0.0,2.50349167028961e-05,0.0012863100545884
0.0,2.46651297675492e-05,0.0012673101650087
0.0,2.4300804898611e-05,0.0012485909198995
0.0,2.39418614167309e-05,0.0012301481739039
0.0,2.35882198342634e-05,0.0012119778428959
0.0,2.32398018376583e-05,0.0011940759030752
0.0,2.28965302701296e-05,0.0011764383900765
0.0,2.2558329114554e-05,0.0011590613980916
0.0,2.22251234766515e-05,0.0011419410790042
0.0,2.18968395683944e-05,0.0011250736415383
0.0,2.15734046916626e-05,0.0011084553504179
0.0,2.1254747222154e-05,0.0010920825255404
1.0,0.170120940796594,0.02893781864116178
1.0,0.163143829504282,0.08639871592509218
1.0,0.142985433717078,0.1646814050672026
1.0,0.117010039139419,0.3306794851118276
1.0,0.0904676540395978,0.5530020982867164
1.0,0.0666821544071793,0.7006511693337234
1.0,0.0473933801982024,0.8194340274332084
1.0,0.0331547324262716,0.9065724502609434
1.0,0.0237186900143459,0.9640424842355174
1.0,0.0183697262429983,0.9965390041847724
1.0,0.0161856364973988,1.0098946406442784
1.0,0.0162238709613588,0.9542418868682406
1.0,0.0176395329173665,1.0019376818141614
1.0,0.0197471705280056,0.9342501034528526
1.0,0.0220404634011684,0.9771154814464403
1.0,0.0241834799127951,0.9096285101400506
1.0,0.0259853172858259,0.9000646628190456
1.0,0.0273673978617845,0.9488496853216214
1.0,0.0283300348698432,0.9444910556974054
1.0,0.0289224566640259,0.8866568951466967
1.0,0.0292184840177396,0.8863236800496687
1.0,0.0292985608042936,0.8872655006341896
1.0,0.0292378292781779,0.8890196152518266
1.0,0.0290993511519457,0.9469256538354074
1.0,0.0289313147192867,0.9492458056860824
1.0,0.0287670420494174,0.8957819047713746
1.0,0.0286267327619532,0.8978636609514126
1.0,0.0285200813181214,0.9554370128191824
1.0,0.0284491301041633,0.9570463062109794
1.0,0.0284109350169067,0.9027128051546937
1.0,0.0283998028402901,0.9039210537984537
1.0,0.0284090011530296,0.9607136269681453
1.0,0.028431940890332,0.9616840874917614
1.0,0.0284628933343316,0.9068677332970696
1.0,0.0284973343348895,0.9634634023491023
1.0,0.028532016956722,0.9643195638980144
1.0,0.0285648671177645,0.9094486708968567
1.0,0.0285947816051946,0.9103047320736867
1.0,0.0286213891494027,0.9668898770797164
1.0,0.0286448165296809,0.9677558041330874
1.0,0.0286654851673271,0.9128999614008186
1.0,0.0286839504342498,0.9137665199738636
1.0,0.0287007862668767,0.9146283934810137
1.0,0.0287165113916847,0.9712063437043243
1.0,0.0287315500019716,0.9720505345051553
1.0,0.0287462184121809,0.9728830055284133
1.0,0.0287607293926055,0.9179789646380876
1.0,0.028775206967558,0.9745090956410334
1.0,0.028789705974773,0.9753020924245134
1.0,0.0288042322907929,0.9203581410174096
1.0,0.0288187611033408,0.9211250732027316
1.0,0.0288332518341234,0.9776033390686324
1.0,0.0288476592373907,0.9226222061338896
1.0,0.0288619408271582,0.9233533231543356
1.0,0.0288760611575001,0.9797970875539004
1.0,0.0288899936494966,0.9805063696863674
1.0,0.0289037206822214,0.9812051842662234
1.0,0.0289172325960154,0.9261700261869776
1.0,0.0289305261375334,0.9268485515090136
1.0,0.028943602740414,0.9832409172493703
1.0,0.0289564669051865,0.9281760572105047
1.0,0.0289691248303783,0.9845490323672293
1.0,0.0289815833597122,0.9851887584572824
1.0,0.0289938492486856,0.9300953523891227
1.0,0.0290059287152009,0.9307164007072586
1.0,0.02901782721909,0.9313282898680496
1.0,0.0290295494095281,0.9876548775075074
1.0,0.0290410991828398,0.9325250868556966
1.0,0.0290524798021072,0.9888339821941834
1.0,0.0290636940411924,0.9894104891821394
1.0,0.0290747443271229,0.9342547360064736
1.0,0.029085632864867,0.9348143184494946
1.0,0.0290963617366415,0.9353656283183176
1.0,0.0291069329738625,0.9916325240445264
1.0,0.029117348603757,0.9921676594393574
1.0,0.0291276106748664,0.9369711545770426
1.0,0.0291377212665154,0.9932143299743104
1.0,0.0291476824872905,0.9937260988348454
1.0,0.029157496466925,0.9385065749317746
1.0,0.0291671653451053,0.9947270727069124
1.0,0.0291766912597242,0.9952164995715894
1.0,0.0291860763362235,0.9956986979994584
1.0,0.0291953226789092,0.9404500404061337
1.0,0.0292044323645642,0.9966418344140604
1.0,0.0292134074382746,0.9413792467032426
1.0,0.0292222499111843,0.9975573160498714
1.0,0.0292309617597404,0.9980049403554794
1.0,0.0292395449260181,0.9984459528693354
1.0,0.0292480013187126,0.9431567170064986
1.0,0.029256332814483,0.9435847973635316
1.0,0.0292645412594053,0.9440065545333136
1.0,0.0292726284703637,1.0001458161199583
1.0,0.029280596236293,1.0005552057543783
1.0,0.0292884463192227,1.0009585483107473
1.0,0.0292961804551222,0.9456321989238566
1.0,0.0293038003545711,1.0017474482072455
1.0,0.0293113077032769,0.9464094460718776
1.0,0.0293187041624876,0.9467894805451756
1.0,0.0293259913693296,0.9471639015901576
1.0,0.0293331709370994,1.0032565263245363
1.0,0.0293402444555364,0.975758100939614
1.0,0.0293472134910859,0.976116174318915
1.0,0.029354079587175,0.976468958656471
1.0,0.0293608442644888,0.976816532074742
1.0,0.0293675090212662,0.977158971542192
1.0,0.0293740753336018,0.977496352890495
1.0,0.029380544655756,0.977828750831425
1.0,0.0293869184204729,0.978156238973431
1.0,0.0293931980392965,0.978478889837927
1.0,0.0293993849028897,0.97879677487532
1.0,0.0294054803813488,0.979109964480788
1.0,0.0294114858245138,0.979418528009824
1.0,0.0294174025622742,0.979722533793551
1.0,0.0294232319048704,0.980022049153821
1.0,0.029428975143186,0.980317140418098
1.0,0.0294346335490385,0.980607872934129
1.0,0.0294402083754612,0.980894311084404
1.0,0.0294457008569822,0.981176518300411
1.0,0.0294511122098973,0.981454557076682
1.0,0.0294564436325402,0.981728488984633
1.0,0.0294616963055458,0.981998374686204
1.0,0.0294668713921125,0.982264273947298
1.0,0.0294719700382577,0.982526245651015
1.0,0.0294769933730725,0.982784347810699
1.0,0.0294819425089705,0.983038637582786
1.0,0.0294868185419339,0.983289171279464
1.0,0.0294916225517561,0.983536004381141
1.0,0.0294963556022811,0.983779191548736
1.0,0.0295010187416387,0.984018786635779
1.0,0.0295056130024764,0.984254842700342
1.0,0.0295101394021884,0.984487412016785
1.0,0.0295145989431416,0.984716546087331
1.0,0.0295189926128963,0.984942295653473
1.0,0.0295233213844257,0.98516471070721
1.0,0.029527586216332,0.985383840502116
1.0,0.0295317880530572,0.98559973356425
1.0,0.0295359278250935,0.985812437702898
1.0,0.0295400064491882,0.986022000021163
1.0,0.0295440248285488,0.986228466926396
1.0,0.0295479838530408,0.98643188414047
1.0,0.0295518843993865,0.986632296709907
1.0,0.0295557273313567,0.986829749015856
1.0,0.0295595134999651,0.987024284783918
1.0,0.0295632437436544,0.987215947093827
1.0,0.0295669188884835,0.987404778388997
1.0,0.0295705397483086,0.987590820485914
1.0,0.029574107124966,0.987774114583399
1.0,0.0295776218084467,0.987954701271734
1.0,0.0295810845770739,0.988132620541645
1.0,0.0295844961976741,0.988307911793162
1.0,0.0295878574257471,0.988480613844346
1.0,0.0295911690056325,0.988650764939879
1.0,0.0295944316706773,0.988818402759537
1.0,0.029597646143394,0.988983564426536
1.0,0.0296008131356247,0.989146286515748
1.0,0.0296039333486964,0.989306605061805
1.0,0.0296070074735766,0.989464555567076
1.0,0.0296100361910274,0.98962017300953
1.0,0.0296130201717546,0.989773491850483
1.0,0.029615960076558,0.989924546042225
1.0,0.0296188565564757,0.990073369035546
1.0,0.0296217102529308,0.990219993787137
1.0,0.0296245217978706,0.990364452766891
1.0,0.0296272918139091,0.990506777965093
1.0,0.0296300209144633,0.990647000899505
1.0,0.0296327097038895,0.990785152622346
1.0,0.0296353587776172,0.990921263727164
1.0,0.0296379687222812,0.991055364355618
1.0,0.0296405401158508,0.991187484204147
1.0,0.0296430735277582,0.991317652530549
1.0,0.0296455695190248,0.99144589816046
1.0,0.0296480286423848,0.991572249493737
1.0,0.0296504514424092,0.991696734510746
1.0,0.0296528384556241,0.99181938077856
1.0,0.029655190210631,0.991940215457062
1.0,0.029657507228223,0.992059265304963
1.0,0.0296597900215021,0.992176556685722
1.0,0.0296620390959899,0.992292115573389
1.0,0.0296642549497415,0.992405967558357
1.0,0.0296664380734553,0.992518137853023
1.0,0.0296685889505819,0.992628651297379
1.0,0.0296707080574303,0.992737532364509
1.0,0.029672795863275,0.992844805166007
1.0,0.0296748528304578,0.992950493457319
1.0,0.0296768794144926,0.993054620643004
1.0,0.0296788760641635,0.993157209781914
1.0,0.0296808432216267,0.993258283592305
1.0,0.0296827813225071,0.993357864456861
1.0,0.0296846907959951,0.993455974427659
1.0,0.0296865720649417,0.993552635231046
1.0,0.0296884255459515,0.993647868272452
1.0,0.0296902516494761,0.993741694641132
1.0,0.0296920507799043,0.993834135114834
1.0,0.0296938233356514,0.993925210164401
1.0,0.0296955697092478,0.994014939958306
1.0,0.0296972902874266,0.994103344367114
1.0,0.0296989854512073,0.994190442967887
1.0,0.0297006555759822,0.994276255048515
1.0,0.0297023010315989,0.994360799611991
1.0,0.029703922182442,0.994444095380619
1.0,0.0297055193875133,0.994526160800155
1.0,0.0297070930005119,0.994607014043899
1.0,0.029708643369913,0.994686673016715
1.0,0.0297101708390439,0.994765155358996
1.0,0.0297116757461617,0.994842478450571
1.0,0.0297131584245263,0.994918659414557
1.0,0.0297146192024746,0.994993715121147
1.0,0.0297160584034948,0.995067662191344
1.0,0.0297174763462962,0.995140517000649
1.0,0.029718873344881,0.99521229568268
1.0,0.0297202497086129,0.99528301413275
1.0,0.0297216057422858,0.995352688011382
1.0,0.0297229417461922,0.995421332747782
1.0,0.0297242580161885,0.995488963543253
1.0,0.0297255548437618,0.995555595374562
1.0,0.0297268325160931,0.995621242997255
1.0,0.0297280913161209,0.995685920948929
1.0,0.0297293315226055,0.995749643552446
1.0,0.0297305534101897,0.995812424919108
1.0,0.0297317572494586,0.99587427895178
1.0,0.0297329433070015,0.995935219347972
1.0,0.029734111845469,0.995995259602869
1.0,0.0297352631236334,0.996054413012321
1.0,0.0297363973964433,0.996112692675786
1.0,0.0297375149150827,0.996170111499234
1.0,0.0297386159270248,0.996226682197999
1.0,0.0297397006760876,0.996282417299604
1.0,0.0297407694024874,0.996337329146525
1.0,0.0297418223428927,0.996391429898932
1.0,0.0297428597304761,0.996444731537379
1.0,0.0297438817949653,0.996497245865456
1.0,0.0297448887626959,0.996548984512405
1.0,0.02974588085666,0.996599958935693
1.0,0.0297468582965554,0.996650180423551
1.0,0.0297478212988351,0.996699660097474
1.0,0.0297487700767551,0.996748408914681
1.0,0.0297497048404214,0.996796437670547
1.0,0.0297506257968363,0.996843757000987
1.0,0.0297515331499441,0.996890377384816
1.0,0.0297524271006777,0.996936309146067
1.0,0.0297533078470011,0.99698156245628
1.0,0.0297541755839557,0.997026147336752
1.0,0.0297550305036993,0.997070073660757
1.0,0.0297558727955543,0.997113351155731
1.0,0.0297567026460448,0.997155989405428
1.0,0.0297575202389402,0.997197997852045
1.0,0.0297583257552951,0.997239385798305
1.0,0.0297591193734914,0.997280162409526
1.0,0.0297599012692744,0.997320336715642
1.0,0.0297606716157941,0.997359917613212
1.0,0.0297614305836427,0.997398913867382
1.0,0.0297621783408935,0.99743733411383
1.0,0.0297629150531353,0.99747518686068
1.0,0.0297636408835134,0.997512480490381
1.0,0.0297643559927614,0.997549223261567
1.0,0.0297650605392399,0.997585423310885
1.0,0.02976575467897,0.997621088654797
1.0,0.029766438565668,0.997656227191356
1.0,0.0297671123507799,0.997690846701951
1.0,0.0297677761835149,0.997724954853037
1.0,0.0297684302108776,0.997758559197827
1.0,0.0297690745777019,0.997791667177966
1.0,0.0297697094266822,0.997824286125182
1.0,0.0297703348984053,0.997856423262905
1.0,0.0297709511313804,0.997888085707869
1.0,0.0297715582620728,0.997919280471689
1.0,0.02977215642493,0.997950014462412
1.0,0.0297727457524151,0.997980294486046
1.0,0.0297733263750337,0.998010127248071
1.0,0.0297738984213645,0.998039519354919
1.0,0.0297744620180858,0.99806847731544
1.0,0.0297750172900062,0.998097007542345
0.0,-0.140324435639911,1.0259869834536213
0.0,-0.133347094671516,0.9685378870739344
0.0,-0.11318847260074,0.7788193561267096
0.0,-0.0872128550819085,0.6128327309423106
0.0,-0.0606702503339447,0.5019688718296584
0.0,-0.0368845342977731,0.3543309197460914
0.0,-0.0175955468815101,0.23555901637353338
0.0,-0.003356689051545,0.1484313864621234
0.0,0.0060795603156793,0.09097198598335568
0.0,0.0114287279854209,0.05848594246416118
0.0,0.013613018617662,0.04514062768896639
0.0,0.0135749820730776,-0.010643917710710282
0.0,0.0121595151130087,0.05311777475959648
0.0,0.0100520696180533,0.009367755747770018
0.0,0.0077589660228624,0.07795957137761869
0.0,0.0056161359934118,0.03400865585764932
0.0,0.0038144823480573,0.04358194322433352
0.0,0.0024325827859613,0.10625368972996509
0.0,0.0014701241180373,0.11062148258452158
0.0,0.0008778780297544,0.05701720261689201
0.0,0.0005820237866155,0.05735931224611991
0.0,0.0005021175536462,0.05642625481402122
0.0,0.0005630171141259,0.05468077390961902
0.0,0.0007016607927117,0.10823070991201399
0.0,0.000869860332376,0.10591893860373729
0.0,0.0010342937000218,0.047943627873129016
0.0,0.0011747613116204,0.045870006488512416
0.0,0.0012815687410044,0.09975213765834268
0.0,0.0013526736364766,0.09815074052115588
0.0,0.0013910201352409,0.04104455279767821
0.0,0.0014023014868889,0.039843968862571716
0.0,0.0013932501457388,0.09450641558729259
0.0,0.0013704552091315,0.09354339501611668
0.0,0.0013396454269973,0.03691961086884382
0.0,0.0013053449810688,0.09177863200368089
0.0,0.0012708008377544,0.09092958556972529
0.0,0.0012380871097852,0.03436002018956002
0.0,0.0012083070401962,0.03351086548749252
0.0,0.0011818319283636,0.08837999334174138
0.0,0.0011585350243223,0.08752077024100269
0.0,0.0011379949356686,0.03093574950284092
0.0,0.0011196563189611,0.030075698298958717
0.0,0.0011029452658182,0.029220236041615118
0.0,0.0010873430773953,0.08409607076851988
0.0,0.0010724255876192,0.08325810321710397
0.0,0.0010578765088679,0.08243176352059288
0.0,0.0010434830972744,0.02589437677277162
0.0,0.0010291213545622,0.08081766570450978
0.0,0.0010147364686469,0.08003053254650098
0.0,0.0010003225882586,0.02353279256835792
0.0,0.0009859045505726,0.022771552066386716
0.0,0.000971522958413,0.07774636221285208
0.0,0.0009572230816988,0.021285551530771517
0.0,0.0009430474302266,0.02055987768777392
0.0,0.000929031473381,0.07556894446531529
0.0,0.0009152018131963,0.07486494589719059
0.0,0.0009015760933703,0.07417133683895358
0.0,0.0008881639959975,0.017764155149851017
0.0,0.0008749687965273,0.01709068270523282
0.0,0.0008619890830998,0.07215076360701458
0.0,0.0008492203766405,0.01577305995515982
0.0,0.0008366564997618,0.07085238546100547
0.0,0.000824290629568,0.07021742025690839
0.0,0.0008121160310804,0.013868048488701719
0.0,0.0008001265066129,0.01325162145060102
0.0,0.0007883166162516,0.01264428530962352
0.0,0.0007766817304445,0.06776965183801978
0.0,0.0007652179722003,0.01145639359908792
0.0,0.0007539220974848,0.06659932088996459
0.0,0.000742791351203,0.06602710381571347
0.0,0.0007318233248164,0.009739615139420517
0.0,0.0007210158315729,0.009184196814747018
0.0,0.0007103668072029,0.008636989556714818
0.0,0.0006998742379731,0.06382160424225919
0.0,0.0006895361140764,0.06329045115524248
0.0,0.0006793504041356,0.007043411103308021
0.0,0.0006693150457358,0.06225156963858508
0.0,0.0006594279469516,0.061743609213401385
0.0,0.0006496869944629,0.005519416898004219
0.0,0.0006400900647558,0.06075008428150158
0.0,0.0006306350358701,0.06026429957119868
0.0,0.0006213197980619,0.05978568949999848
0.0,0.0006121422624901,0.0035904140469217166
0.0,0.0006031003676105,0.05884957157242658
0.0,0.0005941920833474,0.002668122567841918
0.0,0.0005854154133489,0.057940902616923085
0.0,0.0005767683957386,0.05749660936685198
0.0,0.0005682491027989,0.05705887870602018
0.0,0.0005598556399795,0.0009038795461287184
0.0,0.0005515861445563,0.00047898480664641807
0.0,0.0005434387841837,6.036620014421984e-05
0.0,0.0005354117555041,0.055371665217541485
0.0,0.0005275032829105,0.05496532211268818
0.0,0.0005197116175041,0.05456498108606228
0.0,0.0005120350362508,-0.0015531807324433815
0.0,0.0005044718413175,0.05378195189850448
0.0,0.0004970203595537,-0.0023246438868699815
0.0,0.0004896789420829,-0.002701850280320283
0.0,0.0004824459639677,-0.003073485018591282
0.0,0.0004753198239202,0.05228410379763218
0.0,0.0004682989440335,0.0240614995849536
0.0,0.0004613817695173,0.0237060908587822
0.0,0.0004545667684307,0.0233559318151728
0.0,0.0004478524314026,0.0230109449130306
0.0,0.0004412372713422,0.0226710537566751
0.0,0.0004347198231384,0.0223361830787513
0.0,0.000428298643351,0.0220062587234708
0.0,0.0004219723098978,0.0216812076301585
0.0,0.0004157394217376,0.0213609578170819
0.0,0.0004095985985564,0.0210454383655442
0.0,0.0004035484804535,0.0207345794042236
0.0,0.0003975877276339,0.0204283120937463
0.0,0.0003917150201042,0.020126568611484
0.0,0.0003859290573751,0.0198292821365689
0.0,0.000380228558169,0.0195363868351211
0.0,0.0003746122601333,0.0192478178456876
0.0,0.0003690789195593,0.0189635112648885
0.0,0.0003636273111059,0.0186834041332697
0.0,0.0003582562275284,0.0184074344213612
0.0,0.0003529644794111,0.0181355410159384
0.0,0.0003477508949044,0.0178676637064851
0.0,0.0003426143194666,0.0176037431718562
0.0,0.0003375536156081,0.0173437209671372
0.0,0.0003325676626404,0.0170875395106985
0.0,0.000327655356428,0.016835142071442
0.0,0.0003228156091445,0.0165864727562357
0.0,0.0003180473490319,0.0163414764975358
0.0,0.000313349520163,0.0161000990411911
0.0,0.000308721082208,0.0158622869344288
0.0,0.0003041610102036,0.0156279875140169
0.0,0.0002996682943267,0.0153971488946029
0.0,0.00029524193967,0.015169719957224
0.0,0.000290880966022,0.0149456503379869
0.0,0.0002865844076499,0.0147248904169154
0.0,0.0002823513130856,0.014507391306962
0.0,0.000278180744915,0.0142931048431825
0.0,0.0002740717795704,0.0140819835720696
0.0,0.0002700235071259,0.0138739807410448
0.0,0.0002660350310961,0.0136690502881048
0.0,0.0002621054682372,0.0134671468316215
0.0,0.0002582339483518,0.0132682256602916
0.0,0.0002544196140961,0.0130722427232362
0.0,0.0002506616207899,0.012879154620245
0.0,0.0002469591362295,0.0126889185921656
0.0,0.0002433113405038,0.0125014925114347
0.0,0.0002397174258122,0.0123168348727489
0.0,0.0002361765962863,0.0121349047838729
0.0,0.0002326880678132,0.0119556619565849
0.0,0.0002292510678619,0.0117790666977537
0.0,0.0002258648353126,0.0116050799005498
0.0,0.0002225286202877,0.0114336630357843
0.0,0.0002192416839859,0.0112647781433774
0.0,0.0002160032985188,0.0110983878239515
0.0,0.0002128127467494,0.0109344552305497
0.0,0.0002096693221334,0.0107729440604759
0.0,0.0002065723285628,0.0106138185472554
0.0,0.0002035210802119,0.0104570434527149
0.0,0.0002005149013848,0.0103025840591786
0.0,0.0001975531263665,0.0101504061617803
0.0,0.0001946350992753,0.0100004760608885
0.0,0.000191760173917,0.0098527605546439
0.0,0.0001889277136426,0.0097072269316069
0.0,0.0001861370912067,0.0095638429635135
0.0,0.0001833876886292,0.0094225768981385
0.0,0.0001806788970577,0.0092833974522639
0.0,0.0001780101166332,0.0091462738047514
0.0,0.0001753807563573,0.009011175589717
0.0,0.0001727902339608,0.0088780728898066
0.0,0.0001702379757755,0.0087469362295708
0.0,0.0001677234166064,0.0086177365689373
0.0,0.0001652459996072,0.0084904452967806
0.0,0.0001628051761566,0.0083650342245857
0.0,0.0001604004057368,0.0082414755802057
0.0,0.000158031155814,0.008119742001712
0.0,0.0001556969017204,0.0079998065313349
0.0,0.0001533971265378,0.0078816426094936
0.0,0.0001511313209837,0.007765224068915
0.0,0.0001488989832977,0.0076505251288387
0.0,0.0001466996191311,0.0075375203893081
0.0,0.0001445327414371,0.0074261848255453
0.0,0.0001423978703629,0.0073164937824097
0.0,0.0001402945331437,0.0072084229689381
0.0,0.0001382222639977,0.0071019484529652
0.0,0.000136180604023,0.0069970466558242
0.0,0.0001341691010964,0.0068936943471252
0.0,0.0001321873097727,0.0067918686396108
0.0,0.0001302347911862,0.0066915469840878
0.0,0.000128311112954,0.0065927071644336
0.0,0.0001264158490794,0.0064953272926768
0.0,0.0001245485798584,0.0063993858041497
0.0,0.0001227088917861,0.0063048614527129
0.0,0.0001208963774657,0.0062117333060508
0.0,0.0001191106355179,0.0061199807410357
0.0,0.0001173512704919,0.0060295834391607
0.0,0.0001156178927783,0.005940521382041
0.0,0.0001139101185225,0.0058527748469799
0.0,0.0001122275695397,0.0057663244026017
0.0,0.0001105698732312,0.0056811509045487
0.0,0.000108936662502,0.0055972354912417
0.0,0.0001073275756793,0.0055145595797026
0.0,0.0001057422564327,0.00543310486144
0.0,0.0001041803536947,0.0053528532983943
0.0,0.0001026415215838,0.0052737871189433
0.0,0.0001011254193272,0.0051958888139669
0.0,9.96317111858838e-05,0.0051191411329692
0.0,9.81600663795476e-05,0.0050435270802592
0.0,9.67101590141489e-05,0.0049690299111862
0.0,9.52816680092408e-05,0.0048956331284324
0.0,9.38742770270409e-05,0.0048233204783594
0.0,9.24876744023279e-05,0.0047520759474088
0.0,9.11215530734547e-05,0.004681883758556
0.0,8.9775610514306e-05,0.0046127283678164
0.0,8.84495486673659e-05,0.0045445944608031
0.0,8.71430738776727e-05,0.0044774669493361
0.0,8.58558968277884e-05,0.0044113309681
0.0,8.45877324737315e-05,0.0043461718713532
0.0,8.33382999818749e-05,0.004281975229684
0.0,8.21073226667593e-05,0.0042187268268151
0.0,8.08945279297604e-05,0.004156412656456
0.0,7.9699647198804e-05,0.0040950189192008
0.0,7.852241586883e-05,0.0040345320194724
0.0,7.7362573243242e-05,0.0039749385625122
0.0,7.62198624761276e-05,0.0039162253514133
0.0,7.50940305154352e-05,0.0038583793841983
0.0,7.39848280468663e-05,0.0038013878509403
0.0,7.28920094387533e-05,0.0037452381309255
0.0,7.18153326875887e-05,0.003689917789859
0.0,7.07545593644499e-05,0.0036354145771108
0.0,6.97094545622362e-05,0.0035817164230032
0.0,6.86797868436201e-05,0.0035288114361379
0.0,6.76653281897893e-05,0.0034766879007624
0.0,6.66658539499737e-05,0.0034253342741762
0.0,6.56811427916792e-05,0.0033747391841739
0.0,6.47109766516787e-05,0.0033248914265273
0.0,6.37551406877171e-05,0.0032757799625043
0.0,6.2813423230966e-05,0.003227393916424
0.0,6.18856157390962e-05,0.0031797225732487
0.0,6.09715127501478e-05,0.0031327553762107
0.0,6.00709118369971e-05,0.0030864819244751
0.0,5.91836135625384e-05,0.0030408919708356
0.0,5.83094214355248e-05,0.0029959754194462
0.0,5.74481418670683e-05,0.0029517223235851
0.0,5.65995841277089e-05,0.0029081228834517
0.0,5.57635603052747e-05,0.0028651674439971
0.0,5.49398852631722e-05,0.0028228464927856
0.0,5.41283765994535e-05,0.0027811506578879
0.0,5.33288546064117e-05,0.0027400707058065
0.0,5.25411422307547e-05,0.0026995975394303
0.0,5.17650650344245e-05,0.0026597221960201
0.0,5.10004511559657e-05,0.0026204358452241
0.0,5.0247131272458e-05,0.0025817297871223
0.0,4.95049385620255e-05,0.0025435954502998
0.0,4.8773708666891e-05,0.0025060243899487
0.0,4.80532796569844e-05,0.0024690082859984
0.0,4.73434919940757e-05,0.0024325389412725
0.0,4.6644188496453e-05,0.0023966082796738
0.0,4.59552143041025e-05,0.002361208344396
0.0,4.52764168444482e-05,0.0023263312961618
0.0,4.4607645798507e-05,0.0022919694114862
0.0,4.39487530676658e-05,0.002258115080967
0.0,4.32995927408322e-05,0.0022247608075991
0.0,4.26600210621485e-05,0.0021918992051147
0.0,4.20298963991518e-05,0.0021595229963474
0.0,4.14090792114352e-05,0.0021276250116204
0.0,4.07974320196791e-05,0.0020961981871596
0.0,4.01948193752867e-05,0.0020652355635285
0.0,3.96011078303282e-05,0.0020347302840875
0.0,3.90161659080228e-05,0.0020046755934752
0.0,3.8439864073616e-05,0.001975064836113
0.0,3.78720747056874e-05,0.0019458914547303
0.0,3.73126720678921e-05,0.0019171489889135
0.0,3.67615322811148e-05,0.0018888310736743
0.0,3.62185332960507e-05,0.001860931438041
0.0,3.56835548661547e-05,0.0018334439036693
0.0,3.51564785210298e-05,0.0018063623834744
0.0,3.46371875401923e-05,0.0017796808802828
0.0,3.41255669272095e-05,0.0017533934855044
0.0,3.3621503384252e-05,0.0017274943778239
0.0,3.31248852869885e-05,0.0017019778219118
0.0,3.2635602659873e-05,0.0016768381671544
0.0,3.21535471518031e-05,0.0016520698464022
0.0,3.16786120120975e-05,0.0016276673747371
0.0,3.12106920668867e-05,0.0016036253482583
0.0,3.07496836958014e-05,0.0015799384428847
0.0,3.02954848090363e-05,0.0015566014131768
0.0,2.98479948247325e-05,0.0015336090911745
0.0,2.94071146467213e-05,0.0015109563852529
0.0,2.89727466425624e-05,0.0014886382789945
0.0,2.85447946219222e-05,0.0014666498300789
0.0,2.81231638152961e-05,0.0014449861691877
0.0,2.77077608529831e-05,0.0014236424989266
0.0,2.72984937444605e-05,0.0014026140927627
0.0,2.68952718579622e-05,0.0013818962939783
0.0,2.64980059004327e-05,0.001361484514639
0.0,2.61066078977561e-05,0.0013413742345784
0.0,2.57209911752668e-05,0.0013215610003965
0.0,2.53410703385526e-05,0.0013020404244741
0.0,2.49667612545607e-05,0.0012828081840007
0.0,2.45979810329453e-05,0.0012638600200172
0.0,2.42346480077201e-05,0.0012451917364733
0.0,2.38766817191836e-05,0.0012267991992976
0.0,2.35240028960831e-05,0.0012086783354826
0.0,2.31765334380764e-05,0.0011908251321825
0.0,2.28341963984264e-05,0.0011732356358247
0.0,2.24969159669589e-05,0.0011559059512342
0.0,2.21646174532932e-05,0.001138832240771
0.0,2.1837227270274e-05,0.0011220107234803
0.0,2.15146729177045e-05,0.0011054376742553
0.0,2.11968829662706e-05,0.0010891094230121
0.0,2.08837870417245e-05,0.0010730223538769
0.0,2.05753158093146e-05,0.0010571729043857
0.0,2.02714009584198e-05,0.0010415575646951
0.0,1.99719751874244e-05,0.0010261728768047
0.0,1.96769721888135e-05,0.0010110154337921
0.0,1.938632663449e-05,0.0009960818790579
0.0,1.90999741613053e-05,0.0009813689055824
0.0,1.88178513568192e-05,0.0009668732551935
0.0,1.85398957452398e-05,0.0009525917178451
0.0,1.82660457735944e-05,0.0009385211309062
0.0,1.79962407980995e-05,0.0009246583784603
0.0,1.77304210707378e-05,0.0009110003906159
0.0,1.7468527726017e-05,0.0008975441428264
0.0,1.72105027679351e-05,0.0008842866552201
0.0,1.69562890571483e-05,0.0008712249919406
0.0,1.67058302982977e-05,0.0008583562604969
1.0,0.170116459071028,0.02870754471112238
1.0,0.1631394139776,0.08617184333614328
1.0,0.142981083411468,0.16445788357865362
1.0,0.11700575309151,0.3304592652250866
1.0,0.0904634313002477,0.5527851312343264
1.0,0.0666779940412678,0.7004374070685634
1.0,0.0473892812844214,0.8192234226178554
1.0,0.0331506940569206,0.9063649562571894
1.0,0.0237147112951327,0.9638380550940374
1.0,0.0183658062928392,0.9963375946349554
1.0,0.0161817744482257,1.0096962060841954
1.0,0.0162200659579247,0.9540463833547717
1.0,0.0176357841170578,1.0017450660532643
1.0,0.0197434771006542,0.9340603327899746
1.0,0.022036824528869,0.9769285138570724
1.0,0.0241798947897234,0.9094443042204217
1.0,0.02598178511806,0.8998831777769536
1.0,0.0273639178671301,0.9486708809673994
1.0,0.0283266062776588,0.9443148924350214
1.0,0.0289190787150535,0.8864833339649866
1.0,0.0292151559639361,0.8861526825136956
1.0,0.029295281908665,0.8870970288767336
1.0,0.0292345988146163,0.8888536319649987
1.0,0.0290961684050688,0.9467621222623864
1.0,0.0289281789842785,0.9490846896129784
1.0,0.0287639526318725,0.8956231685192066
1.0,0.0286236889777234,0.8977072693682097
1.0,0.0285170824931642,0.9552829312721964
1.0,0.0284461755743918,0.9568945005790174
1.0,0.0284080241280438,0.9025632418205616
1.0,0.0283969349477224,0.9037736996415127
1.0,0.028406175621666,0.9605684493569774
1.0,0.0284291570944608,0.9615410542769394
1.0,0.0284601506574849,0.9067268128040437
1.0,0.0284946321697035,0.9633245633711803
1.0,0.0285293547048062,0.9641827756894534
1.0,0.0285622441895654,0.9093139031660556
1.0,0.0285921974198677,0.9101719549764776
1.0,0.0286188431346832,0.9667590612127543
1.0,0.0286423081217564,0.9676269205273393
1.0,0.0286630138107133,0.9127729815151486
1.0,0.0286815155816675,0.9136414156887146
1.0,0.0286983873791304,0.9145051370921746
1.0,0.0287141479375437,0.9710849079168014
1.0,0.0287292214580508,0.9719308924271224
1.0,0.0287439242628273,0.9727651306652634
1.0,0.028758469129782,0.9178628308865586
1.0,0.0287729800907317,0.9743946772834314
1.0,0.0287875119908045,0.9751893641230164
1.0,0.0288020707138266,0.9202470778084566
1.0,0.0288166314546983,0.9210156504914946
1.0,0.0288311536421963,0.9774955326235684
1.0,0.0288455920375368,0.9225159920813786
1.0,0.0288599041615976,0.9232486779733906
1.0,0.028874054575216,0.9796939880709584
1.0,0.0288880167061332,0.9804047930701594
1.0,0.028901772939987,0.9811051080227163
1.0,0.0289153136235842,0.9260714281543966
1.0,0.0289286355099514,0.9267514098529306
1.0,0.0289417400390033,0.9831452104578684
1.0,0.0289546317174543,0.9280817640894197
1.0,0.028967316749924,0.9844561320354513
1.0,0.0289798019861385,0.9850972303421314
1.0,0.0289920941875093,0.9300051762217976
1.0,0.0290041995777657,0.9306275565183446
1.0,0.02901612362248,0.9312407579830956
1.0,0.0290278709764837,0.9875686385426714
1.0,0.0290394455416738,0.9324401217134546
1.0,0.0290508505866227,0.9887502720590954
1.0,0.0290620888906012,0.9893280155166864
1.0,0.0290731628859662,0.9341734805469516
1.0,0.0290840747829362,0.9347342632019686
1.0,0.0290948266689013,0.9352867555546396
1.0,0.0291054205803734,0.9915548162984094
1.0,0.0291158585496016,0.9920910995025024
1.0,0.0291261426300733,0.9368957254953356
1.0,0.0291362749059882,0.9931400150440614
1.0,0.0291462574907337,0.9936528815990944
1.0,0.0291560925187753,0.9384344391766426
1.0,0.0291657821344598,0.9946560024580133
1.0,0.029175328480272,0.9951464790904954
1.0,0.0291847336861788,0.9956297117802084
1.0,0.0291939998609436,0.9403820731718027
1.0,0.0292031290857404,0.9965748711133804
1.0,0.0292121234099838,0.9413132725072606
1.0,0.029220984849079,0.9974923163486734
1.0,0.0292297153836751,0.9979409007549523
1.0,0.0292383169599837,0.9983828591879774
1.0,0.0292467914907768,0.9430945552722826
1.0,0.0292551408567308,0.9435235538108087
1.0,0.0292633669078795,0.9439462155997647
1.0,0.0292714714650053,1.0000863684435923
1.0,0.029279456320884,1.0004966361705705
1.0,0.0292873232413302,1.0009008438493265
1.0,0.0292950739660418,0.9455753468062326
1.0,0.0293027102092724,1.0016914358435773
1.0,0.0293102336603481,0.9463542610582876
1.0,0.0293176459840832,0.9467351106610026
1.0,0.0293249488211167,0.9471103347952496
1.0,0.0293321437882075,1.0032037507565834
1.0,0.0293392324785033,0.975706104911523
1.0,0.0293462164618119,0.976064946316223
1.0,0.0293530972848681,0.976418487334791
1.0,0.0293598764716196,0.976766806257255
1.0,0.0293665555235179,0.977109980217168
1.0,0.0293731359198233,0.97744808520886
1.0,0.029379619117915,0.977781196104353
1.0,0.02938600655361,0.978109386669978
1.0,0.0293922996414797,0.978432729582701
1.0,0.0293984997751702,0.978751296446182
1.0,0.0294046083277155,0.979065157806589
1.0,0.0294106266518515,0.979374383168174
1.0,0.0294165560803206,0.979679041008622
1.0,0.0294223979261723,0.979979198794182
1.0,0.0294281534830607,0.980274922994584
1.0,0.0294338240255292,0.980566279097737
1.0,0.0294394108093003,0.980853331624224
1.0,0.0294449150715492,0.981136144141585
1.0,0.029450338031181,0.981414779278397
1.0,0.0294556808890998,0.981689298738138
1.0,0.0294609448284724,0.981959763312861
1.0,0.029466131014992,0.98222623289666
1.0,0.0294712405971354,0.982488766498933
1.0,0.0294762747064132,0.982747422257455
1.0,0.029481234457627,0.983002257451256
1.0,0.0294861209491084,0.983253328513306
1.0,0.029490935262968,0.983500691043014
1.0,0.0294956784653309,0.983744399818539
1.0,0.0295003516065748,0.983984508808921
1.0,0.0295049557215628,0.984221071186036
1.0,0.0295094918298711,0.984454139336364
1.0,0.0295139609360162,0.984683764872596
1.0,0.0295183640296768,0.98490999864506
1.0,0.0295227020859132,0.985132890752981
1.0,0.0295269760653833,0.985352490555577
1.0,0.0295311869145549,0.985568846682989
1.0,0.0295353355659163,0.985782007047048
1.0,0.0295394229381811,0.985992018851889
1.0,0.0295434499364939,0.986198928604399
1.0,0.0295474174526285,0.986402782124521
1.0,0.0295513263651879,0.986603624555397
1.0,0.0295551775397964,0.986801500373366
1.0,0.0295589718292921,0.986996453397815
1.0,0.0295627100739162,0.987188526800883
1.0,0.0295663931014998,0.987377763117016
1.0,0.0295700217276442,0.987564204252393
1.0,0.0295735967559057,0.987747891494203
1.0,0.0295771189779701,0.987928865519787
1.0,0.0295805891738299,0.988107166405648
1.0,0.0295840081119556,0.988282833636325
1.0,0.0295873765494683,0.988455906113138
1.0,0.0295906952323042,0.988626422162799
1.0,0.0295939648953822,0.988794419545904
1.0,0.0295971862627658,0.988959935465293
1.0,0.029600360047823,0.989123006574287
1.0,0.0296034869533852,0.989283668984808
1.0,0.0296065676719028,0.989441958275374
1.0,0.0296096028855966,0.989597909498977
1.0,0.0296125932666125,0.989751557190847
1.0,0.0296155394771662,0.989902935376101
1.0,0.0296184421696934,0.990052077577275
1.0,0.0296213019869922,0.990199016821747
1.0,0.0296241195623663,0.990343785649057
1.0,0.0296268955197641,0.990486416118103
1.0,0.0296296304739188,0.990626939814251
1.0,0.0296323250304824,0.990765387856321
1.0,0.0296349797861628,0.990901790903483
1.0,0.0296375953288517,0.991036179162045
1.0,0.0296401722377582,0.991168582392142
1.0,0.0296427110835367,0.991299029914326
1.0,0.0296452124284114,0.991427550616061
1.0,0.029647676826303,0.991554172958117
1.0,0.0296501048229489,0.991678924980876
1.0,0.0296524969560268,0.991801834310538
1.0,0.0296548537552723,0.991922928165242
1.0,0.029657175742595,0.992042233361093
1.0,0.0296594634321978,0.992159776318096
1.0,0.0296617173306863,0.992275583066014
1.0,0.0296639379371841,0.992389679250126
1.0,0.0296661257434421,0.992502090136908
1.0,0.0296682812339477,0.992612840619631
1.0,0.0296704048860319,0.992721955223869
1.0,0.0296724971699749,0.992829458112935
1.0,0.0296745585491109,0.992935373093226
1.0,0.0296765894799307,0.993039723619502
1.0,0.0296785904121808,0.993142532800074
1.0,0.0296805617889657,0.993243823401924
1.0,0.0296825040468451,0.993343617855747
1.0,0.0296844176159297,0.993441938260917
1.0,0.029686302919977,0.993538806390381
1.0,0.029688160376486,0.993634243695483
1.0,0.0296899903967884,0.993728271310711
1.0,0.0296917933861405,0.993820910058379
1.0,0.0296935697438112,0.993912180453238
1.0,0.0296953198631742,0.994002102707019
1.0,0.0296970441317908,0.994090696732908
1.0,0.0296987429314988,0.994177982149955
1.0,0.0297004166384953,0.994263978287424
1.0,0.0297020656234215,0.994348704189066
1.0,0.0297036902514427,0.994432178617339
1.0,0.0297052908823314,0.994514420057568
1.0,0.0297068678705454,0.994595446722029
1.0,0.029708421565307,0.994675276553992
1.0,0.0297099523106801,0.994753927231685
1.0,0.029711460445647,0.994831416172216
1.0,0.0297129463041821,0.994907760535429
1.0,0.0297144102153277,0.994982977227699
1.0,0.0297158525032652,0.995057082905683
1.0,0.0297172734873876,0.995130093980002
1.0,0.0297186734823705,0.995202026618881
1.0,0.0297200527982409,0.995272896751725
1.0,0.0297214117404467,0.995342720072649
1.0,0.0297227506099247,0.995411512043951
1.0,0.029724069703166,0.99547928789954
1.0,0.0297253693122821,0.995546062648307
1.0,0.0297266497250706,0.995611851077446
1.0,0.0297279112250763,0.995676667755734
1.0,0.0297291540916587,0.995740527036756
1.0,0.0297303786000482,0.99580344306208
1.0,0.029731585021411,0.995865429764393
1.0,0.029732773622908,0.995926500870582
1.0,0.0297339446677534,0.995986669904779
1.0,0.0297350984152742,0.99604595019135
1.0,0.0297362351209665,0.996104354857852
1.0,0.0297373550365523,0.996161896837935
1.0,0.029738458410036,0.996218588874209
1.0,0.0297395454857579,0.996274443521065
1.0,0.0297406165044505,0.996329473147452
1.0,0.0297416717032895,0.996383689939624
1.0,0.0297427113159472,0.996437105903829
1.0,0.0297437355726446,0.996489732868976
1.0,0.0297447447002031,0.99654158248925
1.0,0.0297457389220921,0.996592666246693
1.0,0.0297467184584814,0.996642995453747
1.0,0.029747683526288,0.996692581255763
1.0,0.0297486343392253,0.996741434633461
1.0,0.0297495711078499,0.996789566405371
1.0,0.0297504940396081,0.99683698723022
1.0,0.0297514033388819,0.9968837076093
1.0,0.0297522992070351,0.996929737888788
1.0,0.0297531818424561,0.99697508826204
1.0,0.0297540514406043,0.997019768771848
1.0,0.0297549081940505,0.997063789312661
1.0,0.0297557522925227,0.997107159632782
1.0,0.0297565839229448,0.997149889336521
1.0,0.029757403269481,0.997191987886324
1.0,0.0297582105135745,0.997233464604871
1.0,0.0297590058339887,0.997274328677136
1.0,0.0297597894068462,0.997314589152424
1.0,0.0297605614056686,0.997354254946373
1.0,0.0297613220014141,0.997393334842931
1.0,0.0297620713625162,0.997431837496299
1.0,0.0297628096549196,0.997469771432848
1.0,0.0297635370421188,0.997507145053007
1.0,0.0297642536851921,0.997543966633125
1.0,0.0297649597428404,0.9975802443273
1.0,0.0297656553714185,0.997615986169189
1.0,0.0297663407249729,0.997651200073784
1.0,0.0297670159552752,0.997685893839166
1.0,0.0297676812118532,0.997720075148232
1.0,0.0297683366420276,0.997753751570397
1.0,0.0297689823909433,0.997786930563268
1.0,0.0297696186016001,0.997819619474297
1.0,0.0297702454148865,0.997851825542408
1.0,0.0297708629696094,0.997883555899601
1.0,0.0297714714025255,0.997914817572528
1.0,0.029772070848372,0.997945617484053
1.0,0.0297726614398952,0.997975962454784
1.0,0.0297732433078812,0.998005859204582
1.0,0.0297738165811841,0.998035314354049
1.0,0.0297743813867544,0.998064334425997
1.0,0.0297749378496677,0.99809292584689
1.0,0.0297754860931521,0.998121094948267
1.0,0.029776026238616,0.998148847968144
1.0,0.0297765584056733,0.998176191052399
0.0,-0.140322917287828,1.0260649973561282
0.0,-0.13334559874678,0.9686147486449884
0.0,-0.11318699877208,0.7788950823872226
0.0,-0.0872114030229469,0.6129073386617826
0.0,-0.0606688197231244,0.5020423775298875
0.0,-0.036883124818287,0.3544033397048364
0.0,-0.0175941582212302,0.23563036662811537
0.0,-0.0033553209029544,0.14850168281298037
0.0,0.0060809082555557,0.09104124399753878
0.0,0.0114300560150832,0.05855417747878258
0.0,0.0136143270312006,0.045207854814596576
0.0,0.0135762711602397,-0.010577683586696682
0.0,0.0121607851592608,0.05318303054946878
0.0,0.0100533209046461,0.00943204765432562
0.0,0.0077601988268917,0.07802291363823077
0.0,0.0056173505878808,0.03407106249939342
0.0,0.0038156790019366,0.04364342806709322
0.0,0.0024337617642489,0.10631426638949228
0.0,0.0014712856818165,0.11068116447545229
0.0,0.0008790224362521,0.05707600295571681
0.0,0.0005831512892593,0.05741724405411032
0.0,0.0005032284021206,0.05648333092011362
0.0,0.0005641115544269,0.054737006953255715
0.0,0.0007027390672019,0.10828611234594178
0.0,0.0008709226798382,0.10597352269676558
0.0,0.0010353403557119,0.04799740571284622
0.0,0.0011757925073189,0.045922989983963325
0.0,0.0012825847050687,0.09980433854266528
0.0,0.0013536745938905,0.09820217035417989
0.0,0.0013920063076654,0.04109522296848461
0.0,0.0014032730927111,0.039893890592015216
0.0,0.0013942074001198,0.09455559993048628
0.0,0.001371398324054,0.09359185286488048
0.0,0.001340574611313,0.036967352954116225
0.0,0.0013062604405449,0.09182566889789508
0.0,0.0012717027751183,0.09097592768915089
0.0,0.0012389757247698,0.03440567779660952
0.0,0.0012091825295843,0.03355584869299372
0.0,0.0011826944860317,0.08842431210717669
0.0,0.0011593848412826,0.08756443438071487
0.0,0.0011388322001123,0.03097876868620672
0.0,0.0011204812162994,0.030118082052529818
0.0,0.0011037579787237,0.029261993751228316
0.0,0.0010881437858425,0.08413721168137478
0.0,0.0010732144689241,0.08329863644381148
0.0,0.0010586537377274,0.08247169803719248
0.0,0.0010442488458051,0.025933721422718915
0.0,0.0010298757923381,0.08085642920063507
0.0,0.0010154797627374,0.08006872347293889
0.0,0.0010010549032655,0.02357041938244772
0.0,0.0009866260486662,0.022808623100545822
0.0,0.0009722337993685,0.07778288567642108
0.0,0.0009579234229309,0.02132153551183212
0.0,0.000943737426825,0.02059533015493982
0.0,0.0009297112781452,0.07560387326949719
0.0,0.000915871576668,0.07489935877333459
0.0,0.0009022359638678,0.07420524140775389
0.0,0.0008888141196485,0.01779755891943792
0.0,0.0008756093173012,0.01712359307283512
0.0,0.0008626201428391,0.07218318786059769
0.0,0.0008498421150926,0.01580500527503982
0.0,0.0008372690546101,0.07088385892143897
0.0,0.000824894136462,0.07024842882765928
0.0,0.0008127106236663,0.013898599036584719
0.0,0.0008007123165624,0.01328172074100202
0.0,0.0007888937732916,0.01267394000799802
0.0,0.000777250362386,0.06779886851136868
0.0,0.000765778204966,0.011485178717412017
0.0,0.0007544740551379,0.06662768082769738
0.0,0.0007433351559738,0.06605504485313257
0.0,0.0007323590971298,0.009767143464038522
0.0,0.0007215436900753,0.00921131852268172
0.0,0.0007108868687879,0.008663710654039217
0.0,0.0007003866178078,0.06384793064633158
0.0,0.0006900409256266,0.06331638869601669
0.0,0.0006798477591914,0.00706896552462432
0.0,0.0006698050544361,0.062276746599442684
0.0,0.000659910717808,0.06176841428921108
0.0,0.0006501626343847,0.005543855581823416
0.0,0.0006405586790728,0.060774161985250284
0.0,0.0006310967283566,0.06028802162685848
0.0,0.0006217746709591,0.059809061160793084
0.0,0.0006125904165291,0.003613440488480217
0.0,0.0006035419020346,0.05887225789392968
0.0,0.0005946270959339,0.0026904737931510193
0.0,0.0005858440004308,0.05796292369569298
0.0,0.0005771906522262,0.05751830517562688
0.0,0.0005686651222003,0.05708025404931368
0.0,0.0005602655144217,0.000924939157487318
0.0,0.0005519899648056,0.0004997333496985189
0.0,0.0005438366396657,8.080826963231813e-05
0.0,0.0005358037343236,0.055391805340339786
0.0,0.0005278894718707,0.05498516474880508
0.0,0.000520092102126,0.054584530629628286
0.0,0.0005124099007924,-0.0015339199522029813
0.0,0.0005048411687922,0.053800928180698385
0.0,0.0004973842317486,-0.0023059479004453806
0.0,0.0004900374395771,-0.0026834304494588804
0.0,0.0004827991661501,-0.0030553372642413805
0.0,0.000475667809007,0.05230198349427118
0.0,0.0004686417890856,0.0240791151833213
0.0,0.0004617195504576,0.0237234462598338
0.0,0.0004548995600602,0.0233730308622431
0.0,0.0004481803074177,0.0230277913926853
0.0,0.0004415603043507,0.0226876513995488
0.0,0.0004350380846755,0.0223525355603741
0.0,0.0004286122038957,0.0220223696650823
0.0,0.0004222812388874,0.0216970805995093
0.0,0.0004160437875843,0.0213765963292239
0.0,0.0004098984686616,0.0210608458836091
0.0,0.0004038439212231,0.0207497593401896
0.0,0.000397878804493,0.020443267809194
0.0,0.0003920017975114,0.0201413034183405
0.0,0.0003862115988369,0.0198437992978412
0.0,0.000380506926254,0.019550689565619
0.0,0.0003748865164858,0.0192619093127353
0.0,0.000369349124913,0.0189773945890262
0.0,0.0003638935252977,0.0186970823889446
0.0,0.0003585185095109,0.0184209106376082
0.0,0.0003532228872664,0.0181488181770512
0.0,0.0003480054858567,0.0178807447526766
0.0,0.0003428651498949,0.0176166309999101
0.0,0.0003378007410584,0.017356418431049
0.0,0.0003328111378383,0.017100049422308
0.0,0.0003278952352908,0.0168474672010556
0.0,0.0003230519447933,0.01659861583324
0.0,0.0003182801938029,0.0163534402110022
0.0,0.0003135789256195,0.0161118860404711
0.0,0.0003089470991514,0.0158738998297405
0.0,0.0003043836886852,0.0156394288770236
0.0,0.0002998876836584,0.0154084212589822
0.0,0.0002954580884353,0.0151808258192287
0.0,0.0002910939220869,0.0149565921569982
0.0,0.0002867942181733,0.0147356706159873
0.0,0.0002825580245297,0.0145180122733581
0.0,0.0002783844030559,0.0143035689289042
0.0,0.000274272429508,0.0140922930943775
0.0,0.0002702211932939,0.0138841379829715
0.0,0.0002662297972718,0.0136790574989607
0.0,0.0002622973575515,0.0134770062274924
0.0,0.0002584230032984,0.0132779394245303
0.0,0.0002546058765409,0.0130818130069452
0.0,0.0002508451319805,0.0128885835427533
0.0,0.0002471399368043,0.012698208241498
0.0,0.0002434894705009,0.0125106449447741
0.0,0.0002398929246783,0.0123258521168916
0.0,0.0002363495028854,0.0121437888356781
0.0,0.0002328584204353,0.0119644147834161
0.0,0.0002294189042315,0.0117876902379152
0.0,0.0002260301925967,0.0116135760637151
0.0,0.0002226915351045,0.0114420337034197
0.0,0.0002194021924128,0.0112730251691582
0.0,0.0002161614361003,0.0111065130341726
0.0,0.0002129685485048,0.0109424604245302
0.0,0.0002098228225648,0.0107808310109573
0.0,0.0002067235616628,0.0106215890007945
0.0,0.0002036700794708,0.0104646991300703
0.0,0.0002006616997984,0.0103101266556917
0.0,0.0001976977564432,0.0101578373477509
0.0,0.0001947775930431,0.0100077974819448
0.0,0.0001919005629311,0.0098599738321067
0.0,0.000189066028992,0.0097143336628488
0.0,0.0001862733635212,0.0095708447223125
0.0,0.0001835219480861,0.0094294752350264
0.0,0.0001808111733886,0.00929019389487
0.0,0.0001781404391307,0.0091529698581406
0.0,0.000175509153881,0.0090177727367231
0.0,0.0001729167349443,0.0088845725913608
0.0,0.0001703626082323,0.0087533399250248
0.0,0.0001678462081362,0.0086240456763827
0.0,0.0001653669774021,0.0084966612133625
0.0,0.0001629243670069,0.008371158326812
0.0,0.0001605178360372,0.0082475092242523
0.0,0.0001581468515694,0.008125686523723
0.0,0.0001558108885514,0.0080056632477181
0.0,0.0001535094296867,0.0078874128172126
0.0,0.0001512419653199,0.007770909045776
0.0,0.0001490079933233,0.0076561261337738
0.0,0.0001468070189863,0.0075430386626537
0.0,0.0001446385549054,0.0074316215893172
0.0,0.0001425021208766,0.0073218502405734
0.0,0.000140397243789,0.0072137003076754
0.0,0.0001383234575196,0.0071071478409371
0.0,0.000136280302831,0.0070021692444296
0.0,0.0001342673272685,0.0068987412707558
0.0,0.0001322840850609,0.0067968410159024
0.0,0.0001303301370214,0.0066964459141678
0.0,0.0001284050504504,0.0065975337331648
0.0,0.0001265083990394,0.0065000825688976
0.0,0.000124639762777,0.0064040708409108
0.0,0.0001227987278558,0.0063094772875108
0.0,0.0001209848865805,0.0062162809610571
0.0,0.000119197837278,0.0061244612233236
0.0,0.0001174371842082,0.0060339977409283
0.0,0.0001157025374762,0.0059448704808306
0.0,0.0001139935129465,0.0058570597058947
0.0,0.0001123097321573,0.0057705459705192
0.0,0.0001106508222374,0.0056853101163306
0.0,0.0001090164158227,0.0056013332679408
0.0,0.0001074061509759,0.0055185968287673
0.0,0.0001058196711055,0.0054370824769146
0.0,0.0001042566248872,0.0053567721611176
0.0,0.0001027166661862,0.0052776480967432
0.0,0.0001011994539802,0.0051996927618527
0.0,9.97046522842673e-05,0.0051228888933212
0.0,9.82319300760898e-05,0.0050472194830147
0.0,9.67809612229809e-05,0.0049726677740239
0.0,9.53514244094525e-05,0.0048992172569531
0.0,9.3943003066109e-05,0.0048268516662646
0.0,9.25553852995642e-05,0.0047555549766762
0.0,9.11882638233441e-05,0.0046853113996128
0.0,8.98413358898925e-05,0.00461610537971
0.0,8.8514303223465e-05,0.0045479215913693
0.0,8.72068719540917e-05,0.0044807449353642
0.0,8.59187525525523e-05,0.0044145605354966
0.0,8.46496597661714e-05,0.0043493537353025
0.0,8.33993125557361e-05,0.0042851100948062
0.0,8.21674340331924e-05,0.0042218153873229
0.0,8.09537514003741e-05,0.0041594555963077
0.0,7.97579958885727e-05,0.0040980169122521
0.0,7.85799026990081e-05,0.0040374857296258
0.0,7.74192109442226e-05,0.0039778486438635
0.0,7.62756635902667e-05,0.0039190924483969
0.0,7.51490073998273e-05,0.0038612041317298
0.0,7.40389928760923e-05,0.0038041708745569
0.0,7.29453742075448e-05,0.0037479800469249
0.0,7.18679092135133e-05,0.0036926192054354
0.0,7.08063592905275e-05,0.0036380760904899
0.0,6.97604893595133e-05,0.0035843386235742
0.0,6.87300678136951e-05,0.0035313949045843
0.0,6.77148664673249e-05,0.0034792332091906
0.0,6.67146605051669e-05,0.0034278419862419
0.0,6.57292284326899e-05,0.0033772098552072
0.0,6.47583520270167e-05,0.0033273256036557
0.0,6.38018162886222e-05,0.0032781781847736
0.0,6.28594093936841e-05,0.0032297567149181
0.0,6.19309226472312e-05,0.0031820504712066
0.0,6.10161504368545e-05,0.0031350488891431
0.0,6.01148901872434e-05,0.0030887415602778
0.0,5.92269423152769e-05,0.0030431182299026
0.0,5.83521101858789e-05,0.0029981687947802
0.0,5.74902000683927e-05,0.0029538833009066
0.0,5.66410210937549e-05,0.0029102519413069
0.0,5.58043852122159e-05,0.0028672650538636
0.0,5.49801071516379e-05,0.0028249131191767
0.0,5.41680043765549e-05,0.0027831867584559
0.0,5.3367897047657e-05,0.0027420767314436
0.0,5.25796079820541e-05,0.0027015739343687
0.0,5.18029626139817e-05,0.0026616693979304
0.0,5.10377889561611e-05,0.0026223542853121
0.0,5.02839175616984e-05,0.0025836198902244
0.0,4.95411814866037e-05,0.0025454576349773
0.0,4.88094162527548e-05,0.0025078590685805
0.0,4.80884598115482e-05,0.002470815864872
0.0,4.7378152507941e-05,0.0024343198206743
0.0,4.66783370451536e-05,0.0023983628539776
0.0,4.59888584498046e-05,0.0023629370021505
0.0,4.53095640376017e-05,0.0023280344201763
0.0,4.46403033795353e-05,0.0022936473789157
0.0,4.39809282685374e-05,0.0022597682633956
0.0,4.33312926867192e-05,0.0022263895711223
0.0,4.26912527729736e-05,0.0021935039104204
0.0,4.20606667911466e-05,0.0021611039987957
0.0,4.14393950986559e-05,0.0021291826613228
0.0,4.08273001155611e-05,0.0020977328290559
0.0,4.02242462940773e-05,0.0020667475374635
0.0,3.9630100088589e-05,0.0020362199248861
0.0,3.9044729926066e-05,0.0020061432310169
0.0,3.8468006176906e-05,0.0019765107954044
0.0,3.789980112626e-05,0.0019473160559776
0.0,3.73399889457317e-05,0.0019185525475931
0.0,3.67884456655247e-05,0.0018902139006028
0.0,3.6245049146965e-05,0.0018622938394439
0.0,3.57096790554838e-05,0.0018347861812489
0.0,3.51822168339448e-05,0.0018076848344767
0.0,3.46625456764116e-05,0.0017809837975631
0.0,3.41505505022689e-05,0.0017546771575923
0.0,3.36461179307329e-05,0.0017287590889872
0.0,3.31491362557564e-05,0.0017032238522195
0.0,3.26594954212812e-05,0.0016780657925385
0.0,3.21770869968763e-05,0.001653279338719
0.0,3.17018041537109e-05,0.0016288590018274
0.0,3.12335416409147e-05,0.0016047993740066
0.0,3.07721957622589e-05,0.0015810951272779
0.0,3.03176643531959e-05,0.0015577410123613
0.0,2.98698467582278e-05,0.0015347318575133
0.0,2.94286438086398e-05,0.0015120625673813
0.0,2.8993957800514e-05,0.0014897281218755
0.0,2.85656924730975e-05,0.0014677235750569
0.0,2.81437529874966e-05,0.0014460440540424
0.0,2.77280459056659e-05,0.0014246847579255
0.0,2.73184791697231e-05,0.001403640956713
0.0,2.69149620815562e-05,0.0013829079902778
0.0,2.65174052827399e-05,0.0013624812673268
0.0,2.61257207347463e-05,0.0013423562643843
0.0,2.57398216994553e-05,0.00132252852479
0.0,2.53596227199442e-05,0.0013029936577124
0.0,2.49850396015563e-05,0.0012837473371762
0.0,2.46159893932656e-05,0.0012647853011045
0.0,2.42523903692983e-05,0.0012461033503748
3.5527136788005e-13,2.3894162071476e-05,0.0012276973478892
1.0,0.170123541224987,0.02907143031767918
1.0,0.163146391522139,0.08653035404394668
1.0,0.142987957891759,0.16481109877949762
1.0,0.1170125260299,0.3308072631380856
1.0,0.0904701041965997,0.5531279889232363
1.0,0.0666845683732873,0.7007752004588463
1.0,0.0473957585079873,0.8195562265134934
1.0,0.0331570756064069,0.9066928443572464
1.0,0.0237209985837264,0.9641611000089824
1.0,0.0183720007128534,0.9966558679027374
1.0,0.0161878773714077,1.0100097781860895
1.0,0.01622607873576,0.9543553237309836
1.0,0.0176417080810691,1.0020494431183093
1.0,0.0197493135626968,0.9343602139478266
1.0,0.0220425747814212,0.9772239655160914
1.0,0.0241855601061722,0.9097353918080596
1.0,0.0259873667529839,0.9001699657542436
1.0,0.0273694170565757,0.9489534328432294
1.0,0.0283320242394161,0.9445932707801994
1.0,0.0289244166489241,0.8867576004260976
1.0,0.0292204150519998,0.8864228978267517
1.0,0.0293004633155411,0.8873632528806246
1.0,0.0292397036877218,0.8891159236147426
1.0,0.0291011978748725,0.9470205396421864
1.0,0.0289331341645508,0.9493392899490853
1.0,0.0287688346199331,0.8958740081925897
1.0,0.0286284988546834,0.8979544039270436
1.0,0.0285218213241655,0.9555264154441644
1.0,0.0284508444088435,0.9571343882834263
1.0,0.028412623999854,0.9027995861802857
1.0,0.0284014668755277,0.9040065529947556
1.0,0.028410640609057,0.9607978632688634
1.0,0.028433556130204,0.9617670795509324
1.0,0.0284644847157423,0.9069494994931956
1.0,0.0284989022102478,0.9635439607892193
1.0,0.0285335616732327,0.9643989324217014
1.0,0.0285663890175032,0.9095268670801886
1.0,0.0285962810251845,0.9103817732331236
1.0,0.0286228664216888,0.9669657802759404
1.0,0.0286462719814036,0.9678305861747803
1.0,0.0286669191207942,0.9129736388483827
1.0,0.0286853632070088,0.9138391091430906
1.0,0.0287021781717849,0.9146999104466966
1.0,0.0287178827369778,0.9712768043038174
1.0,0.0287329010913326,0.9721199543418814
1.0,0.0287475495448073,0.9729513999753214
1.0,0.0287620408632749,0.9180463488410546
1.0,0.0287764990666941,0.9745754845222184
1.0,0.0287909789885099,0.9753675006856624
1.0,0.0288054865010379,0.9204225831431117
1.0,0.0288199967878378,0.9211885634636257
1.0,0.0288344692665135,0.9776658915245684
1.0,0.0288488586872728,0.9226838346370416
1.0,0.0288631225601488,0.9234140413522696
1.0,0.0288772254352931,0.9798569088925954
1.0,0.0288911407299199,0.9805653074131944
1.0,0.0289048508192946,0.9812632514328794
1.0,0.0289183460400064,0.9262272356523736
1.0,0.0289316231350134,0.9269049159421247
1.0,0.0289446835343112,0.9832964491320384
1.0,0.0289575317348421,0.9282307688402056
1.0,0.0289701739315975,0.9846029358597944
1.0,0.0289826169648173,0.9852418657495824
1.0,0.028994867586567,0.9301476752417106
1.0,0.0290069320113691,0.9307679507069736
1.0,0.0290188156957236,0.9313790784305827
1.0,0.0290305232855241,0.9877049158799304
1.0,0.0290420586738622,0.9325743861189546
1.0,0.0290534251206345,0.9888825532655444
1.0,0.0290646253965636,0.9894583428176144
1.0,0.0290756619255861,0.9343018828032006
1.0,0.0290865369096232,0.9348607688480797
1.0,0.0290972524278907,0.9354113926051516
1.0,0.0291078105088463,0.9916776123540624
1.0,0.0291182131768057,0.9922120817563513
1.0,0.0291284624774384,0.9370149207387696
1.0,0.0291385604872423,0.9932574496727384
1.0,0.0291485093120156,0.9937685816187873
1.0,0.0291583110787481,0.9385484302089966
1.0,0.0291679679244217,0.9947683097462194
1.0,0.0291774819842638,0.9952571275048804
1.0,0.0291868553810912,0.9957387258237443
1.0,0.0291960902166246,0.9404894769855336
1.0,0.0292051885650966,0.9966806884817624
1.0,0.0292141524690845,0.9414175268634376
1.0,0.0292229839372575,0.9975950307796604
1.0,0.0292316849436269,0.9980420980067484
1.0,0.0292402574278658,0.9984825616706063
1.0,0.029248703296304,0.9431927850647506
1.0,0.0292570244232706,0.9436203326659977
1.0,0.0292652226525447,0.9440415649492486
1.0,0.0292732997987493,1.0001803094023813
1.0,0.0292812576485895,1.0005891895417895
1.0,0.0292890979618985,1.0009920301288184
1.0,0.0292968224724839,0.9456651861871006
1.0,0.0293044328887924,1.0017799482206564
1.0,0.0293119308944316,0.9464414660325476
1.0,0.0293193181485811,0.9468210275438916
1.0,0.0293265962863281,0.9471949826129686
1.0,0.0293337669189611,1.0032871482543015
1.0,0.0293408316342405,0.975788270557526
1.0,0.0293477919966632,0.976145898306004
1.0,0.0293546495477348,0.97649824359508
1.0,0.0293614058062481,0.976845384449991
1.0,0.0293680622685779,0.977187397743407
1.0,0.029374620408982,0.977524359212629
1.0,0.0293810816799109,0.977856343476448
1.0,0.0293874475123257,0.978183424051704
1.0,0.0293937193160145,0.978505673369557
1.0,0.0293998984799086,0.97882316279149
1.0,0.0294059863723999,0.979135962625074
1.0,0.029411984341648,0.979444142139486
1.0,0.0294178937158882,0.979747769580811
1.0,0.0294237158037294,0.980046912187117
1.0,0.0294294518944489,0.980341636203323
1.0,0.0294351032582811,0.980632006895847
1.0,0.0294406711467001,0.980918088567055
1.0,0.0294461567926976,0.981199944569493
1.0,0.029451561411056,0.981477637319917
1.0,0.0294568861986169,0.981751228313117
1.0,0.0294621323345465,0.982020778135536
1.0,0.0294673009805955,0.982286346478698
1.0,0.0294723932813548,0.982547992152421
1.0,0.0294774103645106,0.98280577309785
1.0,0.0294823533410915,0.98305974640029
1.0,0.0294872233057164,0.983309968301845
1.0,0.0294920213368344,0.983556494213877
1.0,0.0294967484969657,0.983799378729278
1.0,0.0295014058329357,0.984038675634558
1.0,0.0295059943761067,0.984274437921754
1.0,0.0295105151426074,0.98450671780017
1.0,0.0295149691335563,0.984735566707934
1.0,0.029519357335285,0.984961035323391
1.0,0.0295236807195558,0.985183173576323
1.0,0.0295279402437774,0.985402030659007
1.0,0.0295321368512171,0.985617655037109
1.0,0.0295362714712089,0.985830094460415
1.0,0.0295403450193592,0.986039395973409
1.0,0.0295443583977517,0.986245605925685
1.0,0.0295483124951441,0.986448769982215
1.0,0.0295522081871669,0.98664893313346
1.0,0.0295560463365172,0.986846139705335
1.0,0.029559827793149,0.987040433369023
1.0,0.0295635533944618,0.987231857150645
1.0,0.0295672239654861,0.987420453440792
1.0,0.0295708403190655,0.98760626400391
1.0,0.0295744032560381,0.987789329987546
1.0,0.0295779135654117,0.987969691931467
1.0,0.0295813720245417,0.98814738977663
1.0,0.0295847793992992,0.988322462874031
1.0,0.0295881364442436,0.988494949993419
1.0,0.02959144390279,0.988664889331881
1.0,0.0295947025073704,0.9888323185223
1.0,0.0295979129795998,0.98899727464169
1.0,0.0296010760304335,0.989159794219406
1.0,0.0296041923603263,0.989319913245233
1.0,0.0296072626593853,0.989477667177357
1.0,0.029610287607525,0.989633090950216
1.0,0.0296132678746179,0.989786218982238
1.0,0.0296162041206396,0.989937085183459
1.0,0.0296190969958197,0.990085722963038
1.0,0.0296219471407817,0.99023216523665
1.0,0.0296247551866873,0.99037644443378
1.0,0.0296275217553752,0.9905185925049
1.0,0.0296302474594989,0.990658640928547
1.0,0.029632932902663,0.990796620718294
1.0,0.0296355786795559,0.990932562429616
1.0,0.0296381853760821,0.99106649616666
1.0,0.0296407535694914,0.991198451588906
1.0,0.0296432838285074,0.991328457917741
1.0,0.0296457767134537,0.991456543942927
1.0,0.0296482327763765,0.991582738028975
1.0,0.0296506525611691,0.99170706812143
1.0,0.0296530366036893,0.991829561753057
1.0,0.0296553854318811,0.991950246049938
1.0,0.0296576995658904,0.992069147737482
1.0,0.0296599795181791,0.992186293146338
1.0,0.0296622257936401,0.992301708218231
1.0,0.0296644388897092,0.992415418511705
1.0,0.0296666192964736,0.992527449207782
1.0,0.0296687674967828,0.992637825115538
1.0,0.0296708839663524,0.992746570677599
1.0,0.0296729691738733,0.992853709975553
1.0,0.0296750235811118,0.992959266735281
1.0,0.0296770476430146,0.993063264332215
1.0,0.0296790418078079,0.993165725796511
1.0,0.0296810065170972,0.993266673818148
1.0,0.029682942205965,0.993366130751959
1.0,0.0296848493030679,0.993464118622574
1.0,0.0296867282307307,0.9935606591293
1.0,0.0296885794050397,0.993655773650929
1.0,0.0296904032359351,0.993749483250469
1.0,0.0296922001273028,0.993841808679811
1.0,0.029693970477062,0.993932770384322
1.0,0.0296957146772552,0.994022388507371
1.0,0.0296974331141333,0.994110682894797
1.0,0.0296991261682424,0.994197673099297
1.0,0.029700794214508,0.994283378384757
1.0,0.0297024376223163,0.99436781773052
1.0,0.0297040567555984,0.994451009835589
1.0,0.02970565197291,0.994532973122766
1.0,0.02970722362751,0.994613725742732
1.0,0.0297087720674398,0.994693285578068
1.0,0.0297102976355992,0.994771670247214
1.0,0.0297118006698247,0.99484889710837
1.0,0.0297132815029608,0.994924983263341
1.0,0.0297147404629361,0.994999945561325
1.0,0.0297161778728365,0.995073800602641
1.0,0.0297175940509746,0.995146564742409
1.0,0.0297189893109615,0.99521825409417
1.0,0.0297203639617758,0.995288884533452
1.0,0.0297217183078327,0.995358471701291
1.0,0.0297230526490506,0.99542703100769
1.0,0.0297243672809182,0.995494577635033
1.0,0.0297256624945588,0.995561126541448
1.0,0.0297269385767962,0.99562669246412
1.0,0.0297281958102176,0.99569128992255
1.0,0.0297294344732362,0.995754933221777
1.0,0.0297306548401521,0.99581763645554
1.0,0.0297318571812144,0.995879413509402
1.0,0.0297330417626804,0.995940278063827
1.0,0.0297342088468744,0.996000243597204
1.0,0.0297353586922455,0.996059323388836
1.0,0.0297364915534264,0.996117530521878
1.0,0.0297376076812874,0.996174877886238
1.0,0.0297387073229942,0.996231378181429
1.0,0.0297397907220607,0.996287043919378
1.0,0.0297408581184053,0.996341887427205
1.0,0.0297419097484013,0.996395920849944
1.0,0.029742945844931,0.996449156153239
1.0,0.0297439666374368,0.99650160512599
1.0,0.0297449723519725,0.996553279382966
1.0,0.029745963211252,0.996604190367376
1.0,0.0297469394347003,0.996654349353402
1.0,0.0297479012385011,0.996703767448698
1.0,0.0297488488356443,0.996752455596847
1.0,0.0297497824359749,0.996800424579788
1.0,0.0297507022462375,0.9968476850202
1.0,0.029751608470123,0.996894247383856
1.0,0.029752501308314,0.996940121981942
1.0,0.029753380958528,0.996985318973339
1.0,0.0297542476155628,0.997029848366871
1.0,0.0297551014713389,0.997073720023524
1.0,0.0297559427149416,0.997116943658629
1.0,0.0297567715326632,0.997159528844015
1.0,0.0297575881080447,0.997201485010124
1.0,0.029758392621916,0.997242821448104
1.0,0.0297591852524357,0.997283547311865
1.0,0.0297599661751309,0.997323671620106
1.0,0.0297607355629359,0.99736320325831
1.0,0.0297614935862311,0.997402150980718
1.0,0.0297622404128801,0.997440523412259
1.0,0.0297629762082658,0.997478329050469
1.0,0.0297637011353307,0.997515576267364
1.0,0.0297644153546088,0.9975522733113
1.0,0.0297651190242625,0.997588428308799
1.0,0.0297658123001192,0.997624049266345
1.0,0.029766495335704,0.997659144072162
1.0,0.0297671682822744,0.997693720497956
1.0,0.0297678312888536,0.99772778620064
1.0,0.0297684845022639,0.997761348724026
1.0,0.0297691280671581,0.9977944155005
1.0,0.0297697621260542,0.997826993852663
1.0,0.0297703868193626,0.997859090994956
1.0,0.0297710022854214,0.997890714035258
1.0,0.0297716086605249,0.997921869976455
1.0,0.0297722060789543,0.997952565717998
1.0,0.0297727946730073,0.997982808057425
1.0,0.0297733745730278,0.99801260369187
1.0,0.0297739459074333,0.998041959219544
1.0,0.029774508802745,0.998070881141198
1.0,0.029775063383616,0.99809937586156
1.0,0.0297756097728576,0.998127449690754
1.0,0.0297761480914676,0.998155108845699
1.0,0.0297766784586548,0.998182359451487
1.0,0.02977720099187,0.998209207542733
1.0,0.0297777158068264,0.99823565906492
1.0,0.0297782230175294,0.998261719875708
1.0,0.0297787227363009,0.998287395746236
1.0,0.0297792150738021,0.998312692362397
1.0,0.0297797001390614,0.9983376153261
1.0,0.029780178039496,0.998362170156509
1.0,0.029780648880936,0.998386362291263
1.0,0.0297811127676488,0.998410197087686
1.0,0.0297815698023622,0.998433679823967
1.0,0.0297820200862851,0.998456815700333
1.0,0.0297824637191328,0.998479609840198
1.0,0.0297829007991477,0.998502067291301
1.0,0.0297833314231208,0.99852419302682
1.0,0.0297837556864124,0.998545991946474
1.0,0.0297841736829754,0.998567468877613
1.0,0.0297845855053753,0.998588628576278
1.0,0.0297849912448092,0.998609475728262
1.0,0.0297853909911279,0.998630014950144
1.0,0.0297857848328547,0.998650250790314
1.0,0.0297861728572051,0.998670187729976
1.0,0.0297865551501075,0.998689830184143
1.0,0.0297869317962194,0.998709182502617
1.0,0.0297873028789493,0.998728248970946
1.0,0.0297876684804728,0.998747033811381
1.0,0.0297880286817516,0.998765541183803
1.0,0.0297883835625528,0.998783775186651
1.0,0.0297887332014635,0.998801739857824
1.0,0.0297890776759113,0.99881943917558
1.0,0.0297894170621795,0.998836877059414
1.0,0.0297897514354251,0.998854057370925
1.0,0.0297900808696947,0.998870983914677
1.0,0.0297904054379403,0.998887660439033
1.0,0.0297907252120384,0.998904090636991
1.0,0.0297910402628019,0.998920278147003
1.0,0.0297913506599987,0.998936226553774
1.0,0.0297916564723655,0.998951939389061
1.0,0.0297919577676249,0.998967420132456
1.0,0.0297922546124976,0.998982672212151
1.0,0.0297925470727203,0.998997699005704
1.0,0.0297928352130574,0.999012503840782
1.0,0.029793119097318,0.9990270899959
1.0,0.0297933987883672,0.999041460701145
1.0,0.0297936743481426,0.999055619138896
1.0,0.0297939458376666,0.999069568444522
0.0,-0.14030578668294,1.0269451788070842
0.0,-0.133328721175443,0.9694819290700104
0.0,-0.113170370496775,0.7797494538224826
0.0,-0.0871950203613598,0.6137490903069136
0.0,-0.0606526790473323,0.5028716957898844
0.0,-0.0368672225539546,0.3552204082313334
0.0,-0.0175784908468184,0.23643536636005838
0.0,-0.0033398849489398,0.14929479201669138
0.0,0.0060961162074486,0.09182263830619668
0.0,0.0114450393326386,0.05932402993131508
0.0,0.0136290890324583,0.04596633589399978
0.0,0.0135908151142288,-0.009830405915605082
0.0,0.0121751142867242,0.05391927029608378
0.0,0.0100674383787538,0.010157412515962416
0.0,0.0077741077739432,0.07873756424615638
0.0,0.0056310540879973,0.034775157112214725
0.0,0.0038291800897437,0.04433712260580362
0.0,0.0024470634295475,0.10699771447199997
0.0,0.0014843908702462,0.11135451745059878
0.0,0.0008919340499429,0.05773940993679272
0.0,0.000595872187474,0.05807085195187672
0.0,0.0005157614018884,0.05712728447533512
0.0,0.0005764594311673,0.05537144876875322
0.0,0.0007149045553388,0.10891118291817169
0.0,0.0008829084734057,0.10658936044693258
0.0,0.0010471491089509,0.04860414701755662
0.0,0.0011874268352654,0.046520769205425125
0.0,0.001294047184132,0.10039328805844278
0.0,0.0013649677624243,0.09878242058650868
0.0,0.0014031326665296,0.04166690241315342
0.0,0.001414235105826,0.040457125846820916
0.0,0.0014050074950111,0.09511051572326928
0.0,0.0013820388923914,0.09413857208114489
0.0,0.0013510580094391,0.03750599666424331
0.0,0.0013165889899965,0.09235635638395417
0.0,0.0012818787631415,0.09149877647131398
0.0,0.0012490014048263,0.03492080365917592
0.0,0.0012190601218502,0.034063365710030616
0.0,0.001192426177889,0.08892433266778058
0.0,0.0011689727878043,0.08805706921390008
0.0,0.0011482785245386,0.03146412688542622
0.0,0.0011297880105087,0.030596271099833816
0.0,0.0011129273036956,0.029733119541065917
0.0,0.0010971776721141,0.08460137854404458
0.0,0.0010821149170399,0.08375594716856508
0.0,0.0010674227186818,0.08292225389499708
0.0,0.0010528883014796,0.026377622188683718
0.0,0.0010383876359307,0.08129377317610638
0.0,0.001023865879187,0.08049960750726878
0.0,0.0010093171496684,0.023994938894441216
0.0,0.0009947662546879,0.023226872099591518
0.0,0.0009802537676489,0.07819495678330908
0.0,0.0009658249294834,0.021727519979264816
0.0,0.0009515222214298,0.020995317887740318
0.0,0.0009373810847363,0.07599795284451769
0.0,0.000923428093716,0.07528761745907248
0.0,0.0009096808647554,0.07458776518367669
0.0,0.000896149053041,0.01817443249502352
0.0,0.0008828359075114,0.01749489990633072
0.0,0.0008697399901876,0.07254901017750158
0.0,0.0008568567962623,0.01616542408630972
0.0,0.0008441801229944,0.07123895404143238
0.0,0.0008317031225095,0.07059827889180778
0.0,0.0008194190352195,0.014243281518808118
0.0,0.0008073216391922,0.01362131197086442
0.0,0.0007954054706251,0.013008515187611418
0.0,0.0007836658764315,0.06812850173204608
0.0,0.0007720989564323,0.011809942976074815
0.0,0.0007607014437486,0.06694764804304079
0.0,0.0007494705607774,0.06637028588155158
0.0,0.0007384038768051,0.010077728115319116
0.0,0.0007274991832321,0.009517315575460518
0.0,0.0007167543942638,0.00896518787103362
0.0,0.0007061674749601,0.06414495478934648
0.0,0.0006957363946198,0.06360902554072848
0.0,0.000685459101281,0.0073572798751469215
0.0,0.0006753335122476,0.06256080230267838
0.0,0.0006653575156128,0.062048274248989184
0.0,0.00065552897837,0.005819581772830422
0.0,0.0006458457576098,0.061045815466754284
0.0,0.000636305712263,0.06055566255623008
0.0,0.000626906713759,0.06007274880682758
0.0,0.0006176466547078,0.0038732332445228154
0.0,0.0006085234552904,0.059128213290806184
0.0,0.0005995350674266,0.002942648511908317
0.0,0.0005906794770253,0.058211373580150785
0.0,0.0005819547047336,0.05776308524474438
0.0,0.0005733588056148,0.05732141850937328
0.0,0.0005648898681546,0.001162541414098918
0.0,0.0005565460129151,0.0007338260196257176
0.0,0.0005483253910836,0.0003114431924446173
0.0,0.0005402261830791,0.05561903358989238
0.0,0.0005322465973103,0.05520903664454899
0.0,0.0005243848691304,0.05480509574775358
0.0,0.0005166392599903,-0.001316612767788581
0.0,0.0005090080567706,0.05401502555384368
0.0,0.0005014895712604,-0.0020950129269364827
0.0,0.0004940821397453,-0.00247561116426398
0.0,0.0004867841226691,-0.0028505876460036828
0.0,0.0004795939043413,0.052503708787134076
0.0,0.0004725098926646,0.0242778608226581
0.0,0.0004655305188687,0.0239192562576521
0.0,0.0004586542372383,0.023565948580456
0.0,0.0004518795248321,0.0232178595527135
0.0,0.000445204881189,0.0228749120917816
0.0,0.0004386288280254,0.0225370302534901
0.0,0.0004321499089232,0.0222041392152324
0.0,0.0004257666890137,0.0218761652593645
0.0,0.0004194777546586,0.0215530357568892
0.0,0.000413281713132,0.0212346791514055
0.0,0.0004071771923056,0.0209210249433071
0.0,0.0004011628403368,0.0206120036742158
0.0,0.0003952373253628,0.020307546911642
0.0,0.0003893993352001,0.0200075872338649
0.0,0.0003836475770497,0.0197120582150267
0.0,0.0003779807772076,0.0194208944104407
0.0,0.0003723976807819,0.0191340313421078
0.0,0.0003668970514128,0.0188514054844426
0.0,0.000361477671,0.0185729542502059
0.0,0.0003561383394326,0.0182986159766425
0.0,0.0003508778743237,0.0180283299118231
0.0,0.00034569511075,0.017762036201186
0.0,0.0003405889009935,0.0174996758742796
0.0,0.0003355581142883,0.0172411908316996
0.0,0.0003306016365708,0.0169865238322213
0.0,0.0003257183702329,0.016735618480121
0.0,0.0003209072338791,0.0164884192126869
0.0,0.0003161671620874,0.016244871287914
0.0,0.0003114971051734,0.0160049207723814
0.0,0.0003068960289573,0.015768514529309
0.0,0.0003023629145356,0.0155356002067907
0.0,0.0002978967580549,0.0153061262262013
0.0,0.0002934965704895,0.015080041770775
0.0,0.0002891613774229,0.0148572967743522
0.0,0.0002848902188312,0.0146378419102928
0.0,0.0002806821488711,0.0144216285805527
0.0,0.0002765362356703,0.0142086089049224
0.0,0.0002724515611208,0.0139987357104237
0.0,0.0002684272206758,0.0137919625208634
0.0,0.0002644623231496,0.0135882435465412
0.0,0.0002605559905199,0.0133875336741095
0.0,0.0002567073577336,0.0131897884565834
0.0,0.0002529155725151,0.0129949641034974
0.0,0.0002491797951776,0.0128030174712085
0.0,0.0002454991984373,0.012613906053342
0.0,0.00024187296723,0.0124275879713782
0.0,0.0002383002985306,0.0122440219653787
0.0,0.0002347804011757,0.0120631673848492
0.0,0.0002313124956875,0.011884984179738
0.0,0.0002278958141023,0.0117094328915662
0.0,0.0002245295997995,0.0115364746446903
0.0,0.0002212131073346,0.0113660711376929
0.0,0.000217945602274,0.011198184634901
0.0,0.0002147263610321,0.0110327779580295
0.0,0.0002115546707115,0.0108698144779479
0.0,0.0002084298289447,0.0107092581065694
0.0,0.000205351143739,0.0105510732888583
0.0,0.0002023179333227,0.0103952249949573
0.0,0.0001993295259948,0.0102416787124297
0.0,0.0001963852599756,0.0100904004386166
0.0,0.0001934844832606,0.0099413566731073
0.0,0.0001906265534759,0.0097945144103205
0.0,0.0001878108377361,0.0096498411321954
0.0,0.0001850367125039,0.0095073048009905
0.0,0.0001823035634523,0.0093668738521888
0.0,0.0001796107853284,0.009228517187508
0.0,0.0001769577818193,0.0090922041680137
0.0,0.0001743439654204,0.0089579046073349
0.0,0.0001717687573047,0.0088255887649783
0.0,0.0001692315871952,0.0086952273397434
0.0,0.0001667318932383,0.008566791463233
0.0,0.0001642691218796,0.0084402526934606
0.0,0.0001618427277408,0.008315583008552
0.0,0.0001594521734998,0.0081927548005399
0.0,0.0001570969297707,0.00807174086925
0.0,0.0001547764749874,0.0079525144162775
0.0,0.0001524902952877,0.0078350490390529
0.0,0.0001502378843996,0.0077193187249951
0.0,0.0001480187435291,0.0076052978457506
0.0,0.0001458323812498,0.0074929611515187
0.0,0.0001436783133943,0.0073822837654594
0.0,0.0001415560629464,0.0072732411781849
0.0,0.0001394651599361,0.0071658092423318
0.0,0.0001374051413352,0.0070599641672135
0.0,0.0001353755509547,0.0069556825135524
0.0,0.0001333759393442,0.0068529411882885
0.0,0.0001314058636917,0.006751717439466
0.0,0.000129464887726,0.006651988851195
0.0,0.0001275525816203,0.0065537333386869
0.0,0.0001256685218964,0.0064569291433644
0.0,0.0001238122913311,0.0063615548280428
0.0,0.0001219834788644,0.0062675892721827
0.0,0.0001201816795077,0.006175011667213
0.0,0.0001184064942543,0.0060838015119229
0.0,0.0001166575299915,0.0059939386079218
0.0,0.000114934399413,0.0059054030551664
0.0,0.0001132367209334,0.005818175247554
0.0,0.0001115641186037,0.0057322358685805
0.0,0.0001099162220278,0.0056475658870631
0.0,0.0001082926662808,0.0055641465529257
0.0,0.000106693091828,0.0054819593930465
0.0,0.0001051171444455,0.0054009862071676
0.0,0.0001035644751413,0.0053212090638642
0.0,0.0001020347400786,0.0052426102965739
0.0,0.0001005276004991,0.0051651724996844
0.0,9.90427226484278e-05,0.005088878524679
0.0,9.7579777701938e-05,0.0050137114763392
0.0,9.61384416920535e-05,0.0049396547090031
0.0,9.47183954364897e-05,0.0048666918228793
0.0,9.33193244675307e-05,0.0047948066604155
0.0,9.19409189624118e-05,0.0047239833027197
0.0,9.05828736747355e-05,0.0046542060660359
0.0,8.92448878668101e-05,0.00458545949827
0.0,8.79266652431265e-05,0.0045177283755687
0.0,8.66279138847306e-05,0.004450997698948
0.0,8.53483461845037e-05,0.0043852526909713
0.0,8.40876787835607e-05,0.0043204787924776
0.0,8.28456325084881e-05,0.0042566616593567
0.0,8.16219323094558e-05,0.0041937871593734
0.0,8.04163071993769e-05,0.0041318413690373
0.0,7.92284901938653e-05,0.00407081057052
0.0,7.80582182521444e-05,0.0040106812486168
0.0,7.69052322187325e-05,0.0039514400877543
0.0,7.57692767661203e-05,0.0038930739690412
0.0,7.46501003381986e-05,0.0038355699673633
0.0,7.35474550945664e-05,0.0037789153485216
0.0,7.24610968556028e-05,0.0037230975664117
0.0,7.13907850484544e-05,0.0036681042602459
0.0,7.0336282653724e-05,0.0036139232518158
0.0,6.92973561530058e-05,0.0035605425427954
0.0,6.82737754771207e-05,0.0035079503120844
0.0,6.72653139552476e-05,0.0034561349131899
0.0,6.62717482646652e-05,0.0034050848716476
0.0,6.5292858381312e-05,0.0033547888824808
0.0,6.43284275311032e-05,0.0033052358076969
0.0,6.33782421418441e-05,0.003256414673821
0.0,6.24420917960111e-05,0.0032083146694655
0.0,6.15197691841221e-05,0.0031609251429363
0.0,6.06110700588289e-05,0.0031142355998739
0.0,5.97157931896825e-05,0.0030682357009291
0.0,5.88337403185854e-05,0.0030229152594741
0.0,5.79647161158894e-05,0.0029782642393457
0.0,5.71085281371106e-05,0.0029342727526238
0.0,5.62649867803522e-05,0.0028909310574411
0.0,5.54339052442829e-05,0.0028482295558258
0.0,5.46150994868017e-05,0.0028061587915764
0.0,5.38083881842372e-05,0.0027647094481675
0.0,5.30135926912548e-05,0.0027238723466866
0.0,5.22305370012528e-05,0.0026836384438017
0.0,5.14590477073869e-05,0.0026439988297584
0.0,5.06989539641768e-05,0.0026049447264067
0.0,4.99500874496968e-05,0.0025664674852576
0.0,4.92122823282509e-05,0.0025285585855676
0.0,4.84853752136978e-05,0.0024912096324516
0.0,4.77692051332433e-05,0.0024544123550241
0.0,4.70636134917886e-05,0.0024181586045679
0.0,4.63684440368227e-05,0.0023824403527288
0.0,4.56835428238218e-05,0.0023472496897385
0.0,4.50087581821551e-05,0.0023125788226627
0.0,4.43439406814794e-05,0.0022784200736751
0.0,4.36889430986895e-05,0.0022447658783577
0.0,4.30436203852705e-05,0.0022116087840251
0.0,4.24078296351986e-05,0.0021789414480744
0.0,4.17814300532997e-05,0.0021467566363595
0.0,4.11642829240728e-05,0.0021150472215883
0.0,4.05562515809373e-05,0.0020838061817452
0.0,3.99572013760063e-05,0.0020530265985356
0.0,3.93669996502574e-05,0.0020227016558539
0.0,3.87855157041699e-05,0.0019928246382743
0.0,3.82126207687412e-05,0.0019633889295633
0.0,3.76481879769963e-05,0.001934388011215
0.0,3.70920923359157e-05,0.0019058154610074
0.0,3.65442106987079e-05,0.0018776649515799
0.0,3.6004421737585e-05,0.0018499302490326
0.0,3.54726059168566e-05,0.0018226052115455
0.0,3.49486454664823e-05,0.0017956837880184
0.0,3.44324243559853e-05,0.0017691600167312
0.0,3.39238282687573e-05,0.0017430280240232
0.0,3.34227445767422e-05,0.0017172820229929
0.0,3.29290623155044e-05,0.0016919163122161
0.0,3.24426721596272e-05,0.0016669252744834
0.0,3.19634663985442e-05,0.0016423033755565
0.0,3.1491338912646e-05,0.0016180451629424
0.0,3.10261851498156e-05,0.001594145264686
0.0,3.05679021022562e-05,0.0015705983881807
0.0,3.01163882836762e-05,0.0015473993189959
0.0,2.9671543706828e-05,0.0015245429197229
0.0,2.92332698613625e-05,0.0015020241288366
0.0,2.88014696920025e-05,0.0014798379595751
0.0,2.83760475770674e-05,0.0014579794988351
0.0,2.79569093072987e-05,0.001436443906084
0.0,2.75439620649638e-05,0.0014152264122879
0.0,2.71371144033514e-05,0.0013943223188559
0.0,2.67362762264769e-05,0.0013737269965988
0.0,2.63413587691646e-05,0.0013534358847049
0.0,2.59522745773635e-05,0.0013334444897291
0.0,2.55689374888037e-05,0.0013137483845987
0.0,2.51912626139002e-05,0.0012943432076324
0.0,2.48191663169538e-05,0.0012752246615746
0.0,2.44525661976438e-05,0.001256388512644
0.0,2.40913810727692e-05,0.0012378305895956
0.0,2.37355309582708e-05,0.0012195467827975
0.0,2.33849370515297e-05,0.0012015330433202
0.0,2.3039521713895e-05,0.0011837853820405
0.0,2.26992084535176e-05,0.0011662998687581
0.0,2.23639219083908e-05,0.0011490726313249
0.0,2.20335878296733e-05,0.0011320998547876
0.0,2.17081330652381e-05,0.0011153777805432
0.0,2.13874855434781e-05,0.0010989027055064
0.0,2.1071574257344e-05,0.0010826709812896
0.0,2.0760329248623e-05,0.0010666790133949
0.0,2.04536815924406e-05,0.0010509232604182
0.0,2.01515633820089e-05,0.0010354002332652
0.0,1.98539077135712e-05,0.001020106494378
0.0,1.95606486716026e-05,0.0010050386569748
0.0,1.92717213142041e-05,0.0009901933842991
0.0,1.89870616587248e-05,0.0009755673888814
0.0,1.8706606667588e-05,0.0009611574318106
0.0,1.84302942343399e-05,0.0009469603220174
0.0,1.81580631698902e-05,0.0009329729155671
0.0,1.78898531889606e-05,0.0009191921149636
0.0,1.76256048967441e-05,0.0009056148684634
0.0,1.73652597757375e-05,0.0008922381694
0.0,1.7108760172798e-05,0.0008790590555177
0.0,1.68560492863588e-05,0.0008660746083159
0.0,1.66070711538745e-05,0.000853281952403
0.0,1.63617706393972e-05,0.0008406782548589
0.0,1.61200934214005e-05,0.0008282607246084
0.0,1.58819859807195e-05,0.0008160266118028
0.0,1.56473955887203e-05,0.0008039732072111
0.0,1.54162702956095e-05,0.0007920978416198
0.0,1.51885589189469e-05,0.000780397885242
0.0,1.49642110322881e-05,0.0007688707471349
0.0,1.47431769540376e-05,0.0007575138746262
0.0,1.4525407736438e-05,0.0007463247527487
0.0,1.43108551547266e-05,0.0007353009036836
0.0,1.40994716964684e-05,0.0007244398862112
0.0,1.38912105510248e-05,0.0007137392951709
0.0,1.36860255991866e-05,0.0007031967609284
1.0,0.170113483871403,0.02855467704885128
1.0,0.163136482724196,0.08602123365879048
1.0,0.14297819545516,0.16430949853386762
1.0,0.117002907792764,0.3303130719531606
1.0,0.0904606280289756,0.5526410973609164
1.0,0.066675232176688,0.7002955006975243
1.0,0.0473865602149217,0.8190836123241744
1.0,0.0331480131799237,0.9062272110800264
1.0,0.0237120700169607,0.9637023445298724
1.0,0.0183632040285843,0.9962038886308294
1.0,0.0161792106216191,1.0095644750310584
1.0,0.0162175400012099,0.9539165980809237
1.0,0.0176332954708643,1.0016171978178963
1.0,0.0197410252138739,0.9339343532768046
1.0,0.0220344088585344,0.9768043951680714
1.0,0.0241775148008867,0.9093220188696416
1.0,0.0259794402836753,0.8997626986844356
1.0,0.027361607667936,0.9485521814531764
1.0,0.0283243302020646,0.9441979462132154
1.0,0.0289168362590249,0.8863681151379816
1.0,0.0292129466308833,0.8860391655664066
1.0,0.0292931052093336,0.8869851886709557
1.0,0.0292324542669787,0.8887434437338376
1.0,0.029094055534217,0.9466535616047774
1.0,0.0289260973223198,0.9489777324882814
1.0,0.0287619017178252,0.8955177912418806
1.0,0.0286216683574146,0.8976034486025696
1.0,0.0285150917191299,0.9551806440272473
1.0,0.0284442142057771,0.9567937242033584
1.0,0.0284060917305058,0.9024639539973737
1.0,0.0283950310933336,0.9036758783836146
1.0,0.0284042998888197,0.9604720730019564
1.0,0.028427309067778,0.9614461014823564
1.0,0.0284583299277223,0.9066332625427026
1.0,0.0284928383336627,0.9632323949264784
1.0,0.0285275873652435,0.9640919686507874
1.0,0.0285605029551059,0.9092244374243046
1.0,0.028590481904917,0.9100838107195486
1.0,0.0286171529593418,0.9666722189211974
1.0,0.0286406429117372,0.9675413609700224
1.0,0.0286613731972576,0.9126886857449996
1.0,0.0286798992014627,0.9135583650385266
1.0,0.0286967948742312,0.9144233131704707
1.0,0.0287125789552909,0.9710042926037614
1.0,0.0287276756509958,0.9718514678705734
1.0,0.0287424012886524,0.9726868792767214
1.0,0.0287569686512263,0.9177857353373396
1.0,0.0287715017755159,0.9743187205008084
1.0,0.0287860555115573,0.9751145292864414
1.0,0.0288006357480124,0.9201733483458356
1.0,0.0288152176845449,0.9209430100755186
1.0,0.0288297607546262,0.9774239651680954
1.0,0.0288442197240963,0.9224454817378727
1.0,0.0288585521183897,0.9231792091274116
1.0,0.028872722502832,0.9796255453387054
1.0,0.0288867043095873,0.9803373612950623
1.0,0.0289004799286499,0.9810386722720834
1.0,0.0289140397111207,0.9260059737161006
1.0,0.0289273804142545,0.9266869222321567
1.0,0.0289405034821331,0.9830816753739043
1.0,0.0289534134255773,0.9280191674724876
1.0,0.0289661164532506,0.9843944600235974
1.0,0.0289786194188639,0.9850364692781564
1.0,0.0289909290877552,0.9299453126502286
1.0,0.0290030516875226,0.9305685771824587
1.0,0.0290149926875487,0.9311826498219816
1.0,0.0290267567464197,0.9875113886883414
1.0,0.029038347769732,0.9323837174879887
1.0,0.0290497690297027,0.9886947009718394
1.0,0.0290610233091937,0.9892732652614814
1.0,0.029072113044099,0.9341195389994146
1.0,0.029083040448123,0.9346811184168016
1.0,0.0290938076120899,0.9352343957629866
1.0,0.0291044165758945,0.9915032299052504
1.0,0.02911486937512,0.9920402750840874
1.0,0.0291251680665372,0.9368456517966506
1.0,0.0291353147375812,0.9930906809763403
1.0,0.0291453115048279,0.9936042762373614
1.0,0.0291551605058826,0.9383865517572926
1.0,0.0291648638881874,0.9946088223764293
1.0,0.0291744237972755,0.9950999958986984
1.0,0.0291838423661164,0.9955839151845464
1.0,0.0291931217064341,0.9403369530306697
1.0,0.0292022639023171,0.9965304174349674
1.0,0.0292112710060526,0.9412694754473506
1.0,0.0292201450358769,0.9974491662084534
1.0,0.0292288879752254,0.9978983879788694
1.0,0.0292375017730577,0.9983409743616244
1.0,0.0292459883448528,0.9430532891203096
1.0,0.029254349573953,0.9434828971948707
1.0,0.0292625873130186,0.9439061595164986
1.0,0.0292707033854209,1.0000469040226214
1.0,0.0292786995864864,1.0004577546725404
1.0,0.0292865776845408,1.0008625366639725
1.0,0.0292943394217586,0.9455376054504686
1.0,0.0293019865148303,1.0016542519596214
1.0,0.0293095206554861,0.9463176264118096
1.0,0.0293169435109073,0.9466990171392986
1.0,0.029324256724065,0.9470747744054486
1.0,0.0293314619140155,1.0031687156238762
1.0,0.0293385606761709,0.975671587277417
1.0,0.0293455545825689,0.976030938536825
1.0,0.0293524451821428,0.976384981879113
1.0,0.0293592340010043,0.976733795705551
1.0,0.0293659225427381,0.977077457259288
1.0,0.0293725122887056,0.977416042642628
1.0,0.029379004698358,0.977749626833978
1.0,0.0293854012095502,0.97807828370448
1.0,0.0293917032388651,0.978402086034361
1.0,0.0293979121819272,0.97872110552902
1.0,0.0294040294137228,0.979035412834859
1.0,0.029410056288909,0.979345077554883
1.0,0.0294159941421221,0.979650168264074
1.0,0.0294218442882774,0.97995075252454
1.0,0.0294276080228661,0.980246896900451
1.0,0.0294332866222444,0.980538666972765
1.0,0.0294388813439175,0.980826127353737
1.0,0.0294443934268187,0.981109341701228
1.0,0.0294498240915855,0.981388372732797
1.0,0.0294551745408271,0.981663282239594
1.0,0.029460445959393,0.981934131100049
1.0,0.0294656395146318,0.982200979293353
1.0,0.0294707563566516,0.982463885912747
1.0,0.029475797618572,0.982722909178612
1.0,0.0294807644167774,0.982978106451361
1.0,0.0294856578511606,0.983229534244147
1.0,0.0294904790053694,0.983477248235374
1.0,0.0294952289470438,0.983721303281033
1.0,0.0294999087280539,0.983961753426848
1.0,0.0295045193847328,0.984198651920239
1.0,0.029509061938106,0.984432051222122
1.0,0.0295135373941169,0.98466200301852
1.0,0.0295179467438502,0.98488855823201
1.0,0.0295222909637516,0.985111767033002
1.0,0.0295265710158443,0.985331678850843
1.0,0.0295307878479412,0.985548342384771
1.0,0.0295349423938542,0.985761805614692
1.0,0.0295390355736036,0.985972115811808
1.0,0.0295430682936195,0.986179319549087
1.0,0.0295470414469432,0.986383462711573
1.0,0.0295509559134253,0.986584590506549
1.0,0.0295548125599197,0.986782747473551
1.0,0.0295586122404778,0.986977977494223
1.0,0.0295623557965337,0.987170323802043
1.0,0.0295660440570942,0.987359828991896
1.0,0.0295696778389203,0.9875465350295
1.0,0.0295732579467096,0.987730483260706
1.0,0.0295767851732727,0.987911714420651
1.0,0.0295802602997106,0.988090268642781
1.0,0.0295836840955861,0.988266185467736
1.0,0.0295870573190951,0.988439503852107
1.0,0.0295903807172337,0.988610262177063
1.0,0.0295936550259659,0.988778498256852
1.0,0.0295968809703833,0.988944249347173
1.0,0.0296000592648678,0.989107552153424
1.0,0.0296031906132492,0.989268442838838
1.0,0.0296062757089617,0.989426957032482
1.0,0.0296093152351962,0.989583129837155
1.0,0.0296123098650518,0.989736995837155
1.0,0.029615260261687,0.989888589105943
1.0,0.0296181670784637,0.990037943213684
1.0,0.0296210309590934,0.990185091234685
1.0,0.0296238525377788,0.990330065754716
1.0,0.0296266324393559,0.99047289887823
1.0,0.0296293712794307,0.990613622235466
1.0,0.0296320696645171,0.990752266989461
1.0,0.0296347281921687,0.990888863842945
1.0,0.0296373474511145,0.991023443045146
1.0,0.0296399280213855,0.991156034398482
1.0,0.0296424704744467,0.991286667265166
1.0,0.0296449753733219,0.991415370573705
1.0,0.0296474432727176,0.991542172825309
1.0,0.029649874719148,0.991667102100198
1.0,0.0296522702510542,0.991790186063828
1.0,0.0296546303989238,0.991911451973008
1.0,0.0296569556854094,0.992030926681943
1.0,0.0296592466254431,0.99214863664818
1.0,0.0296615037263512,0.992264607938462
1.0,0.0296637274879661,0.992378866234509
1.0,0.0296659184027375,0.992491436838695
1.0,0.0296680769558406,0.992602344679661
1.0,0.0296702036252854,0.992711614317828
1.0,0.0296722988820202,0.992819269950839
1.0,0.0296743631900376,0.992925335418919
1.0,0.029676397006476,0.993029834210151
1.0,0.0296784007817221,0.993132789465679
1.0,0.02968037495951,0.993234223984834
1.0,0.0296823199770189,0.993334160230182
1.0,0.0296842362649707,0.993432620332496
1.0,0.0296861242477255,0.99352962609566
1.0,0.0296879843433755,0.993625199001495
1.0,0.0296898169638358,0.993719360214518
1.0,0.0296916225149393,0.993812130586629
1.0,0.0296934013965227,0.993903530661726
1.0,0.0296951540025174,0.993993580680257
1.0,0.0296968807210367,0.994082300583703
1.0,0.02969858193446,0.99416971001899
1.0,0.0297002580195196,0.994255828342843
1.0,0.0297019093473825,0.994340674626072
1.0,0.0297035362837328,0.994424267657796
1.0,0.029705139188855,0.994506625949601
1.0,0.0297067184177102,0.994587767739642
1.0,0.0297082743200168,0.994667710996682
1.0,0.0297098072403279,0.994746473424067
1.0,0.0297113175181067,0.994824072463654
1.0,0.0297128054878031,0.994900525299665
1.0,0.029714271478926,0.994975848862499
1.0,0.0297157158161174,0.995050059832478
1.0,0.029717138819225,0.99512317464354
1.0,0.0297185408033702,0.995195209486883
1.0,0.0297199220790219,0.995266180314544
1.0,0.0297212829520612,0.995336102842937
1.0,0.0297226237238533,0.99540499255633
1.0,0.0297239446913091,0.995472864710276
1.0,0.0297252461469566,0.99553973433499
1.0,0.0297265283790011,0.995605616238679
1.0,0.0297277916713918,0.99567052501082
1.0,0.0297290363038831,0.99573447502539
1.0,0.0297302625520979,0.995797480444051
1.0,0.0297314706875871,0.995859555219285
1.0,0.0297326609778914,0.995920713097483
1.0,0.0297338336865995,0.995980967621993
1.0,0.0297349890734058,0.996040332136114
1.0,0.0297361273941699,0.996098819786053
1.0,0.0297372489009722,0.996156443523838
1.0,0.0297383538421678,0.996213216110183
1.0,0.0297394424624462,0.996269150117316
1.0,0.0297405150028802,0.996324257931763
1.0,0.029741571700983,0.99637855175709
1.0,0.0297426127907596,0.996432043616605
1.0,0.0297436385027581,0.996484745356025
1.0,0.0297446490641209,0.996536668646091
1.0,0.0297456446986362,0.996587824985162
1.0,0.0297466256267855,0.996638225701752
1.0,0.0297475920657952,0.996687881957046
1.0,0.0297485442296812,0.996736804747369
1.0,0.0297494823293001,0.99678500490662
1.0,0.0297504065723926,0.996832493108672
1.0,0.0297513171636314,0.996879279869735
1.0,0.029752214304666,0.996925375550689
1.0,0.0297530981941669,0.996970790359371
1.0,0.0297539690278712,0.997015534352843
1.0,0.0297548269986236,0.997059617439614
1.0,0.029755672296421,0.997103049381835
1.0,0.0297565051084534,0.997145839797464
1.0,0.0297573256191463,0.997187998162391
1.0,0.0297581340102009,0.997229533812541
1.0,0.0297589304606345,0.99727045594594
1.0,0.0297597151468207,0.99731077362475
1.0,0.0297604882425266,0.997350495777276
1.0,0.0297612499189539,0.997389631199947
1.0,0.0297620003447749,0.997428188559261
1.0,0.0297627396861702,0.997466176393702
1.0,0.0297634681068673,0.997503603115636
1.0,0.0297641857681725,0.99754047701317
1.0,0.0297648928290124,0.99757680625199
1.0,0.0297655894459652,0.997612598877164
1.0,0.0297662757732946,0.997647862814932
1.0,0.0297669519629877,0.997682605874456
1.0,0.0297676181647859,0.997716835749548
1.0,0.0297682745262193,0.997750560020377
1.0,0.029768921192638,0.997783786155146
1.0,0.0297695583072457,0.997816521511747
1.0,0.0297701860111308,0.99784877333939
1.0,0.0297708044432974,0.997880548780208
1.0,0.029771413740697,0.997911854870836
1.0,0.0297720140382574,0.997942698543976
1.0,0.0297726054689142,0.997973086629926
1.0,0.0297731881636394,0.998003025858094
1.0,0.0297737622514689,0.99803252285849
1.0,0.029774327859535,0.998061584163194
1.0,0.0297748851130912,0.998090216207798
1.0,0.0297754341355394,0.99811842533284
1.0,0.0297759750484612,0.9981462177852
1.0,0.0297765079716406,0.998173599719486
1.0,0.0297770330230933,0.998200577199397
1.0,0.0297775503190907,0.998227156199069
1.0,0.0297780599741879,0.998253342604392
1.0,0.0297785621012472,0.998279142214316
1.0,0.0297790568114649,0.998304560742138
1.0,0.0297795442143931,0.998329603816764
1.0,0.0297800244179669,0.998354276983954
1.0,0.0297804975285274,0.998378585707556
1.0,0.0297809636508435,0.998402535370711
1.0,0.0297814228881381,0.998426131277045
1.0,0.0297818753421089,0.998449378651846
1.0,0.0297823211129509,0.99847228264322
1.0,0.0297827602993799,0.998494848323232
1.0,0.029783192998653,0.998517080689027
1.0,0.0297836193065915,0.998538984663938
1.0,0.0297840393176003,0.998560565098578
1.0,0.0297844531246905,0.99858182677191
1.0,0.029784860819499,0.998602774392309
1.0,0.0297852624923101,0.998623412598602
1.0,0.0297856582320732,0.998643745961099
1.0,0.0297860481264249,0.9986637789826
1.0,0.0297864322617063,0.998683516099397
1.0,0.0297868107229842,0.998702961682253
1.0,0.0297871835940684,0.998722120037371
1.0,0.0297875509575307,0.998740995407348
1.0,0.0297879128947232,0.998759591972115
1.0,0.0297882694857967,0.998777913849861
1.0,0.0297886208097178,0.998795965097946
1.0,0.0297889669442872,0.998813749713799
1.0,0.0297893079661553,0.998831271635805
1.0,0.0297896439508414,0.998848534744173
1.0,0.029789974972749,0.998865542861802
1.0,0.0297903011051828,0.99888229975512
1.0,0.0297906224203639,0.998898809134923
1.0,0.0297909389894475,0.998915074657196
1.0,0.0297912508825375,0.998931099923921
1.0,0.0297915581687023,0.998946888483875
1.0,0.0297918609159897,0.99896244383342
1.0,0.0297921591914434,0.998977769417269
1.0,0.029792453061116,0.998992868629258
1.0,0.0297927425900839,0.999007744813089
1.0,0.0297930278424641,0.999022401263079
1.0,0.0297933088814251,0.999036841224881
1.0,0.0297935857692022,0.999051067896211
1.0,0.0297938585671123,0.999065084427549
1.0,0.0297941273355662,0.999078893922841
1.0,0.029794392134082,0.999092499440185
1.0,0.0297946530212991,0.999105903992507
1.0,0.0297949100549915,0.999119110548232
1.0,0.0297951632920781,0.999132122031938
1.0,0.0297954127886384,0.999144941325003
1.0,0.0297956585999231,0.999157571266246
1.0,0.0297959007803661,0.999170014652554
1.0,0.0297961393835997,0.9991822742395
1.0,0.029796374462461,0.999194352741958
1.0,0.0297966060690085,0.999206252834698
1.0,0.0297968342545309,0.999217977152985
1.0,0.0297970590695593,0.999229528293154
1.0,0.0297972805638795,0.999240908813195
1.0,0.0297974987865413,0.99925212123331
1.0,0.0297977137858689,0.999263168036478
1.0,0.0297979256094747,0.999274051669001
1.0,0.0297981343042661,0.999284774541049
1.0,0.0297983399164585,0.99929533902719
1.0,0.0297985424915848,0.999305747466918
1.0,0.0297987420745047,0.99931600216517
1.0,0.0297989387094157,0.999326105392839
1.0,0.0297991324398625,0.999336059387274
1.0,0.0297993233087464,0.999345866352775
1.0,0.0297995113583349,0.999355528461085
1.0,0.029799696630272,0.999365047851867
0.0,-0.140300120834415,1.0272362937331814
0.0,-0.133323139016303,0.9697687439819463
0.0,-0.113164870790855,0.7800320322351096
0.0,-0.0871896018907568,0.6140274947969167
0.0,-0.0606473406121322,0.5031459880096384
0.0,-0.0368619629719664,0.3554906489225554
0.0,-0.0175733089533132,0.2367016153672574
0.0,-0.0033347795963931,0.14955710830042337
0.0,0.0061011461496116,0.09208107995612018
0.0,0.0114499949782934,0.05957865417905498
0.0,0.013633971479027,0.04621719912582118
0.0,0.0135956254429241,-0.00958324814630998
0.0,0.0121798535627885,0.054162777335674483
0.0,0.010072107651694,0.01039732275022022
0.0,0.0077787080777652,0.07897393080294408
0.0,0.0056355864414334,0.03500803233465162
0.0,0.0038336454964786,0.04456655806385672
0.0,0.0024514628784408,0.10722376097390428
0.0,0.0014887253355512,0.11157722505410848
0.0,0.0008962044915221,0.057958827960266815
0.0,0.0006000795510121,0.05828702898520002
0.0,0.0005199066191018,0.05734026839067882
0.0,0.0005805434200092,0.05558128673117582
0.0,0.0007189282202046,0.10911792139606388
0.0,0.0008868727053317,0.10679304522230738
0.0,0.0010510547858119,0.04880482319618802
0.0,0.0011912748219693,0.046718481226836625
0.0,0.0012978383328113,0.10058807970574848
0.0,0.0013687029126249,0.09897433499610889
0.0,0.0014068126453965,0.041855982084287424
0.0,0.0014178607282864,0.04064341265097822
0.0,0.0014085795639554,0.09529405091346178
0.0,0.0013855581988501,0.09431939630104288
0.0,0.001354525332759,0.03768414995717542
0.0,0.0013200050980125,0.09253187820177518
0.0,0.0012852444123473,0.09167170568314108
0.0,0.0012523173405412,0.03509117855999681
0.0,0.0012223270783845,0.03423122402918352
0.0,0.0011956448787067,0.08908971157730948
0.0,0.0011721439456834,0.08822000533678628
0.0,0.0011514028417284,0.03162465630369842
0.0,0.0011328661788858,0.030754429362558816
0.0,0.0011159600049172,0.02988894167222062
0.0,0.0011001655777687,0.08475489905027188
0.0,0.0010850586887958,0.08390720004681568
0.0,0.0010703230084341,0.08307127264005779
0.0,0.0010557457514945,0.026524439800595018
0.0,0.0010412028789874,0.08143842216747028
0.0,0.001026639538718,0.08064211991044848
0.0,0.0010120498398977,0.02413534626865492
0.0,0.0009974585807667,0.023365205537900918
0.0,0.0009829063257897,0.07833124691950519
0.0,0.0009684383070928,0.021861796994651315
0.0,0.0009540969972371,0.02112761151781742
0.0,0.0009399178289231,0.07612829238556738
0.0,0.0009259273680413,0.07541603177464558
0.0,0.000912143222681,0.07471428271098508
0.0,0.0008985750398532,0.018299081251237317
0.0,0.0008852260604427,0.01761770749478262
0.0,0.0008720948385346,0.07267000379379968
0.0,0.0008591768615034,0.01628463052436012
0.0,0.0008464659189058,0.07135639969937228
0.0,0.0008339551552783,0.07071398977785148
0.0,0.0008216378035558,0.014357283257006616
0.0,0.0008095076344399,0.013733629806779918
0.0,0.0007975591768705,0.013119173993907517
0.0,0.0007857877706106,0.06823752601399628
0.0,0.0007741895084362,0.011917356876988916
0.0,0.0007627611165277,0.06705347534961129
0.0,0.000751499810444,0.06647455002912159
0.0,0.0007404031527344,0.010180452193071718
0.0,0.0007294689281618,0.009618522331531917
0.0,0.0007186950443916,0.009064899717550916
0.0,0.0007080794600409,0.06424319380739069
0.0,0.0006976201380607,0.06370581348522418
0.0,0.000687315020235,0.00745263817968022
0.0,0.0006771620177059,0.06265475208424298
0.0,0.0006671590124958,0.06214083631266308
0.0,0.0006573038656175,0.0059107766163829165
0.0,0.0006475944282684,0.061135663285185084
0.0,0.0006380285535741,0.06064418324624188
0.0,0.0006286041072439,0.06015996197123178
0.0,0.0006193189762525,0.003959158196580617
0.0,0.0006101710752287,0.05921286905850568
0.0,0.0006011583506221,0.003026053842178019
0.0,0.0005922787829524,0.058293546943011185
0.0,0.0005835303875568,0.05784404483739818
0.0,0.0005749112142675,0.05740118226023498
0.0,0.0005664193464159,0.0012411269867653174
0.0,0.0005580528994863,0.00081125081678712
0.0,0.0005498100196632,0.0003877243597389182
0.0,0.0005416888824363,0.055694188019701885
0.0,0.0005336876913585,0.05528308097974118
0.0,0.0005258046769983,0.05487804638536668
0.0,0.0005180380960928,-0.0012447396729144827
0.0,0.0005103862308784,0.05408583702219828
0.0,0.0005028473885687,-0.0020252474039781816
0.0,0.0004954199009412,-0.002406876137202082
0.0,0.0004881021239986,-0.0027828678935404826
0.0,0.0004808924376742,0.05257042826146478
0.0,0.0004737892455598,0.024343594793812
0.0,0.0004667909746374,0.0239840192823464
0.0,0.0004598960750072,0.0236297550003926
0.0,0.0004531030196047,0.0232807234977554
0.0,0.0004464103039069,0.0229368474830818
0.0,0.0004398164456283,0.0225980508065741
0.0,0.0004333199844077,0.0222642584430359
0.0,0.0004269194814917,0.0219353964752258
0.0,0.0004206135194147,0.0216113920774972
0.0,0.0004144007016803,0.0212921734997045
0.0,0.0004082796524447,0.0209776700513586
0.0,0.0004022490162054,0.0206678120860178
0.0,0.0003963074574933,0.0203625309859074
0.0,0.0003904536605722,0.0200617591467575
0.0,0.0003846863291425,0.0197654299628584
0.0,0.0003790041860518,0.0194734778123274
0.0,0.0003734059730101,0.0191858380425872
0.0,0.0003678904503104,0.0189024469560527
0.0,0.000362456396554,0.0186232417960256
0.0,0.0003571026083807,0.0183481607327948
0.0,0.0003518279002024,0.0180771428499406
0.0,0.0003466311039413,0.0178101281308414
0.0,0.0003415110687722,0.0175470574453789
0.0,0.0003364666608675,0.0172878725368407
0.0,0.000331496763147,0.0170325160090174
0.0,0.000326600275031,0.0167809313134901
0.0,0.0003217761121959,0.0165330627371072
0.0,0.0003170232063352,0.0162888553896458
0.0,0.0003123405049222,0.0160482551916566
0.0,0.0003077269709771,0.0158112088624881
0.0,0.0003031815828376,0.0155776639084877
0.0,0.0002987033339322,0.0153475686113777
0.0,0.0002942912325577,0.0151208720168023
0.0,0.0002899443016588,0.0148975239230444
0.0,0.0002856615786127,0.0146774748699086
0.0,0.000281442115015,0.0144606761277684
0.0,0.0002772849764702,0.0142470796867752
0.0,0.0002731892423845,0.0140366382462268
0.0,0.0002691540057621,0.0138293052040925
0.0,0.0002651783730043,0.0136250346466932
0.0,0.0002612614637114,0.013423781338534
0.0,0.0002574024104883,0.0132255007122864
0.0,0.0002536003587515,0.0130301488589196
0.0,0.0002498544665411,0.0128376825179762
0.0,0.000246163904333,0.0126480590679923
0.0,0.0002425278548563,0.0124612365170594
0.0,0.0002389455129117,0.0122771734935249
0.0,0.0002354160851935,0.0120958292368308
0.0,0.0002319387901137,0.0119171635884867
0.0,0.000228512857629,0.0117411369831775
0.0,0.0002251375290704,0.0115677104400011
0.0,0.0002218120569751,0.0113968455538364
0.0,0.0002185357049207,0.0112285044868386
0.0,0.0002153077473626,0.0110626499600596
0.0,0.0002121274694732,0.0108992452451933
0.0,0.0002089941669833,0.0107382541564416
0.0,0.0002059071460265,0.0105796410425015
0.0,0.0002028657229853,0.0104233707786697
0.0,0.0001998692243398,0.0102694087590647
0.0,0.0001969169865187,0.0101177208889632
0.0,0.0001940083557521,0.0099682735772497
0.0,0.0001911426879267,0.0098210337289783
0.0,0.0001883193484437,0.009675968738043
0.0,0.0001855377120774,0.0095330464799581
0.0,0.0001827971628375,0.0093922353047434
0.0,0.0001800970938324,0.009253504029916
0.0,0.0001774369071346,0.0091168219335845
0.0,0.0001748160136487,0.008982158747646
0.0,0.0001722338329807,0.0088494846510831
0.0,0.0001696897933093,0.00871877026336
0.0,0.0001671833312599,0.0085899866379165
0.0,0.000164713891779,0.0084631052557575
0.0,0.0001622809280119,0.0083380980191376
0.0,0.0001598839011814,0.008214937245339
0.0,0.0001575222804686,0.008093595660541
0.0,0.0001551955428951,0.0079740463937805
0.0,0.0001529031732073,0.0078562629710011
0.0,0.0001506446637624,0.0077402193091908
0.0,0.000148419514416,0.0076258897106057
0.0,0.0001462272324111,0.0075132488570795
0.0,0.0001440673322693,0.0074022718044164
0.0,0.0001419393356829,0.0072929339768678
0.0,0.0001398427714095,0.0071852111616896
0.0,0.0001377771751671,0.0070790795037805
0.0,0.0001357420895317,0.0069745155003991
0.0,0.0001337370638357,0.0068714959959596
0.0,0.0001317616540685,0.0067699981769037
0.0,0.0001298154227775,0.0066699995666488
0.0,0.000127897938972,0.0065714780206104
0.0,0.0001260087780273,0.0064744117212984
0.0,0.0001241475215907,0.0063787791734852
0.0,0.0001223137574889,0.0062845591994463
0.0,0.000120507079637,0.0061917309342699
0.0,0.000118727087948,0.0061002738212368
0.0,0.0001169733882446,0.0060101676072678
0.0,0.0001152455921721,0.0059213923384389
0.0,0.0001135433171117,0.0058339283555625
0.0,0.0001118661860966,0.0057477562898339
0.0,0.0001102138277278,0.0056628570585419
0.0,0.0001085858760924,0.0055792118608433
0.0,0.0001069819706823,0.0054968021735992
0.0,0.0001054017563143,0.0054156097472731
0.0,0.0001038448830516,0.0053356166018898
0.0,0.0001023110061264,0.0052568050230533
0.0,0.0001007997858632,0.0051791575580245
0.0,9.93108876041135e-05,0.0051026570118559
0.0,9.7843981633948e-05,0.005027286443584
0.0,9.63987431081004e-05,0.0049530291624777
0.0,9.49748519800397e-05,0.0048798687243421
0.0,9.35719929305995e-05,0.0048077889278769
0.0,9.21898552981582e-05,0.0047367738110891
0.0,9.08281330098334e-05,0.0046668076477574
0.0,8.94865245136892e-05,0.0045978749439503
0.0,8.81647327119622e-05,0.004529960434595
0.0,8.6862464895289e-05,0.0044630490800965
0.0,8.55794326778681e-05,0.0043971260630075
0.0,8.43153519335949e-05,0.0043321767847467
0.0,8.30699427331535e-05,0.0042681868623667
0.0,8.18429292820111e-05,0.0042051421253679
0.0,8.06340398593688e-05,0.0041430286125614
0.0,7.94430067579607e-05,0.0040818325689767
0.0,7.82695662247951e-05,0.0040215404428158
0.0,7.71134584027153e-05,0.0039621388824524
0.0,7.5974427272911e-05,0.003903614733475
0.0,7.4852220598165e-05,0.0038459550357738
0.0,7.37465898669951e-05,0.0037891470206709
0.0,7.26572902386841e-05,0.0037331781080926
0.0,7.15840804890039e-05,0.0036780359037835
0.0,7.05267229568138e-05,0.0036237081965618
0.0,6.94849834914288e-05,0.0035701829556154
