Setpoint,ControllerOutput,PlantOutput
0.0,0.0,0.0
0.0,0.0,0.0
0.0,0.0,0.0
0.0,0.0,0.0
0.0,0.0,0.0
0.0,0.0,0.0
0.0,0.0,0.0
0.0,0.0,0.0
0.0,0.0,0.0
0.0,0.0,0.0
0.0,0.0,0.0
0.0,0.0,0.0
0.0,0.0,0.0
0.0,0.0,0.0
0.0,0.0,0.0
0.0,0.0,0.0
0.0,0.0,0.0
0.0,0.0,0.0
0.0,0.0,0.0
0.0,0.0,0.0
0.0,0.0,0.0
0.0,0.0,0.0
0.0,0.0,0.0
0.0,0.0,0.0
0.0,0.0,0.0
0.0,0.0,0.0
0.0,0.0,0.0
0.0,0.0,0.0
0.0,0.0,0.0
0.0,0.0,0.0
0.0,0.0,0.0
0.0,0.0,0.0
0.0,0.0,0.0
0.0,0.0,0.0
0.0,0.0,0.0
0.0,0.0,0.0
0.0,0.0,0.0
0.0,0.0,0.0
0.0,0.0,0.0
0.0,0.0,0.0
0.0,0.0,0.0
0.0,0.0,0.0
0.0,0.0,0.0
0.0,0.0,0.0
0.0,0.0,0.0
0.0,0.0,0.0
0.0,0.0,0.0
0.0,0.0,0.0
0.0,0.0,0.0
0.0,0.0,0.0
0.0,0.0,0.0
0.0,0.0,0.0
0.0,0.0,0.0
0.0,0.0,0.0
0.0,0.0,0.0
0.0,0.0,0.0
0.0,0.0,0.0
0.0,0.0,0.0
0.0,0.0,0.0
0.0,0.0,0.0
0.0,0.0,0.0
0.0,0.0,0.0
0.0,0.0,0.0
0.0,0.0,0.0
0.0,0.0,0.0
0.0,0.0,0.0
0.0,0.0,0.0
0.0,0.0,0.0
0.0,0.0,0.0
0.0,0.0,0.0
0.0,0.0,0.0
0.0,0.0,0.0
0.0,0.0,0.0
0.0,0.0,0.0
0.0,0.0,0.0
0.0,0.0,0.0
0.0,0.0,0.0
0.0,0.0,0.0
0.0,0.0,0.0
0.0,0.0,0.0
0.0,0.0,0.0
0.0,0.0,0.0
0.0,0.0,0.0
0.0,0.0,0.0
0.0,0.0,0.0
0.0,0.0,0.0
0.0,0.0,0.0
0.0,0.0,0.0
0.0,0.0,0.0
0.0,0.0,0.0
0.0,0.0,0.0
0.0,0.0,0.0
0.0,0.0,0.0
0.0,0.0,0.0
0.0,0.0,0.0
0.0,0.0,0.0
0.0,0.0,0.0
0.0,0.0,0.0
0.0,0.0,0.0
0.0,0.0,0.0
0.0,0.0,0.0
0.0,0.0,0.0
0.0,0.0,0.0
0.0,0.0,0.0
0.0,0.0,0.0
0.0,0.0,0.0
0.0,0.0,0.0
0.0,0.0,0.0
0.0,0.0,0.0
0.0,0.0,0.0
0.0,0.0,0.0
0.0,0.0,0.0
0.0,0.0,0.0
0.0,0.0,0.0
0.0,0.0,0.0
0.0,0.0,0.0
0.0,0.0,0.0
0.0,0.0,0.0
0.0,0.0,0.0
0.0,0.0,0.0
0.0,0.0,0.0
0.0,0.0,0.0
0.0,0.0,0.0
0.0,0.0,0.0
0.0,0.0,0.0
0.0,0.0,0.0
0.0,0.0,0.0
0.0,0.0,0.0
0.0,0.0,0.0
0.0,0.0,0.0
0.0,0.0,0.0
0.0,0.0,0.0
0.0,0.0,0.0
0.0,0.0,0.0
0.0,0.0,0.0
0.0,0.0,0.0
0.0,0.0,0.0
0.0,0.0,0.0
0.0,0.0,0.0
0.0,0.0,0.0
0.0,0.0,0.0
0.0,0.0,0.0
0.0,0.0,0.0
0.0,0.0,0.0
0.0,0.0,0.0
0.0,0.0,0.0
0.0,0.0,0.0
0.0,0.0,0.0
0.0,0.0,0.0
0.0,0.0,0.0
0.0,0.0,0.0
0.0,0.0,0.0
0.0,0.0,0.0
0.0,0.0,0.0
0.0,0.0,0.0
0.0,0.0,0.0
0.0,0.0,0.0
0.0,0.0,0.0
0.0,0.0,0.0
0.0,0.0,0.0
0.0,0.0,0.0
0.0,0.0,0.0
0.0,0.0,0.0
0.0,0.0,0.0
0.0,0.0,0.0
0.0,0.0,0.0
0.0,0.0,0.0
0.0,0.0,0.0
0.0,0.0,0.0
0.0,0.0,0.0
0.0,0.0,0.0
0.0,0.0,0.0
0.0,0.0,0.0
0.0,0.0,0.0
0.0,0.0,0.0
0.0,0.0,0.0
0.0,0.0,0.0
0.0,0.0,0.0
0.0,0.0,0.0
0.0,0.0,0.0
0.0,0.0,0.0
0.0,0.0,0.0
0.0,0.0,0.0
0.0,0.0,0.0
0.0,0.0,0.0
0.0,0.0,0.0
0.0,0.0,0.0
0.0,0.0,0.0
0.0,0.0,0.0
0.0,0.0,0.0
0.0,0.0,0.0
0.0,0.0,0.0
0.0,0.0,0.0
0.0,0.0,0.0
0.0,0.0,0.0
0.0,0.0,0.0
0.0,0.0,0.0
0.0,0.0,0.0
0.0,0.0,0.0
0.0,0.0,0.0
0.0,0.0,0.0
0.0,0.0,0.0
0.0,0.0,0.0
0.0,0.0,0.0
0.0,0.0,0.0
0.0,0.0,0.0
0.0,0.0,0.0
0.0,0.0,0.0
0.0,0.0,0.0
0.0,0.0,0.0
0.0,0.0,0.0
0.0,0.0,0.0
0.0,0.0,0.0
0.0,0.0,0.0
0.0,0.0,0.0
0.0,0.0,0.0
0.0,0.0,0.0
0.0,0.0,0.0
0.0,0.0,0.0
0.0,0.0,0.0
0.0,0.0,0.0
0.0,0.0,0.0
0.0,0.0,0.0
0.0,0.0,0.0
0.0,0.0,0.0
0.0,0.0,0.0
0.0,0.0,0.0
0.0,0.0,0.0
0.0,0.0,0.0
0.0,0.0,0.0
0.0,0.0,0.0
0.0,0.0,0.0
0.0,0.0,0.0
0.0,0.0,0.0
0.0,0.0,0.0
0.0,0.0,0.0
0.0,0.0,0.0
0.0,0.0,0.0
0.0,0.0,0.0
0.0,0.0,0.0
0.0,0.0,0.0
0.0,0.0,0.0
0.0,0.0,0.0
0.0,0.0,0.0
0.0,0.0,0.0
0.0,0.0,0.0
0.0,0.0,0.0
0.0,0.0,0.0
0.0,0.0,0.0
0.0,0.0,0.0
0.0,0.0,0.0
0.0,0.0,0.0
0.0,0.0,0.0
0.0,0.0,0.0
0.0,0.0,0.0
0.0,0.0,0.0
0.0,0.0,0.0
0.0,0.0,0.0
0.0,0.0,0.0
0.0,0.0,0.0
0.0,0.0,0.0
0.0,0.0,0.0
0.0,0.0,0.0
0.0,0.0,0.0
0.0,0.0,0.0
0.0,0.0,0.0
0.0,0.0,0.0
0.0,0.0,0.0
0.0,0.0,0.0
0.0,0.0,0.0
0.0,0.0,0.0
0.0,0.0,0.0
0.0,0.0,0.0
0.0,0.0,0.0
0.0,0.0,0.0
0.0,0.0,0.0
0.0,0.0,0.0
0.0,0.0,0.0
0.0,0.0,0.0
0.0,0.0,0.0
0.0,0.0,0.0
0.0,0.0,0.0
0.0,0.0,0.0
0.0,0.0,0.0
0.0,0.0,0.0
0.0,0.0,0.0
0.0,0.0,0.0
0.0,0.0,0.0
0.0,0.0,0.0
0.0,0.0,0.0
0.0,0.0,0.0
0.0,0.0,0.0
0.0,0.0,0.0
0.0,0.0,0.0
0.0,0.0,0.0
0.0,0.0,0.0
0.0,0.0,0.0
0.0,0.0,0.0
0.0,0.0,0.0
1.0,0.1701,0.037149153649806976
1.0,0.163123198021,0.020327636350193024
1.0,0.142965106978289,0.15434971765948902
1.0,0.116990012643787,0.32036322438985504
1.0,0.0904479233522777,0.561275609484876
1.0,0.0666627151588314,0.708939654852942
1.0,0.0473742280840264,0.7534389587904611
1.0,0.0331358632050521,0.8405919168394991
1.0,0.0237000995075146,0.972374578637452
1.0,0.0183514103337071,1.004885207584202
1.0,0.0161675911296097,1.018254744639353
1.0,0.0162060921389443,0.944041113035769
1.0,0.0176220167032256,0.9360266667629821
1.0,0.0197299130431912,0.998374423579813
1.0,0.0220234608240295,0.985529164693027
1.0,0.0241667284781294,0.8994805241481411
1.0,0.025968813284046,0.964227697386903
1.0,0.027351137638097,0.883003203864391
1.0,0.0283140148234391,0.952955222002442
1.0,0.0289066732472834,0.876558646535682
1.0,0.0292029337354378,0.950535717335156
1.0,0.0292832402128392,0.8771910322829231
1.0,0.0292227349848425,0.953255081542473
1.0,0.0290844798141147,0.881150534223037
1.0,0.0289166630437181,0.883481972461442
1.0,0.0287526067915135,0.9600512327245669
1.0,0.0286125107250415,0.962143944335752
1.0,0.0285060693527475,0.889706048314053
1.0,0.028435325107392,0.891325975885227
1.0,0.0283973339316368,0.8927266861324771
1.0,0.0283864026545756,0.968243564423689
1.0,0.0283957988994141,0.9693225732713929
1.0,0.0284189336451903,0.896004746155691
1.0,0.0284500782172241,0.896921997822422
1.0,0.0284847085079212,0.9721019658226859
1.0,0.0285195776239175,0.898669402261575
1.0,0.0285526115244472,0.899531684112948
1.0,0.0285827070373765,0.974695353795484
1.0,0.0286094929331839,0.901267621121295
1.0,0.0286330960306571,0.9021425766366841
1.0,0.0286539377900061,0.903019363208399
1.0,0.0286725736214777,0.903894685497204
1.0,0.0286895774992701,0.9047651932726041
1.0,0.0287054681870749,0.9056279160287051
1.0,0.0287206699148521,0.906480487910674
1.0,0.0287354990331687,0.907321216219399
1.0,0.0287501683479054,0.9824473521470509
1.0,0.0287648019184379,0.9089634568032
1.0,0.0287794546170461,0.984062657648513
1.0,0.0287941323543068,0.910551913262144
1.0,0.0288088103514756,0.9113265106488431
1.0,0.0288234480632963,0.912088594294601
1.0,0.0288380002765669,0.987136943290187
1.0,0.0288524245373709,0.913577083540267
1.0,0.0288666854313777,0.9143043359909491
1.0,0.0288807564107945,0.9893190409953789
1.0,0.0288946198853628,0.915726558744936
1.0,0.0289082662256388,0.9907203490840479
1.0,0.0289216922080457,0.91710737200417
1.0,0.0289348992955512,0.992081015227733
1.0,0.0289478920175803,0.918448187443421
1.0,0.0289606766011286,0.919103936187633
1.0,0.0289732599179677,0.919750073939637
1.0,0.0289856487512294,0.994685026327364
1.0,0.0289978493460417,0.9210139909953601
1.0,0.0290098671890602,0.921632011877048
1.0,0.0290217069558873,0.922240906466687
1.0,0.0290333725688856,0.922840801932153
1.0,0.0290448673167889,0.997730134372667
1.0,0.029056193998733,0.998312418746751
1.0,0.0290673550666465,0.998886091820326
1.0,0.0290783527500296,0.999451282236195
1.0,0.0290891891552703,1.000008117243354
1.0,0.0290998663375961,0.92625841499731
1.0,0.0291103863476969,1.001097220813603
1.0,0.0291207512572285,1.001629734055284
1.0,0.029130963168289,0.927856073809192
1.0,0.0291410242119017,1.002671278930688
1.0,0.0291509365399061,0.928882235130245
1.0,0.0291607023137677,1.003682284567156
1.0,0.0291703236928365,0.929878309156799
1.0,0.0291798028236949,0.930365340157877
1.0,0.0291891418314774,0.9308451779565601
1.0,0.0291983428134863,0.931317928629653
1.0,0.0292074078350271,1.0060820039955631
1.0,0.0292163389271605,0.9322425851550791
1.0,0.0292251380859603,0.932694695516906
1.0,0.0292338072728353,0.933140127824127
1.0,0.0292423484155291,0.933578980670563
1.0,0.0292507634094705,1.008309658516691
1.0,0.0292590541192244,1.008735642506219
1.0,0.0292672223798933,0.9348570269792861
1.0,0.0292752699983603,1.009568826787845
1.0,0.0292831987543378,1.009976211615806
1.0,0.0292910104012181,0.936079271693117
1.0,0.0292987066667443,1.010773017814091
1.0,0.0293062892535358,1.011162615659762
1.0,0.0293137598395021,1.011546458813235
1.0,0.0293211200781849,0.937626324981345
1.0,0.0293283715990531,0.9379989125120011
1.0,0.0293355160077795,0.975515150265396
1.0,0.0293425548865098,0.975876812232043
1.0,0.0293494897941362,0.976233132150467
1.0,0.0293563222665829,0.976584188926081
1.0,0.0293630538171015,0.976930060298734
1.0,0.0293696859365782,0.977270822860092
1.0,0.0293762200938463,0.977606552070695
1.0,0.0293826577360072,0.977937322276698
1.0,0.0293890002887514,0.978263206726324
1.0,0.0293952491566771,0.978584277586054
1.0,0.0294014057236125,0.978900605956564
1.0,0.0294074713529251,0.979212261888422
1.0,0.0294134473878331,0.97951931439756
1.0,0.0294193351517074,0.979821831480526
1.0,0.0294251359483699,0.98011988012951
1.0,0.0294308510623833,0.980413526347169
1.0,0.0294364817593393,0.980702835161231
1.0,0.0294420292861386,0.980987870638888
1.0,0.0294474948712664,0.981268695900988
1.0,0.0294528797250666,0.981545373136011
1.0,0.0294581850400057,0.981817963613846
1.0,0.02946341199094,0.982086527699367
1.0,0.0294685617353723,0.982351124865796
1.0,0.0294736354137091,0.982611813707882
1.0,0.0294786341495124,0.982868651954881
1.0,0.0294835590497486,0.983121696483336
1.0,0.0294884112050324,0.983371003329678
1.0,0.02949319168987,0.983616627702631
1.0,0.0294979015628949,0.983858623995445
1.0,0.0295025418671042,0.984097045797934
1.0,0.0295071136300886,0.984331945908349
1.0,0.0295116178642598,0.984563376345065
1.0,0.0295160555670759,0.984791388358102
1.0,0.0295204277212615,0.985016032440477
1.0,0.0295247352950248,0.98523735833938
1.0,0.0295289792422733,0.985455415067193
1.0,0.0295331605028251,0.985670250912345
1.0,0.029537280002615,0.985881913450002
1.0,0.0295413386539021,0.986090449552605
1.0,0.0295453373554702,0.986295905400251
1.0,0.0295492769928276,0.986498326490916
1.0,0.0295531584384023,0.986697757650531
1.0,0.0295569825517366,0.986894243042913
1.0,0.0295607501796762,0.98708782617954
1.0,0.0295644621565583,0.987278549929189
1.0,0.0295681193043964,0.987466456527428
1.0,0.0295717224330612,0.987651587585971
1.0,0.0295752723404621,0.987833984101892
1.0,0.0295787698127226,0.988013686466702
1.0,0.0295822156243537,0.988190734475297
1.0,0.0295856105384273,0.988365167334767
1.0,0.0295889553067428,0.988537023673081
1.0,0.0295922506699957,0.988706341547639
1.0,0.0295954973579409,0.988873158453703
1.0,0.0295986960895536,0.989037511332697
1.0,0.0296018475731901,0.989199436580388
1.0,0.0296049525067421,0.989358970054948
1.0,0.0296080115777946,0.989516147084894
1.0,0.0296110254637749,0.989671002476909
1.0,0.0296139948321055,0.989823570523554
1.0,0.0296169203403491,0.989973885010857
1.0,0.029619802636357,0.990121979225799
1.0,0.0296226423584103,0.990267885963686
1.0,0.0296254401353624,0.990411637535406
1.0,0.029628196586778,0.990553265774591
1.0,0.02963091232307,0.990692802044661
1.0,0.0296335879456358,0.990830277245773
1.0,0.029636224046989,0.990965721821663
1.0,0.0296388212108909,0.991099165766385
1.0,0.0296413800124813,0.991230638630958
1.0,0.0296439010184038,0.991360169529905
1.0,0.0296463847869319,0.991487787147706
1.0,0.0296488318680945,0.991613519745142
1.0,0.0296512428037945,0.991737395165564
1.0,0.0296536181279308,0.991859440841048
1.0,0.0296559583665168,0.991979683798479
1.0,0.0296582640377958,0.99209815066553
1.0,0.0296605356523563,0.99221486767656
1.0,0.0296627737132444,0.992329860678427
1.0,0.0296649787160765,0.992443155136206
1.0,0.029667151149148,0.992554776138834
1.0,0.0296692914935421,0.99266474840466
1.0,0.0296714002232359,0.992773096286925
1.0,0.0296734778052052,0.992879843779149
1.0,0.0296755246995279,0.992985014520452
1.0,0.0296775413594872,0.993088631800779
1.0,0.0296795282316695,0.993190718566066
1.0,0.0296814857560659,0.993291297423318
1.0,0.0296834143661684,0.993390390645613
1.0,0.029685314489065,0.993488020177039
1.0,0.0296871865455361,0.993584207637551
1.0,0.0296890309501472,0.993678974327757
1.0,0.0296908481113387,0.99377234123364
1.0,0.0296926384315195,0.9938643290312
1.0,0.0296944023071539,0.993954958091036
1.0,0.0296961401288509,0.994044248482855
1.0,0.0296978522814486,0.994132219979918
1.0,0.0296995391441013,0.994218892063419
1.0,0.0297012010903628,0.994304283926797
1.0,0.02970283848827,0.994388414479989
1.0,0.0297044517004226,0.994471302353614
1.0,0.0297060410840644,0.994552965903103
1.0,0.0297076069911628,0.994633423212761
1.0,0.0297091497684863,0.994712692099772
1.0,0.0297106697576814,0.994790790118146
1.0,0.0297121672953482,0.994867734562605
1.0,0.0297136427131148,0.994943542472413
1.0,0.0297150963377102,0.995018230635151
1.0,0.0297165284910386,0.995091815590431
1.0,0.0297179394902487,0.995164313633563
1.0,0.0297193296478047,0.995235740819159
1.0,0.0297206992715555,0.995306112964695
1.0,0.0297220486648029,0.995375445654004
1.0,0.0297233781263684,0.995443754240736
1.0,0.0297246879506601,0.995511053851755
1.0,0.0297259784277371,0.995577359390487
1.0,0.0297272498433736,0.995642685540221
1.0,0.0297285024791241,0.995707046767364
1.0,0.0297297366123828,0.99577045732464
1.0,0.0297309525164473,0.995832931254248
1.0,0.0297321504605785,0.995894482390973
1.0,0.02973333071006,0.995955124365247
1.0,0.0297344935262562,0.996014870606171
1.0,0.0297356391666717,0.996073734344484
1.0,0.0297367678850078,0.996131728615499
1.0,0.0297378799312171,0.996188866261984
1.0,0.0297389755515614,0.996245159937011
1.0,0.0297400549886651,0.996300622106751
1.0,0.0297411184815679,0.996355265053243
1.0,0.0297421662657791,0.996409100877109
1.0,0.0297431985733299,0.996462141500233
1.0,0.0297442156328234,0.996514398668405
1.0,0.0297452176694859,0.996565883953918
1.0,0.029746204905218,0.996616608758134
1.0,0.0297471775586415,0.996666584314005
1.0,0.0297481358451497,0.996715821688565
1.0,0.029749079976954,0.996764331785376
1.0,0.0297500101631314,0.996812125346949
1.0,0.0297509266096709,0.996859212957114
1.0,0.0297518295195185,0.996905605043372
1.0,0.0297527190926221,0.996951311879202
1.0,0.0297535955259773,0.996996343586333
1.0,0.0297544590136694,0.997040710136988
1.0,0.0297553097469163,0.997084421356091
1.0,0.0297561479141122,0.997127486923446
1.0,0.0297569737008685,0.997169916375875
1.0,0.0297577872900543,0.997211719109335
1.0,0.0297585888618386,0.997252904380997
1.0,0.0297593785937282,0.997293481311294
1.0,0.0297601566606085,0.997333458885945
1.0,0.0297609232347817,0.997372845957939
1.0,0.0297616784860046,0.997411651249501
1.0,0.0297624225815269,0.997449883354023
1.0,0.029763155686128,0.99748755073796
1.0,0.0297638779621527,0.997524661742716
1.0,0.0297645895695486,0.997561224586482
1.0,0.0297652906659001,0.99759724736606
1.0,0.0297659814064646,0.997632738058658
1.0,0.029766661944205,0.997667704523649
1.0,0.0297673324298267,0.997702154504321
1.0,0.0297679930118075,0.997736095629583
1.0,0.0297686438364326,0.997769535415662
1.0,0.0297692850478262,0.997802481267763
1.0,0.0297699167879846,0.997834940481708
1.0,0.0297705391968051,0.997866920245556
1.0,0.02977115241212,0.997898427641191
1.0,0.0297717565697253,0.997929469645892
1.0,0.0297723518034103,0.997960053133876
1.0,0.0297729382449896,0.997990184877826
1.0,0.0297735160243302,0.998019871550382
1.0,0.02977408526938,0.998049119725627
1.0,0.0297746461061978,0.998077935880538
1.0,0.0297751986589805,0.998106326396421
1.0,0.0297757430500905,0.998134297560325
1.0,0.0297762794000827,0.998161855566433
1.0,0.0297768078277305,0.998189006517438
1.0,0.0297773284500547,0.998215756425888
1.0,0.0297778413823453,0.998242111215521
1.0,0.0297783467381918,0.998268076722577
1.0,0.0297788446295038,0.998293658697089
1.0,0.0297793351665396,0.998318862804159
1.0,0.0297798184579272,0.998343694625208
1.0,0.029780294610692,0.998368159659217
1.0,0.0297807637302765,0.998392263323941
1.0,0.0297812259205676,0.99841601095711
1.0,0.0297816812839162,0.998439407817613
1.0,0.029782129921162,0.998462459086658
1.0,0.0297825719316556,0.998485169868926
1.0,0.0297830074132799,0.998507545193692
1.0,0.0297834364624716,0.99852959001595
1.0,0.029783859174243,0.998551309217502
1.0,0.0297842756422033,0.998572707608041
1.0,0.0297846859585789,0.998593789926218
1.0,0.029785090214234,0.998614560840689
1.0,0.0297854884986901,0.998635024951152
0.0,-0.140314119099852,1.0358043404391681
0.0,-0.133336930515497,0.904049107170327
0.0,-0.113178458577919,0.770046596483236
0.0,-0.087202988974691,0.604052371300399
0.0,-0.0606605299574916,0.5117555975473389
0.0,-0.036874957499518,0.364110268324017
0.0,-0.0175861115406806,0.17103278947869502
0.0,-0.0033473930786958,0.08389799875121302
0.0,0.0060887189791316,0.10072985052730837
0.0,0.0114377513676529,0.06823685617235258
0.0,0.0136219087168915,0.05488469323113108
0.0,0.0135837408580078,-0.019481172280969877
0.0,0.0121681445232626,-0.011449861364377877
0.0,0.010060571564605,0.07481561195674397
0.0,0.0077673423884586,0.08767724095666707
0.0,0.0056243886329897,0.025145395215017824
0.0,0.0038226130891551,0.10901072665932958
0.0,0.0024405934291227,0.04165426095645633
0.0,0.0014780164372107,0.12031428154833648
0.0,0.0008856537726853,0.04812943871909062
0.0,0.0005896846752337,0.12276395435978997
0.0,0.0005096652844477,0.04752677550696173
0.0,0.0005704533585468,0.12007387366055397
0.0,0.0007089871975007,0.04359612453269762
0.0,0.0008770785199576,0.04127879295499162
0.0,0.0010414052688558,0.11332004558446007
0.0,0.0011817678365562,0.11124102697706888
0.0,0.0012884717736294,0.03509579914606402
0.0,0.0013594747054598,0.03348916305165632
0.0,0.0013977207466715,0.03210154795479632
0.0,0.0014089031246103,0.10519418598673368
0.0,0.0013997542716767,0.10412788829355528
0.0,0.0013768632636173,0.028861624210031023
0.0,0.0013459588290878,0.02795671096206992
0.0,0.0013115651288604,0.10138551373090347
0.0,0.001276929108692,0.026233439305725026
0.0,0.0012441248609674,0.02538295716256722
0.0,0.0012142556086769,0.09882752749578518
0.0,0.0011876926314468,0.023670099270018223
0.0,0.0011643091598544,0.022806428273056824
0.0,0.0011436837823257,0.02194075953786962
0.0,0.001125261136532,0.021076390865724826
0.0,0.0011084672954838,0.020216674912783922
0.0,0.0010927835420031,0.019364584574779124
0.0,0.0010777856919543,0.018522488061080825
0.0,0.0010631574399195,0.017692080390559223
0.0,0.0010486860244993,0.09117272725576567
0.0,0.0010342474301426,0.016070026001183423
0.0,0.0010197868277469,0.08957730978153197
0.0,0.0010052983492749,0.014501163806451625
0.0,0.0009908068153821,0.01373614702229782
0.0,0.0009763528126168,0.012983502465468026
0.0,0.000961981594863,0.08654106773469428
0.0,0.0009477356561188,0.011513475187029623
0.0,0.0009336504502039,0.010795249703030224
0.0,0.0009197525638171,0.08438605292856377
0.0,0.0009060596255479,0.009390682844050723
0.0,0.0008925813026052,0.08300213994237048
0.0,0.0008793208557732,0.008027007746888422
0.0,0.0008662768587425,0.08165835881557958
0.0,0.0008534448182033,0.006702827918522926
0.0,0.0008408185427428,0.006055213145267226
0.0,0.0008283911956469,0.005417089218574624
0.0,0.0008161560283234,0.07908664688439687
0.0,0.0008041068296731,0.004168846448942422
0.0,0.000792238146567,0.003558489499087221
0.0,0.0007805453364339,0.002957145638511925
0.0,0.0007690245094549,0.0023646893714433237
0.0,0.0007576724089585,0.07607930084529017
0.0,0.000746486267398,0.07550423752614308
0.0,0.0007354636639679,0.07493767884640387
0.0,0.0007246023998303,0.07437949773874487
0.0,0.0007139003988077,0.07382956850637298
0.0,0.0007033556354353,-0.0010105400761690753
0.0,0.0006929660883477,0.07275397197994928
0.0,0.0006827297147803,0.07222806299842688
0.0,0.0006726444410986,-0.002588384645069379
0.0,0.0006627081643233,0.07119943543268688
0.0,0.0006529187602444,-0.0036018194560692787
0.0,0.0006432740946178,0.07020096832493238
0.0,0.0006337720349128,-0.004585540158604774
0.0,0.0006244104609703,-0.005066531010062075
0.0,0.0006151872736883,-0.005540417877253075
0.0,0.0006061004014128,-0.0060073055191558755
0.0,0.000597147804108,0.06783101014341437
0.0,0.0005883274756091,-0.0069204945088341754
0.0,0.0005796374443714,-0.007366997826629775
0.0,0.000571075773152,-0.007806905910612977
0.0,0.000562640558016,-0.008240316131269975
0.0,0.0005543299269934,0.06563098285541498
0.0,0.000546142038629,0.06521028189473697
0.0,0.0005380750805905,-0.009502512183520377
0.0,0.0005301272684283,0.06438743071901248
0.0,0.0005222968445322,0.06398509825635787
0.0,0.0005145820772848,-0.010709598682591775
0.0,0.000506981260397,0.06319817400784877
0.0,0.0004994927123868,0.06281340793499537
0.0,0.0004921147761694,0.062434325184959276
0.0,0.0004848458187206,-0.012237465494134576
0.0,0.0004776842307847,-0.012605432213123477
0.0,0.0004706284266048,0.0241811898914582
0.0,0.000463676843657,0.0238240132380291
0.0,0.0004568279423803,0.0234721123809458
0.0,0.0004500802058968,0.0231254093933908
0.0,0.0004434321397193,0.0227838274996583
0.0,0.0004368822714495,0.0224472910579814
0.0,0.000430429150468,0.0221157255436901
0.0,0.0004240713476191,0.0217890575326764
0.0,0.0004178074548931,0.0214672146851431
0.0,0.0004116360851096,0.0211501257296175
0.0,0.0004055558716036,0.020837720447213
0.0,0.0003995654679156,0.0205299296561247
0.0,0.0003936635474859,0.0202266851963512
0.0,0.0003878488033561,0.0199279199146345
0.0,0.000382119947875,0.0196335676496148
0.0,0.0003764757124105,0.0193435632171962
0.0,0.0003709148470672,0.0190578423961212
0.0,0.0003654361204087,0.0187763419137539
0.0,0.0003600383191849,0.0184989994320683
0.0,0.0003547202480636,0.0182257535338413
0.0,0.000349480729366,0.0179565437090487
0.0,0.0003443186028073,0.0176913103414613
0.0,0.0003392327252396,0.0174299946954391
0.0,0.0003342219703996,0.0171725389029214
0.0,0.0003292852286596,0.0169188859506096
0.0,0.0003244214067822,0.0166689796673399
0.0,0.0003196294276776,0.0164227647116432
0.0,0.0003149082301664,0.0161801865594891
0.0,0.0003102567687437,0.0159411914922119
0.0,0.0003056740133478,0.0157057265846146
0.0,0.0003011589491322,0.0154737396932485
0.0,0.0002967105762408,0.0152451794448674
0.0,0.000292327909586,0.0150199952250502
0.0,0.0002880099786313,0.0147981371669937
0.0,0.0002837558271756,0.0145795561404693
0.0,0.0002795645131416,0.0143642037409433
0.0,0.0002754351083676,0.0141520322788583
0.0,0.0002713666984014,0.013942994769072
0.0,0.0002673583822982,0.0137370449204527
0.0,0.0002634092724206,0.013534137125628
0.0,0.0002595184942426,0.0133342264508853
0.0,0.0002556851861555,0.013137268626221
0.0,0.0002519084992775,0.012943220035537
0.0,0.0002481875972651,0.012752037706982
0.0,0.0002445216561288,0.0125636793034355
0.0,0.0002409098640498,0.0123781031131321
0.0,0.0002373514212007,0.0121952680404244
0.0,0.0002338455395679,0.0120151335966827
0.0,0.000230391442778,0.0118376598913285
0.0,0.0002269883659248,0.0116628076230011
0.0,0.0002236355554005,0.0114905380708542
0.0,0.0002203322687291,0.0113208130859809
0.0,0.0002170777744011,0.0111535950829664
0.0,0.0002138713517124,0.010988847031564
0.0,0.000210712290604,0.0108265324484953
0.0,0.0002075998915052,0.0106666153893707
0.0,0.0002045334651788,0.0105090604407299
0.0,0.0002015123325678,0.0103538327121993
0.0,0.0001985358246457,0.0102008978287655
0.0,0.0001956032822681,0.0100502219231636
0.0,0.0001927140560265,0.0099017716283764
0.0,0.000189867506105,0.0097555140702464
0.0,0.0001870630021381,0.0096114168601947
0.0,0.0001842999230714,0.0094694480880496
0.0,0.0001815776570241,0.0093295763149794
0.0,0.0001788956011533,0.0091917705665307
0.0,0.0001762531615206,0.0090560003257689
0.0,0.0001736497529606,0.0089222355265207
0.0,0.0001710847989512,0.0087904465467152
0.0,0.0001685577314862,0.0086606042018251
0.0,0.0001660679909493,0.0085326797384028
0.0,0.0001636150259899,0.0084066448277139
0.0,0.0001611982934018,0.0082824715594631
0.0,0.000158817258002,0.0081601324356141
0.0,0.0001564713925129,0.0080396003642997
0.0,0.000154160177445,0.0079208486538225
0.0,0.0001518831009823,0.0078038510067443
0.0,0.0001496396588686,0.0076885815140622
0.0,0.0001474293542962,0.0075750146494712
0.0,0.0001452516977954,0.0074631252637116
0.0,0.0001431062071265,0.0073528885789994
0.0,0.000140992407173,0.0072442801835397
0.0,0.0001389098298362,0.0071372760261202
0.0,0.0001368580139314,0.0070318524107856
0.0,0.0001348365050864,0.00692798599159
0.0,0.0001328448556401,0.0068256537674267
0.0,0.000130882624544,0.0067248330769349
0.0,0.000128949377264,0.0066255015934814
0.0,0.0001270446856847,0.0065276373202161
0.0,0.0001251681280141,0.0064312185852013
0.0,0.0001233192886906,0.006336224036612
0.0,0.0001214977582907,0.0062426326380077
0.0,0.0001197031334384,0.0061504236636742
0.0,0.000117935016716,0.0060595766940333
0.0,0.000116193016576,0.0059700716111215
0.0,0.0001144767472543,0.0058818885941347
0.0,0.000112785828685,0.0057950081150389
0.0,0.0001111198864158,0.0057094109342454
0.0,0.0001094785515258,0.005625078096351
0.0,0.000107861460543,0.0055419909259395
0.0,0.0001062682553644,0.0054601310234465
0.0,0.0001046985831765,0.0053794802610848
0.0,0.000103152096377,0.0053000207788301
0.0,0.000101628452498,0.0052217349804656
0.0,0.0001001273141304,0.0051446055296857
0.0,9.86483488486373e-05,0.0050686153462565
0.0,9.71912291373792e-05,0.0049937476022338
0.0,9.57556323190681e-05,0.0049199857182365
0.0,9.43412404823471e-05,0.0048473133597747
0.0,9.29477404116794e-05,0.0047757144336331
0.0,9.15748235179592e-05,0.0047051730843065
0.0,9.02221857702265e-05,0.0046356736904891
0.0,8.88895276283178e-05,0.0045672008616152
0.0,8.75765539765233e-05,0.0044997394344504
0.0,8.62829740582161e-05,0.0044332744697346
0.0,8.50085014115487e-05,0.0043677912488729
0.0,8.37528538059004e-05,0.0043032752706765
0.0,8.25157531794962e-05,0.0042397122481516
0.0,8.12969255776994e-05,0.0041770881053354
0.0,8.00961010924764e-05,0.0041153889741789
0.0,7.89130138025285e-05,0.0040546011914761
0.0,7.77474017144425e-05,0.0039947112958379
0.0,7.65990067046959e-05,0.0039357060247116
0.0,7.54675744624456e-05,0.0038775723114433
0.0,7.43528544332253e-05,0.0038202972823849
0.0,7.32545997635045e-05,0.003763868254043
0.0,7.21725672459539e-05,0.0037082727302701
0.0,7.11065172656483e-05,0.0036534983994973
0.0,7.00562137469843e-05,0.0035995331320081
0.0,6.90214241013468e-05,0.0035463649772521
0.0,6.80019191756989e-05,0.0034939821611988
0.0,6.69974732017825e-05,0.0034423730837301
0.0,6.60078637461092e-05,0.0033915263160712
0.0,6.50328716607293e-05,0.0033414305982604
0.0,6.40722810347008e-05,0.0032920748366549
0.0,6.31258791462669e-05,0.0032434481014744
0.0,6.21934564157406e-05,0.0031955396243809
0.0,6.12748063591184e-05,0.0031483387960937
0.0,6.0369725542346e-05,0.0031018351640403
0.0,5.94780135362363e-05,0.0030560184300415
0.0,5.85994728721298e-05,0.0030108784480309
0.0,5.7733908998138e-05,0.002966405221808
0.0,5.68811302360875e-05,0.002922588902825
0.0,5.60409477390333e-05,0.0028794197880052
0.0,5.52131754494659e-05,0.0028368883175946
0.0,5.43976300581006e-05,0.0027949850730449
0.0,5.35941309632929e-05,0.0027537007749278
0.0,5.28025002310382e-05,0.0027130262808799
0.0,5.20225625555634e-05,0.0026729525835784
0.0,5.12541452205029e-05,0.0026334708087462
0.0,5.04970780606691e-05,0.0025945722131868
0.0,4.97511934243605e-05,0.0025562481828481
0.0,4.90163261362211e-05,0.0025184902309149
0.0,4.82923134606898e-05,0.0024812899959294
0.0,4.75789950659319e-05,0.0024446392399397
0.0,4.68762129883608e-05,0.0024085298466754
0.0,4.6183811597638e-05,0.0023729538197502
0.0,4.55016375622355e-05,0.0023379032808913
0.0,4.48295398154316e-05,0.0023033704681947
0.0,4.41673695219177e-05,0.0022693477344062
0.0,4.35149800447863e-05,0.002235827545228
0.0,4.28722269130953e-05,0.0022028024776504
0.0,4.22389677898587e-05,0.0021702652183078
0.0,4.16150624405164e-05,0.0021382085618591
0.0,4.10003727019104e-05,0.0021066254093923
0.0,4.039476245166e-05,0.0020755087668524
0.0,3.97980975780227e-05,0.0020448517434923
0.0,3.92102459502094e-05,0.0020146475503473
0.0,3.86310773891063e-05,0.0019848894987314
0.0,3.80604636384639e-05,0.001955570998756
0.0,3.74982783364793e-05,0.001926685557871
0.0,3.69443969878321e-05,0.0018982267794267
0.0,3.63986969360817e-05,0.0018701883612571
0.0,3.58610573365399e-05,0.0018425640942848
0.0,3.53313591295104e-05,0.0018153478611457
0.0,3.48094850138835e-05,0.0017885336348342
0.0,3.42953194212049e-05,0.0017621154773689
0.0,3.37887484900511e-05,0.0017360875384772
0.0,3.32896600408437e-05,0.0017104440543001
0.0,3.27979435509745e-05,0.0016851793461156
0.0,3.23134901303659e-05,0.0016602878190814
0.0,3.1836192497324e-05,0.0016357639609957
0.0,3.13659449548108e-05,0.0016116023410764
0.0,3.09026433670014e-05,0.0015877976087589
0.0,3.04461851362674e-05,0.0015643444925108
0.0,2.99964691804246e-05,0.0015412377986649
0.0,2.95533959103582e-05,0.0015184724102687
0.0,2.91168672079678e-05,0.0014960432859515
0.0,2.86867864044416e-05,0.0014739454588078
0.0,2.82630582588567e-05,0.0014521740352977
0.0,2.78455889370643e-05,0.0014307241941628
0.0,2.74342859909391e-05,0.001409591185359
0.0,2.7029058337881e-05,0.0013887703290042
0.0,2.66298162406673e-05,0.0013682570143423
0.0,2.62364712875635e-05,0.0013480466987217
0.0,2.58489363727521e-05,0.00132813490659
0.0,2.54671256770481e-05,0.0013085172285021
0.0,2.5090954648881e-05,0.0012891893201444
0.0,2.47203399855855e-05,0.0012701469013725
0.0,2.43551996149376e-05,0.0012513857552631
0.0,2.39954526770024e-05,0.0012329017271808
0.0,2.36410195062035e-05,0.0012146907238574
0.0,2.32918216137006e-05,0.0011967487124859
0.0,2.29477816699967e-05,0.0011790717198272
0.0,2.26088234878113e-05,0.0011616558313302
0.0,2.22748720052242e-05,0.0011444971902653
0.0,2.19458532690411e-05,0.0011275919968699
0.0,2.16216944184146e-05,0.0011109365075071
0.0,2.13023236687176e-05,0.0010945270338368
0.0,2.09876702956437e-05,0.0010783599419986
0.0,2.06776646195419e-05,0.0010624316518076
0.0,2.03722379899865e-05,0.001046738635961
0.0,2.00713227705811e-05,0.0010312774192574
0.0,1.97748523239737e-05,0.001016044577827
0.0,1.94827609971051e-05,0.0010010367383734
1.0,0.170119194984107,0.038135404227233875
1.0,0.163142109478925,0.021299319170801023
1.0,0.142983739097954,0.15530704790139202
1.0,0.117008369551255,0.321306414052803
1.0,0.0904660091126657,0.562204867437204
1.0,0.0666805337772119,0.709855186877821
1.0,0.0473917835063131,0.7543409676314721
1.0,0.0331531593188744,0.841480602245528
1.0,0.0237171401430784,0.973250137406926
1.0,0.0183681992646425,1.005747833608665
1.0,0.0161841320738074,1.019104628946409
1.0,0.0162223887593785,0.944878443831382
1.0,0.0176380726087658,0.936851629473154
1.0,0.0197457317894003,0.999187200891647
1.0,0.0220390459139517,0.986329936595183
1.0,0.0241820833630659,0.9002694679706941
1.0,0.0259839413643195,0.965004987840613
1.0,0.027366042263805,0.88376901307939
1.0,0.0283286992951945,0.953709719566357
1.0,0.0289211408169466,0.877301999531185
1.0,0.0292171876068368,0.951268090376967
1.0,0.0292972835424783,0.877912587554262
1.0,0.0292365708826019,0.953965978830978
1.0,0.0290981113439389,0.881850930956147
1.0,0.028930093224295,0.884172023741258
1.0,0.0287658385969419,0.960731091362202
1.0,0.0286255470854905,0.962813760885168
1.0,0.0285189131551051,0.890365971105404
1.0,0.0284479791959045,0.891976151057703
1.0,0.0284098011085382,0.89336725766667
1.0,0.0283986856807088,0.968874674173474
1.0,0.0284079004948423,0.969944360995345
1.0,0.028430856489799,0.8966173495480301
1.0,0.0284618249513138,0.8975255525435111
1.0,0.0284962817327941,0.972696605529066
1.0,0.0285309799024516,0.899255258635568
1.0,0.0285638453816641,0.900108886891819
1.0,0.0285937749610023,0.975264030800165
1.0,0.0286203973741981,0.901827898284696
1.0,0.0286438394038369,0.902694578031579
1.0,0.0286645224744597,0.903563211074902
1.0,0.0286830019611717,0.9044305002698391
1.0,0.0286998518035497,0.9052930936069751
1.0,0.0287155907311731,0.9061480188277731
1.0,0.0287306429403962,0.9069929083506421
1.0,0.0287453247486735,0.907826067775222
1.0,0.0287598489292658,0.9829447466175629
1.0,0.0287743395094078,0.909453504335869
1.0,0.0287888513297148,0.984545466763837
1.0,0.0288033902695661,0.911027590877682
1.0,0.0288179315194812,0.911795162102891
1.0,0.0288324345039206,0.912550323369516
1.0,0.0288468539798479,0.9875918522353779
1.0,0.0288611474639513,0.9140252730948281
1.0,0.0288752795129403,0.914745905405975
1.0,0.0288892235504894,0.98975408805594
1.0,0.0289029619582288,0.916155179791736
1.0,0.0289164850790196,0.991142639034756
1.0,0.0289297896619969,0.917523424374439
1.0,0.0289428771432452,0.9924909221519139
1.0,0.0289557520257029,0.918852039694959
1.0,0.0289684205102705,0.9195018231991741
1.0,0.0289808894430093,0.920142083822832
1.0,0.0289931655817202,0.9950712458923779
1.0,0.0290052551465763,0.9213945057701001
1.0,0.0290171635996448,0.9220069061261
1.0,0.0290288955923046,0.9226102632099801
1.0,0.0290404550230505,0.923204702963338
1.0,0.0290518451571042,0.998088660277236
1.0,0.0290630687704336,0.99866564891988
1.0,0.0290741282921432,0.9992341044844559
1.0,0.0290850259292459,0.999794154458355
1.0,0.0290957637659737,1.0003459249522288
1.0,0.029106343835728,0.926591233000053
1.0,0.0291167681676923,1.001425122812401
1.0,0.0291270388123344,1.001952792663682
1.0,0.0291371578508777,0.928174360568169
1.0,0.0291471273937791,1.002984864324505
1.0,0.0291569495726152,0.9291911886020491
1.0,0.0291666265288879,1.003986674534362
1.0,0.0291761604022789,0.930178203026237
1.0,0.0291855533199923,0.9306608043407201
1.0,0.0291948073880715,0.931136277883034
1.0,0.0292039246850082,0.9316047287635231
1.0,0.029212907257576,1.006364567848409
1.0,0.0292217571185784,0.932520975300363
1.0,0.0292304762460991,0.932968973603824
1.0,0.0292390665838249,0.933410354591267
1.0,0.0292475300420387,0.933845215959351
1.0,0.029255868498965,1.008571961284645
1.0,0.0292640838022209,1.008994070840004
1.0,0.0292721777702101,0.935111638107577
1.0,0.0292801521933621,1.009819677094004
1.0,0.0292880088351821,1.010223356650362
1.0,0.0292957494330919,0.936322766186072
1.0,0.0293033756991017,1.0110129156870369
1.0,0.0293108893203284,1.011398970037825
1.0,0.0293182919594099,1.0117793220368378
1.0,0.0293255852548404,0.937855748617797
1.0,0.0293327708212656,0.938224947366919
1.0,0.0293398502497524,0.975737846393955
1.0,0.0293468251080555,0.976096218950061
1.0,0.0293536969408907,0.976449298045325
1.0,0.0293604672702148,0.976797161867484
1.0,0.0293671375955171,0.97713988744931
1.0,0.0293737093941258,0.977477550685838
1.0,0.0293801841215162,0.977810226351265
1.0,0.0293865632116292,0.978137988115541
1.0,0.0293928480771888,0.978460908560675
1.0,0.0293990401100188,0.978779059196771
1.0,0.0294051406813607,0.979092510477824
1.0,0.0294111511421822,0.979401331817275
1.0,0.0294170728234844,0.979705591603339
1.0,0.0294229070366021,0.980005357214115
1.0,0.0294286550734975,0.980300695032487
1.0,0.0294343182070504,0.9805916704608
1.0,0.0294398976913415,0.980878347935336
1.0,0.02944539476193,0.981160790940583
1.0,0.0294508106361286,0.981439062023286
1.0,0.0294561465132714,0.981713222806307
1.0,0.0294614035749807,0.981983334002269
1.0,0.0294665829854257,0.982249455427011
1.0,0.029471685891582,0.982511646012831
1.0,0.0294767134234843,0.982769963821543
1.0,0.0294816666944748,0.98302446605734
1.0,0.029486546801452,0.983275209079458
1.0,0.0294913548251114,0.983522248414662
1.0,0.0294960918301859,0.983765638769538
1.0,0.0295007588656808,0.984005434042616
1.0,0.0295053569651065,0.984241687336295
1.0,0.0295098871467074,0.984474450968613
1.0,0.0295143504136879,0.984703776484824
1.0,0.0295187477544334,0.984929714668817
1.0,0.02952308014273,0.985152315554358
1.0,0.0295273485379806,0.985371628436177
1.0,0.0295315538854162,0.985587701880874
1.0,0.029535697116307,0.985800583737682
1.0,0.0295397791481657,0.98601032114906
1.0,0.0295438008849553,0.986216960561131
1.0,0.029547763217284,0.98642054773397
1.0,0.0295516670226064,0.986621127751739
1.0,0.0295555131654162,0.986818745032665
1.0,0.029559302497437,0.987013443338883
1.0,0.0295630358578125,0.987205265786123
1.0,0.0295667140732914,0.98739425485326
1.0,0.0295703379584109,0.987580452391717
1.0,0.0295739083156759,0.98776389963474
1.0,0.0295774259357382,0.987944637206522
1.0,0.0295808915975715,0.988122705131205
1.0,0.0295843060686423,0.988298142841738
1.0,0.0295876701050821,0.988470989188613
1.0,0.0295909844518527,0.988641282448467
1.0,0.0295942498429129,0.988809060332559
1.0,0.0295974670013803,0.988974359995122
1.0,0.0296006366396901,0.989137218041586
1.0,0.0296037594597562,0.989297670536692
1.0,0.0296068361531234,0.989455753012471
1.0,0.0296098674011225,0.989611500476116
1.0,0.0296128538750198,0.989764947417736
1.0,0.0296157962361665,0.989916127817992
1.0,0.0296186951361459,0.990065075155618
1.0,0.029621551216916,0.990211822414844
1.0,0.0296243651109525,0.990356402092691
1.0,0.0296271374413897,0.990498846206174
1.0,0.029629868822157,0.990639186299387
1.0,0.0296325598581155,0.990777453450493
1.0,0.0296352111451925,0.990913678278604
1.0,0.0296378232705123,0.991047890950562
1.0,0.0296403968125276,0.991180121187617
1.0,0.0296429323411465,0.991310398272013
1.0,0.0296454304178591,0.991438751053471
1.0,0.0296478915958616,0.991565207955575
1.0,0.0296503164201791,0.99168979698207
1.0,0.0296527054277864,0.991812545723062
1.0,0.0296550591477269,0.991933481361126
1.0,0.0296573781012295,0.992052630677331
1.0,0.0296596628018235,0.992170020057162
1.0,0.0296619137554539,0.992285675496373
1.0,0.0296641314605914,0.992399622606736
1.0,0.0296663164083444,0.992511886621715
1.0,0.0296684690825675,0.992622492402055
1.0,0.0296705899599685,0.992731464441288
1.0,0.0296726795102127,0.992838826871154
1.0,0.0296747381960289,0.992944603466947
1.0,0.0296767664733111,0.99304881765278
1.0,0.0296787647912191,0.993151492506774
1.0,0.0296807335922784,0.993252650766163
1.0,0.0296826733124773,0.993352314832335
1.0,0.0296845843813647,0.99345050677579
1.0,0.029686467222146,0.993547248341028
1.0,0.0296883222517725,0.993642560951365
1.0,0.0296901498810396,0.993736465713676
1.0,0.0296919505146738,0.993828983423068
1.0,0.0296937245514233,0.993920134567489
1.0,0.0296954723841463,0.994009939332262
1.0,0.0296971943998987,0.994098417604554
1.0,0.0296988909800198,0.994185588977785
1.0,0.0297005625002142,0.99427147275596
1.0,0.0297022093306392,0.99435608795795
1.0,0.0297038318359828,0.994439453321699
1.0,0.0297054303755482,0.994521587308379
1.0,0.029707005303329,0.994602508106472
1.0,0.0297085569680922,0.994682233635802
1.0,0.0297100857134509,0.994760781551501
1.0,0.029711591877946,0.994838169247921
1.0,0.0297130757951152,0.994914413862483
1.0,0.0297145377935697,0.994989532279474
1.0,0.0297159781970684,0.995063541133788
1.0,0.0297173973245868,0.995136456814605
1.0,0.029718795490389,0.995208295469025
1.0,0.0297201730040977,0.99527907300564
1.0,0.0297215301707614,0.995348805098059
1.0,0.0297228672909231,0.995417507188379
1.0,0.029724184660687,0.995485194490605
1.0,0.0297254825717834,0.995551881994015
1.0,0.029726761311633,0.995617584466486
1.0,0.029728021163411,0.99568231645776
1.0,0.029729262406111,0.995746092302666
1.0,0.0297304853146041,0.995808926124296
1.0,0.0297316901597027,0.995870831837133
1.0,0.0297328772082177,0.99593182315013
1.0,0.0297340467230203,0.995991913569748
1.0,0.0297351989630983,0.996051116402944
1.0,0.0297363341836141,0.996109444760124
1.0,0.0297374526359606,0.996166911558037
1.0,0.0297385545678177,0.996223529522646
1.0,0.0297396402232084,0.996279311191936
1.0,0.0297407098425484,0.9963342689187
1.0,0.0297417636627044,0.996388414873265
1.0,0.0297428019170438,0.996441761046197
1.0,0.0297438248354867,0.996494319250946
1.0,0.0297448326445566,0.996546101126472
1.0,0.0297458255674334,0.996597118139814
1.0,0.0297468038239972,0.996647381588635
1.0,0.029747767630883,0.996696902603721
1.0,0.0297487172015243,0.996745692151448
1.0,0.0297496527462024,0.996793761036209
1.0,0.0297505744720929,0.996841119902806
1.0,0.0297514825833107,0.99688777923881
1.0,0.0297523772809565,0.99693374937688
1.0,0.0297532587631597,0.996979040497053
1.0,0.0297541272251238,0.997023662629
1.0,0.0297549828591688,0.997067625654243
1.0,0.0297558258547734,0.997110939308348
1.0,0.0297566563986189,0.997153613183076
1.0,0.0297574746746281,0.99719565672851
1.0,0.0297582808640071,0.997237079255148
1.0,0.0297590751452856,0.997277889935966
1.0,0.0297598576943565,0.997318097808442
1.0,0.0297606286845149,0.997357711776568
1.0,0.0297613882864949,0.997396740612815
1.0,0.0297621366685101,0.997435192960075
1.0,0.0297628739962883,0.99747307733358
1.0,0.0297636004331105,0.997510402122784
1.0,0.0297643161398458,0.997547175593221
1.0,0.0297650212749858,0.997583405888336
1.0,0.0297657159946823,0.997619101031289
1.0,0.02976640045278,0.997654268926731
1.0,0.0297670748008512,0.997688917362555
1.0,0.0297677391882303,0.997723054011619
1.0,0.0297683937620445,0.997756686433448
1.0,0.0297690386672491,0.997789822075905
1.0,0.0297696740466575,0.997822468276842
1.0,0.029770300040973,0.997854632265725
1.0,0.029770916788822,0.997886321165236
1.0,0.0297715244267833,0.997917541992845
1.0,0.0297721230894163,0.997948301662374
1.0,0.0297727129092953,0.997978606985516
1.0,0.0297732940170348,0.998008464673353
1.0,0.0297738665413205,0.998037881337839
1.0,0.0297744306089371,0.998066863493261
1.0,0.0297749863447969,0.998095417557687
1.0,0.0297755338719674,0.998123549854384
1.0,0.0297760733116974,0.998151266613218
1.0,0.0297766047834456,0.998178573972036
1.0,0.0297771284049055,0.998205477978022
1.0,0.029777644292033,0.99823198458904
1.0,0.0297781525590701,0.998258099674951
1.0,0.0297786533185727,0.998283829018911
1.0,0.0297791466814328,0.998309178318658
1.0,0.0297796327569055,0.998334153187765
1.0,0.0297801116526315,0.99835875915689
1.0,0.0297805834746618,0.998383001674999
1.0,0.029781048327481,0.998406886110572
1.0,0.0297815063140299,0.998430417752791
1.0,0.0297819575357294,0.998453601812712
1.0,0.0297824020925022,0.998476443424421
1.0,0.0297828400827946,0.998498947646169
1.0,0.0297832716035991,0.99852111946149
1.0,0.0297836967504757,0.99854296378031
1.0,0.0297841156175724,0.998564485440029
1.0,0.0297845282976479,0.998585689206595
1.0,0.029784934882088,0.998606579775561
1.0,0.0297853354609321,0.998627161773119
1.0,0.0297857301228865,0.998647439757131
1.0,0.0297861189553499,0.998667418218135
1.0,0.0297865020444281,0.998687101580339
1.0,0.0297868794749563,0.998706494202603
1.0,0.0297872513305155,0.998725600379402
1.0,0.0297876176934528,0.998744424341778
1.0,0.0297879786448993,0.998762970258278
1.0,0.0297883342647871,0.998781242235874
1.0,0.0297886846318678,0.998799244320877
1.0,0.0297890298237293,0.998816980499828
1.0,0.029789369916815,0.998834454700386
1.0,0.0297897049864375,0.998851670792194
1.0,0.0297900351067979,0.998868632587735
1.0,0.0297903603510004,0.998885343843183
1.0,0.0297906807910704,0.998901808259226
1.0,0.0297909964979695,0.998918029481892
1.0,0.0297913075416099,0.998934011103351
1.0,0.0297916139908723,0.998949756662719
1.0,0.0297919159136188,0.998965269646831
1.0,0.029792213376711,0.998980553491021
1.0,0.0297925064460212,0.99899561157988
1.0,0.0297927951864494,0.999010447248006
1.0,0.0297930796619366,0.999025063780742
1.0,0.0297933599354796,0.999039464414903
1.0,0.0297936360691451,0.999053652339494
1.0,0.0297939081240823,0.999067630696415
1.0,0.0297941761605376,0.999081402581158
0.0,-0.140305559762133,1.036244124693299
0.0,-0.133328497606449,0.904482395438333
0.0,-0.113170150230084,0.770473484716336
0.0,-0.0871948033481944,0.604472954032533
0.0,-0.0606524652396354,0.5121699679160989
0.0,-0.0368670119043784,0.364518518091275
0.0,-0.017578283308715,0.17143500905092302
0.0,-0.0033396804763503,0.08429427719950103
0.0,0.0060963176598047,0.10112027560709248
0.0,0.0114452378093728,0.06862151434284568
0.0,0.0136292845775229,0.05526366967447058
0.0,0.013591007770927,-0.019107793640858975
0.0,0.0121753040977198,-0.011081997843198275
0.0,0.0100676253860801,0.07517804182197277
0.0,0.0077742920190129,0.08803431742564807
0.0,0.0056312356116111,0.02549719736195033
0.0,0.0038293589320999,0.10935733239041998
0.0,0.0024472396302507,0.041995747027170224
0.0,0.0014845644683156,0.12065072358039627
0.0,0.0008921050838216,0.04846091121722172
0.0,0.0005960406950376,0.12309053072821997
0.0,0.0005159274204524,0.04784852806567533
0.0,0.0005766229974962,0.12039087366130867
0.0,0.0007150657056544,0.043908442174802026
0.0,0.0008830672433945,0.04158649740085092
0.0,0.0010473055337726,0.11362320497489227
0.0,0.0011875809495599,0.11153970844639438
0.0,0.0012941990220279,0.03539006883697232
0.0,0.0013651173575458,0.033779086129853225
0.0,0.0014032800520046,0.03238718862343522
0.0,0.0014143803142924,0.10547560750063277
0.0,0.0014051505586255,0.10440515297320567
0.0,0.0013821798428348,0.029134793455397226
0.0,0.001351196877925,0.02822584526618692
0.0,0.0013167258072772,0.10165067269327308
0.0,0.0012820135595149,0.02649468164551362
0.0,0.0012491342101432,0.025640340731609326
0.0,0.0012191909655201,0.09908110929139488
0.0,0.0011925550888869,0.023919935447610827
0.0,0.0011690997946775,0.023052574158584624
0.0,0.0011484036554129,0.022183269640073625
0.0,0.0011299112930938,0.021315318888206022
0.0,0.0011130487652925,0.02045207376589532
0.0,0.0010972973396202,0.019596506387343227
0.0,0.0010822328169554,0.018750984191933023
0.0,0.0010675388771157,0.01791720143992162
0.0,0.0010530027441549,0.09139452307645198
0.0,0.0010385003881908,0.016288545709639127
0.0,0.0010239769660006,0.08979260176871098
0.0,0.0010094265956358,0.014713275748532421
0.0,0.0009948740840456,0.013945125891241625
0.0,0.0009803600042755,0.013189394539420023
0.0,0.000965929596905,0.08674391860823238
0.0,0.0009516253428248,0.011713329781261224
0.0,0.0009374826829411,0.010992152275539721
0.0,0.000923528191229,0.08458004708321377
0.0,0.0009097794837434,0.00958181154063762
0.0,0.0008962462153429,0.08319044550613817
0.0,0.0008829316346439,0.008212531877901226
0.0,0.0008698343033493,0.08184114259795627
0.0,0.0008569497163386,0.006882911829535224
0.0,0.0008442716705625,0.0062326370643030204
0.0,0.0008317933178423,0.005591892435969824
0.0,0.0008195078982909,0.07925886811013558
0.0,0.0008074091896805,0.004338523821229422
0.0,0.0007954917279186,0.0037256605927938266
0.0,0.0007837508596317,0.003121847473496621
0.0,0.0007721826843588,0.0025269584207499238
0.0,0.0007607839349426,0.07623917304322488
0.0,0.0007495518335065,0.07566174827623177
0.0,0.0007384839490671,0.07509286302923257
0.0,0.0007275780727589,0.07453238971968357
0.0,0.0007168321185255,0.07398020214318618
0.0,0.0007062440511685,-0.0008621314258249746
0.0,0.0006958118397328,0.07290018850876007
0.0,0.0006855334320058,0.07237211978519709
0.0,0.0006754067450446,-0.0024464556991194777
0.0,0.0006654296666991,0.07133926796782847
0.0,0.0006556000637238,-0.0034640523659715747
0.0,0.0006459157929726,0.07033670047835967
0.0,0.0006363747131442,-0.004451812884108779
0.0,0.0006269746954386,-0.004934779000736474
0.0,0.0006177136322405,-0.005410611956757579
0.0,0.0006085894435082,-0.0058794169421089795
0.0,0.0005996000809424,0.06795700969780008
0.0,0.0005907435302364,-0.006796356074644076
0.0,0.0005820178118244,-0.007244693022312877
0.0,0.0005734209805606,-0.007686407651901976
0.0,0.0005649511247238,-0.008121597733955477
0.0,0.0005566063646727,0.06574794768139418
0.0,0.0005483848513946,0.06532551905111568
0.0,0.0005402847651109,-0.009388977177598276
0.0,0.0005323043140358,0.06449928871668267
0.0,0.0005244417333311,0.06409530401660937
0.0,0.0005166952842585,-0.010601020754812278
0.0,0.0005090632535129,0.06330514814762148
0.0,0.0005015439527,0.06291880197606918
0.0,0.0004941357179249,0.06253816246673108
0.0,0.0004868369094537,-0.012135161977010575
0.0,0.0004796459114203,-0.012504639805643775
0.0,0.000472561131555,0.0242804935096637
0.0,0.0004655810009173,0.0239218500576397
0.0,0.0004587039736243,0.0235685040678196
0.0,0.0004519285265694,0.0232203772933632
0.0,0.0004452531591291,0.0228773926432683
0.0,0.0004386763928594,0.0225394741651292
0.0,0.0004321967711844,0.0222065470282255
0.0,0.0004258128590795,0.0218785375069192
0.0,0.0004195232427534,0.0215553729643371
0.0,0.0004133265293292,0.0212369818363188
0.0,0.0004072213465296,0.0209232936156128
0.0,0.0004012063423654,0.0206142388363089
0.0,0.0003952801848296,0.0203097490584969
0.0,0.0003894415615963,0.0200097568531445
0.0,0.0003836891797261,0.019714195787191
0.0,0.0003780217653774,0.0194230004088526
0.0,0.0003724380635215,0.0191361062331385
0.0,0.0003669368376652,0.0188534497275744
0.0,0.0003615168695758,0.0185749682981342
0.0,0.0003561769590121,0.0183006002753762
0.0,0.0003509159234595,0.0180302849007828
0.0,0.0003457325978677,0.0177639623133021
0.0,0.0003406258343947,0.0175015735360875
0.0,0.0003355945021519,0.0172430604634345
0.0,0.0003306374869548,0.016988365847911
0.0,0.0003257536910763,0.016737433287678
0.0,0.0003209420330037,0.0164902072139984
0.0,0.0003162014471995,0.0162466328789309
0.0,0.0003115308838652,0.0160066563432061
0.0,0.0003069293087093,0.0157702244642819
0.0,0.0003023957027175,0.0155372848845749
0.0,0.0002979290619275,0.015307786019867
0.0,0.0002935283972066,0.0150816770478816
0.0,0.0002891927340323,0.0148589078970302
0.0,0.000284921112277,0.0146394292353234
0.0,0.0002807125859946,0.0144231924594475
0.0,0.0002765662232116,0.0142101496840006
0.0,0.0002724811057207,0.0140002537308893
0.0,0.0002684563288769,0.0137934581188803
0.0,0.0002644910013979,0.0135897170533079
0.0,0.0002605842451662,0.0133889854159326
0.0,0.0002567351950348,0.0131912187549494
0.0,0.0002529429986357,0.0129963732751444
0.0,0.0002492068161913,0.0128044058281962
0.0,0.0002455258203277,0.0126152739031204
0.0,0.0002418991958925,0.0124289356168562
0.0,0.0002383261397736,0.0122453497049909
0.0,0.0002348058607215,0.0120644755126222
0.0,0.0002313375791743,0.0118862729853552
0.0,0.0002279205270847,0.0117107026604322
0.0,0.0002245539477502,0.0115377256579941
0.0,0.0002212370956455,0.0113673036724701
0.0,0.0002179692362572,0.011199398964095
0.0,0.0002147496459213,0.0110339743505522
0.0,0.0002115776116632,0.0108709931987393
0.0,0.0002084524310391,0.0107104194166557
0.0,0.0002053734119813,0.0105522174454106
0.0,0.0002023398726442,0.0103963522513477
0.0,0.0001993511412539,0.0102427893182879
0.0,0.000196406555959,0.0100914946398851
0.0,0.0001935054646843,0.0099424347120957
0.0,0.0001906472249862,0.0097955765257595
0.0,0.0001878312039107,0.0096508875592893
0.0,0.0001850567778528,0.0095083357714694
0.0,0.000182323332419,0.0093678895943601
0.0,0.0001796302622907,0.0092295179263066
0.0,0.0001769769710904,0.0090931901250523
0.0,0.0001743628712496,0.0089588760009524
0.0,0.0001717873838788,0.0088265458102889
0.0,0.0001692499386391,0.0086961702486837
0.0,0.0001667499736159,0.0085677204446092
0.0,0.0001642869351946,0.0084411679529946
0.0,0.0001618602779381,0.0083164847489271
0.0,0.0001594694644657,0.0081936432214455
0.0,0.0001571139653344,0.0080726161674259
0.0,0.0001547932589214,0.0079533767855575
0.0,0.0001525068313088,0.0078358986704079
0.0,0.0001502541761696,0.0077201558065749
0.0,0.0001480347946559,0.0076061225629261
0.0,0.0001458481952879,0.0074937736869226
0.0,0.0001436938938456,0.0073830842990269
0.0,0.0001415714132612,0.0072740298871932
0.0,0.0001394802835137,0.0071665863014396
0.0,0.0001374200415248,0.0070607297484998
0.0,0.0001353902310559,0.0069564367865543
0.0,0.0001333904026078,0.0068536843200389
0.0,0.0001314201133207,0.0067524495945308
0.0,0.000129478926876,0.0066527101917089
0.0,0.0001275664134001,0.0065544440243902
0.0,0.000125682149369,0.0064576293316376
0.0,0.0001238257175145,0.0063622446739418
0.0,0.0001219967067317,0.0062682689284732
0.0,0.0001201947119881,0.0061756812844042
0.0,0.0001184193342339,0.0060844612383007
0.0,0.0001166701803138,0.0059945885895819
0.0,0.0001149468628793,0.0059060434360466
0.0,0.0001132490003038,0.0058188061694659
0.0,0.0001115762165973,0.0057328574712411
0.0,0.0001099281413237,0.0056481783081256
0.0,0.0001083044095187,0.0055647499280101
0.0,0.0001067046616083,0.0054825538557695
0.0,0.0001051285433304,0.0054015718891724
0.0,0.000103575705655,0.0053217860948495
0.0,0.000102045804708,0.0052431788043226
0.0,0.0001005385016946,0.0051657326100918
0.0,9.90534628240516e-05,0.0050894303617811
0.0,9.75903592360522e-05,0.0050142551623396
0.0,9.61488669279573e-05,0.0049401903643005
0.0,9.47286666828223e-05,0.0048672195660941
0.0,9.33294439988408e-05,0.0047953266084157
0.0,9.19508890196707e-05,0.0047244955706474
0.0,9.05926964658021e-05,0.0046547107673321
0.0,8.92545655669236e-05,0.0045859567447004
0.0,8.79361999954198e-05,0.004518218277248
0.0,8.66373078006397e-05,0.0044514803643643
0.0,8.53576013443089e-05,0.0043857282270104
0.0,8.4096797236817e-05,0.0043209473044464
0.0,8.28546162744623e-05,0.0042571232510067
0.0,8.16307833775981e-05,0.0041942419329235
0.0,8.04250275297444e-05,0.0041322894251967
0.0,7.92370817175661e-05,0.0040712520085102
0.0,7.80666828717538e-05,0.0040111161661938
0.0,7.69135718087371e-05,0.0039518685812301
0.0,7.57774931733138e-05,0.0038934961333052
0.0,7.46581953820977e-05,0.0038359858959034
0.0,7.35554305677996e-05,0.0037793251334447
0.0,7.24689545243476e-05,0.0037235012984642
0.0,7.13985266527703e-05,0.0036685020288338
0.0,7.03439099079828e-05,0.0036143151450246
0.0,6.93048707462521e-05,0.0035609286474095
0.0,6.82811790734539e-05,0.0035083307136061
0.0,6.72726081941827e-05,0.0034565096958587
0.0,6.62789347615142e-05,0.0034054541184588
0.0,6.52999387275241e-05,0.0033551526752037
0.0,6.43354032945978e-05,0.003305594226893
0.0,6.33851148673995e-05,0.0032567677988618
0.0,6.24488630055833e-05,0.0032086625785502
0.0,6.15264403771992e-05,0.003161267913109
0.0,6.06176427127222e-05,0.0031145733070406
0.0,5.97222687599083e-05,0.0030685684198749
0.0,5.88401202391564e-05,0.003023243063879
0.0,5.79710017996199e-05,0.0029785872018018
0.0,5.71147209759704e-05,0.0029345909446508
0.0,5.62710881457304e-05,0.0028912445495021
0.0,5.54399164873279e-05,0.0028485384173434
0.0,5.46210219386847e-05,0.0028064630909476
0.0,5.38142231564925e-05,0.0027650092527791
0.0,5.30193414760259e-05,0.0027241677229301
0.0,5.22362008716012e-05,0.0026839294570878
0.0,5.14646279175662e-05,0.0026442855445316
0.0,5.07044517499278e-05,0.0026052272061597
0.0,4.99555040284934e-05,0.0025667457925453
0.0,4.92176188995885e-05,0.0025288327820208
0.0,4.84906329593568e-05,0.0024914797787908
0.0,4.77743852175389e-05,0.002454678511073
0.0,4.70687170618482e-05,0.0024184208292663
0.0,4.63734722228291e-05,0.0023826987041463
0.0,4.5688496739256e-05,0.0023475042250866
0.0,4.5013638924056e-05,0.002312829598308
0.0,4.43487493306978e-05,0.0022786671451516
0.0,4.36936807200819e-05,0.0022450093003791
0.0,4.30482880279734e-05,0.0022118486104969
0.0,4.24124283328678e-05,0.0021791777321061
0.0,4.17859608243115e-05,0.0021469894302757
0.0,4.11687467717532e-05,0.0021152765769412
0.0,4.0560649493801e-05,0.0020840321493251
0.0,3.99615343279723e-05,0.0020532492283829
0.0,3.93712686008567e-05,0.0020229209972696
0.0,3.87897215987469e-05,0.0019930407398314
0.0,3.82167645386899e-05,0.0019636018391173
0.0,3.76522705399542e-05,0.0019345977759145
0.0,3.70961145959546e-05,0.0019060221273045
0.0,3.65481735465634e-05,0.0018778685652407
0.0,3.60083260508154e-05,0.001850130855147
0.0,3.54764525600688e-05,0.0018228028545376
0.0,3.49524352915194e-05,0.001795878511656
0.0,3.44361582020926e-05,0.0017693518641357
0.0,3.39275069627977e-05,0.001743217037679
0.0,3.34263689333522e-05,0.0017174682447568
0.0,3.2932633137292e-05,0.0016920997833267
0.0,3.24461902373521e-05,0.0016671060355703
0.0,3.19669325112779e-05,0.0016424814666489
0.0,3.14947538279584e-05,0.0016182206234784
0.0,3.10295496239385e-05,0.0015943181335212
0.0,3.05712168802395e-05,0.0015707687035967
0.0,3.01196540995821e-05,0.0015475671187089
0.0,2.96747612838662e-05,0.0015247082408919
0.0,2.92364399120566e-05,0.0015021870080719
0.0,2.88045929183675e-05,0.001479998432946
0.0,2.83791246707341e-05,0.0014581376018783
0.0,2.79599409496838e-05,0.0014365996738113
0.0,2.75469489274226e-05,0.0014153798791939
0.0,2.71400571473165e-05,0.0013944735189256
0.0,2.67391755036199e-05,0.0013738759633154
0.0,2.63442152215274e-05,0.0013535826510568
0.0,2.59550888375079e-05,0.0013335890882177
0.0,2.55717101799412e-05,0.001313890847245
0.0,2.51939943500361e-05,0.0012944835659847
0.0,2.48218577030314e-05,0.0012753629467151
0.0,2.44552178296671e-05,0.0012565247551958
0.0,2.40939935379405e-05,0.0012379648197295
0.0,2.37381048351203e-05,0.0012196790302385
0.0,2.33874729100355e-05,0.0012016633373544
0.0,2.30420201156219e-05,0.0011839137515215
0.0,2.27016699517347e-05,0.001166426342113
0.0,2.23663470481951e-05,0.0011491972365611
0.0,2.20359771481073e-05,0.0011322226194989
0.0,2.17104870914118e-05,0.0011154987319157
0.0,2.13898047986896e-05,0.0010990218703247
0.0,2.10738592551895e-05,0.0010827883859425
0.0,2.07625804951143e-05,0.0010667946838815
0.0,2.04558995861148e-05,0.0010510372223538
0.0,2.01537486140355e-05,0.0010355125118864
0.0,1.98560606678704e-05,0.0010202171145488
0.0,1.95627698249424e-05,0.0010051476431919
0.0,1.92738111363111e-05,0.0009903007606975
0.0,1.89891206123886e-05,0.0009756731792393
0.0,1.87086352087598e-05,0.0009612616595553
0.0,1.84322928122403e-05,0.00094706301023
0.0,1.81600322271026e-05,0.0009330740869878
0.0,1.78917931615303e-05,0.0009192917919966
0.0,1.76275162142737e-05,0.0009057130731822
0.0,1.7367142861489e-05,0.0008923349235519
0.0,1.71106154437748e-05,0.0008791543805287
0.0,1.68578771534145e-05,0.0008661685252958
1.77635683940025e-13,1.66088720519961e-05,0.0008533744821495
1.0,0.170116363544906,0.03798992306767977
1.0,0.163139319862478,0.021155986891274126
1.0,0.142980990686505,0.15516583276110502
1.0,0.117005661736172,0.32116728477981105
1.0,0.0904633412943067,0.5620677932214749
1.0,0.0666779053647916,0.709720137364416
1.0,0.0473891939177726,0.754207912913821
1.0,0.0331506079807522,0.841349512858808
1.0,0.0237146264903828,0.9731209843215339
1.0,0.018365722740728,1.005620588223791
1.0,0.0161816921302503,1.0189792630837
1.0,0.016219984855856,0.944754929728704
1.0,0.0176357042129354,0.936729939778443
1.0,0.0197433983767834,0.999067308656851
1.0,0.0220367469678167,0.986211815270297
1.0,0.0241798183743133,0.900153091397878
1.0,0.0259817098313703,0.964890330248401
1.0,0.0273638436924882,0.883656049076982
1.0,0.0283265331986392,0.953598424137995
1.0,0.028919006715473,0.8771923480306171
1.0,0.0292150850278503,0.9511600585219849
1.0,0.0292952120203652,0.87780615142133
1.0,0.029234529958626,0.953861114849928
1.0,0.0290961005661399,0.881747615904963
1.0,0.0289281121473878,0.884070234740933
1.0,0.0287638867822196,0.9606308058716719
1.0,0.0286236241007257,0.96271495669632
1.0,0.028517018574455,0.8902686263381561
1.0,0.0284461125998161,0.891880244155161
1.0,0.0284079620836557,0.893272767390354
1.0,0.0283968738197824,0.968781579598615
1.0,0.0284061153966375,0.969852641506248
1.0,0.0284290977590071,0.896526984833514
1.0,0.0284600921984659,0.897436522592407
1.0,0.028494574574174,0.9726088906257879
1.0,0.0285292979600111,0.899168839355745
1.0,0.0285621882829392,0.900023744097994
1.0,0.0285921423390298,0.975180145637558
1.0,0.0286187888674359,0.9017452521770281
1.0,0.0286422546560825,0.9026131526769591
1.0,0.0286629611347726,0.903482988441773
1.0,0.0286814636837951,0.904351462592986
1.0,0.0286983362478337,0.9052152233835891
1.0,0.0287140975614992,0.9060712988135761
1.0,0.0287291718261036,0.9069173215560711
1.0,0.0287438753639857,0.907751597461663
1.0,0.0287584209532179,0.982871376293645
1.0,0.0287729326257762,0.909381217753813
1.0,0.0287874652269469,0.984474247915856
1.0,0.0288020246407108,0.9109574239924401
1.0,0.0288165860621212,0.911726031642005
1.0,0.0288311089201061,0.912482214024122
1.0,0.0288455479760299,0.987524748922733
1.0,0.0288598607509165,0.913959160954978
1.0,0.0288740118057473,0.914680769798456
1.0,0.0288879745684059,0.989689914556544
1.0,0.0289017314246693,0.91609195418931
1.0,0.028915272721483,0.9910803473280569
1.0,0.0289285952120091,0.917462052769037
1.0,0.0289417003362957,0.992430457057131
1.0,0.0289545926011894,0.918792467720867
1.0,0.0289672782114396,0.919443131153624
1.0,0.0289797640169001,0.920084258708532
1.0,0.0289920567791087,0.99501427490402
1.0,0.0290041627219186,0.92133837629152
1.0,0.0290160873110252,0.921951605727486
1.0,0.0290278352013797,0.922555779645117
1.0,0.0290394102949987,0.9231510241669
1.0,0.0290508158605707,0.998035774362111
1.0,0.0290620546774825,0.998613544174539
1.0,0.0290731291782043,0.999182769370359
1.0,0.0290840415730664,0.999743577607398
1.0,0.0290947939495692,1.000296095164221
1.0,0.0291053883443335,0.926542139240241
1.0,0.0291158267897156,1.0013767542090268
1.0,0.029126111339308,1.001905138505568
1.0,0.0291362440774139,0.928127410302355
1.0,0.0291462271175238,1.002938607553904
1.0,0.0291560625942033,0.9291456150831501
1.0,0.0291657526518987,1.0039417741749581
1.0,0.0291752994331935,0.930133965883191
1.0,0.02918470506815,0.930617220617766
1.0,0.0291939716656273,0.931093337928603
1.0,0.0292031013068932,0.931562423068608
1.0,0.0292120960414537,1.006322887044459
1.0,0.0292209578848055,0.932479910157209
1.0,0.0292296888176864,0.9329285150276351
1.0,0.0292382907863971,0.933370493622535
1.0,0.029246765703796,0.933805943770908
1.0,0.029255115450646,1.008533269179705
1.0,0.0292633418770638,1.008955950250244
1.0,0.0292714468039159,0.935074080591233
1.0,0.0292794320240601,1.009782674334004
1.0,0.0292872993033908,1.010186900452485
1.0,0.0292950503816864,0.9362868484771311
1.0,0.0293026869732775,1.010977528513096
1.0,0.0293102107675687,1.011364105562431
1.0,0.0293176234294492,1.011744972539291
1.0,0.029324926599634,0.937821906491439
1.0,0.0293321218949549,0.938191605117446
1.0,0.0293392109086328,0.975704996637763
1.0,0.0293461952105463,0.976063854412605
1.0,0.0293530763475018,0.976417411559514
1.0,0.0293598558435162,0.97676574637209
1.0,0.0293665352001091,0.977108935987406
1.0,0.0293731158966082,0.977447056403256
1.0,0.0293795993904598,0.97778018249508
1.0,0.0293859871175459,0.978108388032573
1.0,0.0293922804925031,0.978431745696017
1.0,0.0293984809090402,0.978750327092338
1.0,0.0294045897402544,0.979064202770922
1.0,0.0294106083389427,0.979373442239193
1.0,0.029416538037909,0.979678113977959
1.0,0.0294223801502627,0.979978285456548
1.0,0.0294281359697157,0.980274023147721
1.0,0.0294338067708717,0.980565392542375
1.0,0.0294393938095086,0.980852458164035
1.0,0.0294448983228588,0.981135283583144
1.0,0.0294503215298831,0.981413931431133
1.0,0.0294556646315396,0.981688463414297
1.0,0.0294609288110503,0.981958940327462
1.0,0.0294661152341611,0.982225422067452
1.0,0.0294712250494003,0.982487967646359
1.0,0.0294762593883318,0.982746635204611
1.0,0.0294812193658063,0.98300148202385
1.0,0.0294861060802072,0.98325256453962
1.0,0.0294909206136929,0.983499938353866
1.0,0.0294956640324378,0.983743658247247
1.0,0.0295003373868683,0.983983778191265
1.0,0.0295049417118931,0.984220351360222
1.0,0.0295094780271361,0.984453430142987
1.0,0.0295139473371591,0.984683066154607
1.0,0.0295183506316863,0.984909310247728
1.0,0.0295226888858227,0.98513221252386
1.0,0.0295269630602693,0.985351822344476
1.0,0.0295311741015374,0.985568188341932
1.0,0.0295353229421575,0.985781358430247
1.0,0.0295394105008862,0.985991379815707
1.0,0.029543437682908,0.986198299007323
1.0,0.0295474053800389,0.986402161827127
1.0,0.0295513144709207,0.986603013420321
1.0,0.0295551658212176,0.986800898265273
1.0,0.0295589602838064,0.98699586018337
1.0,0.0295626986989674,0.987187942348717
1.0,0.0295663818945682,0.987377187297704
1.0,0.0295700106862489,0.987563636938421
1.0,0.0295735858776009,0.987747332559939
1.0,0.0295771082603471,0.987928314841455
1.0,0.0295805786145151,0.988106623861302
1.0,0.0295839977086114,0.98828229910582
1.0,0.0295873662997901,0.988455379478101
1.0,0.0295906851340224,0.988625903306608
1.0,0.0295939549462603,0.988793908353659
1.0,0.0295971764606007,0.98895943182379
1.0,0.0296003503904445,0.989122510371996
1.0,0.0296034774386542,0.989283180111846
1.0,0.0296065582977121,0.989441476623479
1.0,0.0296095936498713,0.989597434961489
1.0,0.0296125841673063,0.98975108966268
1.0,0.0296155305122645,0.989902474753722
1.0,0.0296184333372111,0.990051623758678
1.0,0.0296212932849731,0.990198569706436
1.0,0.0296241109888831,0.990343345138017
1.0,0.0296268870729186,0.990485982113785
1.0,0.0296296221518404,0.990626512220544
1.0,0.0296323168313286,0.990764966578535
1.0,0.029634971708117,0.990901375848326
1.0,0.0296375873701253,0.991035770237605
1.0,0.0296401643965896,0.991168179507862
1.0,0.0296427033581885,0.991298632980988
1.0,0.0296452048171736,0.991427159545764
1.0,0.0296476693274896,0.99155378766426
1.0,0.029650097434899,0.991678545378135
1.0,0.0296524896771049,0.991801460314852
1.0,0.0296548465838657,0.99192255969379
1.0,0.029657168677117,0.992041870332276
1.0,0.0296594564710826,0.992159418651523
1.0,0.0296617104723924,0.99227523068248
1.0,0.0296639311801932,0.992389332071595
1.0,0.0296661190862575,0.992501748086498
1.0,0.0296682746750954,0.992612503621595
1.0,0.0296703984240594,0.992721623203581
1.0,0.0296724908034511,0.992829130996868
1.0,0.0296745522766264,0.992935050808941
1.0,0.0296765833000954,0.993039406095629
1.0,0.0296785843236271,0.993142219966297
1.0,0.0296805557903452,0.993243515188968
1.0,0.0296824981368291,0.993343314195357
1.0,0.0296844117932098,0.993441639085847
1.0,0.0296862971832641,0.993538511634381
1.0,0.0296881547245091,0.993633953293279
1.0,0.0296899848282959,0.993727985197993
1.0,0.0296917878998988,0.993820628171789
1.0,0.0296935643386065,0.993911902730352
1.0,0.0296953145378087,0.994001829086335
1.0,0.0296970388850857,0.994090427153833
1.0,0.0296987377622917,0.994177716552792
1.0,0.0297004115456423,0.994263716613356
1.0,0.0297020606057938,0.994348446380145
1.0,0.0297036853079296,0.994431924616475
1.0,0.0297052860118383,0.994514169808512
1.0,0.0297068630719934,0.994595200169364
1.0,0.0297084168376338,0.994675033643118
1.0,0.0297099476528389,0.99475368790881
1.0,0.0297114558566058,0.994831180384343
1.0,0.0297129417829252,0.994907528230342
1.0,0.0297144057608538,0.994982748353955
1.0,0.0297158481145876,0.995056857412598
1.0,0.0297172691635343,0.995129871817642
1.0,0.0297186692223839,0.995201807738047
1.0,0.0297200486011779,0.995272681103947
1.0,0.029721407605378,0.995342507610171
1.0,0.0297227465359347,0.995411302719724
1.0,0.0297240656893523,0.99547908166721
1.0,0.0297253653577556,0.995545859462202
1.0,0.0297266458289558,0.995611650892572
1.0,0.0297279073865109,0.995676470527761
1.0,0.0297291503097918,0.995740332722006
1.0,0.0297303748740427,0.995803251617524
1.0,0.029731581350442,0.995865241147635
1.0,0.0297327700061623,0.995926315039853
1.0,0.0297339411044302,0.995986486818927
1.0,0.029735094904584,0.996045769809832
1.0,0.0297362316621321,0.996104177140723
1.0,0.0297373516288078,0.996161721745839
1.0,0.0297384550526267,0.996218416368372
1.0,0.0297395421779403,0.996274273563285
1.0,0.0297406132454925,0.996329305700092
1.0,0.0297416684924685,0.996383524965603
1.0,0.0297427081525532,0.996436943366614
1.0,0.0297437324559766,0.996489572732574
1.0,0.0297447416295711,0.996541424718198
1.0,0.0297457358968156,0.996592510806053
1.0,0.0297467154778912,0.996642842309097
1.0,0.0297476805897234,0.996692430373189
1.0,0.0297486314460365,0.996741285979551
1.0,0.0297495682573956,0.996789419947205
1.0,0.0297504912312574,0.996836842935366
1.0,0.0297514005720132,0.996883565445803
1.0,0.0297522964810348,0.996929597825167
1.0,0.0297531791567214,0.996974950267278
1.0,0.0297540487945398,0.997019632815385
1.0,0.0297549055870709,0.997063655364391
1.0,0.0297557497240506,0.99710702766304
1.0,0.0297565813924112,0.997149759316084
1.0,0.0297574007763257,0.997191859786399
1.0,0.0297582080572454,0.99723333839709
1.0,0.0297590034139414,0.997274204333551
1.0,0.029759787022545,0.997314466645498
1.0,0.0297605590565857,0.997354134248979
1.0,0.029761319687029,0.99739321592834
1.0,0.0297620690823166,0.997431720338177
1.0,0.0297628074084004,0.997469656005251
1.0,0.0297635348287824,0.997507031330374
1.0,0.0297642515045486,0.997543854590271
1.0,0.029764957594407,0.997580133939414
1.0,0.029765653254719,0.997615877411826
1.0,0.029766338639539,0.997651092922859
1.0,0.0297670139006447,0.997685788270952
1.0,0.0297676791875714,0.99771997113935
1.0,0.0297683346476463,0.997753649097814
1.0,0.0297689804260206,0.997786829604292
1.0,0.0297696166657013,0.99781952000657
1.0,0.0297702435075824,0.997851727543903
1.0,0.0297708610904779,0.997883459348616
1.0,0.0297714695511506,0.997914722447683
1.0,0.0297720690243437,0.997945523764282
1.0,0.0297726596428092,0.997975870119334
1.0,0.0297732415373395,0.998005768233005
1.0,0.0297738148367948,0.9980352247262
1.0,0.0297743796681311,0.998064246122027
1.0,0.0297749361564303,0.998092838847245
1.0,0.0297754844249252,0.99812100923368
1.0,0.0297760245950296,0.998148763519635
1.0,0.0297765567863642,0.998176107851266
1.0,0.0297770811167819,0.998203048283946
1.0,0.0297775977023953,0.998229590783605
0.0,-0.140321893342399,1.035404894877857
0.0,-0.133344589925893,0.9036555617584641
0.0,-0.113186004852333,0.769658864070612
0.0,-0.0872104237842366,0.6036703660240901
0.0,-0.0606678549485999,0.511379234812688
0.0,-0.0368821742942995,0.36373946478590197
0.0,-0.0175932217372876,0.17066746302307303
0.0,-0.0033543982516735,0.08353806847693303
0.0,0.0060818172784955,0.10037523672819998
0.0,0.0114309516109838,0.06788748031957187
0.0,0.0136152093983907,0.05454047795577198
0.0,0.0135771404941185,-0.019820303205009177
0.0,0.0121616416523416,-0.011783983037275278
0.0,0.0100541647465981,0.07448642554410417
0.0,0.0077610302045833,0.08735291690630848
0.0,0.0056181696854192,0.024825861705728924
0.0,0.0038164860007105,0.10869591293075917
0.0,0.0024345568429669,0.04134409729344342
0.0,0.001472069016548,0.12000869926547207
0.0,0.0008797942004659,0.04782837014550752
0.0,0.0005839116538616,0.12246733282417697
0.0,0.0005039775354934,0.04723453532279932
0.0,0.0005648496224647,0.11978595011156838
0.0,0.0007034662333494,0.043312453858529124
0.0,0.0008716391051255,0.04099931233707502
0.0,0.0010360461987905,0.11304469313211378
0.0,0.0011764879244969,0.11096974171378908
0.0,0.0012832698503457,0.03482852099602142
0.0,0.0013543496189913,0.033225832826392424
0.0,0.0013926713620735,0.031842107340116624
0.0,0.001403928323702,0.10493857752979358
0.0,0.0013948529527935,0.10387605539013747
0.0,0.0013720343413677,0.02861351109201052
0.0,0.0013412012341121,0.027712262685064118
0.0,0.0013068778075943,0.10114467616210497
0.0,0.0012723110231329,0.025996159111913622
0.0,0.0012395749884459,0.025149181798299725
0.0,0.001209772941628,0.09859720519175898
0.0,0.0011832761771891,0.02344317902160732
0.0,0.0011599579403688,0.022582859829016623
0.0,0.0011393968340395,0.021720493389209124
0.0,0.0011210375101049,0.020859378234742924
0.0,0.0011043060555983,0.02000286774226722
0.0,0.001088683767157,0.01915393551736022
0.0,0.0010737464742572,0.018314950468752922
0.0,0.0010591778848908,0.017487608304346224
0.0,0.0010447652508707,0.09097127539554438
0.0,0.0010303845696632,0.015871549755656626
0.0,0.0010159810249903,0.08938176519834878
0.0,0.0010015487614502,0.014308507582474823
0.0,0.000987112612147,0.013546336494014224
0.0,0.0009727131758942,0.012796495599540623
0.0,0.0009583957186591,0.08635682311865409
0.0,0.0009442027463453,0.011331952020104924
0.0,0.0009301697245017,0.010616407787111322
0.0,0.0009163232513832,0.08420985265930128
0.0,0.0009026809669648,0.009217085202084724
0.0,0.0008892525496726,0.08283110648469018
0.0,0.0008760412713424,0.00785850059831912
0.0,0.0008630457165528,0.08149234066039468
0.0,0.000850261402722,0.006539261992180821
0.0,0.000837682149006,0.00589406322626982
0.0,0.0008253011291036,0.005258319620446025
0.0,0.0008131116046816,0.07893022244778078
0.0,0.0008011073747484,0.004014732533815721
0.0,0.0007892829961333,0.003406651977089524
0.0,0.0007776338360765,0.0028075508853877204
0.0,0.0007661560144252,0.002217304259595626
0.0,0.0007548462840312,0.07593409273644489
0.0,0.0007437018867308,0.07536117426412087
0.0,0.0007327204109628,0.07479672874999957
0.0,0.0007218996669968,0.07424062959471157
0.0,0.0007112375876285,0.07369275156250978
0.0,0.000700732156234,-0.0011453361178270782
0.0,0.0006903813601574,0.07262116699005847
0.0,0.0006801831652157,0.07209721965078128
0.0,0.0006701355062291,-0.002717295325588079
0.0,0.0006602362885481,0.07107242887216378
0.0,0.000650483396169,-0.0037269500220626778
0.0,0.0006408747029337,0.07007768604343959
0.0,0.0006314080842773,-0.004707001456325376
0.0,0.000622081427889,-0.005186198221483876
0.0,0.0006128926423993,-0.005658317502551177
0.0,0.0006038396637724,-0.0061234636670751755
0.0,0.0005949204594785,0.06771656774977718
0.0,0.0005861330307473,-0.007033246491333977
0.0,0.0005774754133199,-0.007478084366797276
0.0,0.0005689456771313,-0.007916351608442777
0.0,0.0005605419253187,-0.008348145223393878
0.0,0.0005522622928795,0.06552474649036058
0.0,0.0005441049452231,0.06510561473082377
0.0,0.0005360680767805,-0.009605633324723275
0.0,0.0005281499097655,0.06428583276445428
0.0,0.0005203486931324,0.06388500098968697
0.0,0.0005126627017322,-0.010808217427807375
0.0,0.0005050902356479,0.06310101194507367
0.0,0.0004976296196758,0.06271768103822667
0.0,0.0004902792029166,0.06234001225557888
0.0,0.0004830373584402,-0.012330385341623177
0.0,0.0004759024829952,-0.012696979555720477
0.0,0.0004688729967401,0.0240909947806925
0.0,0.0004619473429791,0.0237351503854845
0.0,0.0004551239878931,0.0233845621080393
0.0,0.0004484014202613,0.023039152312209
0.0,0.0004417781511702,0.0226988445086635
0.0,0.000435252713713,0.0223635633377817
0.0,0.0004288236626803,0.0220332345528721
0.0,0.0004224895742466,0.0217077850036991
0.0,0.0004162490456537,0.0213871426202925
0.0,0.0004101006948953,0.0210712363970212
0.0,0.000404043160404,0.0207599963769133
0.0,0.0003980751007423,0.02045335363621
0.0,0.0003921951942988,0.0201512402691443
0.0,0.0003864021389899,0.0198535893729377
0.0,0.0003806946519674,0.0195603350330098
0.0,0.0003750714693314,0.0192714123083988
0.0,0.0003695313458483,0.0189867572173905
0.0,0.0003640730546753,0.0187063067233537
0.0,0.0003586953870875,0.0184299987207811
0.0,0.0003533971522113,0.0181577720215339
0.0,0.0003481771767607,0.0178895663412885
0.0,0.0003430343047786,0.0176253222861823
0.0,0.0003379673973812,0.0173649813396576
0.0,0.000332975332506,0.0171084858494999
0.0,0.0003280570046642,0.0168557790150684
0.0,0.0003232113246959,0.0166068048747161
0.0,0.0003184372195293,0.016361508293396
0.0,0.0003137336319428,0.0161198349504506
0.0,0.0003090995203312,0.0158817313275835
0.0,0.0003045338584751,0.0156471446970067
0.0,0.0003000356353133,0.0154160231097654
0.0,0.0002956038547188,0.0151883153842337
0.0,0.0002912375352788,0.0149639710947812
0.0,0.0002869357100767,0.014742940560606
0.0,0.0002826974264778,0.0145251748347339
0.0,0.0002785217459191,0.0143106256931786
0.0,0.0002744077437007,0.0140992456242634
0.0,0.0002703545087813,0.0138909878180991
0.0,0.0002663611435765,0.0136858061562186
0.0,0.0002624267637599,0.0134836552013635
0.0,0.0002585504980675,0.0132844901874227
0.0,0.0002547314881042,0.0130882670095182
0.0,0.0002509688881545,0.0128949422142389
0.0,0.0002472618649948,0.0127044729900172
0.0,0.0002436095977086,0.0125168171576486
0.0,0.0002400112775054,0.0123319331609514
0.0,0.000236466107541,0.0121497800575638
0.0,0.0002329733027413,0.0119703175098774
0.0,0.0002295320896284,0.0117935057761044
0.0,0.0002261417061494,0.011619305701477
0.0,0.0002228014015076,0.0114476787095763
0.0,0.0002195104359961,0.01127858679379
0.0,0.000216268080834,0.0111119925088954
0.0,0.0002130736180054,0.0109478589627678
0.0,0.0002099263400999,0.0107861498082103
0.0,0.0002068255501562,0.0106268292349047
0.0,0.0002037705615077,0.0104698619614818
0.0,0.0002007606976304,0.0103152132277081
0.0,0.0001977952919934,0.0101628487867881
0.0,0.0001948736879105,0.0100127348977805
0.0,0.0001919952383959,0.0098648383181264
0.0,0.0001891593060199,0.0097191262962876
0.0,0.0001863652627684,0.0095755665644938
0.0,0.0001836124899036,0.0094341273315972
0.0,0.0001809003778267,0.0092947772760321
0.0,0.0001782283259436,0.0091574855388788
0.0,0.0001755957425312,0.00902222171703
0.0,0.0001730020446068,0.0088889558564583
0.0,0.0001704466577987,0.0087576584455822
0.0,0.0001679290162194,0.0086283004087318
0.0,0.0001654485623397,0.0085008530997092
0.0,0.0001630047468658,0.008375288295445
0.0,0.0001605970286175,0.0082515781897487
0.0,0.0001582248744081,0.0081296953871507
0.0,0.0001558877589267,0.0080096128968357
0.0,0.0001535851646215,0.0078913041266656
0.0,0.0001513165815855,0.0077747428772908
0.0,0.0001490815074434,0.0076599033363482
0.0,0.0001468794472405,0.0075467600727451
0.0,0.0001447099133329,0.0074352880310279
0.0,0.0001425724252797,0.0073254625258329
0.0,0.0001404665097364,0.0072172592364204
0.0,0.0001383917003504,0.0071106542012886
0.0,0.0001363475376572,0.0070056238128673
0.0,0.0001343335689794,0.0069021448122901
0.0,0.0001323493483256,0.0068001942842439
0.0,0.0001303944362924,0.0066997496518942
0.0,0.0001284683999667,0.0066007886718852
0.0,0.0001265708128296,0.0065032894294147
0.0,0.0001247012546627,0.0064072303333805
0.0,0.0001228593114542,0.0063125901115992
0.0,0.0001210445753079,0.0062193478060958
0.0,0.0001192566443523,0.0061274827684621
0.0,0.0001174951226521,0.0060369746552846
0.0,0.0001157596201202,0.0059478034236391
0.0,0.0001140497524314,0.0058599493266524
0.0,0.0001123651409374,0.0057733929091295
0.0,0.0001107054125828,0.005688115003245
0.0,0.0001090701998226,0.0056040967242985
0.0,0.0001074591405405,0.0055213194665327
0.0,0.0001058718779693,0.005439764899013
0.0,0.0001043080606114,0.0053594149615683
0.0,0.0001027673421611,0.0052802518607917
0.0,0.000101249381428,0.0052022580660996
0.0,9.97538422613728e-05,0.0051254163058504
0.0,9.82803934755569e-05,0.005049709563519
0.0,9.68287087769679e-05,0.004975121073929
0.0,9.53984666916055e-05,0.0049016343195396
0.0,9.39893504938866e-05,0.0048292330267883
0.0,9.26010481365411e-05,0.0047579011624869
0.0,9.12332521815357e-05,0.0046876229302709
0.0,8.98856597319059e-05,0.0046183827671014
0.0,8.8557972364775e-05,0.0045501653398189
0.0,8.72498960651849e-05,0.0044829555417477
0.0,8.59611411610575e-05,0.0044167384893505
0.0,8.46914222590103e-05,0.0043514995189323
0.0,8.34404581811568e-05,0.0042872241833935
0.0,8.22079719028576e-05,0.0042238982490301
0.0,8.099369049136e-05,0.0041615076923824
0.0,7.97973450453252e-05,0.0041000386971288
0.0,7.86186706353761e-05,0.0040394776510264
0.0,7.74574062453043e-05,0.003979811142897
0.0,7.63132947143932e-05,0.0039210259596566
0.0,7.51860826803535e-05,0.0038631090833897
0.0,7.40755205233118e-05,0.0038060476884664
0.0,7.29813623104592e-05,0.0037498291387024
0.0,7.19033657416504e-05,0.0036944409845604
0.0,7.08412920957038e-05,0.0036398709603934
0.0,6.97949061775546e-05,0.0035861069817282
0.0,6.87639762661577e-05,0.0035331371425897
0.0,6.7748274063209e-05,0.0034809497128642
0.0,6.67475746425547e-05,0.0034295331357016
0.0,6.5761656400376e-05,0.0033788760249563
0.0,6.47903010061388e-05,0.0033289671626656
0.0,6.38332933542429e-05,0.0032797954965658
0.0,6.28904215163803e-05,0.0032313501376445
0.0,6.19614766945858e-05,0.0031836203577291
0.0,6.10462531750317e-05,0.0031365955871113
0.0,6.01445482824661e-05,0.0030902654122062
0.0,5.92561623353124e-05,0.0030446195732467
0.0,5.8380898601447e-05,0.0029996479620108
0.0,5.75185632546646e-05,0.0029553406195837
0.0,5.66689653317479e-05,0.0029116877341521
0.0,5.58319166901258e-05,0.0028686796388317
0.0,5.50072319662892e-05,0.002826306809526
0.0,5.41947285346914e-05,0.0027845598628177
0.0,5.33942264673362e-05,0.0027434295538904
0.0,5.26055484938934e-05,0.0027029067744815
0.0,5.18285199624831e-05,0.0026629825508652
0.0,5.10629688009606e-05,0.0026236480418652
0.0,5.03087254788599e-05,0.0025848945368969
0.0,4.95656229697952e-05,0.0025467134540382
0.0,4.88334967145322e-05,0.0025090963381297
0.0,4.81121845844965e-05,0.0024720348589014
0.0,4.74015268458888e-05,0.0024355208091289
0.0,4.67013661243215e-05,0.002399546102815
0.0,4.6011547369957e-05,0.0023641027733998
0.0,4.53319178231743e-05,0.0023291829719963
0.0,4.46623269807524e-05,0.002294778965652
0.0,4.40026265625081e-05,0.0022608831356368
0.0,4.33526704784956e-05,0.0022274879757557
0.0,4.27123147966439e-05,0.0021945860906866
0.0,4.20814177108826e-05,0.0021621701943423
0.0,4.14598395097228e-05,0.0021302331082576
0.0,4.08474425453512e-05,0.0020987677599993
0.0,4.02440912031059e-05,0.0020677671815998
0.0,3.9649651871497e-05,0.0020372245080144
0.0,3.90639929125705e-05,0.0020071329756011
0.0,3.84869846327754e-05,0.0019774859206223
0.0,3.79184992542539e-05,0.0019482767777697
0.0,3.73584108865309e-05,0.0019194990787101
0.0,3.68065954986473e-05,0.0018911464506531
0.0,3.6262930891668e-05,0.0018632126149397
0.0,3.57272966716622e-05,0.0018356913856521
0.0,3.51995742230056e-05,0.0018085766682437
0.0,3.46796466821273e-05,0.0017818624581896
0.0,3.41673989116345e-05,0.0017555428396567
0.0,3.36627174748159e-05,0.0017296119841939
0.0,3.31654906105053e-05,0.0017040641494412
0.0,3.26756082083511e-05,0.0016788936778581
0.0,3.21929617844302e-05,0.0016540949954709
0.0,3.17174444571973e-05,0.0016296626106379
0.0,3.1248950923865e-05,0.0016055911128339
0.0,3.07873774370374e-05,0.0015818751714517
0.0,3.03326217817729e-05,0.0015585095346216
0.0,2.98845832529121e-05,0.0015354890280486
0.0,2.94431626328105e-05,0.0015128085538661
0.0,2.90082621693458e-05,0.0014904630895077
0.0,2.85797855542821e-05,0.0014684476865944
0.0,2.81576379019266e-05,0.0014467574698389
0.0,2.7741725728149e-05,0.0014253876359661
0.0,2.73319569296313e-05,0.0014043334526493
0.0,2.69282407635296e-05,0.0013835902574622
0.0,2.65304878273257e-05,0.0013631534568468
0.0,2.61386100390594e-05,0.0013430185250954
0.0,2.57525206178236e-05,0.0013231810033492
0.0,2.53721340645243e-05,0.0013036364986103
0.0,2.49973661429759e-05,0.0012843806827693
0.0,2.46281338612212e-05,0.0012654092916464
0.0,2.42643554531716e-05,0.0012467181240476
0.0,2.39059503604894e-05,0.0012283030408339
0.0,2.35528392147563e-05,0.001210159964005
0.0,2.32049438198857e-05,0.001192284875796
0.0,2.28621871348148e-05,0.001174673817788
0.0,2.25244932564525e-05,0.0011573228900312
0.0,2.21917874028508e-05,0.0011402282501812
0.0,2.1863995896652e-05,0.0011233861126485
0.0,2.15410461487878e-05,0.0011067927477599
0.0,2.12228666423772e-05,0.0010904444809326
0.0,2.09093869169182e-05,0.0010743376918606
0.0,2.06005375526577e-05,0.0010584688137127
0.0,2.02962501552433e-05,0.0010428343323431
0.0,1.99964573405504e-05,0.0010274307855126
0.0,1.97010927197889e-05,0.0010122547621224
0.0,1.94100908847798e-05,0.0009973029014584
0.0,1.9123387393483e-05,0.0009825718924473
0.0,1.88409187557165e-05,0.000968058472923
0.0,1.85626224191056e-05,0.0009537594289044
1.0,0.170118288436755,0.03808882524369048
1.0,0.163141216322046,0.021253428198317527
1.0,0.142982859133759,0.15526183477746203
1.0,0.117007502584877,0.32126186876502905
1.0,0.0904651549521158,0.56216098012108
1.0,0.0666796922333374,0.7098119478145479
1.0,0.0473909543927548,0.754298367245806
1.0,0.033152342452026,0.84143863110366
1.0,0.0237163353420452,0.973208786214391
1.0,0.0183674063512028,1.005707093208287
1.0,0.0161833508723713,1.0190644903162691
1.0,0.0162216190969499,0.9448388980828241
1.0,0.0176373143149033,0.936812667848815
1.0,0.0197449846961808,0.999148814763517
1.0,0.0220383098559321,0.986292117462696
1.0,0.0241813581772471,0.900232207458843
1.0,0.0259832268901096,0.964968277698099
1.0,0.0273653383429846,0.8837328451767911
1.0,0.0283280057718812,0.953674085894329
1.0,0.0289204575375603,0.87726689219869
1.0,0.0292165144200661,0.951233501609524
1.0,0.0292966202992468,0.877878509692227
1.0,0.029235917436035,0.953932404327844
1.0,0.0290974675493316,0.881817852376877
1.0,0.0289294589390795,0.884139433760636
1.0,0.0287652136806564,0.960698982763212
1.0,0.0286249313997483,0.9627821265573959
1.0,0.0285183065635629,0.890334804043461
1.0,0.0284473815642335,0.891945444359677
1.0,0.0284092123043935,0.893337004532595
1.0,0.0283981055737004,0.968844867903828
1.0,0.0284073289565061,0.96991499498956
1.0,0.0284302933935681,0.8965884173030371
1.0,0.0284612701724913,0.897497047652295
1.0,0.0284957351485249,0.972668521679249
1.0,0.0285304413916954,0.8992275896080131
1.0,0.0285633148251683,0.9000816265592481
1.0,0.0285932522412757,0.9752371731258079
1.0,0.0286198823754846,0.90180143732095
1.0,0.0286433320120907,0.902668507918692
1.0,0.0286640225773198,0.9035375260396751
1.0,0.0286825094479364,0.904405194624349
1.0,0.028699366565152,0.9052681617473141
1.0,0.0287151126601579,0.906123455232806
1.0,0.0287301719308948,0.9069687075807901
1.0,0.0287448606963816,0.90780222447125
1.0,0.0287593917314195,0.982921255499396
1.0,0.0287738890647611,0.909430360201426
1.0,0.0287884075385172,0.984522664487873
1.0,0.0288029530335405,0.911005125410658
1.0,0.0288175007418021,0.911773028469853
1.0,0.0288320100891928,0.912528516668996
1.0,0.0288464358340854,0.987570367638303
1.0,0.028860735494556,0.914004105843459
1.0,0.0288748736286821,0.914725050812847
1.0,0.0288888236614859,0.989733541502825
1.0,0.0289025679759252,0.916134936728623
1.0,0.0289160969161679,0.991122694978839
1.0,0.0289294072326398,0.91750377490913
1.0,0.0289425003626935,0.992471562925859
1.0,0.0289553808105192,0.918832966421079
1.0,0.0289680547782498,0.919483031653713
1.0,0.0289805291131602,0.920123569844422
1.0,0.0289928105742487,0.995053005381119
1.0,0.0290049053828658,0.921376534686649
1.0,0.0290168190022411,0.921989200490782
1.0,0.0290285560848962,0.922592819101899
1.0,0.0290401205304545,0.923187516519518
1.0,0.0290515156052471,0.998071727691755
1.0,0.0290627440863369,0.998648966443036
1.0,0.0290738084039055,0.9992176684219319
1.0,0.0290847107660288,0.999777961170403
1.0,0.0290954532579848,1.000329970852863
1.0,0.029106037914205,0.926575514556254
1.0,0.0291164667648893,1.001409636543339
1.0,0.0291267418615062,1.001937535139937
1.0,0.0291368652862645,0.92815932841098
1.0,0.0291468391505931,1.002970054205016
1.0,0.0291566655870255,0.929176597240577
1.0,0.0291663467380061,1.0039722986996629
1.0,0.0291758847441459,0.930164039534799
1.0,0.0291852817335634,0.9306468500560541
1.0,0.0291945398132039,0.931122529714978
1.0,0.0292036610624482,0.93159118366756
1.0,0.0292126475289451,1.006351222824992
1.0,0.0292215012263592,0.93250782739425
1.0,0.0292302241336251,0.932956019903426
1.0,0.0292388181952656,0.933397592228002
1.0,0.0292472853223891,0.933832642107007
1.0,0.0292556273940321,1.008559573158755
1.0,0.0292638462586119,1.008981865697232
1.0,0.029271943735321,0.935099613245108
1.0,0.0292799216153672,1.009807829848943
1.0,0.0292877816630195,1.010211684399151
1.0,0.0292955256164544,0.936311266343902
1.0,0.0293031551884257,1.011001585707282
1.0,0.0293106720667822,1.011387807411471
1.0,0.0293180779148827,1.011768324291935
1.0,0.0293253743719326,0.9378449133189071
1.0,0.0293325630532766,0.938214272114576
1.0,0.0293396455506727,0.975727328824136
1.0,0.0293466234325546,0.976085856733661
1.0,0.0293534982443082,0.976439088887642
1.0,0.0293602715085488,0.976787103507712
1.0,0.029366944725417,0.977129977660035
1.0,0.0293735193728806,0.977467787272549
1.0,0.0293799969070461,0.977800607151864
1.0,0.0293863787624751,0.978128510999868
1.0,0.0293926663525048,0.978451571430032
1.0,0.0293988610695624,0.97876985998346
1.0,0.0294049642854834,0.97908344714469
1.0,0.0294109773518214,0.979392402357252
1.0,0.0294169016001546,0.979696794039007
1.0,0.029422738342386,0.979996689597264
1.0,0.0294284888710381,0.980292155443682
1.0,0.0294341544595422,0.980583257008958
1.0,0.029439736362523,0.980870058757308
1.0,0.0294452358160746,0.981152624200738
1.0,0.0294506540380384,0.98143101591311
1.0,0.0294559922282678,0.981705295543997
1.0,0.0294612515688972,0.981975523832342
1.0,0.0294664332246009,0.982241760619912
1.0,0.0294715383428517,0.982504064864553
1.0,0.0294765680541735,0.98276249465325
1.0,0.0294815234723922,0.983017107214992
1.0,0.0294864056948807,0.983267958933448
1.0,0.029491215802804,0.983515105359452
1.0,0.0294959548613556,0.983758601223308
1.0,0.029500623919996,0.983998500446908
1.0,0.0295052240126839,0.984234856155672
1.0,0.0295097561581048,0.984467720690317
1.0,0.029514221359898,0.984697145618441
1.0,0.0295186206068772,0.984923181745949
1.0,0.029522954873251,0.985145879128298
1.0,0.0295272251188381,0.985365287081584
1.0,0.029531432289279,0.985581454193462
1.0,0.0295355773162476,0.985794428333908
1.0,0.029539661117655,0.986004256665815
1.0,0.0295436845978549,0.986210985655443
1.0,0.029547648647843,0.986414661082703
1.0,0.0295515541454534,0.986615328051299
1.0,0.029555401955554,0.986813030998716
1.0,0.0295591929302388,0.987007813706058
1.0,0.0295629279090144,0.987199719307746
1.0,0.0295666077189889,0.987388790301067
1.0,0.0295702331750514,0.987575068555592
1.0,0.0295738050800554,0.987758595322436
1.0,0.0295773242249955,0.987939411243407
1.0,0.0295807913891826,0.988117556359993
1.0,0.0295842073404164,0.988293070122241
1.0,0.0295875728351558,0.988465991397482
1.0,0.0295908886186853,0.988636358478947
1.0,0.0295941554252825,0.988804209094242
1.0,0.0295973739783781,0.988969580413705
1.0,0.0296005449907168,0.989132509058637
1.0,0.0296036691645163,0.989293031109411
1.0,0.0296067471916204,0.989451182113462
1.0,0.0296097797536565,0.989606997093159
1.0,0.0296127675221809,0.989760510553562
1.0,0.0296157111588324,0.989911756490061
1.0,0.0296186113154759,0.990060768395906
1.0,0.0296214686343486,0.990207579269623
1.0,0.0296242837481993,0.990352221622321
1.0,0.0296270572804334,0.990494727484894
1.0,0.0296297898452458,0.990635128415111
1.0,0.02963248204776,0.990773455504607
1.0,0.0296351344841619,0.990909739385767
1.0,0.0296377477418304,0.991044010238509
1.0,0.0296403223994683,0.99117629779697
1.0,0.0296428590272313,0.991306631356086
1.0,0.0296453581868521,0.991435039778084
1.0,0.0296478204317678,0.991561551498871
1.0,0.0296502463072394,0.99168619453433
1.0,0.0296526363504743,0.991808996486528
1.0,0.0296549910907453,0.991929984549823
1.0,0.0296573110495073,0.992049185516894
1.0,0.0296595967405122,0.992166625784665
1.0,0.0296618486699241,0.992282331360157
1.0,0.0296640673364299,0.992396327866245
1.0,0.0296662532313514,0.992508640547333
1.0,0.0296684068387523,0.992619294274943
1.0,0.029670528635547,0.992728313553224
1.0,0.029672619091605,0.992835722524376
1.0,0.0296746786698554,0.992941544974003
1.0,0.0296767078263895,0.993045804336369
1.0,0.0296787070105617,0.9931485236996
1.0,0.0296806766650903,0.993249725810787
1.0,0.029682617226152,0.993349433081028
1.0,0.0296845291234824,0.993447667590392
1.0,0.029686412780469,0.993544451092804
1.0,0.0296882686142457,0.993639805020868
1.0,0.0296900970357843,0.993733750490608
1.0,0.0296918984499877,0.993826308306145
1.0,0.0296936732557767,0.99391749896431
1.0,0.0296954218461798,0.994007342659175
1.0,0.0296971446084213,0.99409585928653
1.0,0.0296988419240043,0.994183068448286
1.0,0.029700514168798,0.994268989456818
1.0,0.0297021617131186,0.994353641339241
1.0,0.0297037849218136,0.994437042841623
1.0,0.0297053841543404,0.994519212433137
1.0,0.0297069597648476,0.99460016831015
1.0,0.0297085121022524,0.994679928400255
1.0,0.0297100415103184,0.994758510366236
1.0,0.0297115483277308,0.994835931609986
1.0,0.0297130328881736,0.994912209276356
1.0,0.0297144955204001,0.994987360256952
1.0,0.0297159365483095,0.995061401193879
1.0,0.0297173562910154,0.995134348483423
1.0,0.0297187550629183,0.995206218279681
1.0,0.0297201331737749,0.995277026498143
1.0,0.0297214909287662,0.995346788819212
1.0,0.0297228286285656,0.99541552069168
1.0,0.0297241465694051,0.995483237336145
1.0,0.0297254450431419,0.995549953748385
1.0,0.0297267243373212,0.995615684702679
1.0,0.0297279847352414,0.995680444755074
1.0,0.0297292265160161,0.995744248246614
1.0,0.0297304499546363,0.995807109306516
1.0,0.0297316553220315,0.995869041855291
1.0,0.0297328428851285,0.995930059607836
1.0,0.0297340129069124,0.995990176076468
1.0,0.0297351656464833,0.996049404573912
1.0,0.0297363013591132,0.996107758216257
1.0,0.0297374202963054,0.996165249925852
1.0,0.0297385227058471,0.996221892434176
1.0,0.029739608831866,0.996277698284651
1.0,0.0297406789148826,0.996332679835422
1.0,0.0297417331918666,0.996386849262095
1.0,0.0297427718962857,0.99644021856043
1.0,0.0297437952581605,0.996492799549002
1.0,0.029744803504113,0.996544603871812
1.0,0.0297457968574186,0.996595643000874
1.0,0.029746775538054,0.996645928238747
1.0,0.0297477397627472,0.996695470721042
1.0,0.0297486897450245,0.99674428141889
1.0,0.0297496256952583,0.996792371141366
1.0,0.0297505478207143,0.996839750537888
1.0,0.0297514563255954,0.996886430100572
1.0,0.0297523514110898,0.996932420166557
1.0,0.0297532332754127,0.996977730920294
1.0,0.0297541021138523,0.9970223723958
1.0,0.0297549581188119,0.997066354478881
1.0,0.0297558014798531,0.997109686909323
1.0,0.0297566323837368,0.997152379283045
1.0,0.029757451014466,0.997194441054229
1.0,0.0297582575533255,0.997235881537407
1.0,0.0297590521789226,0.99727670990953
1.0,0.0297598350672261,0.997316935211998
1.0,0.029760606391606,0.997356566352659
1.0,0.0297613663228711,0.997395612107787
1.0,0.0297621150293077,0.997434081124023
1.0,0.0297628526767157,0.997471981920289
1.0,0.0297635794284463,0.997509322889675
1.0,0.029764295445438,0.997546112301299
1.0,0.029765000886252,0.997582358302137
1.0,0.0297656959071073,0.997618068918826
1.0,0.0297663806619153,0.997653252059444
1.0,0.0297670553023146,0.997687915515259
1.0,0.0297677199777036,0.997722066962457
1.0,0.0297683748352739,0.997755713963838
1.0,0.0297690200200427,0.997788863970495
1.0,0.0297696556748857,0.99782152432346
1.0,0.0297702819405683,0.997853702255335
1.0,0.0297708989557759,0.997885404891887
1.0,0.0297715068571458,0.997916639253631
1.0,0.0297721057792977,0.997947412257383
1.0,0.0297726958548614,0.99797773071779
1.0,0.0297732772145092,0.998007601348845
1.0,0.0297738499869824,0.998037030765365
1.0,0.0297744142991208,0.998066025484463
1.0,0.0297749702758907,0.998094591926989
1.0,0.0297755180404125,0.998122736418951
1.0,0.0297760577139881,0.998150465192916
1.0,0.0297765894161275,0.99817778438939
1.0,0.0297771132645759,0.998204700058181
1.0,0.0297776293753389,0.998231218159735
1.0,0.0297781378627082,0.998257344566456
1.0,0.0297786388392884,0.998283085064009
1.0,0.0297791324160199,0.9983084453526
1.0,0.0297796187022048,0.998333431048237
1.0,0.0297800978055305,0.998358047683975
1.0,0.0297805698320943,0.998382300711142
1.0,0.0297810348864258,0.998406195500545
1.0,0.0297814930715103,0.998429737343659
1.0,0.0297819444888132,0.9984529314538
1.0,0.0297823892382998,0.998475782967279
1.0,0.0297828274184597,0.998498296944538
1.0,0.0297832591263276,0.998520478371273
1.0,0.0297836844575039,0.998542332159539
1.0,0.0297841035061785,0.998563863148831
1.0,0.0297845163651489,0.998585076107166
1.0,0.0297849231258427,0.99860597573213
1.0,0.0297853238783359,0.998626566651921
1.0,0.0297857187113755,0.998646853426378
1.0,0.0297861077123966,0.998666840547983
1.0,0.0297864909675432,0.998686532442865
1.0,0.0297868685616858,0.998705933471771
1.0,0.0297872405784436,0.99872504793104
1.0,0.0297876071001981,0.998743880053546
1.0,0.0297879682081157,0.998762434009645
1.0,0.0297883239821637,0.998780713908088
1.0,0.0297886745011273,0.99879872379694
1.0,0.0297890198426285,0.998816467664472
1.0,0.0297893600831438,0.998833949440043
1.0,0.0297896952980174,0.998851172994974
1.0,0.029790025561484,0.998868142143403
1.0,0.029790350946679,0.998884860643129
1.0,0.0297906715256588,0.998901332196446
1.0,0.0297909873694155,0.998917560450962
1.0,0.0297912985478925,0.998933549000406
1.0,0.0297916051299996,0.998949301385426
1.0,0.0297919071836292,0.998964821094369
1.0,0.0297922047756707,0.998980111564059
1.0,0.0297924979720257,0.998995176180554
1.0,0.0297927868376218,0.999010018279898
0.0,-0.140306928563572,1.0361737947986631
0.0,-0.133329846189531,0.904413104375841
0.0,-0.113171478893451,0.7704052171415571
0.0,-0.0871961123860776,0.604405694827687
0.0,-0.0606537549419195,0.512103702186707
0.0,-0.0368682825566669,0.364453231162862
0.0,-0.0175795351923924,0.17137068646577003
0.0,-0.0033409138686448,0.08423090471344002
0.0,0.0060951024857596,0.10105783918635518
0.0,0.011444040584478,0.06856000016095387
0.0,0.0136281050366545,0.055203064109175075
0.0,0.0135898456528768,-0.019167504010595377
0.0,0.0121741591451382,-0.011140826240172475
0.0,0.0100664973454182,0.07512008237027558
0.0,0.0077731806404677,0.08797721408416978
0.0,0.0056301406490686,0.025440937485217627
0.0,0.0038282801430821,0.10930190351974367
0.0,0.0024461767758609,0.04194113688788663
0.0,0.001483517313186,0.12059692007914878
0.0,0.0008910733960605,0.04840790243928303
0.0,0.0005950242461789,0.12303830493485328
0.0,0.0005149259854051,0.04779707369153492
0.0,0.000575636354493,0.12034017931187897
0.0,0.0007140936362046,0.04385849662387392
0.0,0.0008821095322343,0.041537289588036125
0.0,0.0010463619688178,0.11357472400317367
0.0,0.001186651321859,0.11149194357971287
0.0,0.0012932831257159,0.03534300949784973
0.0,0.0013642149897986,0.033732721897049525
0.0,0.0014023910129935,0.03234150922964113
0.0,0.0014135044071411,0.10543060283019567
0.0,0.0014042875893651,0.10436081305988967
0.0,0.0013813296203617,0.029091108480176528
0.0,0.0013503592139583,0.028182805555070717
0.0,0.0013159005163171,0.10160826871516368
0.0,0.0012812004588018,0.026452904010095826
0.0,0.0012483331196165,0.025599180187270823
0.0,0.0012184017077794,0.09904055672317727
0.0,0.001191777489152,0.023879981875191726
0.0,0.0011683336807497,0.02301321073428842
0.0,0.0011476488576368,0.02214448764691252
0.0,0.0011291676443206,0.021277109737949322
0.0,0.0011123161008418,0.020414428997168027
0.0,0.0010965754972445,0.019559417663751723
0.0,0.0010815216368034,0.018714443300219423
0.0,0.0010668382016971,0.017881200288144924
0.0,0.0010523124183061,0.09135905369219598
0.0,0.0010378202590397,0.016253600238246922
0.0,0.0010233068829335,0.08975817247154547
0.0,0.0010087664102633,0.014679355001263023
0.0,0.0009942236501706,0.01391170618215512
0.0,0.0009797191778601,0.01315646846775792
0.0,0.0009652982360388,0.08671147888255168
0.0,0.0009510033076938,0.01168136921781962
0.0,0.0009368698357958,0.010960663796704927
0.0,0.0009229243963557,0.08454902371589608
0.0,0.0009091846074319,0.009551246414745723
0.0,0.0008956601258586,0.08316033185305788
0.0,0.000882354202198,0.008182863028996526
0.0,0.0008692654000699,0.08181191198309257
0.0,0.0008563892162428,0.006854112975624223
0.0,0.000843719449528,0.006204263593869726
0.0,0.0008312492535806,0.0055639380657396265
0.0,0.0008189718703194,0.07923132664964339
0.0,0.0008068810792965,0.004311389171448521
0.0,0.0007949714181724,0.0036989267447851207
0.0,0.0007832382353014,0.003095508507078522
0.0,0.0007716776319242,0.0025010085031866233
0.0,0.0007602863425604,0.07621360642793498
0.0,0.0007490615909856,0.07563655930151597
0.0,0.0007380009478436,0.07506804611701957
0.0,0.0007271022058729,0.07450793937429478
0.0,0.0007163632805967,0.07395611295011909
0.0,0.0007057821383731,-0.0008858648010962797
0.0,0.0006953567497808,0.07287680569555419
0.0,0.0006850850641182,0.07234908235595777
0.0,0.0006749649999306,-0.002469152846006073
0.0,0.0006649944465348,0.07131690607703609
0.0,0.0006551712721301,-0.0034860839526866735
0.0,0.0006454933349942,0.07031499431685087
0.0,0.0006359584952281,-0.004473198427217273
0.0,0.0006265646254139,-0.00495584866125038
0.0,0.0006173096192975,-0.0054313704005302735
0.0,0.0006081913981786,-0.005899868766075577
0.0,0.0005992079150798,0.06793685996460518
0.0,0.0005903571569959,-0.006816208179203975
0.0,0.0005816371456442,-0.007264251894464977
0.0,0.0005730459371424,-0.007705677622937477
0.0,0.0005645816210146,-0.008140583071188576
0.0,0.0005562423188466,0.06572924277368097
0.0,0.0005480261828339,0.06530709043074068
0.0,0.0005399313943887,-0.009407133591633077
0.0,0.0005319561628987,0.06448140048826978
0.0,0.0005240987246812,0.06407768001248937
0.0,0.0005163573421371,-0.010618384437456076
0.0,0.000508730303083,0.06328804094128508
0.0,0.0005012159202301,0.06290194745766768
0.0,0.0004938125307726,0.06252155690384958
0.0,0.0004865184960494,-0.012151522261656077
0.0,0.000479332201252,-0.012520758435020575
0.0,0.0004722520551517,0.0242646129661024
0.0,0.0004652764898343,0.0239062040831645
0.0,0.0004584039604281,0.0235530891976465
0.0,0.0004516329448224,0.0232051901138858
0.0,0.000444961943375,0.022862429791302
0.0,0.0004383894786088,0.0225247323271666
0.0,0.0004319140949004,0.0221920229397024
0.0,0.0004255343581638,0.0218642279514919
0.0,0.0004192488555322,0.0215412747731701
0.0,0.0004130561950397,0.0212230918873828
0.0,0.0004069550053067,0.0209096088329935
0.0,0.0004009439352281,0.020600756189526
0.0,0.000395021653668,0.0202964655618327
0.0,0.0003891868491591,0.019996669564983
0.0,0.0003834382296075,0.0197013018093663
0.0,0.0003777745220046,0.0194102968860074
0.0,0.000372194472143,0.0191235903520911
0.0,0.0003666968443377,0.0188411187166966
0.0,0.0003612804211531,0.0185628194267369
0.0,0.0003559440031331,0.0182886308531048
0.0,0.0003506864085361,0.0180184922770218
0.0,0.0003455064730743,0.0177523438765876
0.0,0.0003404030496561,0.0174901267135292
0.0,0.0003353750081327,0.017231782720146
0.0,0.0003304212350483,0.0169772546864481
0.0,0.0003255406333937,0.016726486247486
0.0,0.0003207321223636,0.0164794218708669
0.0,0.0003159946371175,0.0162360068444574
0.0,0.0003113271285434,0.0159961872642668
0.0,0.0003067285630262,0.0157599100225104
0.0,0.0003021979222182,0.0155271227958494
0.0,0.0002977342028138,0.0152977740338037
0.0,0.0002933364163272,0.0150718129473371
0.0,0.0002890035888732,0.0148491894976099
0.0,0.0002847347609521,0.0146298543848984
0.0,0.0002805289872367,0.0144137590376774
0.0,0.000276385336363,0.0142008556018644
0.0,0.0002723028907241,0.0139910969302223
0.0,0.0002682807462669,0.013784436571919
0.0,0.0002643180122918,0.0135808287622405
0.0,0.0002604138112558,0.0133802284124565
0.0,0.0002565672785777,0.0131825910998358
0.0,0.000252777562447,0.0129878730578083
0.0,0.0002490438236352,0.0127960311662735
0.0,0.0002453652353098,0.0126070229420514
0.0,0.0002417409828514,0.0124208065294744
0.0,0.0002381702636732,0.0122373406911186
0.0,0.0002346522870433,0.012056584798672
0.0,0.0002311862739094,0.011878498823937
0.0,0.0002277714567268,0.0117030433299664
0.0,0.0002244070792878,0.0115301794623301
0.0,0.0002210923965547,0.011359868940511
0.0,0.0002178266744946,0.0111920740494274
0.0,0.0002146091899168,0.0110267576310817
0.0,0.0002114392303129,0.0108638830763311
0.0,0.0002083160936986,0.0107034143167809
0.0,0.0002052390884589,0.0105453158167973
0.0,0.0002022075331941,0.0103895525656378
0.0,0.0001992207565696,0.0102360900696982
0.0,0.000196278097167,0.0100848943448743
0.0,0.0001933789033375,0.0099359319090357
0.0,0.0001905225330578,0.0097891697746114
0.0,0.0001877083537877,0.009644575441285
0.0,0.0001849357423302,0.0095021168887972
0.0,0.0001822040846937,0.0093617625698551
0.0,0.0001795127759553,0.0092234814031458
0.0,0.0001768612201277,0.0090872427664542
0.0,0.0001742488300268,0.0089530164898808
0.0,0.0001716750271415,0.0088207728491615
0.0,0.000169139241506,0.0086904825590844
0.0,0.0001666409115732,0.0085621167670052
0.0,0.0001641794840907,0.0084356470464577
0.0,0.0001617544139781,0.0083110453908584
0.0,0.0001593651642061,0.008188284207305
0.0,0.000157011205678,0.0080673363104657
0.0,0.0001546920171122,0.007948174916559
0.0,0.0001524070849269,0.0078307736374227
0.0,0.0001501559031264,0.0077151064746701
0.0,0.0001479379731888,0.0076011478139326
0.0,0.0001457528039559,0.0074888724191875
0.0,0.0001435999115244,0.0073782554271698
0.0,0.0001414788191385,0.0072692723418656
0.0,0.0001393890570847,0.0071618990290883
0.0,0.0001373301625874,0.0070561117111333
0.0,0.0001353016797066,0.0069518869615132
0.0,0.000133303159237,0.0068492016997694
0.0,0.0001313341586084,0.0067480331863614
0.0,0.0001293942417876,0.0066483590176309
0.0,0.0001274829791823,0.0065501571208406
0.0,0.0001255999475453,0.0064534057492864
0.0,0.0001237447298814,0.0063580834774812
0.0,0.0001219169153545,0.0062641691964106
0.0,0.0001201160991972,0.0061716421088585
0.0,0.0001183418826206,0.0060804817248008
0.0,0.0001165938727264,0.0059906678568688
0.0,0.0001148716824197,0.0059021806158782
0.0,0.0001131749303232,0.0058150004064249
0.0,0.0001115032406931,0.0057291079225454
0.0,0.0001098562433355,0.0056444841434417
0.0,0.0001082335735246,0.0055611103292691
0.0,0.000106634871922,0.0054789680169863
0.0,0.0001050597844968,0.0053980390162668
0.0,0.0001035079624477,0.0053183054054706
0.0,0.0001019790621253,0.0052397495276755
0.0,0.0001004727449564,0.0051623539867669
0.0,9.8988677368593e-05,0.0050861016435859
0.0,9.75265307166864e-05,0.0050109756121331
0.0,9.60859812098938e-05,0.0049369592558298
0.0,9.46667098401174e-05,0.0048640361838336
0.0,9.32684023112126e-05,0.004792190247409
0.0,9.18907489695017e-05,0.0047214055363506
0.0,9.05334447351275e-05,0.0046516663754605
0.0,8.91961890345239e-05,0.0045829573210767
0.0,8.7878685733872e-05,0.004515263157653
0.0,8.65806430734792e-05,0.00444856889439
0.0,8.53017736031914e-05,0.004382859761915
0.0,8.40417941187499e-05,0.0043181212090113
0.0,8.280042559905e-05,0.0042543388993961
0.0,8.15773931443844e-05,0.0041914987085458
0.0,8.03724259155134e-05,0.0041295867205678
0.0,7.91852570737675e-05,0.004068589225119
0.0,7.80156237218596e-05,0.0040084927143699
0.0,7.68632668457572e-05,0.0039492838800128
0.0,7.57279312572703e-05,0.0038909496103153
0.0,7.46093655375618e-05,0.0038334769872161
0.0,7.35073219814419e-05,0.0037768532834649
0.0,7.2421556542572e-05,0.0037210659598033
0.0,7.13518287793619e-05,0.0036661026621888
0.0,7.02979018017413e-05,0.0036119512190582
0.0,6.92595422187164e-05,0.0035585996386329
0.0,6.82365200866883e-05,0.0035060361062629
0.0,6.72286088585078e-05,0.0034542489818105
0.0,6.62355853333074e-05,0.0034032267970728
0.0,6.52572296071033e-05,0.0033529582532421
0.0,6.42933250240771e-05,0.0033034322184035
0.0,6.33436581285937e-05,0.0032546377250699
0.0,6.24080186179474e-05,0.0032065639677533
0.0,6.14861992957738e-05,0.003159200300572
0.0,6.05779960261774e-05,0.003112536234893
0.0,5.9683207688524e-05,0.0030665614370091
0.0,5.88016361328936e-05,0.003021265725851
0.0,5.79330861362193e-05,0.0029766390707322
0.0,5.70773653590512e-05,0.002932671589128
0.0,5.62342843029306e-05,0.0028893535444869
0.0,5.54036562684726e-05,0.0028466753440748
0.0,5.45852973140026e-05,0.00280462753685
0.0,5.37790262147841e-05,0.0027632008113711
0.0,5.29846644229774e-05,0.0027223859937342
0.0,5.22020360280047e-05,0.0026821740455421
0.0,5.14309677176646e-05,0.002642556061902
0.0,5.06712887397044e-05,0.0026035232694542
0.0,4.99228308640312e-05,0.0025650670244289
0.0,4.918542834546e-05,0.0025271788107321
0.0,4.84589178869933e-05,0.0024898502380597
0.0,4.77431386036627e-05,0.0024530730400394
0.0,4.70379319869457e-05,0.0024168390724005
0.0,4.63431418695655e-05,0.0023811403111698
0.0,4.56586143910177e-05,0.0023459688508951
0.0,4.49841979634318e-05,0.0023113169028944
0.0,4.43197432380034e-05,0.0022771767935312
0.0,4.3665103071959e-05,0.0022435409625151
0.0,4.30201324959356e-05,0.0022104019612275
0.0,4.23846886818992e-05,0.0021777524510723
0.0,4.17586309114891e-05,0.0021455852018507
0.0,4.11418205449043e-05,0.0021138930901599
0.0,4.05341209901398e-05,0.0020826690978161
1.0,0.170139935397673,0.03920105996010668
1.0,0.163162543539006,0.022349234265417725
1.0,0.143003871329651,0.15634145486031803
1.0,0.117028204412829,0.32232554194434704
1.0,0.0904855509965256,0.563208941946137
1.0,0.0666997870108866,0.7108444303553629
1.0,0.0474107523534105,0.7553155991445231
1.0,0.0331718479800253,0.8424408376251871
1.0,0.0237355527568663,0.9741961892962829
1.0,0.0183863399085212,1.0066799115098921
1.0,0.016202004765003,1.020022939267153
1.0,0.0162399974557793,0.945783189930474
1.0,0.0176554212097982,0.937743011705643
1.0,0.0197628241368935,1.0000654166531668
1.0,0.0220558857929876,0.987195180365668
1.0,0.0241986745028175,0.901121931357445
1.0,0.0260002874388772,0.965844859620728
1.0,0.0273821468929888,0.884596479241571
1.0,0.0283445660453576,0.954524963352092
1.0,0.0289367732017637,0.878105201475333
1.0,0.0292325890880825,0.9520594283477319
1.0,0.0293124575307941,0.878692236792587
1.0,0.0292515207382513,0.954734111989345
1.0,0.0291128403775511,0.882607718136817
1.0,0.0289446046975987,0.8849176325339361
1.0,0.0287801357234873,0.961465686881152
1.0,0.0286396330313609,0.963537505805776
1.0,0.0285327910396178,0.891079025700202
1.0,0.0284616520923023,0.892678673231863
1.0,0.0284232720446695,0.89405940299297
1.0,0.0284119576396977,0.969556595926752
1.0,0.0284209764157497,0.970616210186438
1.0,0.0284437392682733,0.897279274957217
1.0,0.0284745174402323,0.898177700753461
1.0,0.028508786742895,0.973339120957297
1.0,0.0285433002029563,0.89988828356643
1.0,0.0285759837008899,0.9007325615079991
1.0,0.0286057339869665,0.975878493213736
1.0,0.0286321797552143,0.902433284567698
1.0,0.0286554477491003,0.903291022246151
1.0,0.0286759593546266,0.9041508453029721
1.0,0.0286942699089263,0.905009454642374
1.0,0.0287109533141672,0.9058634963327981
1.0,0.0287265282630709,0.906709996221951
1.0,0.0287414189156787,0.907546584862465
1.0,0.0287559415536691,0.908371566015757
1.0,0.0287703089150542,0.9834821873868079
1.0,0.0287846449923419,0.909983006649503
1.0,0.0287990045919326,0.9850671478795759
1.0,0.0288133935594967,0.911541566321246
1.0,0.0288277870523426,0.912301545693589
1.0,0.0288421444622096,0.913049227245449
1.0,0.0288564205138242,0.98808338687827
1.0,0.0288705726921141,0.9145095473544971
1.0,0.0288845655224956,0.915223026524435
1.0,0.0288983723978142,0.990224161691148
1.0,0.0289119756693255,0.916618310040993
1.0,0.0289253656499644,0.991598928457755
1.0,0.0289385390593835,0.917972974015982
1.0,0.0289514973046174,0.9929338315642829
1.0,0.0289642448599867,0.919288406959967
1.0,0.0289767878981948,0.9199317449498821
1.0,0.0289891332375229,0.920565655264948
1.0,0.0290012876084031,0.995488560825342
1.0,0.029013257204042,0.9218056566078531
1.0,0.0290250474599405,0.9224119839175541
1.0,0.0290366630013024,0.923009357659174
1.0,0.0290481077008353,0.9235979024493091
1.0,0.0290593847983527,0.998476051873586
1.0,0.0290704970447915,0.999047318414059
1.0,0.0290814468445935,0.999610136396763
1.0,0.0290922363804746,1.000164632060652
1.0,0.0291028677127274,1.000710930286382
1.0,0.0291133428511678,0.9269508468960991
1.0,0.0291236638017425,1.001779424906452
1.0,0.0291338325920261,1.0023018614155519
1.0,0.0291438512806863,0.928518273278759
1.0,0.0291537219559568,1.0033236971529131
1.0,0.0291634467275215,0.92952501658244
1.0,0.0291730277153099,1.004315571592582
1.0,0.0291824670377534,0.930502241996185
1.0,0.0291917668011161,0.930980056980478
1.0,0.0292009290908133,0.931450814890755
1.0,0.0292099559650127,0.931914619793088
1.0,0.0292188494504642,1.0066698815248518
1.0,0.0292276115402414,0.932821779235069
1.0,0.0292362441929934,0.9332653344095
1.0,0.0292447493332555,0.933702337896695
1.0,0.0292531288524442,0.934132886423919
1.0,0.0292613846101963,1.008855382612667
1.0,0.0292695184358149,1.0092733057948289
1.0,0.0292775321296597,0.935386748525484
1.0,0.0292854274643857,1.010090723897898
1.0,0.0292932061859816,1.010490399863266
1.0,0.029300870014616,0.936585864944418
1.0,0.0293084206452972,1.011272128253762
1.0,0.0293158597483933,1.01165435381527
1.0,0.0293231889700403,1.012030933579468
1.0,0.029330409932474,0.938103643644717
1.0,0.0293375242343215,0.938469180774214
1.0,0.0293445334508691,0.975978472266851
1.0,0.0293514391343233,0.976333290574897
1.0,0.0293582428140804,0.976682867921358
1.0,0.0293649459970053,0.97702728171851
1.0,0.0293715501677176,0.977366608235123
1.0,0.0293780567888953,0.977700922613511
1.0,0.0293844673015808,0.978030298886272
1.0,0.0293907831254947,0.978354809992708
1.0,0.0293970056593498,0.978674527794972
1.0,0.0294031362811682,0.978989523093948
1.0,0.0294091763485906,0.979299865644884
1.0,0.0294151271991874,0.979605624172796
1.0,0.0294209901507581,0.979906866387642
1.0,0.0294267665016319,0.980203658999286
1.0,0.0294324575309584,0.980496067732242
1.0,0.0294380644989924,0.980784157340212
1.0,0.029443588647377,0.981067991620418
1.0,0.0294490311994169,0.981347633427724
1.0,0.0294543933603519,0.981623144688554
1.0,0.029459676317622,0.981894586414609
1.0,0.0294648812411298,0.982162018716382
1.0,0.0294700092834983,0.982425500816471
1.0,0.0294750615803288,0.9826850910627
1.0,0.0294800392504475,0.982940846941041
1.0,0.0294849433961555,0.983192825088349
1.0,0.0294897751034719,0.983441081304905
1.0,0.0294945354423748,0.983685670566772
1.0,0.0294992254670368,0.983926647037971
1.0,0.0295038462160599,0.984164064082478
1.0,0.0295083987127041,0.98439797427604
1.0,0.0295128839651153,0.984628429417813
1.0,0.0295173029665483,0.984855480541842
1.0,0.0295216566955858,0.985079177928352
1.0,0.0295259461163566,0.985299571114889
1.0,0.029530172178748,0.985516708907288
1.0,0.0295343358186164,0.985730639390479
1.0,0.0295384379579962,0.985941409939139
1.0,0.0295424795053005,0.986149067228179
1.0,0.0295464613555267,0.986353657243082
1.0,0.0295503843904508,0.986555225290086
1.0,0.0295542494788243,0.986753816006219
1.0,0.029558057476567,0.986949473369181
1.0,0.0295618092269563,0.987142240707084
1.0,0.0295655055608126,0.987332160708047
1.0,0.0295691472966852,0.987519275429651
1.0,0.0295727352410327,0.987703626308247
1.0,0.0295762701884019,0.98788525416814
1.0,0.0295797529216024,0.988064199230624
1.0,0.0295831842118828,0.988240501122888
1.0,0.0295865648190974,0.988414198886798
1.0,0.029589895491879,0.988585330987537
1.0,0.0295931769678008,0.988753935322123
1.0,0.0295964099735424,0.988920049227805
1.0,0.0295995952250494,0.989083709490328
1.0,0.029602733427692,0.989244952352081
1.0,0.0296058252764226,0.989403813520122
1.0,0.0296088714559273,0.989560328174085
1.0,0.029611872640779,0.989714530973972
1.0,0.0296148294955871,0.989866456067827
1.0,0.0296177426751438,0.990016137099298
1.0,0.02962061282457,0.990163607215088
1.0,0.0296234405794569,0.990308899072295
1.0,0.0296262265660074,0.990452044845645
1.0,0.0296289714011762,0.990593076234615
1.0,0.029631675692803,0.990732024470453
1.0,0.0296343400397507,0.990868920323098
1.0,0.0296369650320365,0.991003794107988
1.0,0.0296395512509613,0.991136675692778
1.0,0.029642099269241,0.99126759450395
1.0,0.0296446096511314,0.991396579533336
1.0,0.0296470829525541,0.99152365934453
1.0,0.0296495197212185,0.99164886207922
1.0,0.0296519204967451,0.991772215463416
1.0,0.0296542858107824,0.991893746813593
1.0,0.029656616187127,0.992013483042737
1.0,0.0296589121418382,0.992131450666307
1.0,0.0296611741833521,0.992247675808107
1.0,0.0296634028125966,0.992362184206068
1.0,0.029665598523098,0.992475001217951
1.0,0.0296677618010943,0.992586151826964
1.0,0.0296698931256421,0.992695660647287
1.0,0.0296719929687199,0.992803551929532
1.0,0.0296740617953362,0.992909849566106
1.0,0.0296761000636294,0.993014577096507
1.0,0.0296781082249733,0.993117757712534
1.0,0.0296800867240721,0.993219414263422
1.0,0.0296820359990628,0.993319569260905
1.0,0.0296839564816096,0.9934182448842
1.0,0.0296858485970017,0.993515462984918
1.0,0.0296877127642461,0.993611245091901
1.0,0.0296895493961606,0.993705612415994
1.0,0.0296913588994652,0.993798585854739
1.0,0.0296931416748727,0.993890185997005
1.0,0.0296948981171765,0.993980433127543
1.0,0.0296966286153391,0.994069347231484
1.0,0.0296983335525771,0.994156947998761
1.0,0.0297000133064473,0.994243254828468
1.0,0.0297016682489297,0.99432828683316
1.0,0.0297032987465089,0.994412062843083
1.0,0.0297049051602569,0.994494601410345
1.0,0.0297064878459126,0.994575920813021
1.0,0.0297080471539601,0.994656039059206
1.0,0.0297095834297063,0.994734973891
1.0,0.0297110970133576,0.994812742788435
1.0,0.0297125882400961,0.99488936297335
1.0,0.0297140574401518,0.994964851413203
1.0,0.0297155049388775,0.995039224824827
1.0,0.0297169310568204,0.995112499678135
1.0,0.0297183361097928,0.995184692199762
1.0,0.0297197204089421,0.995255818376666
1.0,0.0297210842608195,0.995325893959663
1.0,0.0297224279674493,0.995394934466913
1.0,0.0297237518263933,0.995462955187363
1.0,0.0297250561308191,0.995529971184129
1.0,0.0297263411695627,0.99559599729783
1.0,0.0297276072271955,0.995661048149879
1.0,0.0297288545840839,0.995725138145716
1.0,0.0297300835164538,0.995788281478002
1.0,0.0297312942964514,0.99585049212976
1.0,0.0297324871922025,0.995911783877472
1.0,0.0297336624678723,0.995972170294128
1.0,0.0297348203837247,0.996031664752237
1.0,0.0297359611961781,0.996090280426781
1.0,0.0297370851578651,0.996148030298139
1.0,0.0297381925176856,0.996204927154957
1.0,0.0297392835208632,0.996260983596983
1.0,0.0297403584089992,0.996316212037856
1.0,0.0297414174201265,0.996370624707854
1.0,0.029742460788762,0.996424233656605
1.0,0.0297434887459584,0.996477050755752
1.0,0.0297445015193563,0.996529087701585
1.0,0.0297454993332322,0.99658035601763
1.0,0.0297464824085523,0.9966308670572
1.0,0.0297474509630167,0.996680632005911
1.0,0.0297484052111106,0.996729661884156
1.0,0.0297493453641513,0.996777967549549
1.0,0.0297502716303353,0.996825559699329
1.0,0.0297511842147826,0.996872448872724
1.0,0.0297520833195839,0.996918645453293
1.0,0.0297529691438461,0.996964159671217
1.0,0.0297538418837326,0.997009001605573
1.0,0.0297547017325117,0.997053181186556
1.0,0.0297555488805956,0.997096708197689
1.0,0.0297563835155843,0.997139592277982
1.0,0.0297572058223072,0.997181842924066
1.0,0.0297580159828625,0.997223469492303
1.0,0.0297588141766605,0.99726448120085
1.0,0.029759600580459,0.997304887131708
1.0,0.0297603753684073,0.997344696232725
1.0,0.0297611387120811,0.997383917319583
1.0,0.0297618907805217,0.997422559077752
1.0,0.0297626317402742,0.997460630064406
1.0,0.0297633617554234,0.997498138710324
1.0,0.0297640809876298,0.997535093321755
1.0,0.0297647895961672,0.997571502082259
1.0,0.0297654877379561,0.997607373054516
1.0,0.0297661755675989,0.997642714182114
1.0,0.0297668532374151,0.997677533291308
1.0,0.0297675208974739,0.997711838092751
1.0,0.0297681786956279,0.997745636183206
1.0,0.0297688267775456,0.997778935047223
1.0,0.029769465286744,0.9978117420588
0.0,-0.140329905635379,0.997844064483013
0.0,-0.133352483870516,0.940399119477629
0.0,-0.113193782196704,0.806408412785393
0.0,-0.0872180862506404,0.640425817242403
0.0,-0.0606754042338813,0.47384219404994
0.0,-0.0368896120702398,0.326208153444525
