Setpoint,ControllerOutput,PlantOutput
0.0,0.0,0.0
0.0,0.0,0.0
0.0,0.0,0.0
0.0,0.0,0.0
0.0,0.0,0.0
0.0,0.0,0.0
0.0,0.0,0.0
0.0,0.0,0.0
0.0,0.0,0.0
0.0,0.0,0.0
0.0,0.0,0.0
0.0,0.0,0.0
0.0,0.0,0.0
0.0,0.0,0.0
0.0,0.0,0.0
0.0,0.0,0.0
0.0,0.0,0.0
0.0,0.0,0.0
0.0,0.0,0.0
0.0,0.0,0.0
0.0,0.0,0.0
0.0,0.0,0.0
0.0,0.0,0.0
0.0,0.0,0.0
0.0,0.0,0.0
0.0,0.0,0.0
0.0,0.0,0.0
0.0,0.0,0.0
0.0,0.0,0.0
0.0,0.0,0.0
0.0,0.0,0.0
0.0,0.0,0.0
0.0,0.0,0.0
0.0,0.0,0.0
0.0,0.0,0.0
0.0,0.0,0.0
0.0,0.0,0.0
0.0,0.0,0.0
0.0,0.0,0.0
0.0,0.0,0.0
0.0,0.0,0.0
0.0,0.0,0.0
0.0,0.0,0.0
0.0,0.0,0.0
0.0,0.0,0.0
0.0,0.0,0.0
0.0,0.0,0.0
0.0,0.0,0.0
0.0,0.0,0.0
0.0,0.0,0.0
0.0,0.0,0.0
0.0,0.0,0.0
0.0,0.0,0.0
0.0,0.0,0.0
0.0,0.0,0.0
0.0,0.0,0.0
0.0,0.0,0.0
0.0,0.0,0.0
0.0,0.0,0.0
0.0,0.0,0.0
0.0,0.0,0.0
0.0,0.0,0.0
0.0,0.0,0.0
0.0,0.0,0.0
0.0,0.0,0.0
0.0,0.0,0.0
0.0,0.0,0.0
0.0,0.0,0.0
0.0,0.0,0.0
0.0,0.0,0.0
0.0,0.0,0.0
0.0,0.0,0.0
0.0,0.0,0.0
0.0,0.0,0.0
0.0,0.0,0.0
0.0,0.0,0.0
0.0,0.0,0.0
0.0,0.0,0.0
0.0,0.0,0.0
0.0,0.0,0.0
0.0,0.0,0.0
0.0,0.0,0.0
0.0,0.0,0.0
0.0,0.0,0.0
0.0,0.0,0.0
0.0,0.0,0.0
0.0,0.0,0.0
0.0,0.0,0.0
0.0,0.0,0.0
0.0,0.0,0.0
0.0,0.0,0.0
0.0,0.0,0.0
0.0,0.0,0.0
0.0,0.0,0.0
0.0,0.0,0.0
0.0,0.0,0.0
0.0,0.0,0.0
0.0,0.0,0.0
0.0,0.0,0.0
0.0,0.0,0.0
0.0,0.0,0.0
0.0,0.0,0.0
0.0,0.0,0.0
0.0,0.0,0.0
0.0,0.0,0.0
0.0,0.0,0.0
0.0,0.0,0.0
0.0,0.0,0.0
0.0,0.0,0.0
0.0,0.0,0.0
0.0,0.0,0.0
0.0,0.0,0.0
0.0,0.0,0.0
0.0,0.0,0.0
0.0,0.0,0.0
0.0,0.0,0.0
0.0,0.0,0.0
0.0,0.0,0.0
0.0,0.0,0.0
0.0,0.0,0.0
0.0,0.0,0.0
0.0,0.0,0.0
0.0,0.0,0.0
0.0,0.0,0.0
0.0,0.0,0.0
0.0,0.0,0.0
0.0,0.0,0.0
0.0,0.0,0.0
0.0,0.0,0.0
0.0,0.0,0.0
0.0,0.0,0.0
0.0,0.0,0.0
0.0,0.0,0.0
0.0,0.0,0.0
0.0,0.0,0.0
0.0,0.0,0.0
0.0,0.0,0.0
0.0,0.0,0.0
0.0,0.0,0.0
0.0,0.0,0.0
0.0,0.0,0.0
0.0,0.0,0.0
0.0,0.0,0.0
0.0,0.0,0.0
0.0,0.0,0.0
0.0,0.0,0.0
0.0,0.0,0.0
0.0,0.0,0.0
0.0,0.0,0.0
0.0,0.0,0.0
0.0,0.0,0.0
0.0,0.0,0.0
0.0,0.0,0.0
0.0,0.0,0.0
0.0,0.0,0.0
0.0,0.0,0.0
0.0,0.0,0.0
0.0,0.0,0.0
0.0,0.0,0.0
0.0,0.0,0.0
0.0,0.0,0.0
0.0,0.0,0.0
0.0,0.0,0.0
0.0,0.0,0.0
0.0,0.0,0.0
0.0,0.0,0.0
0.0,0.0,0.0
0.0,0.0,0.0
0.0,0.0,0.0
0.0,0.0,0.0
0.0,0.0,0.0
0.0,0.0,0.0
0.0,0.0,0.0
0.0,0.0,0.0
0.0,0.0,0.0
0.0,0.0,0.0
0.0,0.0,0.0
0.0,0.0,0.0
0.0,0.0,0.0
0.0,0.0,0.0
0.0,0.0,0.0
0.0,0.0,0.0
0.0,0.0,0.0
0.0,0.0,0.0
0.0,0.0,0.0
0.0,0.0,0.0
0.0,0.0,0.0
0.0,0.0,0.0
0.0,0.0,0.0
0.0,0.0,0.0
0.0,0.0,0.0
0.0,0.0,0.0
0.0,0.0,0.0
0.0,0.0,0.0
0.0,0.0,0.0
0.0,0.0,0.0
0.0,0.0,0.0
0.0,0.0,0.0
0.0,0.0,0.0
0.0,0.0,0.0
0.0,0.0,0.0
0.0,0.0,0.0
0.0,0.0,0.0
0.0,0.0,0.0
0.0,0.0,0.0
0.0,0.0,0.0
0.0,0.0,0.0
0.0,0.0,0.0
0.0,0.0,0.0
0.0,0.0,0.0
0.0,0.0,0.0
0.0,0.0,0.0
0.0,0.0,0.0
0.0,0.0,0.0
0.0,0.0,0.0
0.0,0.0,0.0
0.0,0.0,0.0
0.0,0.0,0.0
0.0,0.0,0.0
0.0,0.0,0.0
0.0,0.0,0.0
0.0,0.0,0.0
0.0,0.0,0.0
0.0,0.0,0.0
0.0,0.0,0.0
0.0,0.0,0.0
0.0,0.0,0.0
0.0,0.0,0.0
0.0,0.0,0.0
0.0,0.0,0.0
0.0,0.0,0.0
0.0,0.0,0.0
0.0,0.0,0.0
0.0,0.0,0.0
0.0,0.0,0.0
0.0,0.0,0.0
0.0,0.0,0.0
0.0,0.0,0.0
0.0,0.0,0.0
0.0,0.0,0.0
0.0,0.0,0.0
0.0,0.0,0.0
0.0,0.0,0.0
0.0,0.0,0.0
0.0,0.0,0.0
0.0,0.0,0.0
0.0,0.0,0.0
0.0,0.0,0.0
0.0,0.0,0.0
0.0,0.0,0.0
0.0,0.0,0.0
0.0,0.0,0.0
0.0,0.0,0.0
0.0,0.0,0.0
0.0,0.0,0.0
0.0,0.0,0.0
0.0,0.0,0.0
0.0,0.0,0.0
0.0,0.0,0.0
0.0,0.0,0.0
0.0,0.0,0.0
0.0,0.0,0.0
0.0,0.0,0.0
0.0,0.0,0.0
0.0,0.0,0.0
0.0,0.0,0.0
0.0,0.0,0.0
0.0,0.0,0.0
0.0,0.0,0.0
0.0,0.0,0.0
0.0,0.0,0.0
0.0,0.0,0.0
0.0,0.0,0.0
0.0,0.0,0.0
0.0,0.0,0.0
0.0,0.0,0.0
0.0,0.0,0.0
0.0,0.0,0.0
0.0,0.0,0.0
0.0,0.0,0.0
0.0,0.0,0.0
0.0,0.0,0.0
0.0,0.0,0.0
0.0,0.0,0.0
0.0,0.0,0.0
0.0,0.0,0.0
0.0,0.0,0.0
0.0,0.0,0.0
0.0,0.0,0.0
0.0,0.0,0.0
0.0,0.0,0.0
0.0,0.0,0.0
0.0,0.0,0.0
0.0,0.0,0.0
0.0,0.0,0.0
0.0,0.0,0.0
0.0,0.0,0.0
0.0,0.0,0.0
0.0,0.0,0.0
0.0,0.0,0.0
0.0,0.0,0.0
0.0,0.0,0.0
0.0,0.0,0.0
1.0,0.1701,-0.09999999403953552
1.0,0.163123198021,-0.003586808841428757
1.0,0.142965106978289,0.14459609927012096
1.0,0.116990012643787,0.32446632245451607
1.0,0.0904479233522777,0.5037484995042928
1.0,0.0666627151588314,0.6648674645533118
1.0,0.0473742280840264,0.791596379721845
1.0,0.0331358632050521,0.8793171374377795
1.0,0.0237000995075146,0.9359221370447512
1.0,0.0183514103337071,0.9683503504046981
1.0,0.0161675911296097,0.9828136739607091
1.0,0.0162060921389443,0.9839329008404322
1.0,0.0176220167032256,0.9767627944077594
1.0,0.0197299130431912,0.9656038536778996
1.0,0.0220234608240295,0.9533108592989735
1.0,0.0241667284781294,0.9419554706209349
1.0,0.025968813284046,0.9324624599363033
1.0,0.027351137638097,0.9254401328183665
1.0,0.0283140148234391,0.9209166534833861
1.0,0.0289066732472834,0.9186959666890973
1.0,0.0292029337354378,0.9181248065164301
1.0,0.0292832402128392,0.9188227746634825
1.0,0.0292227349848425,0.9203467499396611
1.0,0.0290844798141147,0.9222841466173699
1.0,0.0289166630437181,0.9243352153169611
1.0,0.0287526067915135,0.9263605051758932
1.0,0.0286125107250415,0.9282742070421808
1.0,0.0285060693527475,0.9299871694674374
1.0,0.028435325107392,0.931424391107246
1.0,0.0283973339316368,0.9326748648205413
1.0,0.0283864026545756,0.933750778846958
1.0,0.0283957988994141,0.9346840457234523
1.0,0.0284189336451903,0.9355343607718765
1.0,0.0284500782172241,0.9363245658367606
1.0,0.0284847085079212,0.9370796020575207
1.0,0.0285195776239175,0.937822881999736
1.0,0.0285526115244472,0.938565831859809
1.0,0.0285827070373765,0.9392912042361575
1.0,0.0286094929331839,0.9400357796483861
1.0,0.0286330960306571,0.9407826588684068
1.0,0.0286539377900061,0.9415372863027313
1.0,0.0286725736214777,0.9422939810293486
1.0,0.0286895774992701,0.943029849828443
1.0,0.0287054681870749,0.9437581975217728
1.0,0.0287206699148521,0.9444710926707993
1.0,0.0287354990331687,0.9451420055421217
1.0,0.0287501683479054,0.9458412313282907
1.0,0.0287648019184379,0.9465418922723859
1.0,0.0287794546170461,0.9472301814682333
1.0,0.0287941323543068,0.9478791514460783
1.0,0.0288088103514756,0.9485362400472983
1.0,0.0288234480632963,0.9491954231387175
1.0,0.0288380002765669,0.9498424237052118
1.0,0.0288524245373709,0.9504771450139831
1.0,0.0288666854313777,0.9510959178842888
1.0,0.0288807564107945,0.9517094202479897
1.0,0.0288946198853628,0.9523098249077152
1.0,0.0289082662256388,0.9528992606321558
1.0,0.0289216922080457,0.9534815810454116
1.0,0.0289348992955512,0.9540606933612356
1.0,0.0289478920175803,0.954630394324188
1.0,0.0289606766011286,0.9551957355697533
1.0,0.0289732599179677,0.9557508294387541
1.0,0.0289856487512294,0.9562972447362094
1.0,0.0289978493460417,0.9568344835386402
1.0,0.0290098671890602,0.9573679293875128
1.0,0.0290217069558873,0.9578958842455911
1.0,0.0290333725688856,0.9584128733754649
1.0,0.0290448673167889,0.9589200926395809
1.0,0.029056193998733,0.9594184257341439
1.0,0.0290673550666465,0.9599101781606565
1.0,0.0290783527500296,0.9603938012499649
1.0,0.0290891891552703,0.9608672762510224
1.0,0.0290998663375961,0.9613468174492573
1.0,0.0291103863476969,0.9618078450464912
1.0,0.0291207512572285,0.9622605108815763
1.0,0.029130963168289,0.962710250263438
1.0,0.0291410242119017,0.9631491777593733
1.0,0.0291509365399061,0.9635862639918422
1.0,0.0291607023137677,0.9640190819721903
1.0,0.0291703236928365,0.9644427579101709
1.0,0.0291798028236949,0.964861237748991
1.0,0.0291891418314774,0.9652770135930566
1.0,0.0291983428134863,0.9656855370017751
1.0,0.0292074078350271,0.9660857492720439
1.0,0.0292163389271605,0.9664794356048945
1.0,0.0292251380859603,0.9668679978693344
1.0,0.0292338072728353,0.9672520683589124
1.0,0.0292423484155291,0.9676273596037841
1.0,0.0292507634094705,0.9679976027854987
1.0,0.0292590541192244,0.9683632456869254
1.0,0.0292672223798933,0.9687234345618224
1.0,0.0292752699983603,0.9690783201053
1.0,0.0292831987543378,0.9694358209678582
1.0,0.0292910104012181,0.9697833818815267
1.0,0.0292987066667443,0.9701254121472003
1.0,0.0293062892535358,0.9704538030076062
1.0,0.0293137598395021,0.9707774324313401
1.0,0.0293211200781849,0.9772210928293747
1.0,0.0293283715990531,0.975148066161808
1.0,0.0293355160077795,0.975515150265396
1.0,0.0293425548865098,0.975876812232043
1.0,0.0293494897941362,0.976233132150467
1.0,0.0293563222665829,0.976584188926081
1.0,0.0293630538171015,0.976930060298734
1.0,0.0293696859365782,0.977270822860092
1.0,0.0293762200938463,0.977606552070695
1.0,0.0293826577360072,0.977937322276698
1.0,0.0293890002887514,0.978263206726324
1.0,0.0293952491566771,0.978584277586054
1.0,0.0294014057236125,0.978900605956564
1.0,0.0294074713529251,0.979212261888422
1.0,0.0294134473878331,0.97951931439756
1.0,0.0294193351517074,0.979821831480526
1.0,0.0294251359483699,0.98011988012951
1.0,0.0294308510623833,0.980413526347169
1.0,0.0294364817593393,0.980702835161231
1.0,0.0294420292861386,0.980987870638888
1.0,0.0294474948712664,0.981268695900988
1.0,0.0294528797250666,0.981545373136011
1.0,0.0294581850400057,0.981817963613846
1.0,0.02946341199094,0.982086527699367
1.0,0.0294685617353723,0.982351124865796
1.0,0.0294736354137091,0.982611813707882
1.0,0.0294786341495124,0.982868651954881
1.0,0.0294835590497486,0.983121696483336
1.0,0.0294884112050324,0.983371003329678
1.0,0.02949319168987,0.983616627702631
1.0,0.0294979015628949,0.983858623995445
1.0,0.0295025418671042,0.984097045797934
1.0,0.0295071136300886,0.984331945908349
1.0,0.0295116178642598,0.984563376345065
1.0,0.0295160555670759,0.984791388358102
1.0,0.0295204277212615,0.985016032440477
1.0,0.0295247352950248,0.98523735833938
1.0,0.0295289792422733,0.985455415067193
1.0,0.0295331605028251,0.985670250912345
1.0,0.029537280002615,0.985881913450002
1.0,0.0295413386539021,0.986090449552605
1.0,0.0295453373554702,0.986295905400251
1.0,0.0295492769928276,0.986498326490916
1.0,0.0295531584384023,0.986697757650531
1.0,0.0295569825517366,0.986894243042913
1.0,0.0295607501796762,0.98708782617954
1.0,0.0295644621565583,0.987278549929189
1.0,0.0295681193043964,0.987466456527428
1.0,0.0295717224330612,0.987651587585971
1.0,0.0295752723404621,0.987833984101892
1.0,0.0295787698127226,0.988013686466702
1.0,0.0295822156243537,0.988190734475297
1.0,0.0295856105384273,0.988365167334767
1.0,0.0295889553067428,0.988537023673081
1.0,0.0295922506699957,0.988706341547639
1.0,0.0295954973579409,0.988873158453703
1.0,0.0295986960895536,0.989037511332697
1.0,0.0296018475731901,0.989199436580388
1.0,0.0296049525067421,0.989358970054948
1.0,0.0296080115777946,0.989516147084894
1.0,0.0296110254637749,0.989671002476909
1.0,0.0296139948321055,0.989823570523554
1.0,0.0296169203403491,0.989973885010857
1.0,0.029619802636357,0.990121979225799
1.0,0.0296226423584103,0.990267885963686
1.0,0.0296254401353624,0.990411637535406
1.0,0.029628196586778,0.990553265774591
1.0,0.02963091232307,0.990692802044661
1.0,0.0296335879456358,0.990830277245773
1.0,0.029636224046989,0.990965721821663
1.0,0.0296388212108909,0.991099165766385
1.0,0.0296413800124813,0.991230638630958
1.0,0.0296439010184038,0.991360169529905
1.0,0.0296463847869319,0.991487787147706
1.0,0.0296488318680945,0.991613519745142
1.0,0.0296512428037945,0.991737395165564
1.0,0.0296536181279308,0.991859440841048
1.0,0.0296559583665168,0.991979683798479
1.0,0.0296582640377958,0.99209815066553
1.0,0.0296605356523563,0.99221486767656
1.0,0.0296627737132444,0.992329860678427
1.0,0.0296649787160765,0.992443155136206
1.0,0.029667151149148,0.992554776138834
1.0,0.0296692914935421,0.99266474840466
1.0,0.0296714002232359,0.992773096286925
1.0,0.0296734778052052,0.992879843779149
1.0,0.0296755246995279,0.992985014520452
1.0,0.0296775413594872,0.993088631800779
1.0,0.0296795282316695,0.993190718566066
1.0,0.0296814857560659,0.993291297423318
1.0,0.0296834143661684,0.993390390645613
1.0,0.029685314489065,0.993488020177039
1.0,0.0296871865455361,0.993584207637551
1.0,0.0296890309501472,0.993678974327757
1.0,0.0296908481113387,0.99377234123364
1.0,0.0296926384315195,0.9938643290312
1.0,0.0296944023071539,0.993954958091036
1.0,0.0296961401288509,0.994044248482855
1.0,0.0296978522814486,0.994132219979918
1.0,0.0296995391441013,0.994218892063419
1.0,0.0297012010903628,0.994304283926797
1.0,0.02970283848827,0.994388414479989
1.0,0.0297044517004226,0.994471302353614
1.0,0.0297060410840644,0.994552965903103
1.0,0.0297076069911628,0.994633423212761
1.0,0.0297091497684863,0.994712692099772
1.0,0.0297106697576814,0.994790790118146
1.0,0.0297121672953482,0.994867734562605
1.0,0.0297136427131148,0.994943542472413
1.0,0.0297150963377102,0.995018230635151
1.0,0.0297165284910386,0.995091815590431
1.0,0.0297179394902487,0.995164313633563
1.0,0.0297193296478047,0.995235740819159
1.0,0.0297206992715555,0.995306112964695
1.0,0.0297220486648029,0.995375445654004
1.0,0.0297233781263684,0.995443754240736
1.0,0.0297246879506601,0.995511053851755
1.0,0.0297259784277371,0.995577359390487
1.0,0.0297272498433736,0.995642685540221
1.0,0.0297285024791241,0.995707046767364
1.0,0.0297297366123828,0.99577045732464
1.0,0.0297309525164473,0.995832931254248
1.0,0.0297321504605785,0.995894482390973
1.0,0.02973333071006,0.995955124365247
1.0,0.0297344935262562,0.996014870606171
1.0,0.0297356391666717,0.996073734344484
1.0,0.0297367678850078,0.996131728615499
1.0,0.0297378799312171,0.996188866261984
1.0,0.0297389755515614,0.996245159937011
1.0,0.0297400549886651,0.996300622106751
1.0,0.0297411184815679,0.996355265053243
1.0,0.0297421662657791,0.996409100877109
1.0,0.0297431985733299,0.996462141500233
1.0,0.0297442156328234,0.996514398668405
1.0,0.0297452176694859,0.996565883953918
1.0,0.029746204905218,0.996616608758134
1.0,0.0297471775586415,0.996666584314005
1.0,0.0297481358451497,0.996715821688565
1.0,0.029749079976954,0.996764331785376
1.0,0.0297500101631314,0.996812125346949
1.0,0.0297509266096709,0.996859212957114
1.0,0.0297518295195185,0.996905605043372
1.0,0.0297527190926221,0.996951311879202
1.0,0.0297535955259773,0.996996343586333
1.0,0.0297544590136694,0.997040710136988
1.0,0.0297553097469163,0.997084421356091
1.0,0.0297561479141122,0.997127486923446
1.0,0.0297569737008685,0.997169916375875
1.0,0.0297577872900543,0.997211719109335
1.0,0.0297585888618386,0.997252904380997
1.0,0.0297593785937282,0.997293481311294
1.0,0.0297601566606085,0.997333458885945
1.0,0.0297609232347817,0.997372845957939
1.0,0.0297616784860046,0.997411651249501
1.0,0.0297624225815269,0.997449883354023
1.0,0.029763155686128,0.99748755073796
1.0,0.0297638779621527,0.997524661742716
1.0,0.0297645895695486,0.997561224586482
1.0,0.0297652906659001,0.99759724736606
1.0,0.0297659814064646,0.997632738058658
1.0,0.029766661944205,0.997667704523649
1.0,0.0297673324298267,0.997702154504321
1.0,0.0297679930118075,0.997736095629583
1.0,0.0297686438364326,0.997769535415662
1.0,0.0297692850478262,0.997802481267763
1.0,0.0297699167879846,0.997834940481708
1.0,0.0297705391968051,0.997866920245556
1.0,0.02977115241212,0.997898427641191
0.0,-0.140328243430275,1.0979294711360081
0.0,-0.13335084621759,1.0166677296150848
0.0,-0.113192168733299,0.8713879939832067
0.0,-0.0872164966194573,0.695089087232825
0.0,-0.0606738380828977,0.5176257915429647
0.0,-0.0368880690526336,0.3593995396595407
0.0,-0.0175990294250459,0.2283151145712491
0.0,-0.0033601201549615,0.12971277370348672
0.0,0.0060761798925681,0.0637627692923106
0.0,0.0114253974940235,0.02751972419461391
0.0,0.0136097373204449,0.012950894650592841
0.0,0.0135717492434012,0.013752740945804462
0.0,0.0121563300349662,0.02341783331553178
0.0,0.0100489315863127,0.03764953358798287
0.0,0.0077558743425099,0.052852412013576974
0.0,0.0056130899797979,0.06612678709856276
0.0,0.0038114813266459,0.0775182323832793
0.0,0.0024296260921794,0.08529714697389155
0.0,0.0014672110971282,0.09034894728349982
0.0,0.0008750080366327,0.09274406165757157
0.0,0.0005791961857244,0.0931171375388609
0.0,0.0004993317188165,0.09240688340002788
0.0,0.0005602724284374,0.09019917329899461
0.0,0.0006989566483569,0.08803749872975104
0.0,0.0008671961305248,0.08542375782031819
0.0,0.0010316688506897,0.08298265813342544
0.0,0.0011721752335373,0.08056107367279555
0.0,0.0012790208614864,0.07844888129222925
0.0,0.001350163391298,0.07663966442994108
0.0,0.0013885469685108,0.07509343140656945
0.0,0.0013998648509275,0.07378995298440615
0.0,0.0013908495009553,0.07274126501538533
0.0,0.0013680900239059,0.07192278830393405
0.0,0.0013373151775618,0.07083142317842724
0.0,0.0013030491513925,0.06999187903353132
0.0,0.0012685389194278,0.06913944386472858
0.0,0.0012358586019091,0.06825447733583687
0.0,0.0012061114492699,0.06726784080747561
0.0,0.0011796687681759,0.06624883990519445
0.0,0.0011564038158439,0.06519367981651414
0.0,0.0011358952069456,0.06415892953489562
0.0,0.0011175876050106,0.06317486487991891
0.0,0.0011009071085258,0.0622524096066223
0.0,0.0010853350254134,0.0613374492235538
0.0,0.0010704471962669,0.060365654681863785
0.0,0.0010559273400323,0.05949704383031667
0.0,0.0010415627193144,0.05852879301980789
0.0,0.0010272293422118,0.057609345138980195
0.0,0.0010128724029223,0.056729669998144196
0.0,0.0009984860563646,0.055838582098063395
0.0,0.0009840951458109,0.05498799525010205
0.0,0.0009697402800931,0.05422288665942071
0.0,0.0009554667350485,0.05345789304384841
0.0,0.0009413170263047,0.0525927855416677
0.0,0.0009273266289916,0.05182795951395794
0.0,0.000913522150803,0.051047345954279656
0.0,0.000899921241014,0.05022887797873921
0.0,0.0008865335872129,0.049452446816003845
0.0,0.0008733624702623,0.048678668482194404
0.0,0.0008604064836349,0.04791572455293014
0.0,0.0008476611535109,0.04721567387636318
0.0,0.0008351203076792,0.04652851385535649
0.0,0.0008227771283442,0.04584525663679753
0.0,0.0008106248855523,0.04522202686667511
0.0,0.000798657386568,0.04459720827301678
0.0,0.0007868691963546,0.043925514424057885
0.0,0.0007752556901661,0.04339220476007857
0.0,0.0007638129957452,0.04294249559856722
0.0,0.0007525378737227,0.042271702827603674
0.0,0.0007414275735989,0.04162628333815665
0.0,0.0007304796913631,0.040990407561682825
0.0,0.0007196920447244,0.04036393484554621
0.0,0.000709062573808,0.03973914446366893
0.0,0.0006985892692107,0.0391112736992326
0.0,0.0006882701253915,0.03850134457321699
0.0,0.0006781031151765,0.03791316805765862
0.0,0.0006680861802917,0.03733552362405764
0.0,0.0006582172328914,0.03676333188655573
0.0,0.0006484941636755,0.036195684539620604
0.0,0.0006389148530899,0.0355968127627615
0.0,0.0006294771830764,0.03498288941067041
0.0,0.0006201790477353,0.0344287744900668
0.0,0.0006110183620125,0.03395847385036308
0.0,0.0006019930680954,0.03343366213514677
0.0,0.0005931011395845,0.03291660260801696
0.0,0.0005843405837498,0.03240681286223062
0.0,0.0005757094422836,0.0319056447945545
0.0,0.0005672057909838,0.03141938309328625
0.0,0.000558827738764,0.030937709317183242
0.0,0.0005505734263128,0.03045839124141024
0.0,0.000542441024647,0.029985232536268506
0.0,0.0005344287337213,0.029519062905058856
0.0,0.0005265347811925,0.0290597795277897
0.0,0.0005187574213772,0.028601853297068627
0.0,0.0005110949344093,0.028135087828827787
0.0,0.0005035456255769,0.027665804704647676
0.0,0.0004961078248046,0.02731173742377748
0.0,0.0004887798862452,0.027093882069433466
0.0,0.0004815601879467,0.020958486462152214
0.0,0.0004744471315618,0.0243773972053073
0.0,0.0004674391420806,0.0240173224099296
0.0,0.0004605346675679,0.0236625662180709
0.0,0.000453732178895,0.0233130500702894
0.0,0.0004470301694616,0.0229686965678589
0.0,0.0004404271549069,0.0226294294553646
0.0,0.0004339216728093,0.0222951736036453
0.0,0.0004275122823788,0.0219658549930653
0.0,0.0004211975641434,0.0216414006970909
0.0,0.0004149761196347,0.0213217388661497
0.0,0.0004088465710724,0.0210067987117531
0.0,0.0004028075610527,0.0206965104908638
0.0,0.0003968577522405,0.0203908054904981
0.0,0.000390995827066,0.0200896160125505
0.0,0.0003852204874275,0.0197928753588367
0.0,0.0003795304544,0.0195005178163487
0.0,0.0003739244679485,0.0192124786427194
0.0,0.000368401286648,0.018928694051896
0.0,0.000362959687407,0.0186491012000187
0.0,0.0003575984651973,0.0183736381715041
0.0,0.000352316432787,0.018102243965332
0.0,0.0003471124204782,0.0178348584815335
0.0,0.0003419852758487,0.0175714225078777
0.0,0.0003369338634976,0.0173118777067555
0.0,0.0003319570647937,0.0170561666022581
0.0,0.0003270537776289,0.0168042325674459
0.0,0.0003222229161741,0.0165560198118077
0.0,0.000317463410639,0.0163114733689041
0.0,0.000312774207035,0.0160705390841952
0.0,0.0003081542669424,0.015833163603048
0.0,0.0003036025672799,0.0155992943589209
0.0,0.0002991181000782,0.0153688795617236
0.0,0.0002946998722567,0.0151418681863479
0.0,0.0002903469054038,0.0149182099613694
0.0,0.0002860582355596,0.0146978553579147
0.0,0.000281832913003,0.0144807555786934
0.0,0.0002776700020409,0.0142668625471926
0.0,0.0002735685808014,0.0140561288970304
0.0,0.0002695277410292,0.0138485079614662
0.0,0.0002655465878847,0.0136439537630674
0.0,0.000261624239746,0.0134424210035266
0.0,0.0002577598280133,0.0132438650536314
0.0,0.0002539524969168,0.0130482419433806
0.0,0.0002502014033271,0.0128555083522471
0.0,0.0002465057165687,0.0126656215995849
0.0,0.0002428646182356,0.0124785396351773
0.0,0.0002392773020105,0.012294221029925
0.0,0.0002357429734861,0.0121126249666715
0.0,0.0002322608499892,0.0119337112311644
0.0,0.0002288301604073,0.0117574402031497
0.0,0.0002254501450177,0.0115837728475982
0.0,0.0002221200553199,0.0114126707060614
0.0,0.0002188391538689,0.0112440958881542
0.0,0.0002156067141128,0.011078011063165
0.0,0.0002124220202311,0.0109143794517881
0.0,0.0002092843669769,0.0107531648179797
0.0,0.0002061930595202,0.0105943314609327
0.0,0.0002031474132945,0.0104378442071713
0.0,0.0002001467538444,0.010283668402762
0.0,0.0001971904166773,0.0101317699056388
0.0,0.0001942777471155,0.0099821150780433
0.0,0.0001914081001515,0.0098346707790753
0.0,0.0001885808403049,0.0096894043573535
0.0,0.0001857953414823,0.0095462836437855
0.0,0.0001830509868377,0.0094052769444433
0.0,0.000180347168637,0.0092663530335455
0.0,0.0001776832881225,0.0091294811465416
0.0,0.0001750587553806,0.0089946309732998
0.0,0.0001724729892114,0.0088617726513945
0.0,0.0001699254169999,0.0087308767594934
0.0,0.0001674154745888,0.0086019143108425
0.0,0.0001649426061542,0.0084748567468463
0.0,0.000162506264082,0.0083496759307443
0.0,0.0001601059088469,0.0082263441413797
0.0,0.0001577410088927,0.0081048340670605
0.0,0.000155411040515,0.0079851187995117
0.0,0.0001531154877447,0.0078671718279165
0.0,0.0001508538422342,0.0077509670330449
0.0,0.0001486256031445,0.0076364786814704
0.0,0.0001464302770344,0.007523681419871
0.0,0.0001442673777514,0.0074125502694145
0.0,0.0001421364263238,0.0073030606202275
0.0,0.0001400369508546,0.0071951882259452
0.0,0.0001379684864172,0.0070889091983419
0.0,0.0001359305749525,0.0069842000020418
0.0,0.0001339227651672,0.0068810374493059
0.0,0.0001319446124338,0.0067793986948983
0.0,0.0001299956786928,0.0066792612310262
0.0,0.0001280755323547,0.0065806028823563
0.0,0.0001261837482052,0.0064834018011034
0.0,0.0001243199073107,0.006387636462193
0.0,0.0001224835969258,0.0062932856584938
0.0,0.0001206744104015,0.0062003284961221
0.0,0.0001188919470953,0.0061087443898145
0.0,0.0001171358122826,0.0060185130583693
0.0,0.0001154056170694,0.0059296145201554
0.0,0.0001137009783057,0.0058420290886872
0.0,0.0001120215185011,0.0057557373682654
0.0,0.0001103668657411,0.0056707202496815
0.0,0.0001087366536045,0.0055869589059862
0.0,0.0001071305210827,0.0055044347883202
0.0,0.0001055481124994,0.0054231296218065
0.0,0.0001039890774319,0.0053430254015036
0.0,0.0001024530706335,0.0052641043884183
0.0,0.0001009397519572,0.0051863491055772
0.0,9.94487862802304e-05,0.0051097423341569
0.0,9.79798434297754e-05,0.0050342671096702
0.0,9.65325981100718e-05,0.0049599067182101
0.0,9.510672983018e-05,0.004886644692748
0.0,9.37019228331448e-05,0.0048144648094872
0.0,9.23178660259261e-05,0.0047433510842706
0.0,9.09542529106758e-05,0.0046732877690401
0.0,8.96107815167163e-05,0.0046042593483502
0.0,8.82871543337535e-05,0.0045362505359315
0.0,8.69830782459849e-05,0.0044692462713057
0.0,8.56982644671656e-05,0.0044032317164508
0.0,8.44324284766593e-05,0.0043381922525145
0.0,8.31852899564542e-05,0.0042741134765778
0.0,8.19565727290805e-05,0.0042109811984647
0.0,8.07460046964165e-05,0.0041487814376002
0.0,7.95533177794794e-05,0.0040875004199145
0.0,7.83782478590359e-05,0.0040271245747921
0.0,7.72205347171276e-05,0.0039676405320672
0.0,7.60799219794162e-05,0.0039090351190626
0.0,7.49561570584437e-05,0.0038512953576728
0.0,7.38489910976775e-05,0.0037944084614899
0.0,7.27581789164156e-05,0.0037383618329719
0.0,7.16834789554685e-05,0.0036831430606534
0.0,7.06246532236957e-05,0.0036287399163967
0.0,6.95814672452763e-05,0.0035751403526843
0.0,6.85536900077929e-05,0.0035223324999504
0.0,6.75410939110915e-05,0.003470304663953
0.0,6.65434547168497e-05,0.0034190453231839
0.0,6.55605514989568e-05,0.0033685431263172
0.0,6.4592166594539e-05,0.003318786889696
0.0,6.36380855558102e-05,0.0032697655948552
0.0,6.26980971025551e-05,0.0032214683860819
0.0,6.17719930753324e-05,0.0031738845680113
0.0,6.08595683894153e-05,0.0031270036032581
0.0,5.99606209893411e-05,0.0030808151100832
0.0,5.90749518041694e-05,0.0030353088600946
0.0,5.82023647034136e-05,0.0029904747759823
0.0,5.73426664536025e-05,0.0029463029292866
0.0,5.64956666754893e-05,0.0029027835381996
0.0,5.56611778018828e-05,0.0028599069653992
0.0,5.48390150361261e-05,0.0028176637159144
0.0,5.40289963111493e-05,0.0027760444350233
0.0,5.32309422491793e-05,0.0027350399061809
0.0,5.24446761220147e-05,0.0026946410489784
0.0,5.16700238118589e-05,0.0026548389171325
0.0,5.09068137727955e-05,0.002615624696504
0.0,5.01548769927945e-05,0.0025769897031459
0.0,4.94140469562525e-05,0.0025389253813807
0.0,4.8684159607161e-05,0.0025014233019052
0.0,4.7965053312754e-05,0.0024644751599245
0.0,4.72565688277131e-05,0.0024280727733122
0.0,4.65585492589217e-05,0.0023922080807991
0.0,4.58708400306908e-05,0.0023568731401876
0.0,4.51932888505466e-05,0.0023220601265934
0.0,4.45257456755284e-05,0.0022877613307119
0.0,4.38680626789027e-05,0.0022539691571118
0.0,4.32200942174915e-05,0.0022206761225527
0.0,4.25816967993715e-05,0.002187874854328
0.0,4.19527290521152e-05,0.0021555580886322
0.0,4.13330516915028e-05,0.0021237186689522
0.0,4.07225274906484e-05,0.002092349544483
0.0,4.01210212496242e-05,0.0020614437685657
0.0,3.95283997655163e-05,0.0020309944971496
0.0,3.8944531802948e-05,0.0020009949872763
0.0,3.83692880649815e-05,0.0019714385955867
0.0,3.78025411645125e-05,0.0019423187768497
0.0,3.72441655960426e-05,0.0019136290825127
0.0,3.669403770791e-05,0.001885363159274
0.0,3.61520356748912e-05,0.0018575147476753
0.0,3.56180394712122e-05,0.0018300776807158
0.0,3.50919308439931e-05,0.0018030458824866
0.0,3.4573593287044e-05,0.0017764133668251
0.0,3.40629120150759e-05,0.0017501742359895
0.0,3.35597739382666e-05,0.0017243226793525
0.0,3.30640676372285e-05,0.0016988529721146
0.0,3.25756833383407e-05,0.0016737594740369
0.0,3.20945128894218e-05,0.001649036628191
0.0,3.16204497358002e-05,0.0016246789597294
0.0,3.11533888967021e-05,0.0016006810746727
0.0,3.06932269420052e-05,0.0015770376587151
0.0,3.02398619693306e-05,0.0015537434760477
0.0,2.97931935815121e-05,0.0015307933681987
0.0,2.93531228643049e-05,0.0015081822528915
0.0,2.89195523645244e-05,0.001485905122919
0.0,2.84923860684495e-05,0.0014639570450349
0.0,2.80715293805717e-05,0.0014423331588607
0.0,2.76568891026223e-05,0.0014210286758104
0.0,2.72483734129643e-05,0.001400038878029
0.0,2.68458918462316e-05,0.0013793591173486
0.0,2.64493552733225e-05,0.0013589848142582
0.0,2.60586758816343e-05,0.0013389114568906
0.0,2.56737671556415e-05,0.0013191346000223
0.0,2.52945438577196e-05,0.0012996498640896
0.0,2.49209220092791e-05,0.0012804529342189
0.0,2.45528188721599e-05,0.0012615395592707
0.0,2.4190152930325e-05,0.0012429055508984
0.0,2.38328438717898e-05,0.001224546782621
0.0,2.3480812570845e-05,0.0012064591889091
0.0,2.31339810705441e-05,0.0011886387642845
0.0,2.27922725654205e-05,0.0011710815624334
0.0,2.24556113844945e-05,0.0011537836953324
0.0,2.21239229745134e-05,0.0011367413323874
0.0,2.17971338834361e-05,0.0011199506995854
0.0,2.14751717441657e-05,0.0011034080786591
0.0,2.11579652585354e-05,0.0010871098062628
0.0,2.08454441815182e-05,0.0010710522731616
1.0,0.170120537539306,-0.09894476211610342
1.0,0.163143432203446,-0.0025471635877537535
1.0,0.142985042284712,0.14562038808235997
1.0,0.117009653488841,0.3254754816529731
1.0,0.0904672740854054,0.5047427525661848
1.0,0.0666817800652324,0.6658470316549078
1.0,0.0473930113856034,0.792561477787223
1.0,0.0331543690613471,0.8802679801868675
1.0,0.0237183320166294,0.9368589350406512
1.0,0.0183693735332112,0.9692733111003161
1.0,0.0161852889974343,0.9837230017446971
1.0,0.0162235285942633,0.9848287970824472
1.0,0.0176391956073232,0.9776454575030603
1.0,0.0197468382003173,0.9664734790912766
1.0,0.0220401359822419,0.9541676396080365
1.0,0.0241831573301236,0.9427995955587618
1.0,0.0259849994679736,0.9332941164334523
1.0,0.0273670847383712,0.9262595050442715
1.0,0.0283297263715281,0.9217239228871441
1.0,0.0289221527224923,0.9194913120396472
1.0,0.02921818456568,0.9189084039421431
1.0,0.0292982657753946,0.9195947976911645
1.0,0.0292375386071058,0.9211073695329781
1.0,0.0290990647743318,0.9230335312147139
1.0,0.028931032571713,0.9250735308687411
1.0,0.0287667640694025,0.9270879151812942
1.0,0.0286264588879385,0.9289908725853647
1.0,0.0285198114894581,0.9306932492532155
1.0,0.0284488642610981,0.932120041496226
1.0,0.0284106731005689,0.9333602398637523
1.0,0.0283995447926784,0.934426030319965
1.0,0.028408746917,0.9353493231599673
1.0,0.0284316904095836,0.9361898114968694
1.0,0.0284626465533966,0.9369703349990897
1.0,0.0284970911991176,0.9377158326620698
1.0,0.0285317774122715,0.938449714939087
1.0,0.0285646311115884,0.939183405945441
1.0,0.0285945490850299,0.9398996562291865
1.0,0.0286211600637578,0.9406352442898501
1.0,0.0286445908278254,0.9413732689091048
1.0,0.0286652627992794,0.9421191725326192
1.0,0.0286837313507662,0.9428672723065066
1.0,0.0287005704194416,0.9435946731076069
1.0,0.0287162987324994,0.9443146778824487
1.0,0.0287313404839422,0.9450193533449633
1.0,0.0287460119889109,0.9456821679415087
1.0,0.0287605260183823,0.9463734150712837
1.0,0.0287750065973442,0.9470662152104989
1.0,0.0287895085641972,0.9477467597122163
1.0,0.0288040377961383,0.9483880993916273
1.0,0.0288185694815373,0.9490376704003882
1.0,0.0288330630427365,0.9496894469405586
1.0,0.0288474732346125,0.9503291503568427
1.0,0.0288617575717987,0.9509566823004971
1.0,0.0288758806089775,0.9515683719987018
1.0,0.0288898157678286,0.9521748958147547
1.0,0.0289035454280162,0.9527684250058962
1.0,0.0289170599304636,0.9533510868182499
1.0,0.0289303560223984,0.9539267333758406
1.0,0.0289434351380233,0.9544992704145036
1.0,0.0289563017784251,0.95506249322271
1.0,0.0289689621426792,0.9556214520013654
1.0,0.0289814230750483,0.9561702576779011
1.0,0.028993691331562,0.9567104776648223
1.0,0.0290057731306472,0.9572416126667072
1.0,0.0290176739326522,0.9577690448733388
1.0,0.0290293983872607,0.9582910749157701
1.0,0.0290409503912994,0.9588022267445439
1.0,0.0290523332083439,0.9593036949294439
1.0,0.0290635496127432,0.9597963618931049
1.0,0.0290746020320041,0.9602825318822705
1.0,0.0290854926715678,0.9607606549915629
1.0,0.0290962236141161,0.9612287112519705
1.0,0.0291067968915235,0.9617029137489463
1.0,0.0291172145314695,0.9621586815020632
1.0,0.0291274785829403,0.9626061651853852
1.0,0.0291375911256992,0.963050798960257
1.0,0.0291475542687645,0.9634846962633442
1.0,0.0291573701422951,0.9639168266031762
1.0,0.0291670408863973,0.9643447618936223
1.0,0.029176568639377,0.9647636272631689
1.0,0.0291859555270824,0.965177367589727
1.0,0.0291952036542216,0.9655884739281436
1.0,0.0292043150979717,0.965992396803769
1.0,0.0292132919038091,0.9663880764947159
1.0,0.0292221360832605,0.9667772971982834
1.0,0.0292308496131521,0.9671614597945675
1.0,0.0292394344359299,0.9675411956028184
1.0,0.029247892460657,0.9679122161932792
1.0,0.0292562255643529,0.9682782518017667
1.0,0.0292644355934504,0.9686397492793904
1.0,0.0292725243651846,0.9689958539619054
1.0,0.0292804936688356,0.969346715639985
1.0,0.0292883452667732,0.9697002520730462
1.0,0.0292960808953033,0.9700439071152007
1.0,0.0293037022653351,0.9703820892023932
1.0,0.0293112110629019,0.9707066887251742
1.0,0.0293186089495732,0.971026582812554
1.0,0.0293258975627904,0.9774665630483188
1.0,0.0293330785161623,0.975389910577596
1.0,0.0293401533997344,0.975753422434213
1.0,0.0293471237802558,0.976111564919004
1.0,0.0293539912014498,0.976464417341302
1.0,0.0293607571842958,0.976812057838647
1.0,0.0293674232273216,0.977154563394355
1.0,0.0293739908069064,0.977492009854737
1.0,0.0293804613775916,0.977824471945987
1.0,0.0293868363723973,0.978152023290757
1.0,0.0293931172031403,0.978474736424459
1.0,0.0293993052607522,0.978792682811289
1.0,0.0294054019155932,0.97910593286001
1.0,0.0294114085177637,0.979414555939501
1.0,0.0294173263974107,0.979718620394073
1.0,0.0294231568650263,0.980018193558569
1.0,0.0294289012117439,0.980313341773255
1.0,0.0294345607096265,0.980604130398489
1.0,0.029440136611949,0.980890623829187
1.0,0.029445630153478,0.981172885509078
1.0,0.0294510425507439,0.981450977944755
1.0,0.0294563750023114,0.981724962719518
1.0,0.0294616286890439,0.981994900507013
1.0,0.0294668047743634,0.982260851084678
1.0,0.0294719044045093,0.982522873346976
1.0,0.0294769287087904,0.982781025318449
1.0,0.0294818787998345,0.983035364166563
1.0,0.0294867557738356,0.983285946214373
1.0,0.0294915607107957,0.983532826952994
1.0,0.0294962946747643,0.983776061053895
1.0,0.0295009587140727,0.984015702381
1.0,0.0295055538615685,0.98425180400262
1.0,0.0295100811348421,0.984484418203203
1.0,0.0295145415364535,0.984713596494912
1.0,0.0295189360541535,0.984939389629034
1.0,0.0295232656611037,0.985161847607214
1.0,0.0295275313160905,0.985381019692534
1.0,0.0295317339637386,0.985596954420417
1.0,0.0295358745347196,0.985809699609375
1.0,0.0295399539459587,0.986019302371602
1.0,0.0295439731008365,0.986225809123405
1.0,0.0295479328893908,0.986429265595481
1.0,0.0295518341885124,0.986629716843047
1.0,0.0295556778621398,0.986827207255816
1.0,0.0295594647614508,0.987021780567827
1.0,0.0295631957250491,0.98721347986713
1.0,0.0295668715791537,0.987402347605328
1.0,0.029570493137778,0.987588425606979
1.0,0.0295740612029121,0.987771755078856
1.0,0.0295775765647006,0.987952376619072
1.0,0.0295810400016165,0.988130330226073
1.0,0.0295844522806339,0.988305655307493
1.0,0.0295878141573984,0.988478390688883
1.0,0.0295911263763946,0.988648574622306
1.0,0.0295943896711091,0.988816244794811
1.0,0.0295976047641948,0.988981438336778
1.0,0.0296007723676315,0.989144191830138
1.0,0.0296038931828806,0.989304541316476
1.0,0.029606967901044,0.989462522305015
1.0,0.0296099972030146,0.989618169780473
1.0,0.029612981759628,0.989771518210816
1.0,0.0296159222318109,0.989922601554889
1.0,0.0296188192707276,0.990071453269936
1.0,0.0296216735179247,0.990218106319008
1.0,0.0296244856054719,0.990362593178265
1.0,0.0296272561561028,0.990504945844167
1.0,0.0296299857833531,0.990645195840558
1.0,0.0296326750916955,0.990783374225649
1.0,0.029635324676675,0.990919511598893
1.0,0.0296379351250384,0.991053638107767
1.0,0.0296405070148678,0.991185783454439
1.0,0.0296430409157047,0.991315976902356
1.0,0.0296455373886786,0.991444247282716
1.0,0.0296479969866317,0.991570623000856
1.0,0.0296504202542385,0.991695132042543
1.0,0.0296528077281286,0.99181780198017
1.0,0.029655159937007,0.991938659978863
1.0,0.0296574774017662,0.992057732802494
1.0,0.029659760635607,0.992175046819614
1.0,0.0296620101441496,0.992290628009283
1.0,0.0296642264255444,0.992404501966833
1.0,0.0296664099705846,0.992516693909529
1.0,0.0296685612628143,0.992627228682154
1.0,0.0296706807786347,0.992736130762517
1.0,0.0296727689874101,0.992843424266864
1.0,0.0296748263515725,0.992949132955226
1.0,0.0296768533267227,0.99305328023668
1.0,0.029678850361732,0.993155889174527
1.0,0.0296808178988419,0.993256982491408
1.0,0.0296827563737616,0.993356582574327
1.0,0.0296846662157635,0.993454711479617
1.0,0.029686547847781,0.993551390937816
1.0,0.0296884016864987,0.993646642358488
1.0,0.0296902281424478,0.993740486834956
1.0,0.0296920276200947,0.993832945148979
1.0,0.0296938005179317,0.993924037775351
1.0,0.0296955472285652,0.994013784886436
1.0,0.0296972681388021,0.994102206356634
1.0,0.0296989636297369,0.994189321766786
1.0,0.0297006340768338,0.994275150408504
1.0,0.0297022798500111,0.994359711288449
1.0,0.0297039013137239,0.994443023132538
1.0,0.0297054988270438,0.994525104390086
1.0,0.0297070727437383,0.994605973237902
1.0,0.0297086234123494,0.994685647584304
1.0,0.0297101511762705,0.99476414507309
1.0,0.0297116563738242,0.994841483087446
1.0,0.0297131393383341,0.994917678753789
1.0,0.0297146003982018,0.994992748945569
1.0,0.0297160398769771,0.995066710286999
1.0,0.0297174580934307,0.995139579156738
1.0,0.0297188553616254,0.995211371691519
1.0,0.0297202319909855,0.99528210378972
1.0,0.0297215882863628,0.99535179111489
1.0,0.0297229245481079,0.995420449099211
1.0,0.0297242410721348,0.995488092946921
1.0,0.0297255381499864,0.995554737637674
1.0,0.0297268160688988,0.995620397929868
1.0,0.0297280751118656,0.995685088363904
1.0,0.029729315557701,0.995748823265407
1.0,0.0297305376811001,0.995811616748403
1.0,0.029731741752701,0.995873482718442
1.0,0.0297329280391441,0.995934434875675
1.0,0.0297340968031308,0.995994486717893
1.0,0.0297352483034832,0.996053651543511
1.0,0.0297363827951995,0.996111942454516
1.0,0.0297375005295115,0.996169372359367
1.0,0.0297386017539407,0.996225953975855
1.0,0.0297396867123521,0.996281699833917
1.0,0.0297407556450078,0.996336622278415
1.0,0.0297418087886228,0.996390733471863
1.0,0.029742846376414,0.996444045397128
1.0,0.0297438686381544,0.996496569860078
1.0,0.0297448758002223,0.996548318492199
1.0,0.029745868085653,0.99659930275317
1.0,0.0297468457141867,0.9966495339334
1.0,0.0297478089023189,0.99669902315653
1.0,0.0297487578633462,0.996747781381895
1.0,0.0297496928074148,0.996795819406951
1.0,0.0297506139415671,0.996843147869668
1.0,0.0297515214697872,0.996889777250883
1.0,0.0297524155930471,0.996935717876621
1.0,0.0297532965093481,0.996980979920385
1.0,0.0297541644137691,0.997025573405406
1.0,0.0297550194985061,0.997069508206863
1.0,0.029755861952917,0.99711279405407
1.0,0.0297566919635621,0.997155440532632
1.0,0.0297575097142466,0.997197457086566
1.0,0.0297583153860608,0.99723885302039
1.0,0.0297591091574192,0.997279637501191
1.0,0.0297598912041026,0.997319819560649
1.0,0.0297606616992931,0.997359408097035
1.0,0.029761420813617,0.997398411877191
1.0,0.0297621687151788,0.99743683953846
1.0,0.0297629055696009,0.997474699590607
1.0,0.0297636315400587,0.9975120004177
1.0,0.0297643467873179,0.997548750279966
1.0,0.0297650514697685,0.997584957315623
1.0,0.0297657457434624,0.99762062954268
1.0,0.0297664297621454,0.997655774860714
1.0,0.0297671036772931,0.997690401052616
1.0,0.0297677676381425,0.997724515786321
1.0,0.0297684217917276,0.997758126616499
1.0,0.0297690662829098,0.997791240986231
1.0,0.0297697012544109,0.99782386622866
1.0,0.0297703268468452,0.997856009568611
1.0,0.029770943198749,0.99788767812419
1.0,0.0297715504466127,0.997918878908366
1.0,0.0297721487249112,0.99794961883052
1.0,0.0297727381661321,0.997979904697972
1.0,0.0297733189008067,0.998009743217497
1.0,0.0297738910575378,0.998039140996802
1.0,0.0297744547630292,0.998068104545994
1.0,0.0297750101421128,0.99809664027902
1.0,0.0297755573177769,0.998124754515086
1.0,0.0297760964111924,0.99815245348006
1.0,0.0297766275417417,0.998179743307848
1.0,0.0297771508270421,0.998206630041754
0.0,-0.140322333617025,1.098233121125931
0.0,-0.133345023697289,1.0169668944373318
0.0,-0.113186432216558,0.8716827398875047
0.0,-0.0872108448359299,0.6953794794903361
0.0,-0.0606682697810026,0.5179118944607417
0.0,-0.0368825829992763,0.35968141659476666
0.0,-0.0175936244053456,0.22859282794526709
0.0,-0.0033547949719827,0.1299863850156247
0.0,0.0060814264180812,0.0640323391334982
0.0,0.0114305665239092,0.02778531226080201
0.0,0.0136148299993787,0.01321255975597264
0.0,0.0135767666991513,0.014010541035831561
0.0,0.0121612733786427,0.02367182547975858
0.0,0.010053801912614,0.03789977407270017
0.0,0.0077606727299643,0.05309895623427057
0.0,0.0056178174910035,0.06636968965218457
0.0,0.0038161390085047,0.0777575470603382
0.0,0.00243421497613,0.08553292677036485
0.0,0.0014717321993741,0.09058124441256953
0.0,0.000879462358367,0.09297292756118657
0.0,0.0005835847133517,0.09334262289912901
0.0,0.0005036554241719,0.09262903815043898
0.0,0.0005645322690005,0.09041804663547882
0.0,0.0007031535674648,0.08825313912157284
0.0,0.000871331057581,0.08563621302081
0.0,0.0010357427013693,0.08319197519056233
0.0,0.0011761889099899,0.08076729893961436
0.0,0.0012829752525364,0.07865206043709325
0.0,0.0013540593726413,0.07683984244665278
0.0,0.001392385402908,0.07529065262433506
0.0,0.0014036465883955,0.07398426107765195
0.0,0.0013945753789562,0.07293270301342902
0.0,0.0013717608675313,0.07211139860051403
0.0,0.0013409317997161,0.07101724754109033
0.0,0.0013066123529726,0.07017495861288252
0.0,0.0012720494895011,0.06931981920354348
0.0,0.0012393173178872,0.06843218837803976
0.0,0.0012095190770821,0.06744292690698542
0.0,0.0011830260624377,0.06642133983463915
0.0,0.0011597115200242,0.06536363177581724
0.0,0.001139154053532,0.06432637115973552
0.0,0.0011207983156713,0.06333983325006282
0.0,0.001104070394269,0.0624149412541381
0.0,0.0010884515867455,0.0614975801408996
0.0,0.0010735177233469,0.060523420329858586
0.0,0.0010589525128254,0.05965247914599327
0.0,0.0010445432077417,0.05868193242414939
0.0,0.0010301658062994,0.0577602225445426
0.0,0.0010157654929469,0.056878318816566596
0.0,0.0010013364129977,0.055985035247466494
0.0,0.000986903400261,0.05513228516237795
0.0,0.0009725070542451,0.05436504528741511
0.0,0.0009581926416015,0.05359795186843621
0.0,0.0009440026689078,0.0527307755787247
0.0,0.0009299726023777,0.05196391132122894
0.0,0.0009161290409198,0.05118128963814596
0.0,0.0009024896251547,0.050360843200885214
0.0,0.0008890640341431,0.049582462799985946
0.0,0.000875855540347,0.0488067640199121
0.0,0.0008628627289617,0.04804192801100204
0.0,0.0008500811180127,0.047340013202409284
0.0,0.0008375045272545,0.04665101658418649
0.0,0.0008251261309759,0.04596594989650863
0.0,0.0008129391914246,0.045340937384659614
0.0,0.0008009375081813,0.04471436238188088
0.0,0.0007891156386394,0.044040938067452684
0.0,0.0007774689505946,0.04350592349844557
0.0,0.0007659935644416,0.04305453461479852
0.0,0.0007546862335714,0.04238208693261877
0.0,0.000743544200352,0.041735036976396446
0.0,0.0007325650537455,0.04109755481652343
0.0,0.0007217466045372,0.04046949944463161
0.0,0.0007110867860312,0.03984314978416593
0.0,0.000700583582104,0.0392137427730073
0.0,0.0006902349805933,0.038602300091935486
0.0,0.0006800389478018,0.03801263237781172
0.0,0.0006699934190286,0.037433518771911936
0.0,0.0006600963000959,0.03685987956303102
0.0,0.000650345475465,0.03629080612509581
0.0,0.0006407388194353,0.035690529321809196
0.0,0.0006312742078933,0.03507522169672151
0.0,0.0006219495289726,0.034519742950006704
0.0,0.0006127626917417,0.034048098629059186
0.0,0.0006037116325962,0.033521963079909574
0.0,0.0005947943194313,0.03300359927299576
0.0,0.0005860087538954,0.03249252451274302
0.0,0.0005773529721425,0.0319900904113531
0.0,0.0005688250445139,0.03150258137676194
0.0,0.0005604230745472,0.03101967869150634
0.0,0.0005521451976345,0.03053914985861034
0.0,0.0005439895795743,0.030064798280254205
0.0,0.00053595441518,0.029597453395578555
0.0,0.0005280379270432,0.029137012124333003
0.0,0.0005202383644898,0.02867794510271083
0.0,0.0005125540027371,0.02821005569401719
0.0,0.000504983142229,0.027739665230937276
0.0,0.0004975241081175,0.02738450696750128
0.0,0.0004901752498535,0.027165576745328466
0.0,0.0004829349408519,0.021029122146927117
0.0,0.0004758015782016,0.0244469895411584
0.0,0.0004687735823957,0.0240858868080047
0.0,0.0004618493970688,0.0237301178618821
0.0,0.000455027488727,0.0233796039190754
0.0,0.0004483063464696,0.0230342673598979
0.0,0.000441684481699,0.0226940317112377
0.0,0.0004351604278192,0.0223588216294525
0.0,0.0004287327399274,0.0220285628835933
0.0,0.0004223999944998,0.0217031823389345
0.0,0.0004161607890757,0.0213826079407869
0.0,0.0004100137419418,0.0210667686985749
0.0,0.0004039574918192,0.0207555946701591
0.0,0.0003979906975551,0.0204490169463947
0.0,0.0003921120378182,0.0201469676359127
0.0,0.000386320210801,0.0198493798501197
0.0,0.0003806139339273,0.0195561876884111
0.0,0.0003749919435651,0.0192673262235945
0.0,0.0003694529947451,0.0189827314875214
0.0,0.0003639958608842,0.0187023404569263
0.0,0.0003586193335141,0.01842609103947
0.0,0.0003533222220137,0.0181539220599873
0.0,0.0003481033533456,0.0178857732469366
0.0,0.000342961571798,0.0176215852190484
0.0,0.0003378957387283,0.0173612994721722
0.0,0.0003329047323121,0.0171048583663175
0.0,0.0003279874472949,0.0168522051128867
0.0,0.000323142794748,0.0166032837620984
0.0,0.0003183697018267,0.0163580391905955
0.0,0.0003136671115339,0.0161164170892384
0.0,0.0003090339824852,0.0158783639510777
0.0,0.0003044692886786,0.0156438270595056
0.0,0.0002999720192673,0.0154127544765817
0.0,0.0002955411783358,0.0151850950315321
0.0,0.0002911757846791,0.014960798309418
0.0,0.0002868748715856,0.0147398146399714
0.0,0.0002826374866229,0.0145220950865961
0.0,0.0002784626914266,0.0143075914355308
0.0,0.0002743495614931,0.0140962561851724
0.0,0.0002702971859742,0.0138880425355569
0.0,0.0002663046674758,0.0136829043779954
0.0,0.0002623711218591,0.0134807962848638
0.0,0.0002584956780447,0.0132816734995425
0.0,0.0002546774778196,0.013085491926505
0.0,0.0002509156756477,0.0128922081215536
0.0,0.0002472094384817,0.0127017792821978
0.0,0.0002435579455796,0.0125141632381765
0.0,0.0002399603883221,0.0123293184421189
0.0,0.000236415970034,0.0121472039603443
0.0,0.0002329239058078,0.0119677794637969
0.0,0.0002294834223295,0.0117910052191154
0.0,0.0002260937577078,0.0116168420798337
0.0,0.000222754161305,0.0114452514777125
0.0,0.0002194638935713,0.0112761954141977
0.0,0.0002162222258803,0.0111096364520063
0.0,0.0002130284403682,0.0109455377068356
0.0,0.0002098818297747,0.0107838628391952
0.0,0.0002067816972863,0.0106245760463601
0.0,0.0002037273563818,0.0104676420544414
0.0,0.0002007181306809,0.0103130261105759
0.0,0.0001977533537937,0.0101606939752294
0.0,0.0001948323691736,0.0100106119146147
0.0,0.0001919545299718,0.009862746693221
0.0,0.0001891191988937,0.0097170655664546
0.0,0.0001863257480585,0.0095735362733868
0.0,0.0001835735588593,0.0094321270296104
0.0,0.000180862021827,0.0092928065202008
0.0,0.0001781905364945,0.0091555438927812
0.0,0.0001755585112643,0.0090203087506908
0.0,0.0001729653632773,0.008887071146253
0.0,0.0001704105182835,0.0087558015741439
0.0,0.0001678934105154,0.0086264709648582
0.0,0.0001654134825621,0.0084990506782719
0.0,0.0001629701852463,0.0083735124972998
0.0,0.0001605629775024,0.008249828621647
0.0,0.0001581913262569,0.0081279716616525
0.0,0.0001558547063101,0.0080079146322238
0.0,0.00015355260022,0.0078896309468613
0.0,0.0001512844981878,0.0077730944117701
0.0,0.0001490498979447,0.0076582792200602
0.0,0.0001468483046409,0.007545159946031
0.0,0.0001446792307359,0.0074337115395414
0.0,0.0001425421958906,0.0073239093204616
0.0,0.0001404367268611,0.0072157289732087
0.0,0.0001383623573933,0.0071091465413613
0.0,0.0001363186281205,0.0070041384223548
0.0,0.000134305086461,0.0069006813622543
0.0,0.0001323212865182,0.0067987524506053
0.0,0.0001303667889817,0.0066983291153603
0.0,0.0001284411610301,0.0065993891178798
0.0,0.0001265439762352,0.006501910548008
0.0,0.0001246748144675,0.0064058718192207
0.0,0.0001228332618032,0.0063112516638448
0.0,0.0001210189104322,0.006218029128349
0.0,0.0001192313585686,0.0061261835687031
0.0,0.0001174702103609,0.006035694645807
0.0,0.0001157350758047,0.0059465423209862
0.0,0.0001140255706562,0.0058587068515544
0.0,0.0001123413163476,0.0057721687864417
0.0,0.0001106819399023,0.0056869089618866
0.0,0.0001090470738534,0.005602908497193
0.0,0.0001074363561615,0.0055201487905485
0.0,0.0001058494301349,0.0054386115149052
0.0,0.0001042859443505,0.0053582786139212
0.0,0.0001027455525762,0.0052791322979623
0.0,0.0001012279136937,0.005201155040162
0.0,9.9732691623701e-05,0.0051243295725407
0.0,9.82595552507307e-05,0.0050486388821812
0.0,9.68081783503938e-05,0.0049740662074618
0.0,9.53782395168232e-05,0.0049005950343441
0.0,9.39694220916179e-05,0.0048282090927159
0.0,9.25814140936704e-05,0.0047568923527885
0.0,9.12139081501173e-05,0.0046866290215466
0.0,8.98666014282137e-05,0.0046174035392512
0.0,8.85391955683726e-05,0.004549200575994
0.0,8.72313966179747e-05,0.0044820050283021
0.0,8.59429149663651e-05,0.0044158020157939
0.0,8.46734652806616e-05,0.0043505768778838
0.0,8.34227664426035e-05,0.0042863151705351
0.0,8.21905414862822e-05,0.004223002663062
0.0,8.09765175367946e-05,0.004160625334978
0.0,7.97804257498605e-05,0.004099169372891
0.0,7.86020012522384e-05,0.0040386211674443
0.0,7.74409830830922e-05,0.0039789673103033
0.0,7.62971141361826e-05,0.0039201945911854
0.0,7.51701411030106e-05,0.0038622899949353
0.0,7.40598144165702e-05,0.0038052406986427
0.0,7.29658881962192e-05,0.0037490340688022
0.0,7.18881201931948e-05,0.0036936576585164
0.0,7.08262717369137e-05,0.0036390992047388
0.0,6.9780107682188e-05,0.0035853466255587
0.0,6.87493963571206e-05,0.0035323880175252
0.0,6.77339095117926e-05,0.0034802116530117
0.0,6.67334222677271e-05,0.0034288059776186
0.0,6.57477130681164e-05,0.0033781596076144
0.0,6.47765636287156e-05,0.003328261327415
0.0,6.38197588895273e-05,0.0032791000871
0.0,6.28770869671794e-05,0.0032306649999658
0.0,6.194833910797e-05,0.0031829453401145
0.0,6.10333096417101e-05,0.0031359305400789
0.0,6.01317959360997e-05,0.0030896101884821
0.0,5.92435983519032e-05,0.0030439740277323
0.0,5.83685201987205e-05,0.0029990119517507
0.0,5.75063676914456e-05,0.0029547140037341
0.0,5.66569499073216e-05,0.0029110703739497
0.0,5.58200787436972e-05,0.0028680713975626
0.0,5.49955688763648e-05,0.0028257075524959
0.0,5.4183237718497e-05,0.0027839694573218
0.0,5.33829053802302e-05,0.002742847869184
0.0,5.2594394628843e-05,0.0027023336817512
0.0,5.18175308494642e-05,0.0026624179232002
0.0,5.1052142006458e-05,0.0026230917542292
0.0,5.02980586052845e-05,0.0025843464661007
0.0,4.95551136549845e-05,0.0025461734787122
0.0,4.88231426312088e-05,0.0025085643386968
0.0,4.8101983439755e-05,0.002471510717551
0.0,4.7391476380703e-05,0.0024350044097904
0.0,4.66914641130169e-05,0.0023990373311323
0.0,4.60017916197597e-05,0.0023636015167061
0.0,4.53223061736702e-05,0.0023286891192887
0.0,4.46528573034531e-05,0.0022942924075674
0.0,4.39932967603689e-05,0.0022604037644275
0.0,4.33434784854435e-05,0.0022270156852654
0.0,4.27032585771196e-05,0.002194120776327
0.0,4.20724952593932e-05,0.0021617117530701
0.0,4.14510488504043e-05,0.0021297814385516
0.0,4.08387817315177e-05,0.0020983227618375
0.0,4.02355583168368e-05,0.002067328756438
0.0,3.96412450231892e-05,0.0020367925587638
0.0,3.90557102405327e-05,0.0020067074066069
0.0,3.8478824302822e-05,0.0019770666376429
0.0,3.79104594592887e-05,0.0019478636879552
0.0,3.73504898461552e-05,0.0019190920905823
0.0,3.67987914587503e-05,0.0018907454740848
0.0,3.62552421240524e-05,0.0018628175611351
0.0,3.57197214736586e-05,0.0018353021671269
0.0,3.51921109170948e-05,0.001808193198806
0.0,3.46722936155723e-05,0.0017814846529205
0.0,3.4160154456106e-05,0.0017551706148916
0.0,3.36555800260346e-05,0.001729245257504
0.0,3.31584585878883e-05,0.0017037028396153
0.0,3.26686800546719e-05,0.0016785377048845
0.0,3.21861359654438e-05,0.0016537442805198
0.0,3.17107194613454e-05,0.0016293170760438
0.0,3.1242325261898e-05,0.0016052506820786
0.0,3.07808496417192e-05,0.0015815397691472
0.0,3.03261904075168e-05,0.0015581790864934
0.0,2.98782468755067e-05,0.0015351634609192
0.0,2.94369198490692e-05,0.0015124877956391
0.0,2.90021115968118e-05,0.0014901470691516
0.0,2.85737258309132e-05,0.0014681363341267
0.0,2.81516676858135e-05,0.001446450716311
0.0,2.7735843697186e-05,0.0014250854134478
0.0,2.73261617812527e-05,0.0014040356942137
0.0,2.69225312143975e-05,0.0013832968971711
0.0,2.6524862613073e-05,0.0013628644297357
0.0,2.61330679139915e-05,0.0013427337671597
0.0,2.57470603546393e-05,0.0013229004515295
0.0,2.53667544540537e-05,0.0013033600907788
0.0,2.4992065993908e-05,0.0012841083577157
0.0,2.46229119998474e-05,0.0012651409890646
0.0,2.42592107231165e-05,0.0012464537845223
0.0,2.39008816224576e-05,0.0012280426058274
0.0,2.35478453462813e-05,0.0012099033758442
0.0,2.32000237150778e-05,0.0011920320776598
0.0,2.28573397041288e-05,0.0011744247536945
0.0,2.25197174264224e-05,0.0011570775048254
0.0,2.21870821158782e-05,0.0011399864895228
0.0,2.1859360110758e-05,0.001123147923
0.0,2.15364788373768e-05,0.0011065580763743
0.0,2.12183667940256e-05,0.0010902132758423
0.0,2.09049535351401e-05,0.0010741099018654
0.0,2.05961696556883e-05,0.0010582443883688
0.0,2.02919467758092e-05,0.0010426132219517
0.0,1.99922175256814e-05,0.001027212941109
0.0,1.9696915530578e-05,0.0010120401354653
0.0,1.94059753961962e-05,0.0009970914450189
0.0,1.91193326941497e-05,0.0009823635593987
1.0,0.170118836923948,-0.09903214082240552
1.0,0.163141756707618,-0.0026332516365153574
1.0,0.142983391537378,0.14553557162703296
1.0,0.117008027124444,0.32539191800856904
1.0,0.0904656717437883,0.5046604232276228
1.0,0.0666802013915587,0.6657659183904459
1.0,0.0473914560302777,0.7924815626344169
1.0,0.0331528366799377,0.8801892454485915
1.0,0.023716822269792,0.9367813632811832
1.0,0.0183678860866141,0.9691968851414731
1.0,0.016183823521684,0.9836477046620321
1.0,0.0162220847648317,0.9847546122015042
1.0,0.0176377731044758,0.9775723683956753
1.0,0.0197454367090425,0.9664014695719466
1.0,0.0220387551921807,0.9540966937303316
1.0,0.0241817969355018,0.9427296976117918
1.0,0.0259836591675333,0.9332252509383943
1.0,0.0273657642353042,0.9261916567509345
1.0,0.0283284253734106,0.9216570767705972
1.0,0.0289208709412194,0.9194254532968902
1.0,0.0292169217174026,0.9188435179888281
1.0,0.0292970215804564,0.9195308701583674
1.0,0.0292363127899812,0.9210443862640162
1.0,0.029097857063565,0.9229714782620089
1.0,0.0289298426998577,0.925012394490734
1.0,0.0287655917729628,0.9270276818393992
1.0,0.0286253039073108,0.9289315289409737
1.0,0.0285186735688733,0.9306347821647425
1.0,0.0284477431485642,0.9320624380161969
1.0,0.0284095685478174,0.9333034872359383
1.0,0.028398456555107,0.9343701159765591
1.0,0.0284076747536197,0.9352942347187964
1.0,0.0284306340829654,0.9361355367586595
1.0,0.0284616058296177,0.9369168619447577
1.0,0.0284960658477109,0.9376631494500658
1.0,0.0285307672061739,0.93839780990277
1.0,0.0285636358270911,0.9391322675904981
1.0,0.0285935685017276,0.9398492732310825
1.0,0.0286201939645021,0.9405856054913252
1.0,0.0286436389986744,0.9413243633176998
1.0,0.0286643250294514,0.9420709893182443
1.0,0.0286828074325935,0.9428198007990396
1.0,0.0286996601483234,0.9435479027945349
1.0,0.0287154019068567,0.9442685984065358
1.0,0.0287304569051747,0.9449739545019593
1.0,0.02874514146135,0.9456374396778887
1.0,0.0287596683492515,0.9463293474820217
1.0,0.0287741615967132,0.947022798536876
1.0,0.0287886760449418,0.9477039843396563
1.0,0.0288032175738977,0.9483459558475693
1.0,0.0288177613746741,0.9489961493521902
1.0,0.0288322668722967,0.9496485391934285
1.0,0.0288466888242849,0.9502888468518048
1.0,0.028860984747876,0.9509169741123831
1.0,0.0288751192003194,0.9515292503341768
1.0,0.0288890656058216,0.9521363520103687
1.0,0.0289028063465377,0.9527304505261642
1.0,0.0289163317658445,0.9533136732537648
1.0,0.0289296386133879,0.9538898724414085
1.0,0.0289427283257522,0.9544629539473096
1.0,0.0289556054063702,0.9550267131805129
1.0,0.0289682760566299,0.9555862004607124
1.0,0.0289807471230712,0.9561355268323781
1.0,0.0289930253639685,0.9566762598233204
1.0,0.0290051169999594,0.9572079002517212
1.0,0.0290170274935706,0.9577358304192918
1.0,0.0290287614966322,0.9582583510673571
1.0,0.0290403229080849,0.9587699862551039
1.0,0.0290517149935885,0.9592719306593549
1.0,0.0290629405295433,0.9597650668082038
1.0,0.0290740019454794,0.9602516990522946
1.0,0.0290849014488297,0.9607302775886138
1.0,0.0290956411242387,0.9611987825490055
1.0,0.0291062230055152,0.9616734271182874
1.0,0.0291166491222443,0.9621296304139272
1.0,0.0291269215252881,0.9625775432064403
1.0,0.0291370422962607,0.9630225997521971
1.0,0.0291470135460015,0.9634569135814842
1.0,0.0291568374064661,0.9638894542950712
1.0,0.029166516019528,0.9643177938977053
1.0,0.0291760515252357,0.9647370576074049
1.0,0.0291854460511554,0.9651511903902951
1.0,0.029194701703686,0.9655626833881296
1.0,0.0292038205616707,0.9659669872118871
1.0,0.0292128046722289,0.9663630422240389
1.0,0.0292216560485037,0.9667526327049994
1.0,0.029230376668915,0.9671371596167505
1.0,0.0292389684774803,0.9675172543592214
1.0,0.0292474333848081,0.9678886285821391
1.0,0.0292557732694436,0.9682550125996328
1.0,0.0292639899793201,0.9686168533399655
1.0,0.0292720853331527,0.9689732962149094
1.0,0.0292800611216786,0.969324491090028
1.0,0.0292879191087043,0.9696783557985272
1.0,0.0292956610319501,0.9700223342672127
1.0,0.0293032886037197,0.9703608350036512
1.0,0.0293108035114191,0.9706857484689592
1.0,0.029318207417971,0.971005951861668
1.0,0.0293255019621503,0.9774462368340607
1.0,0.0293326887588794,0.975369884598747
1.0,0.0293397693994968,0.975733692256043
1.0,0.0293467454520269,0.976092126172286
1.0,0.0293536184614491,0.976445265721346
1.0,0.029360389949981,0.976793189104348
1.0,0.0293670614173689,0.977135973367251
1.0,0.0293736343411932,0.977473694418088
1.0,0.0293801101771791,0.977806427043859
1.0,0.0293864903595125,0.978134244927126
1.0,0.0293927763011594,0.978457220662324
1.0,0.0293989693941823,0.978775425771804
1.0,0.0294050710100571,0.979088930721624
1.0,0.0294110824999825,0.979397804937107
1.0,0.0294170051951883,0.97970211681818
1.0,0.029422840407233,0.980001933754478
1.0,0.0294285894283008,0.980297322140249
1.0,0.0294342535314891,0.980588347389038
1.0,0.0294398339710931,0.980875073948161
1.0,0.0294453319828838,0.981157565312973
1.0,0.0294507487843818,0.98143588404093
1.0,0.0294560855751276,0.981710091765443
1.0,0.0294613435369446,0.981980249209533
1.0,0.0294665238342025,0.982246416199277
1.0,0.0294716276140727,0.982508651677066
1.0,0.0294766560067827,0.982767013714655
1.0,0.0294816101258668,0.983021559526031
1.0,0.0294864910684103,0.98327234548008
1.0,0.0294912999152943,0.983519427113072
1.0,0.0294960377314328,0.983762859140964
1.0,0.0295007055660121,0.984002695471511
1.0,0.0295053044527191,0.984238989216207
1.0,0.0295098354099728,0.984471792702045
1.0,0.0295142994411488,0.984701157483105
1.0,0.0295186975348019,0.984927134351972
1.0,0.0295230306648848,0.985149773350981
1.0,0.0295272997909652,0.985369123783298
1.0,0.0295315058584353,0.985585234223841
1.0,0.0295356497987254,0.985798152530034
1.0,0.0295397325295053,0.986007925852409
1.0,0.0295437549548916,0.986214600645041
1.0,0.0295477179656467,0.986418222675841
1.0,0.0295516224393739,0.986618837036689
1.0,0.0295554692407158,0.986816488153418
1.0,0.0295592592215415,0.987011219795655
1.0,0.0295629932211388,0.987203075086513
1.0,0.0295666720663976,0.987392096512139
1.0,0.0295702965719939,0.987578325931124
1.0,0.0295738675405712,0.987761804583772
1.0,0.0295773857629169,0.987942573101233
1.0,0.0295808520181369,0.9881206715145
1.0,0.0295842670738296,0.988296139263275
1.0,0.0295876316862556,0.988469015204702
1.0,0.0295909466005051,0.988639337621971
1.0,0.0295942125506614,0.988807144232799
1.0,0.0295974302599669,0.988972472197779
1.0,0.0296006004409788,0.98913535812861
1.0,0.0296037237957303,0.989295838096206
1.0,0.0296068010158856,0.989453947638683
1.0,0.0296098327828915,0.989609721769229
1.0,0.0296128197681291,0.989763194983857
1.0,0.0296157626330642,0.989914401269046
1.0,0.0296186620293895,0.990063374109264
1.0,0.0296215185991744,0.990210146494386
1.0,0.0296243329750028,0.990354750926999
1.0,0.029627105780115,0.990497219429598
1.0,0.0296298376285455,0.990637583551681
1.0,0.0296325291252606,0.990775874376729
1.0,0.0296351808662876,0.990912122529098
1.0,0.0296377934388525,0.991046358180794
1.0,0.0296403674215071,0.991178611058157
1.0,0.029642903384256,0.991308910448446
1.0,0.029645401888686,0.991437285206318
1.0,0.0296478634880888,0.991563763760226
1.0,0.0296502887275822,0.99168837411871
1.0,0.0296526781442326,0.991811143876599
1.0,0.0296550322671747,0.991932100221124
1.0,0.0296573516177254,0.992051269937936
1.0,0.0296596367095034,0.992168679417042
1.0,0.0296618880485393,0.992284354658644
1.0,0.0296641061333898,0.992398321278899
1.0,0.0296662914552472,0.992510604515592
1.0,0.0296684444980488,0.992621229233727
1.0,0.0296705657385841,0.992730219931026
1.0,0.0296726556465987,0.992837600743362
1.0,0.0296747146849008,0.992943395450102
1.0,0.0296767433094622,0.993047627479368
1.0,0.0296787419695199,0.993150319913232
1.0,0.0296807111076747,0.993251495492821
1.0,0.0296826511599901,0.99335117662336
1.0,0.0296845625560889,0.993449385379126
1.0,0.0296864457192476,0.993546143508344
1.0,0.0296883010664901,0.993641472437996
1.0,0.029690129008682,0.993735393278571
1.0,0.0296919299506186,0.993827926828739
1.0,0.0296937042911165,0.993919093579953
1.0,0.0296954524231012,0.994008913720994
1.0,0.0296971747336958,0.994097407142434
1.0,0.0296988716043032,0.994184593441047
1.0,0.0297005434106934,0.994270491924143
1.0,0.0297021905230868,0.99435512161385
1.0,0.0297038133062337,0.994438501251322
1.0,0.0297054121194988,0.994520649300888
1.0,0.0297069873169373,0.994601583954147
1.0,0.0297085392473744,0.994681323133989
1.0,0.0297100682544835,0.994759884498572
1.0,0.0297115746768624,0.994837285445223
1.0,0.0297130588481058,0.994913543114299
1.0,0.0297145210968823,0.99498867439298
1.0,0.0297159617470051,0.995062695919004
1.0,0.0297173811175049,0.99513562408436
1.0,0.0297187795226994,0.995207475038911
1.0,0.0297201572722643,0.995278264693974
1.0,0.0297215146713006,0.995348008725841
1.0,0.0297228520204027,0.995416722579254
1.0,0.0297241696157253,0.99548442147082
1.0,0.0297254677490484,0.995551120392388
1.0,0.0297267467078424,0.995616834114361
1.0,0.0297280067753307,0.995681577188972
1.0,0.0297292482305549,0.995745363953504
1.0,0.0297304713484325,0.995808208533469
1.0,0.0297316763998234,0.995870124845731
1.0,0.0297328636515837,0.99593112660159
1.0,0.0297340333666294,0.99599122730982
1.0,0.0297351858039925,0.996050440279657
1.0,0.0297363212188793,0.99610877862375
1.0,0.0297374398627257,0.996166255261062
1.0,0.029738541983255,0.996222882919733
1.0,0.0297396278245297,0.996278674139897
1.0,0.0297406976270089,0.996333641276459
1.0,0.0297417516275986,0.996387796501833
1.0,0.0297427900597069,0.996441151808634
1.0,0.0297438131532926,0.996493719012339
1.0,0.0297448211349187,0.996545509753898
1.0,0.0297458142278024,0.996596535502313
1.0,0.0297467926518622,0.996646807557184
1.0,0.0297477566237698,0.996696337051201
1.0,0.0297487063569957,0.996745134952618
1.0,0.0297496420618566,0.996793212067677
1.0,0.0297505639455642,0.996840579043004
1.0,0.0297514722122678,0.996887246367966
1.0,0.0297523670631024,0.99693322437699
1.0,0.029753248696232,0.996978523251857
1.0,0.0297541173068931,0.997023153023954
1.0,0.0297549730874387,0.997067123576496
1.0,0.0297558162273801,0.997110444646714
1.0,0.0297566469134303,0.997153125828014
1.0,0.0297574653295436,0.997195176572095
1.0,0.0297582716569575,0.99723660619105
1.0,0.029759066074232,0.997277423859425
1.0,0.0297598487572903,0.997317638616247
1.0,0.0297606198794564,0.997357259367031
1.0,0.0297613796114946,0.99739629488575
1.0,0.0297621281216469,0.997434753816777
1.0,0.0297628655756699,0.997472644676801
1.0,0.029763592136872,0.997509975856713
1.0,0.0297643079661492,0.997546755623461
1.0,0.0297650132220215,0.997582992121885
1.0,0.0297657080606668,0.997618693376519
1.0,0.0297663926359566,0.997653867293368
1.0,0.0297670670994894,0.997688521661656
1.0,0.029767731600624,0.997722664155558
1.0,0.0297683862865141,0.997756302335891
1.0,0.0297690313021384,0.997789443651794
1.0,0.0297696667903353,0.997822095442376
1.0,0.0297702928918331,0.99785426493834
1.0,0.029770909745281,0.997885959263587
1.0,0.0297715174872812,0.997917185436791
1.0,0.0297721162524169,0.997947950372954
1.0,0.0297727061732842,0.997978260884939
1.0,0.0297732873805199,0.998008123684976
1.0,0.0297738600028326,0.998037545386149
1.0,0.0297744241670279,0.998066532503863
1.0,0.0297749799980407,0.998095091457283
1.0,0.029775527618958,0.998123228570758
1.0,0.0297760671510501,0.998150950075224
1.0,0.0297765987137961,0.998178262109575
1.0,0.0297771224249104,0.998205170722034
1.0,0.0297776384003672,0.998231681871484
1.0,0.0297781467544294,0.998257801428789
1.0,0.0297786475996715,0.998283535178099
1.0,0.0297791410470045,0.998308888818123
1.0,0.0297796272057025,0.998333867963398
1.0,0.0297801061834246,0.998358478145529
1.0,0.0297805780862397,0.998382724814414
1.0,0.02978104301865,0.998406613339452
1.0,0.0297815010836151,0.998430149010732
1.0,0.0297819523825722,0.998453337040201
1.0,0.0297823970154616,0.998476182562824
1.0,0.0297828350807461,0.998498690637718
1.0,0.0297832666754352,0.998520866249272
1.0,0.0297836918951051,0.998542714308251
1.0,0.0297841108339201,0.998564239652883
1.0,0.0297845235846537,0.998585447049934
1.0,0.0297849302387092,0.998606341195759
1.0,0.0297853308861395,0.998626926717343
1.0,0.0297857256156677,0.998647208173328
1.0,0.0297861145147065,0.998667190055021
1.0,0.0297864976693767,0.998686876787388
1.0,0.0297868751645278,0.998706272730035
1.0,0.0297872470837561,0.998725382178171
1.0,0.0297876135094215,0.998744209363564
1.0,0.0297879745226699,0.998762758455474
1.0,0.0297883302034461,0.998781033561578
1.0,0.0297886806305163,0.998799038728877
1.0,0.0297890258814815,0.998816777944596
1.0,0.029789366032797,0.998834255137067
1.0,0.0297897011597901,0.998851474176594
1.0,0.029790031336673,0.998868438876315
1.0,0.0297903566365636,0.998885152993044
1.0,0.0297906771314991,0.998901620228105
1.0,0.0297909928924529,0.998917844228149
1.0,0.02979130398935,0.998933828585963
1.0,0.029791610491082,0.998949576841267
1.0,0.0297919124655239,0.998965092481495
1.0,0.0297922099795471,0.998980378942567
1.0,0.0297925030990362,0.998995439609655
1.0,0.0297927918889025,0.999010277817928
1.0,0.0297930764130971,0.999024896853289
1.0,0.0297933567346285,0.99903929995311
1.0,0.0297936329155732,0.99905349030694
0.0,-0.140306094982909,1.0990674725473353
0.0,-0.133329024921561,1.0177889217811766
0.0,-0.113170669756305,0.8724926251908597
0.0,-0.0871953152005727,0.696177402101431
0.0,-0.0606529695315199,0.5186980310786777
0.0,-0.0368675087474446,0.36045594130864966
0.0,-0.0175787728129879,0.2293559122727611
0.0,-0.0033401627502303,0.13073819794093272
0.0,0.0060958425095187,0.0647730471447813
0.0,0.0114447696774591,0.02851507938705141
0.0,0.0136288233603141,0.013931547603331942
0.0,0.0135905533662875,0.014718908823384762
0.0,0.0121748564050218,0.024369730074788782
0.0,0.0100671843061827,0.03858737002542797
0.0,0.0077738574542392,0.05377639581207877
0.0,0.0056308074657275,0.06703712287333777
0.0,0.0038289371102937,0.0784151217272039
0.0,0.0024468240391101,0.08618078850214456
0.0,0.0014841550158083,0.09121953667754543
0.0,0.0008917016792748,0.09360179170849296
0.0,0.0005956432491177,0.09396219819005361
0.0,0.0005155358451458,0.09323946178926228
0.0,0.0005762372060887,0.09101945379985801
0.0,0.000714685612713,0.08884566299247634
0.0,0.000882692764748,0.0862199848120106
0.0,0.0010469365864931,0.08376712417769414
0.0,0.0011872174519443,0.08133395248880076
0.0,0.00129384089358,0.07921034403315215
0.0,0.0013647645189586,0.07738987972088499
0.0,0.0014029324251421,0.07583256538190204
0.0,0.0014140378221734,0.07451816932454984
0.0,0.0014048131254054,0.07345872498306383
0.0,0.0013818473937894,0.07262965077988415
0.0,0.0013508693394335,0.07152784469658234
0.0,0.001316403106807,0.07067801381568642
0.0,0.0012816956256042,0.06981544385469157
0.0,0.0012488209723857,0.06892049223307715
0.0,0.0012188823545497,0.06792401810027462
0.0,0.0011922510363621,0.06689532490330644
0.0,0.0011688002332661,0.06583061568334543
0.0,0.0011481085187773,0.06478645731920751
0.0,0.0011296205158765,0.06379312354706282
0.0,0.001112762283101,0.062861536069314
0.0,0.0010970150890136,0.061937578372192
0.0,0.0010819547354293,0.06095691941440179
0.0,0.0010672649030896,0.06007957508169237
0.0,0.0010527328169573,0.05910271979093908
0.0,0.0010382344480467,0.0581747945253319
0.0,0.0010237149540178,0.057286767217874
0.0,0.0010091684537919,0.0563874505197502
0.0,0.0009946197551755,0.05552875642006635
0.0,0.0009801094320585,0.05475566032864091
0.0,0.0009656827258519,0.05398279719447951
0.0,0.0009513821182665,0.053109936413168204
0.0,0.0009372430510155,0.05233747162883104
0.0,0.00092329209887,0.051549332143433955
0.0,0.0009095468786687,0.05072344940647531
0.0,0.0008960170460422,0.049939713004631646
0.0,0.000882705850368,0.049158737336286305
0.0,0.0008696118540985,0.048388702383216436
0.0,0.0008567305528517,0.04768166542327478
0.0,0.000844055744306,0.04698762231221939
0.0,0.0008315805809998,0.046297583672684633
0.0,0.0008192983037517,0.04566767264892111
0.0,0.0008072026910304,0.04503627148939998
0.0,0.0007952882794284,0.04435809230465438
0.0,0.0007835504162482,0.04381839309879387
0.0,0.0007719852016938,0.04336238877434962
0.0,0.0007605893692638,0.04268539382534468
0.0,0.0007493601417278,0.04203386376928175
0.0,0.0007382950887384,0.04139196768443922
0.0,0.0007273920020574,0.040759563584990506
0.0,0.0007166487962459,0.04012892943135913
0.0,0.0007060634367144,0.0394953012126297
0.0,0.0006956338931072,0.038879699674800185
0.0,0.0006853581138026,0.038285934533757414
0.0,0.0006752340164399,0.03770278402340654
0.0,0.0006652594894424,0.037125167538574325
0.0,0.0006554324001292,0.03655217557242411
0.0,0.0006457506059114,0.035948038120904996
0.0,0.0006362119660359,0.03532892687263091
0.0,0.000626814352243,0.0347697006854675
0.0,0.0006175556574497,0.034294364276942484
0.0,0.000608433802139,0.03376459117547768
0.0,0.0005994467385281,0.03324264354597896
0.0,0.0005905924528196,0.032728037899238116
0.0,0.0005818689659491,0.03222212506554571
0.0,0.0005732743332649,0.031731188682476145
0.0,0.0005648066435329,0.03124490927358364
0.0,0.0005564640175915,0.03076105359412044
0.0,0.0005482446069005,0.030283424309540407
0.0,0.0005401465921468,0.029812850133139255
0.0,0.0005321681820035,0.029349227269543702
0.0,0.0005243076120842,0.028887025650386727
0.0,0.0005165631440961,0.028416047944820288
0.0,0.0005089330651726,0.027942614801629476
0.0,0.0005014156873519,0.02758445880104638
0.0,0.0004940093471647,0.027362575120844466
0.0,0.0004867124052966,0.021223210689492015
0.0,0.0004795232462952,0.0246382112314708
0.0,0.0004724402782977,0.0242742839919018
0.0,0.000465461932765,0.0239157322597173
0.0,0.0004585866642095,0.023562476634957
0.0,0.0004518129499141,0.0232144388907919
0.0,0.000445139289639,0.0228715419559354
0.0,0.0004385642053182,0.0225337098974063
0.0,0.0004320862407483,0.0222008679036217
0.0,0.0004257039612716,0.0218729422677985
0.0,0.0004194159534583,0.02154986037164
0.0,0.0004132208247879,0.0212315506692874
0.0,0.000407117203334,0.0209179426715211
0.0,0.0004011037374531,0.020608966930196
0.0,0.0003951790954788,0.0203045550229049
0.0,0.0003893419654208,0.0200046395378599
0.0,0.0003835910546706,0.0197091540589897
0.0,0.0003779250897121,0.0194180331512495
0.0,0.0003723428158377,0.0191312123461396
0.0,0.0003668429968704,0.0188486281274338
0.0,0.000361424414889,0.0185702179171137
0.0,0.0003560858699595,0.018295920061509
0.0,0.0003508261798693,0.0180256738176407
0.0,0.0003456441798664,0.0177594193397656
0.0,0.0003405387224022,0.01749709766612
0.0,0.0003355086768774,0.0172386507058596
0.0,0.0003305529293923,0.0169840212261925
0.0,0.0003256703825006,0.0167331528397041
0.0,0.0003208599549663,0.0164859899918684
0.0,0.0003161205815243,0.0162424779487456
0.0,0.0003114512126446,0.0160025627848608
0.0,0.0003068508143001,0.0157661913712623
0.0,0.0003023183677372,0.0155333113637571
0.0,0.0002978528692504,0.0153038711913189
0.0,0.0002934533299599,0.0150778200446689
0.0,0.0002891187755925,0.0148551078650234
0.0,0.000284848246266,0.0146356853330098
0.0,0.0002806407962763,0.0144195038577437
0.0,0.0002764954938883,0.0142065155660699
0.0,0.0002724114211294,0.0139966732919601
0.0,0.0002683876735861,0.0137899305660683
0.0,0.0002644233602039,0.0135862416054403
0.0,0.00026051760309,0.0133855613033752
0.0,0.0002566695373186,0.0131878452194363
0.0,0.0002528783107396,0.0129930495696097
0.0,0.0002491430837902,0.0128011312166089
0.0,0.0002454630293082,0.0126120476603213
0.0,0.0002418373323496,0.0124257570283973
0.0,0.0002382651900076,0.0122422180669772
0.0,0.0002347458112352,0.0120613901315558
0.0,0.0002312784166698,0.0118832331779819
0.0,0.0002278622384605,0.0117077077535899
0.0,0.0002244965200984,0.0115347749884639
0.0,0.0002211805162488,0.0113643965868293
0.0,0.0002179134925861,0.0111965348185727
0.0,0.0002146947256315,0.0110311525108864
0.0,0.0002115235025926,0.0108682130400367
0.0,0.0002083991212053,0.0107076803232532
0.0,0.000205320889579,0.0105495188107388
0.0,0.0002022881260423,0.010393693477797
0.0,0.0001993001589931,0.0102401698170757
0.0,0.0001963563267494,0.0100889138309256
0.0,0.0001934559774027,0.0099398920238717
0.0,0.0001905984686737,0.0097930713951954
0.0,0.0001877831677702,0.0096484194316266
0.0,0.0001850094512469,0.0095059041001439
0.0,0.0001822767048672,0.0093654938408807
0.0,0.0001795843234673,0.0092271575601363
0.0,0.0001769317108223,0.0090908646234906
0.0,0.0001743182795141,0.0089565848490195
0.0,0.000171743450801,0.0088242885006117
0.0,0.00016920665449,0.0086939462813834
0.0,0.0001667073288104,0.0085655293271906
0.0,0.000164244920289,0.0084390092002371
0.0,0.0001618188836283,0.0083143578827773
0.0,0.0001594286815849,0.0081915477709111
0.0,0.0001570737848513,0.0080705516684716
0.0,0.0001547536719381,0.0079513427810024
0.0,0.0001524678290588,0.0078338947098237
0.0,0.000150215750016,0.0077181814461868
0.0,0.000147996936089,0.0076041773655141
0.0,0.0001458108959242,0.0074918572217248
0.0,0.0001436571454251,0.0073811961416442
0.0,0.000141535207646,0.0072721696194951
0.0,0.0001394446126862,0.0071647535114719
0.0,0.0001373848975856,0.0070589240303931
0.0,0.0001353556062225,0.0069546577404343
0.0,0.0001333562892125,0.0068519315519377
0.0,0.0001313865038091,0.0067507227162998
0.0,0.0001294458138054,0.0066510088209329
0.0,0.0001275337894376,0.0065527677843023
0.0,0.0001256500072901,0.0064559778510363
0.0,0.0001237940502013,0.0063606175871086
0.0,0.0001219655071715,0.0062666658750914
0.0,0.0001201639732719,0.0061741019094793
0.0,0.0001183890495546,0.0060829051920819
0.0,0.0001166403429649,0.0059930555274844
0.0,0.0001149174662533,0.0059045330185754
0.0,0.0001132200378908,0.0058173180621407
0.0,0.0001115476819838,0.0057313913445222
0.0,0.0001099000281906,0.0056467338373408
0.0,0.0001082767116404,0.0055633267932829
0.0,0.0001066773728512,0.0054811517419483
0.0,0.0001051016576513,0.0054001904857605
0.0,0.0001035492171002,0.0053204250959367
0.0,0.0001020197074116,0.005241837908517
0.0,0.0001005127898773,0.0051644115204537
0.0,9.90281307921351e-05,0.0050881287857564
0.0,9.75654013797081e-05,0.0050129728116959
0.0,9.61242777203011e-05,0.0049389269550625
0.0,9.47044406785988e-05,0.0048659748184812
0.0,9.3305575833251e-05,0.0047941002467799
0.0,9.19273734071094e-05,0.0047232873234122
0.0,9.05695281987542e-05,0.0046535203669325
0.0,8.92317395148196e-05,0.0045847839275235
0.0,8.79137111034489e-05,0.0045170627835747
0.0,8.66151510886606e-05,0.0044503419383118
0.0,8.53357719057465e-05,0.0043846066164754
0.0,8.4075290237566e-05,0.0043198422610495
0.0,8.28334269518047e-05,0.0042560345300372
0.0,8.16099070391901e-05,0.0041931692932854
0.0,8.04044595525411e-05,0.0041312326293551
0.0,7.92168175468289e-05,0.0040702108224387
0.0,7.8046718019989e-05,0.004010090359323
0.0,7.68939018547452e-05,0.003950857926396
0.0,7.57581137612109e-05,0.0038925004066995
0.0,7.46391022203377e-05,0.0038350048770235
0.0,7.3536619428223e-05,0.003778358605045
0.0,7.2450421241238e-05,0.003722549046508
0.0,7.13802671219593e-05,0.003667563842446
0.0,7.03259200859202e-05,0.0036133908164448
0.0,6.92871466491038e-05,0.0035600179719461
0.0,6.82637167762484e-05,0.0035074334895911
0.0,6.72554038299092e-05,0.0034556257246027
0.0,6.62619845202758e-05,0.0034045832042074
0.0,6.52832388557123e-05,0.0033542946250938
0.0,6.43189500940389e-05,0.0033047488509104
0.0,6.33689046945565e-05,0.0032559349097989
0.0,6.24328922707307e-05,0.0032078419919646
0.0,6.15107055436312e-05,0.0031604594472827
0.0,6.0602140295983e-05,0.0031137767829397
0.0,5.9706995327001e-05,0.0030677836611099
0.0,5.88250724077935e-05,0.003022469896666
0.0,5.79561762374808e-05,0.0029778254549238
0.0,5.71001143999522e-05,0.0029338404494196
0.0,5.62566973212192e-05,0.0028905051397216
0.0,5.54257382274839e-05,0.0028478099292719
0.0,5.46070531037557e-05,0.0028057453632623
0.0,5.38004606531056e-05,0.0027643021265399
0.0,5.30057822564697e-05,0.0027234710415447
0.0,5.22228419332048e-05,0.0026832430662769
0.0,5.14514663020119e-05,0.0026436092922946
0.0,5.06914845425921e-05,0.0026045609427414
0.0,4.99427283577984e-05,0.0025660893704023
0.0,4.92050319363772e-05,0.0025281860557891
0.0,4.84782319162547e-05,0.0024908426052536
0.0,4.77621673483503e-05,0.0024540507491289
0.0,4.70566796609423e-05,0.0024178023398982
0.0,4.63616126245361e-05,0.0023820893503902
0.0,4.56768123172843e-05,0.0023469038720019
0.0,4.50021270908992e-05,0.0023122381129471
0.0,4.43374075370651e-05,0.0022780843965308
0.0,4.36825064543539e-05,0.0022444351594492
0.0,4.30372788156226e-05,0.0022112829501151
0.0,4.24015817359139e-05,0.0021786204270075
0.0,4.17752744407869e-05,0.0021464403570457
0.0,4.11582182351655e-05,0.0021147356139881
0.0,4.05502764726229e-05,0.0020834991768533
0.0,3.99513145251072e-05,0.0020527241283661
0.0,3.93611997531428e-05,0.0020224036534251
0.0,3.87798014764469e-05,0.0019925310375939
0.0,3.82069909449986e-05,0.0019630996656138
0.0,3.76426413105264e-05,0.0019341030199392
0.0,3.70866275984129e-05,0.0019055346792942
0.0,3.65388266800083e-05,0.0018773883172506
0.0,3.59991172454027e-05,0.0018496577008267
0.0,3.54673797765166e-05,0.0018223366891076
0.0,3.49434965206639e-05,0.0017954192318845
0.0,3.44273514644583e-05,0.0017688993683156
0.0,3.39188303081391e-05,0.0017427712256056
0.0,3.34178204402409e-05,0.0017170290177056
0.0,3.29242109126694e-05,0.0016916670440312
0.0,3.24378924161234e-05,0.0016666796882009
0.0,3.19587572558989e-05,0.0016420614167915
0.0,3.14866993280302e-05,0.0016178067781134
0.0,3.10216140958011e-05,0.0015939104010029
0.0,3.05633985665764e-05,0.0015703669936332
0.0,3.01119512690351e-05,0.001547171342342
0.0,2.96671722306574e-05,0.0015243183104774
0.0,2.92289629555964e-05,0.00150180283726
0.0,2.87972264028866e-05,0.0014796199366626
0.0,2.83718669649297e-05,0.0014577646963057
0.0,2.7952790446345e-05,0.00143623227637
0.0,2.75399040430765e-05,0.0014150179085242
0.0,2.71331163218848e-05,0.0013941168948694
0.0,2.67323372000628e-05,0.0013735246068988
0.0,2.63374779255077e-05,0.0013532364844722
0.0,2.59484510570576e-05,0.0013332480348069
0.0,2.55651704451337e-05,0.0013135548314821
0.0,2.51875512126548e-05,0.0012941525134594
0.0,2.48155097362507e-05,0.0012750367841162
0.0,2.44489636277347e-05,0.0012562034102948
0.0,2.40878317158723e-05,0.001237648221365
0.0,2.37320340283828e-05,0.0012193671083001
0.0,2.33814917742579e-05,0.0012013560227674
0.0,2.3036127326289e-05,0.0011836109762314
0.0,2.26958642038956e-05,0.0011661280390706
0.0,2.23606270561699e-05,0.0011489033397074
0.0,2.20303416452131e-05,0.0011319330637508
0.0,2.17049348296711e-05,0.0011152134531514
0.0,2.13843345485618e-05,0.0010987408053694
0.0,2.1068469805291e-05,0.0010825114725548
0.0,2.07572706519572e-05,0.0010665218607393
0.0,2.04506681738409e-05,0.0010507684290405
0.0,2.0148594474155e-05,0.0010352476888781
0.0,1.98509826590011e-05,0.0010199562032008
0.0,1.95577668225689e-05,0.0010048905857256
0.0,1.92688820325245e-05,0.0009900475001878
0.0,1.89842643156368e-05,0.000975423659602
0.0,1.87038506436286e-05,0.0009610158255345
0.0,1.84275789191935e-05,0.000946820807386
0.0,1.8155387962248e-05,0.0009328354616851
0.0,1.78872174964057e-05,0.0009190566913919
0.0,1.76230081355994e-05,0.0009054814452126
0.0,1.7362701370956e-05,0.0008921067169236
0.0,1.71062395578226e-05,0.0008789295447058
0.0,1.6853565903004e-05,0.0008659470104885
1.0,0.170116604624452,-0.09914683780023192
1.0,0.163139557381078,-0.0027462544427801563
1.0,0.142981224696754,0.14542423796797996
1.0,0.117005892289892,0.325282228842009
1.0,0.0904635684425527,0.5045523542630088
1.0,0.0666781291578648,0.6656594456960208
1.0,0.0473894144052314,0.792376662631918
1.0,0.0331508252114237,0.8800858949080255
1.0,0.0237148405123724,0.9366795393156852
1.0,0.018365933601431,0.9690965652022361
1.0,0.0161818998763618,0.9835488665333131
1.0,0.0162201895333809,0.9846572339957052
1.0,0.0176359058671998,0.9774764285484984
1.0,0.0197435970524433,0.9663069468376155
1.0,0.0220369427088687,0.9540035671768895
1.0,0.0241800112241042,0.9426379466164638
1.0,0.0259818998326062,0.9331348551830203
1.0,0.0273640308872451,0.9261025962174725
1.0,0.028326717628371,0.9215693317366891
1.0,0.0289191884210214,0.9193390043314912
1.0,0.0292152640494541,0.9187583459479082
1.0,0.0292953883976682,0.9194469561806695
1.0,0.0292347037306867,0.9209617117668811
1.0,0.0290962717714399,0.9228900249372579
1.0,0.0289282808238407,0.9249321443006171
1.0,0.0287640529671781,0.9269486170125982
1.0,0.0286237878309916,0.9288536319686678
1.0,0.028517179886286,0.9305580357967315
1.0,0.0284462715289345,0.931986825257079
1.0,0.0284081186652567,0.9332289913413513
1.0,0.0283970280885404,0.934296720449466
1.0,0.0284062673867149,0.9352219233058373
1.0,0.0284292475040622,0.9360642934465494
1.0,0.0284602397316598,0.9368466709567417
1.0,0.0284947199281775,0.9375939952424248
1.0,0.0285294411670129,0.9383296771613799
1.0,0.0285623293746522,0.939065141227436
1.0,0.0285922813466988,0.9397831383812885
1.0,0.0286189258218439,0.9405204475093082
1.0,0.0286423895875576,0.9412601677742948
1.0,0.0286630940731956,0.9420077419974172
1.0,0.0286815946586048,0.9427574876947407
1.0,0.0286984652880347,0.9434865101075919
1.0,0.0287142246956669,0.9442081125416057
1.0,0.0287292970823918,0.9449143620645123
1.0,0.0287439987701326,0.9455787274712447
1.0,0.0287585425365513,0.9462715025044247
1.0,0.028773052413221,0.946965807978618
1.0,0.0287875832450295,0.9476478355802403
1.0,0.0288021409155663,0.9482906364529132
1.0,0.0288167006194986,0.9489416470718732
1.0,0.0288312217853739,0.9495948419579796
1.0,0.0288456591741817,0.9502359427700288
1.0,0.0288599703065775,0.9508648514687281
1.0,0.0288741197431783,0.9514778975861398
1.0,0.0288880809115097,0.9520857577859387
1.0,0.0289018361969953,0.9526806036213052
1.0,0.0289153759462331,0.9532645626299329
1.0,0.0289286969120419,0.9538414872231086
1.0,0.0289418005341329,0.9544152834196886
1.0,0.0289546913190195,0.9549797467869829
1.0,0.0289673754711239,0.9555399278006164
1.0,0.0289798598399762,0.9560899376586851
1.0,0.0289921511867968,0.9566313440403563
1.0,0.0290042557351256,0.9571636479129352
1.0,0.0290161789503482,0.9576922317250508
1.0,0.029027925487112,0.9582153963627772
1.0,0.0290394992471341,0.9587276660279119
1.0,0.029050903498808,0.9592302355377819
1.0,0.0290621410212286,0.9597239875589099
1.0,0.0290732142465802,0.9602112265783255
1.0,0.0290841253849103,0.960690402927384
1.0,0.0290948765234413,0.9611594968703144
1.0,0.0291054696985193,0.9616347217223623
1.0,0.0291159069422309,0.9620914967295012
1.0,0.0291261903079025,0.9625399727888493
1.0,0.0291363218795757,0.962985584281512
1.0,0.0291463037704816,0.9634204448606702
1.0,0.0291561381149319,0.9638535242481692
1.0,0.029165827057122,0.9642823945680443
1.0,0.0291753727393889,0.9647021811558418
1.0,0.0291847772915506,0.9651168290934761
1.0,0.0291940428222275,0.9655288296367845
1.0,0.0292031714124497,0.9659336335091381
1.0,0.0292121651114918,0.9663301811837439
1.0,0.0292210259346206,0.9667202570501174
1.0,0.0292297558623484,0.9671052621777284
1.0,0.0292383568407528,0.9674858280724045
1.0,0.0292468307824731,0.9678576664882111
1.0,0.0292551795680556,0.9682245078420707
1.0,0.0292634050474048,0.9685867991635235
1.0,0.0292715090411775,0.9689436859641234
1.0,0.0292794933420242,0.9692953182077391
1.0,0.0292873597156369,0.9696496138244312
1.0,0.0292951099015923,0.9699940168364307
1.0,0.0293027456140242,0.9703329358453192
1.0,0.0293102685421418,0.9706582614048392
1.0,0.029317680350643,0.9709788708047801
1.0,0.0293249826800535,0.9774195557873318
1.0,0.029332177147019,0.975343597653689
1.0,0.0293392653445772,0.97570779359144
1.0,0.0293462488424256,0.976066610052907
1.0,0.0293531291871927,0.976420126496674
1.0,0.0293599079027198,0.976768421207328
1.0,0.0293665864903543,0.97711157131306
1.0,0.0293731664292529,0.977449652802917
1.0,0.0293796491766949,0.977782740543716
1.0,0.0293860361683962,0.978110908296663
1.0,0.0293923288188307,0.97843422873367
1.0,0.029398528521547,0.978752773453421
1.0,0.029404636649484,0.97906661299718
1.0,0.0294106545552832,0.979375816864367
1.0,0.0294165835715947,0.979680453527907
1.0,0.0294224250113773,0.979980590449361
1.0,0.0294281801681937,0.980276294093837
1.0,0.0294338503165008,0.980567629944691
1.0,0.0294394367119317,0.980854662518024
1.0,0.0294449405915769,0.981137455376956
1.0,0.0294503631742566,0.981416071145709
1.0,0.0294557056607905,0.981690571523475
1.0,0.0294609692342642,0.981961017298081
1.0,0.0294661550602899,0.982227468359455
1.0,0.0294712642872634,0.982489983712895
1.0,0.0294762980466186,0.982748621492136
1.0,0.0294812574530774,0.983003438972225
1.0,0.0294861436048965,0.98325449258221
1.0,0.0294909575841111,0.983501837917633
1.0,0.0294957004567713,0.983745529752848
1.0,0.0295003732731836,0.983985622053143
1.0,0.0295049770681373,0.984222167986696
1.0,0.0295095128611387,0.984455219936349
1.0,0.0295139816566339,0.984684829511204
1.0,0.0295183844442335,0.984911047558053
1.0,0.0295227221989296,0.985133924172641
1.0,0.0295269958813131,0.985353508710753
1.0,0.0295312064377868,0.98556984979915
1.0,0.0295353548007733,0.985782995346334
1.0,0.0295394418889232,0.985992992553156
1.0,0.0295434686073173,0.986199887923273
1.0,0.0295474358476682,0.986403727273442
1.0,0.0295513444885174,0.986604555743667
1.0,0.0295551953954289,0.986802417807196
1.0,0.0295589894211816,0.986997357280371
1.0,0.0295627274059591,0.987189417332327
1.0,0.0295664101775333,0.987378640494556
1.0,0.0295700385514506,0.987565068670323
1.0,0.0295736133312099,0.987748743143948
1.0,0.0295771353084433,0.987929704589944
1.0,0.0295806052630876,0.988107993082028
1.0,0.0295840239635619,0.988283648101995
1.0,0.0295873921669323,0.988456708548459
1.0,0.0295907106190851,0.988627212745471
1.0,0.0295939800548874,0.988795198451
1.0,0.0295972011983519,0.9889607028653
1.0,0.029600374762798,0.989123762639146
1.0,0.0296035014510077,0.989284413881948
1.0,0.029606581955383,0.989442692169751
1.0,0.0296096169580982,0.989598632553112
1.0,0.029612607131251,0.98975226956486
1.0,0.0296155531370124,0.989903637227746
1.0,0.0296184556277721,0.990052769061976
1.0,0.0296213152462839,0.990199698092634
1.0,0.0296241326258067,0.990344456856995
1.0,0.0296269083902463,0.990487077411732
1.0,0.0296296431542931,0.990627591340012
1.0,0.029632337523557,0.990766029758494
1.0,0.0296349920947041,0.990902423324217
1.0,0.0296376074555851,0.991036802241388
1.0,0.02964018418537,0.991169196268075
1.0,0.0296427228546725,0.99129963472279
1.0,0.0296452240256777,0.991428146490991
1.0,0.0296476882522674,0.991554760031469
1.0,0.0296501160801423,0.991679503382657
1.0,0.0296525080469419,0.991802404168835
1.0,0.0296548646823649,0.991923489606251
1.0,0.0296571865082855,0.992042786509142
1.0,0.0296594740388694,0.992160321295681
1.0,0.0296617277806885,0.992276119993818
1.0,0.0296639482328307,0.992390208247051
1.0,0.0296661358870136,0.992502611320101
1.0,0.0296682912276898,0.992613354104506
1.0,0.029670414732158,0.992722461124138
1.0,0.0296725068706656,0.992829956540627
1.0,0.0296745681065143,0.99293586415872
1.0,0.0296765988961627,0.993040207431542
1.0,0.029678599689327,0.9931430094658
1.0,0.0296805709290806,0.993244293026894
1.0,0.0296825130519529,0.993344080543958
1.0,0.0296844264880245,0.99344239411483
1.0,0.0296863116610238,0.993539255510946
1.0,0.0296881689884201,0.993634686182157
1.0,0.0296899988815167,0.993728707261482
1.0,0.0296918017455416,0.993821339569787
1.0,0.0296935779797376,0.993912603620399
1.0,0.0296953279774488,0.994002519623642
1.0,0.0296970521262108,0.994091107491318
1.0,0.0296987508078341,0.994178386841116
1.0,0.0297004243984909,0.994264377000954
1.0,0.0297020732687954,0.994349097013258
1.0,0.029703697783888,0.994432565639186
1.0,0.0297052983035155,0.994514801362774
1.0,0.0297068751821126,0.994595822395034
1.0,0.029708428768876,0.994675646677988
1.0,0.0297099594078465,0.994754291888636
1.0,0.0297114674379824,0.994831775442875
1.0,0.0297129531932347,0.994908114499355
1.0,0.0297144170026233,0.994983325963279
1.0,0.0297158591903066,0.995057426490142
1.0,0.0297172800756555,0.995130432489428
1.0,0.029718679973324,0.995202360128236
1.0,0.0297200591933175,0.995273225334864
1.0,0.029721418041063,0.995343043802336
1.0,0.0297227568174756,0.995411830991877
1.0,0.029724075819026,0.995479602136335
1.0,0.0297253753378055,0.995546372243557
1.0,0.0297266556615916,0.995612156099712
1.0,0.0297279170739104,0.995676968272563
1.0,0.0297291598541005,0.995740823114696
1.0,0.029730384277374,0.995803734766698
1.0,0.0297315906148778,0.995865717160287
1.0,0.0297327791337545,0.995926784021395
1.0,0.0297339500972,0.995986948873214
1.0,0.029735103764523,0.996046225039186
1.0,0.0297362403912023,0.996104625645953
1.0,0.0297373602289424,0.996162163626267
1.0,0.0297384635257301,0.996218851721852
1.0,0.0297395505258891,0.996274702486224
1.0,0.0297406214701343,0.996329728287477
1.0,0.0297416765956258,0.996383941311014
1.0,0.0297427161360193,0.996437353562251
1.0,0.0297437403215208,0.996489976869273
1.0,0.0297447493789342,0.996541822885456
1.0,0.0297457435317148,0.996592903092042
1.0,0.0297467230000157,0.99664322880069
1.0,0.0297476880007401,0.996692811155973
1.0,0.0297486387475863,0.996741661137851
1.0,0.0297495754510952,0.996789789564099
1.0,0.0297504983186998,0.996837207092705
1.0,0.029751407554768,0.996883924224229
1.0,0.0297523033606488,0.996929951304131
1.0,0.0297531859347178,0.996975298525058
1.0,0.0297540554724196,0.997019975929102
1.0,0.0297549121663128,0.997063993410028
1.0,0.029755756206111,0.997107360715457
1.0,0.0297565877787265,0.997150087449035
1.0,0.0297574070683091,0.997192183072549
1.0,0.0297582142562909,0.99723365690803
1.0,0.0297590095214217,0.997274518139814
1.0,0.029759793039813,0.997314775816577
1.0,0.0297605649849733,0.997354438853339
1.0,0.0297613255278497,0.997393516033435
1.0,0.0297620748368632,0.997432016010466
1.0,0.0297628130779473,0.997469947310209
1.0,0.0297635404145853,0.997507318332511
1.0,0.0297642570078447,0.997544137353143
1.0,0.0297649630164145,0.997580412525639
1.0,0.0297656585966395,0.997616151883095
1.0,0.0297663439025544,0.997651363339956
1.0,0.0297670190859209,0.997686054693758
1.0,0.0297676842962569,0.997720233626866
1.0,0.0297683396808723,0.997753907708167
1.0,0.0297689853849015,0.997787084394751
1.0,0.029769621551335,0.997819771033559
1.0,0.0297702483210514,0.997851974863011
1.0,0.0297708658328475,0.997883703014611
1.0,0.0297714742234714,0.997914962514525
1.0,0.0297720736276501,0.997945760285135
1.0,0.0297726641781209,0.997976103146573
1.0,0.0297732460056608,0.998005997818234
1.0,0.0297738192391155,0.99803545092026
1.0,0.0297743840054256,0.998064468975009
1.0,0.0297749404296592,0.998093058408499
1.0,0.029775488635035,0.998121225551828
1.0,0.0297760287429529,0.99814897664258
1.0,0.0297765608730192,0.998176317826205
1.0,0.0297770851430736,0.998203255157377
1.0,0.0297776016692146,0.99822979460134
1.0,0.029778110565827,0.998255942035225
1.0,0.0297786119456054,0.998281703249353
1.0,0.0297791059195793,0.998307083948517
1.0,0.0297795925971389,0.998332089753245
1.0,0.029780072086059,0.998356726201048
1.0,0.0297805444925212,0.998380998747637
1.0,0.0297810099211393,0.998404912768145
1.0,0.0297814684749824,0.998428473558303
1.0,0.0297819202555969,0.998451686335625
1.0,0.0297823653630287,0.998474556240554
1.0,0.0297828038958468,0.998497088337606
1.0,0.0297832359511629,0.998519287616491
1.0,0.0297836616246563,0.998541158993214
1.0,0.0297840810105914,0.998562707311167
1.0,0.0297844942018408,0.998583937342204
1.0,0.0297849012899052,0.998604853787691
1.0,0.0297853023649342,0.998625461279552
1.0,0.0297856975157449,0.998645764381295
0.0,-0.140313913170157,1.0986657690791362
0.0,-0.133336727627557,1.0173931518136237
0.0,-0.113178258686806,0.8721027010811196
0.0,-0.0872027920361396,0.69579323750123
0.0,-0.0606603359278894,0.5183195409151786
0.0,-0.036874766335897,0.3600830417656147
0.0,-0.0175859232007087,0.2289885207719871
0.0,-0.0033472075206646,0.1303762331239677
0.0,0.0060889017963135,0.0644164288549072
0.0,0.0114379314844698,0.02816372865153201
0.0,0.0136220861732305,0.013585386615925541
0.0,0.0135839156931663,0.01437786092711366
0.0,0.0121683167759576,0.02403371974496398
0.0,0.0100607412729817,0.038256322852924074
0.0,0.0077675095900989,0.05345023848685607
0.0,0.0056245533649199,0.06671578316820806
0.0,0.003822775387855,0.0780985284818359
0.0,0.0024407533305335,0.08586887160730515
0.0,0.0014781739767421,0.09091222705957432
0.0,0.0008858089852241,0.09329902131400657
0.0,0.0005898375951519,0.09366389997087421
0.0,0.000509815945609,0.09294556968757067
0.0,0.0005706017943152,0.09072990273356502
0.0,0.0007091334407471,0.08856038884081036
0.0,0.0008772226030673,0.08593892440131799
0.0,0.0010415472237359,0.08349021526744983
0.0,0.0011819076946422,0.08106113375782506
0.0,0.001288609565893,0.07894155506603096
0.0,0.0013596104624148,0.07712506099459109
0.0,0.0013978544983813,0.07557165825261405
0.0,0.0014090349006942,0.07426111601466505
0.0,0.0013998841013159,0.07320546856840383
0.0,0.0013769911755628,0.07238013517708884
0.0,0.0013460848516656,0.07128201465069044
0.0,0.0013116892899778,0.07043581488789902
0.0,0.0012770514358444,0.06957682241031718
0.0,0.0012442453812444,0.06868539542965406
0.0,0.0012143743487671,0.06769239387586902
0.0,0.0011878096176452,0.06666712196498355
0.0,0.0011644244180675,0.06560578349581034
0.0,0.0011437973380773,0.06456494609361463
0.0,0.001125373014969,0.06357488422999003
0.0,0.0011085775213816,0.06264652033189949
0.0,0.0010928921397709,0.0617257385994326
0.0,0.001077892685641,0.060748208694608084
0.0,0.0010632628532188,0.05987394719610037
0.0,0.0010487898807548,0.058900129203475086
0.0,0.0010343497523532,0.0579751963725286
0.0,0.0010198876385717,0.0570901172989354
0.0,0.0010053976710385,0.0561937052867638
0.0,0.0009909046700788,0.05533787296835895
0.0,0.0009764492219169,0.054567596387277914
0.0,0.000962076580116,0.05379751111690371
0.0,0.0009478292383592,0.052927387167977305
0.0,0.0009337426501553,0.05215761879069144
0.0,0.0009198434018971,0.05137213588412866
0.0,0.0009061491218723,0.050548870486083614
0.0,0.0008926694769931,0.049767712762839644
0.0,0.0008794077277508,0.0489892776838258
0.0,0.0008663624475473,0.048221745793429936
0.0,0.0008535291427889,0.04751717492380558
0.0,0.0008409016217828,0.046825561476823485
0.0,0.0008284730475391,0.04613791661316473
0.0,0.0008162366711939,0.04551036400717881
0.0,0.00080418628138,0.04488128642960618
0.0,0.0007923164247048,0.04420539650553458
0.0,0.0007806224583373,0.043667952746028076
0.0,0.0007691004922025,0.04321417055308372
0.0,0.0007577472693763,0.04253936491281327
0.0,0.0007465600220641,0.041889991827539545
0.0,0.0007355363292151,0.04125022085319983
0.0,0.0007246739917502,0.04061991047457071
0.0,0.0007139709332543,0.03999133911572813
0.0,0.0007034251280284,0.0393597432225605
0.0,0.0006930345544763,0.03874614399112188
0.0,0.0006827971696062,0.038154351580707714
0.0,0.0006727108995595,0.03757314466208224
0.0,0.0006627736411364,0.03699744306047863
0.0,0.0006529832699094,0.036426337693109004
0.0,0.0006433376514206,0.0358240589737077
0.0,0.0006338346529276,0.03520677900250281
0.0,0.000624472154064,0.0346493570428944
0.0,0.0006152480555227,0.034175798211954385
0.0,0.0006061602854479,0.033647776431747475
0.0,0.0005972068036053,0.033127554255007456
0.0,0.0005883856036338,0.03261464857462562
0.0,0.0005796947137959,0.032110410597348704
0.0,0.0005711321966586,0.03162112433164595
0.0,0.0005626961480997,0.03113647066648834
0.0,0.0005543846959643,0.03065421671714754
0.0,0.0005461959986158,0.030178165503778408
0.0,0.0005381282435425,0.029709146089139157
0.0,0.0005301796461185,0.0292470550221566
0.0,0.0005223484485594,0.02878636257367863
0.0,0.0005146329190769,0.028316871747061288
0.0,0.0005070313512127,0.027844903520357473
0.0,0.0004995420633188,0.02748819079820338
0.0,0.0004921633981463,0.027267729077984967
0.0,0.0004848937225097,0.021129765603062116
0.0,0.0004777314269942,0.0245461464081567
0.0,0.0004706749256863,0.0241835790440478
0.0,0.0004637226559076,0.0238263671008103
0.0,0.0004568730779452,0.0234744314751789
0.0,0.0004501246747712,0.0231276942326368
0.0,0.0004434759517507,0.0227860785898924
0.0,0.00043692543634,0.022449508897705
0.0,0.0004304716777766,0.0221179106240415
0.0,0.0004241132467633,0.0217912103375393
0.0,0.0004178487351514,0.0214693356912537
0.0,0.0004116767556235,0.0211522154066705
0.0,0.0004055959413796,0.0208397792579651
0.0,0.0003996049458269,0.0205319580564972
0.0,0.0003937024422751,0.0202286836355312
0.0,0.0003878871236363,0.0199298888351743
0.0,0.0003821577021321,0.0196355074875297
0.0,0.0003765129090053,0.0193454744020612
0.0,0.0003709514942367,0.0190597253511662
0.0,0.0003654722262685,0.0187781970559572
0.0,0.0003600738917306,0.018500827172249
0.0,0.0003547552951726,0.0182275542767507
0.0,0.0003495152587995,0.0179583178534593
0.0,0.0003443526222118,0.0176930582802554
0.0,0.0003392662421487,0.0174317168156959
0.0,0.0003342549922356,0.0171742355860026
0.0,0.0003293177627351,0.0169205575722439
0.0,0.0003244534603017,0.0166706265977061
0.0,0.0003196610077396,0.0164243873154521
0.0,0.0003149393437641,0.0161817851960647
0.0,0.0003102874227672,0.0159427665155706
0.0,0.0003057042145854,0.0157072783435434
0.0,0.0003011887042719,0.015475268531383
0.0,0.0002967398918719,0.015246685700767
0.0,0.0002923567922004,0.0150214792322738
0.0,0.000288038434625,0.014799599254173
0.0,0.0002837838628501,0.0145809966313819
0.0,0.0002795921347054,0.0143656229545845
0.0,0.0002754623219376,0.0141534305295113
0.0,0.0002713935100039,0.0139443723663779
0.0,0.0002673847978706,0.013738402169479
0.0,0.0002634352978126,0.013535474326936
0.0,0.0002595441352174,0.0133355439005968
0.0,0.0002557104483914,0.0131385666160837
0.0,0.0002519333883687,0.0129444988529894
0.0,0.0002482121187235,0.0127532976352169
0.0,0.0002445458153845,0.0125649206214627
0.0,0.0002409336664528,0.01237932609584
0.0,0.0002373748720219,0.0121964729586413
0.0,0.0002338686440007,0.0120163207172364
0.0,0.0002304142059387,0.0118388294771057
0.0,0.0002270107928543,0.0116639599330052
0.0,0.0002236576510653,0.0114916733602629
0.0,0.0002203540380222,0.011321931606203
0.0,0.0002170992221433,0.011154697081697
0.0,0.0002138924826532,0.0109899327528394
0.0,0.0002107331094229,0.0108276021327474
0.0,0.0002076204028126,0.01066766927348
0.0,0.0002045536735168,0.0105100987580778
0.0,0.0002015322424115,0.01035485569272
0.0,0.0001985554404042,0.0102019056989971
0.0,0.0001956226082852,0.0100512149062977
0.0,0.0001927330965819,0.0099027499443082
0.0,0.0001898862654152,0.0097564779356228
0.0,0.0001870814843574,0.0096123664884627
0.0,0.0001843181322927,0.0094703836895033
0.0,0.0001815955972798,0.0093304980968067
0.0,0.0001789132764162,0.0091926787328592
0.0,0.0001762705757049,0.0090568950777112
0.0,0.0001736669099226,0.0089231170622185
0.0,0.0001711017024904,0.0087913150613838
0.0,0.0001685743853458,0.0086614598877959
0.0,0.0001660843988172,0.0085335227851667
0.0,0.0001636311914997,0.0084074754219627
0.0,0.0001612142201333,0.008283289885131
0.0,0.0001588329494822,0.0081609386739183
0.0,0.0001564868522166,0.0080403946937809
0.0,0.0001541754087958,0.0079216312503841
0.0,0.0001518981073532,0.0078046220436915
0.0,0.0001496544435827,0.0076893411621403
0.0,0.0001474439206275,0.0075757630769034
0.0,0.0001452660489696,0.0074638626362364
0.0,0.0001431203463218,0.0073536150599072
0.0,0.0001410063375204,0.0072449959337088
0.0,0.0001389235544205,0.0071379812040528
0.0,0.000136871535792,0.0070325471726425
0.0,0.0001348498272177,0.0069286704912255
0.0,0.0001328579809922,0.0068263281564225
0.0,0.0001308955560235,0.0067254975046337
0.0,0.0001289621177346,0.00662615620702
0.0,0.0001270572379677,0.0065282822645581
0.0,0.0001251804948893,0.0064318540031688
0.0,0.0001233314728966,0.0063368500689176
0.0,0.0001215097625256,0.0062432494232857
0.0,0.0001197149603606,0.0061510313385108
0.0,0.0001179466689445,0.0060601753929976
0.0,0.0001162044966912,0.0059706614667948
0.0,0.0001144880577985,0.0058824697371399
0.0,0.0001127969721628,0.0057955806740693
0.0,0.0001111308652951,0.0057099750360938
0.0,0.0001094893682377,0.005625633865937
0.0,0.0001078721174829,0.0055425384863377
0.0,0.0001062787548923,0.0054606704959136
0.0,0.0001047089276174,0.0053800117650864
0.0,0.0001031622880218,0.0053005444320672
0.0,0.0001016384936036,0.0052222508989006
0.0,0.0001001372069203,0.0051451138275682
0.0,9.86580955136748e-05,0.0050691161361485
0.0,9.72008318359113e-05,0.0049942409950348
0.0,9.57650931775952e-05,0.0049204718232077
0.0,9.43505615959919e-05,0.0048477922845635
0.0,9.29569238445754e-05,0.0047761862842968
0.0,9.15838713037645e-05,0.0047056379653361
0.0,9.02310999125744e-05,0.004636131704832
0.0,8.88983101012264e-05,0.004567652110698
0.0,8.75852067248536e-05,0.004500184018202
0.0,8.62914989981298e-05,0.0044337124866074
0.0,8.5016900430869e-05,0.0043682227958652
0.0,8.37611287646048e-05,0.004303700443354
0.0,8.25239059100355e-05,0.0042401311406684
0.0,8.13049578855113e-05,0.0041775008104547
0.0,8.0104014756284e-05,0.0041157955832939
0.0,7.89208105748049e-05,0.0040550017946299
0.0,7.77550833217996e-05,0.0039951059817437
0.0,7.66065748481967e-05,0.003936094880772
0.0,7.54750308180549e-05,0.0038779554237701
0.0,7.43602006521502e-05,0.0038206747358181
0.0,7.32618374725477e-05,0.0037642401321691
0.0,7.21796980478959e-05,0.0037086391154411
0.0,7.11135427396078e-05,0.0036538593728488
0.0,7.00631354487238e-05,0.0035998887734773
0.0,6.90282435636957e-05,0.0035467153655955
0.0,6.80086379088174e-05,0.0034943273740094
0.0,6.7004092693515e-05,0.0034427131974549
0.0,6.60143854623388e-05,0.0033918614060281
0.0,6.50392970456826e-05,0.0033417607386546
0.0,6.40786115112743e-05,0.0032924001005957
0.0,6.31321161163323e-05,0.0032437685609912
0.0,6.21996012604778e-05,0.003195855350439
0.0,6.12808604392931e-05,0.0031486498586104
0.0,6.03756901986219e-05,0.0031021416319001
0.0,5.94838900894734e-05,0.0030563203711112
0.0,5.86052626237038e-05,0.0030111759291751
0.0,5.77396132301761e-05,0.0029666983089037
0.0,5.68867502117806e-05,0.0029228776607759
0.0,5.60464847029207e-05,0.0028797042807564
0.0,5.52186306277125e-05,0.0028371686081468
0.0,5.44030046587402e-05,0.0027952612234681
0.0,5.35994261765295e-05,0.0027539728463752
0.0,5.28077172294895e-05,0.0027132943336015
0.0,5.2027702494524e-05,0.0026732166769341
0.0,5.1259209238208e-05,0.0026337310012193
0.0,5.05020672785413e-05,0.0025948285623965
0.0,4.97561089472555e-05,0.0025565007455627
0.0,4.90211690526814e-05,0.0025187390630642
0.0,4.82970848431699e-05,0.002481535152617
0.0,4.7583695971045e-05,0.0024448807754553
0.0,4.68808444571214e-05,0.0024087678145068
0.0,4.61883746556875e-05,0.002373188272595
0.0,4.55061332200468e-05,0.002338134270669
1.0,0.170144833969069,-0.09769639599347792
1.0,0.163167369754351,-0.0013172368906775589
1.0,0.143008626257705,0.14683214771982797
1.0,0.117032889106567,0.32666934257370006
1.0,0.0904901664933666,0.5059189791493838
1.0,0.066704334332928,0.6670058843746888
1.0,0.0474152325076517,0.793703213270273
1.0,0.0331762619585916,0.8813928512692775
1.0,0.0237399015372287,0.9379671908239112
1.0,0.0183906244537123,0.970365197006475
1.0,0.0162062260238307,0.9847987595707121
1.0,0.0162441563630368,0.9858886650537302
1.0,0.0176595186864712,0.9786896703262293
1.0,0.0197668610903636,0.9675022680061376
1.0,0.022059863117234,0.9551812324387865
1.0,0.0242025930786141,0.9437982167644399
1.0,0.0260041481339882,0.9342779871576483
1.0,0.0273859505623615,0.9272288431640975
1.0,0.0283483135313103,0.9226789430614821
1.0,0.028940465334173,0.9204322257566863
1.0,0.0292362266845673,0.9198354195662122
1.0,0.0293160413968964,0.9205081205088734
1.0,0.0292550516676141,0.9220072017986811
1.0,0.0291163191520952,0.9239200721952959
1.0,0.0289480320876946,0.9259469768877491
1.0,0.0287835124881268,0.9279484596624052
1.0,0.0286429599183252,0.9298387060952278
1.0,0.0285360687856424,0.9315285595436494
1.0,0.0284648814232403,0.932943013545793
1.0,0.0284264536756527,0.9341710559187263
1.0,0.028415092275295,0.935224869934687
1.0,0.0284240647501228,0.9361363632366093
1.0,0.0284467819853305,0.9369652263246084
1.0,0.0284775152137804,0.9377342962927027
1.0,0.0285117402367872,0.9384685095999628
1.0,0.0285462100712408,0.939191274200757
1.0,0.0285788505879536,0.939914011748389
1.0,0.028608558527679,0.9406194703652785
1.0,0.0286349625750666,0.9413444261611512
1.0,0.0286581894643454,0.9420719755631758
1.0,0.0286786605724136,0.9428075586972963
1.0,0.0286969312274379,0.9435454904241636
1.0,0.0287135753227488,0.9442628733689149
1.0,0.0287291115423638,0.9449730082596358
1.0,0.0287439640377471,0.9456679596245823
1.0,0.028758449082128,0.9463211937567217
1.0,0.0287727794051931,0.9470030019336677
1.0,0.0287870789912477,0.947686502541388
1.0,0.0288014026386119,0.9483578848735713
1.0,0.0288157561849944,0.9489901977164563
1.0,0.0288301147798591,0.9496308752227153
1.0,0.0288444378072181,0.9502738896249535
1.0,0.0288586799841835,0.9509049603275088
1.0,0.0288727987881812,0.95152398706993
1.0,0.0288867587372372,0.9521272971959318
1.0,0.0289005332169154,0.9527255652131646
1.0,0.0289141045712977,0.9533109605506312
1.0,0.0289274631062508,0.9538856086532208
1.0,0.0289406055344628,0.9544533598703325
1.0,0.0289535332561088,0.9550181181893865
1.0,0.0289662507387491,0.955573677176265
1.0,0.0289787641484278,0.9561250853347284
1.0,0.0289910802968651,0.9566664519201311
1.0,0.0290032059080287,0.9571993426975983
1.0,0.0290151471687565,0.9577232567486631
1.0,0.0290269095082747,0.9582435746640399
1.0,0.0290384975456046,0.9587585954993252
1.0,0.0290499151473635,0.9592628416528829
1.0,0.029061165547364,0.9597575061652419
1.0,0.0290722514906308,0.9602434699523719
1.0,0.0290831753757816,0.9607230357766036
1.0,0.0290939393797918,0.961194652270075
1.0,0.0291045455573018,0.9616562980228914
1.0,0.0291149959125556,0.9621241847009053
1.0,0.029125292446013,0.9625737299250592
1.0,0.0291354371798405,0.9630150829914442
1.0,0.0291454321673787,0.9634536767037861
1.0,0.0291552794916132,0.9638816231611853
1.0,0.029164981257056,0.9643078905543642
1.0,0.0291745395785432,0.9647300494988473
1.0,0.0291839565694849,0.9651432238439559
1.0,0.029193234331202,0.9655513572073291
1.0,0.0292023749442358,0.9659569394021595
1.0,0.0292113804619554,0.9663554197304801
1.0,0.0292202529063794,0.9667457372651589
1.0,0.0292289942659238,0.9671296750160504
1.0,0.0292376064946451,0.9675086326933464
1.0,0.0292460915125576,0.9678832404636725
1.0,0.0292544512066208,0.9682492087616761
1.0,0.0292626874320809,0.9686102667043468
1.0,0.0292708020139161,0.9689668600404945
1.0,0.0292787967482249,0.9693181330198614
1.0,0.0292866734034629,0.969664234363141
1.0,0.0292944337214833,0.9700130807755832
1.0,0.0293020794183776,0.9703521150726977
1.0,0.0293096121851406,0.9706857446671693
1.0,0.0293170336881834,0.9710058589414052
1.0,0.0293243455697447,0.971321334031162
1.0,0.0293315494482207,0.9777569605416427
1.0,0.0293386469184551,0.975676018653849
1.0,0.0293456395520064,0.97603530445172
1.0,0.0293525288974092,0.976389283300234
1.0,0.0293593164804424,0.97673803358669
1.0,0.029366003804405,0.977081632540217
1.0,0.0293725923504056,0.977420156249134
1.0,0.0293790835776617,0.977753679677977
1.0,0.0293854789238068,0.978082276684187
1.0,0.029391779805203,0.9784060200345
1.0,0.0293979876172543,0.978724981421049
1.0,0.0294041037347224,0.979039231477211
1.0,0.0294101295120364,0.979348839793201
1.0,0.0294160662836009,0.979653874931439
1.0,0.0294219153640991,0.979954404441691
1.0,0.0294276780487879,0.98025049487599
1.0,0.0294333556137902,0.980542211803356
1.0,0.02943894931638,0.980829619824291
1.0,0.0294444603952615,0.981112782585081
1.0,0.0294498900708464,0.981391762791881
1.0,0.029455239545523,0.981666622224605
1.0,0.0294605100039211,0.981937421750608
1.0,0.0294657026131753,0.982204221338168
1.0,0.0294708185231831,0.982467080069769
1.0,0.0294758588668576,0.98272605615519
1.0,0.0294808247603786,0.9829812069444
1.0,0.0294857173034391,0.983232588940256
1.0,0.0294905375794889,0.983480257811022
1.0,0.0294952866559752,0.983724268402693
1.0,0.0294999655845756,0.983964674751147
1.0,0.0295045754014351,0.984201530094104
1.0,0.0295091171273936,0.984434886882923
1.0,0.0295135917682112,0.984664796794212
1.0,0.0295180003147926,0.984891310741271
1.0,0.0295223437434056,0.985114478885372
1.0,0.0295266230158977,0.985334350646858
1.0,0.0295308390799089,0.985550974716097
1.0,0.0295349928690825,0.985764399064254
1.0,0.02953908530327,0.985974670953923
1.0,0.0295431172887364,0.986181836949587
1.0,0.0295470897183605,0.986385942927934
1.0,0.0295510034718327,0.986587034088013
1.0,0.0295548594158499,0.986785154961245
1.0,0.0295586584043062,0.986980349421283
1.0,0.029562401278483,0.987172660693731
1.0,0.0295660888672364,0.987362131365712
1.0,0.0295697219871789,0.987548803395303
1.0,0.029573301442861,0.987732718120824
1.0,0.0295768280269495,0.987913916269991
1.0,0.029580302520402,0.98809243796894
1.0,0.0295837256926421,0.98826832275111
1.0,0.0295870983017272,0.988441609565994
1.0,0.0295904210945184,0.988612336787772
1.0,0.0295936948068436,0.988780542223803
1.0,0.0295969201636634,0.988946263122999
1.0,0.0296000978792299,0.989109536184076
1.0,0.0296032286572447,0.989270397563676
1.0,0.0296063131910149,0.989428882884378
1.0,0.0296093521636072,0.989585027242587
1.0,0.0296123462479991,0.989738865216301
1.0,0.0296152961072274,0.989890430872774
1.0,0.0296182023945351,0.990039757776059
1.0,0.0296210657535161,0.990186878994435
1.0,0.0296238868182586,0.99033182710774
1.0,0.0296266662134841,0.990474634214576
1.0,0.0296294045546868,0.990615331939423
1.0,0.0296321024482693,0.990753951439642
1.0,0.0296347604916773,0.990890523412369
1.0,0.0296373792735316,0.991025078101323
1.0,0.0296399593737586,0.991157645303494
1.0,0.0296425013637187,0.991288254375746
1.0,0.0296450058063331,0.991416934241317
1.0,0.0296474732562073,0.991543713396225
1.0,0.0296499042597564,0.991668619915577
1.0,0.0296522993553225,0.991791681459787
1.0,0.0296546590732976,0.991912925280701
1.0,0.0296569839362384,0.992032378227633
1.0,0.0296592744589836,0.99215006675331
1.0,0.0296615311487665,0.992266016919728
1.0,0.0296637545053293,0.992380254403927
1.0,0.029665945021031,0.992492804503675
1.0,0.0296681031809594,0.99260369214307
1.0,0.0296702294630371,0.99271294187806
1.0,0.0296723243381267,0.992820577901881
1.0,0.0296743882701358,0.992926624050415
1.0,0.0296764217161201,0.993031103807468
1.0,0.0296784251263837,0.993134040309968
1.0,0.02968039894458,0.993235456353093
1.0,0.0296823436078091,0.993335374395318
1.0,0.0296842595467142,0.993433816563384
1.0,0.029686147185578,0.993530804657203
1.0,0.0296880069424161,0.993626360154685
1.0,0.0296898392290699,0.993720504216492
1.0,0.0296916444512969,0.993813257690724
1.0,0.0296934230088617,0.993904641117538
1.0,0.0296951752956238,0.993994674733697
1.0,0.0296969016996258,0.994083378477046
1.0,0.0296986026031776,0.994170771990935
1.0,0.0297002783829428,0.994256874628562
1.0,0.02970192941002,0.994341705457265
1.0,0.0297035560500287,0.994425283262739
1.0,0.029705158663186,0.994507626553199
1.0,0.0297067376043887,0.994588753563477
1.0,0.0297082932232919,0.994668682259063
1.0,0.0297098258643853,0.99474743034008
1.0,0.0297113358670713,0.994825015245206
1.0,0.0297128235657378,0.994901454155535
1.0,0.0297142892898343,0.99497676399838
1.0,0.0297157333639437,0.995050961451026
1.0,0.0297171561078549,0.995124062944419
1.0,0.0297185578366324,0.995196084666804
1.0,0.0297199388606884,0.995267042567316
1.0,0.0297212994858487,0.995336952359505
1.0,0.0297226400134223,0.995405829524818
1.0,0.0297239607402677,0.99547368931603
1.0,0.0297252619588582,0.995540546760619
1.0,0.0297265439573473,0.995606416664093
1.0,0.0297278070196327,0.995671313613272
1.0,0.0297290514254174,0.995735251979516
1.0,0.0297302774502743,0.995798245921906
1.0,0.0297314853657051,0.995860309390383
1.0,0.0297326754392013,0.995921456128835
1.0,0.0297338479343032,0.995981699678143
1.0,0.0297350031106589,0.996041053379174
1.0,0.0297361412240811,0.996099530375742
1.0,0.0297372625266035,0.996157143617515
1.0,0.0297383672665374,0.996213905862882
1.0,0.0297394556885264,0.996269829681784
1.0,0.0297405280335998,0.996324927458487
1.0,0.0297415845392279,0.996379211394337
1.0,0.0297426254393729,0.996432693510451
1.0,0.0297436509645406,0.996485385650388
1.0,0.0297446613418322,0.996537299482764
1.0,0.0297456567949952,0.996588446503842
1.0,0.029746637544471,0.996638838040075
1.0,0.0297476038074465,0.996688485250614
1.0,0.0297485557978985,0.99673739912978
1.0,0.0297494937266449,0.996785590509498
1.0,0.029750417801389,0.9968330700617
1.0,0.0297513282267661,0.996879848300678
1.0,0.0297522252043885,0.996925935585426
1.0,0.0297531089328915,0.996971342121921
1.0,0.0297539796079755,0.997016077965393
1.0,0.0297548374224508,0.997060153022545
1.0,0.0297556825662795,0.997103577053752
1.0,0.0297565152266175,0.997146359675219
1.0,0.0297573355878564,0.997188510361111
1.0,0.0297581438316648,0.997230038445652
1.0,0.0297589401370275,0.997270953125192
1.0,0.029759724680285,0.997311263460242
1.0,0.0297604976351735,0.997350978377483
1.0,0.0297612591728633,0.99739010667174
1.0,0.0297620094619961,0.997428657007932
1.0,0.0297627486687226,0.99746663792299
1.0,0.0297634769567394,0.997504057827745
1.0,0.029764194487325,0.997540925008796
1.0,0.0297649014193757,0.99757724763034
1.0,0.0297655979094409,0.997613033735982
1.0,0.0297662841117581,0.997648291250518
1.0,0.0297669601782846,0.997683027981684
1.0,0.0297676262587365,0.997717251621895
1.0,0.0297682825006151,0.997750969749936
1.0,0.0297689290492451,0.997784189832653
1.0,0.0297695660478043,0.997816919226596
1.0,0.0297701936373544,0.997849165179654
1.0,0.0297708119568756,0.997880934832659
1.0,0.0297714211432929,0.997912235220966
1.0,0.0297720213315109,0.997943073276012
1.0,0.0297726126544402,0.997973455826852
1.0,0.0297731952430289,0.998003389601668
1.0,0.0297737692262898,0.998032881229263
1.0,0.0297743347313324,0.998061937240526
1.0,0.0297748918833858,0.99809056406988
1.0,0.0297754408058313,0.998118768056704
0.999999999999645,0.0297759816201668,0.998146555446742
0.0,-0.140323485553661,0.99817393239346
0.0,-0.133346158618841,0.940724114959468
0.0,-0.113187550374354,0.806728607808538
0.0,-0.0872119464775878,0.640741282713709
0.0,-0.0606693551504807,0.474152999828902
0.0,-0.0368836523369289,0.326514368358751
0.0,-0.0175946779479765,0.207741795634725
0.0,-0.0033558329528979,0.120613506258735
0.0,0.0060804037690225,0.0631534560562369
0.0,0.0114295589802426,0.0306667724102798
0.0,0.0136138373379848,0.0173208269635353
0.0,0.0135757887002071,0.0172593944078611
0.0,0.0121603098255716,0.0252967405001219
0.0,0.0100528525920381,0.0372698525526387
0.0,0.0077597374316579,0.0501373397556529
0.0,0.0056168960078457,0.0619095729860842
0.0,0.0038152311364343,0.0714822835507549
0.0,0.0024333205140997,0.0784297275742265
0.0,0.0014708509493062,0.0827969605406332
0.0,0.0008785941251093,0.0849158631548775
0.0,0.0005827293046353,0.0852574293138457
0.0,0.000502812650567,0.0843238364390037
0.0,0.000563701943876,0.0825778280008015
0.0,0.000702335506946,0.0804035100615169
0.0,0.0008705250805093,0.0780912266885865
0.0,0.001034948629262,0.0758391456569542
0.0,0.0011754065670005,0.0737650272232205
0.0,0.001282204465416,0.0719229344857696
0.0,0.0013532999706997,0.070321054874694
0.0,0.0013916372179766,0.0689381260038765
0.0,0.0014029094547898,0.0677370737427124
0.0,0.0013938491334385,0.0666753248589475
0.0,0.0013710453492753,0.065711849694681
0.0,0.001340226850271,0.0648113518690435
0.0,0.0013059178162283,0.0639461975410573
0.0,0.001271365211653,0.0630967163621051
0.0,0.0012386431474029,0.0622504568584961
0.0,0.0012088548646671,0.0614008801596843
0.0,0.0011823716610028,0.0605458580504377
0.0,0.0011590667846532,0.0596862253273834
0.0,0.0011385188414488,0.0588245352173755
0.0,0.0011201724862089,0.0579640864027446
0.0,0.0011034538088383,0.0571082324077002
0.0,0.001087844108804,0.0562599469832011
0.0,0.0010729192183696,0.0554215991812115
0.0,0.0010583628482736,0.0545948848507499
0.0,0.0010439622530351,0.0537808632026398
0.0,0.0010295934327861,0.0529800542860116
0.0,0.0010152015738753,0.052192562851032
0.0,0.0010007808234887,0.0514182040879731
0.0,0.00098635601728,0.0506566158149717
0.0,0.0009719677565747,0.0499073491272789
0.0,0.0009576613098145,0.0491699350720385
0.0,0.0009434791853417,0.048443928642122
0.0,0.0009294568511073,0.0477289335453342
0.0,0.000915620907733,0.0470246121429088
0.0,0.0009019889975255,0.0463306850189072
0.0,0.0008885708012084,0.0456469241621417
0.0,0.0008753695928807,0.0449731429785657
0.0,0.0008623839593513,0.044309185501725
