Setpoint,ControllerOutput,PlantOutput
0.0,0.0,0.0
0.0,0.0,0.0
0.0,0.0,0.0
0.0,0.0,0.0
0.0,0.0,0.0
0.0,0.0,0.0
0.0,0.0,0.0
0.0,0.0,0.0
0.0,0.0,0.0
0.0,0.0,0.0
0.0,0.0,0.0
0.0,0.0,0.0
0.0,0.0,0.0
0.0,0.0,0.0
0.0,0.0,0.0
0.0,0.0,0.0
0.0,0.0,0.0
0.0,0.0,0.0
0.0,0.0,0.0
0.0,0.0,0.0
0.0,0.0,0.0
0.0,0.0,0.0
0.0,0.0,0.0
0.0,0.0,0.0
0.0,0.0,0.0
0.0,0.0,0.0
0.0,0.0,0.0
0.0,0.0,0.0
0.0,0.0,0.0
0.0,0.0,0.0
0.0,0.0,0.0
0.0,0.0,0.0
0.0,0.0,0.0
0.0,0.0,0.0
0.0,0.0,0.0
0.0,0.0,0.0
0.0,0.0,0.0
0.0,0.0,0.0
0.0,0.0,0.0
0.0,0.0,0.0
0.0,0.0,0.0
0.0,0.0,0.0
0.0,0.0,0.0
0.0,0.0,0.0
0.0,0.0,0.0
0.0,0.0,0.0
0.0,0.0,0.0
0.0,0.0,0.0
0.0,0.0,0.0
0.0,0.0,0.0
0.0,0.0,0.0
0.0,0.0,0.0
0.0,0.0,0.0
0.0,0.0,0.0
0.0,0.0,0.0
0.0,0.0,0.0
0.0,0.0,0.0
0.0,0.0,0.0
0.0,0.0,0.0
0.0,0.0,0.0
0.0,0.0,0.0
0.0,0.0,0.0
0.0,0.0,0.0
0.0,0.0,0.0
0.0,0.0,0.0
0.0,0.0,0.0
0.0,0.0,0.0
0.0,0.0,0.0
0.0,0.0,0.0
0.0,0.0,0.0
0.0,0.0,0.0
0.0,0.0,0.0
0.0,0.0,0.0
0.0,0.0,0.0
0.0,0.0,0.0
0.0,0.0,0.0
0.0,0.0,0.0
0.0,0.0,0.0
0.0,0.0,0.0
0.0,0.0,0.0
0.0,0.0,0.0
0.0,0.0,0.0
0.0,0.0,0.0
0.0,0.0,0.0
0.0,0.0,0.0
0.0,0.0,0.0
0.0,0.0,0.0
0.0,0.0,0.0
0.0,0.0,0.0
0.0,0.0,0.0
0.0,0.0,0.0
0.0,0.0,0.0
0.0,0.0,0.0
0.0,0.0,0.0
0.0,0.0,0.0
0.0,0.0,0.0
0.0,0.0,0.0
0.0,0.0,0.0
0.0,0.0,0.0
0.0,0.0,0.0
0.0,0.0,0.0
0.0,0.0,0.0
0.0,0.0,0.0
0.0,0.0,0.0
0.0,0.0,0.0
0.0,0.0,0.0
0.0,0.0,0.0
0.0,0.0,0.0
0.0,0.0,0.0
0.0,0.0,0.0
0.0,0.0,0.0
0.0,0.0,0.0
0.0,0.0,0.0
0.0,0.0,0.0
0.0,0.0,0.0
0.0,0.0,0.0
0.0,0.0,0.0
0.0,0.0,0.0
0.0,0.0,0.0
0.0,0.0,0.0
0.0,0.0,0.0
0.0,0.0,0.0
0.0,0.0,0.0
0.0,0.0,0.0
0.0,0.0,0.0
0.0,0.0,0.0
0.0,0.0,0.0
0.0,0.0,0.0
0.0,0.0,0.0
0.0,0.0,0.0
0.0,0.0,0.0
0.0,0.0,0.0
0.0,0.0,0.0
0.0,0.0,0.0
0.0,0.0,0.0
0.0,0.0,0.0
0.0,0.0,0.0
0.0,0.0,0.0
0.0,0.0,0.0
0.0,0.0,0.0
0.0,0.0,0.0
0.0,0.0,0.0
0.0,0.0,0.0
0.0,0.0,0.0
0.0,0.0,0.0
0.0,0.0,0.0
0.0,0.0,0.0
0.0,0.0,0.0
0.0,0.0,0.0
0.0,0.0,0.0
0.0,0.0,0.0
0.0,0.0,0.0
0.0,0.0,0.0
0.0,0.0,0.0
0.0,0.0,0.0
0.0,0.0,0.0
0.0,0.0,0.0
0.0,0.0,0.0
0.0,0.0,0.0
0.0,0.0,0.0
0.0,0.0,0.0
0.0,0.0,0.0
0.0,0.0,0.0
0.0,0.0,0.0
0.0,0.0,0.0
0.0,0.0,0.0
0.0,0.0,0.0
0.0,0.0,0.0
0.0,0.0,0.0
0.0,0.0,0.0
0.0,0.0,0.0
0.0,0.0,0.0
0.0,0.0,0.0
0.0,0.0,0.0
0.0,0.0,0.0
0.0,0.0,0.0
0.0,0.0,0.0
0.0,0.0,0.0
0.0,0.0,0.0
0.0,0.0,0.0
0.0,0.0,0.0
0.0,0.0,0.0
0.0,0.0,0.0
0.0,0.0,0.0
0.0,0.0,0.0
0.0,0.0,0.0
0.0,0.0,0.0
0.0,0.0,0.0
0.0,0.0,0.0
0.0,0.0,0.0
0.0,0.0,0.0
0.0,0.0,0.0
0.0,0.0,0.0
0.0,0.0,0.0
0.0,0.0,0.0
0.0,0.0,0.0
0.0,0.0,0.0
0.0,0.0,0.0
0.0,0.0,0.0
0.0,0.0,0.0
0.0,0.0,0.0
0.0,0.0,0.0
0.0,0.0,0.0
0.0,0.0,0.0
0.0,0.0,0.0
0.0,0.0,0.0
0.0,0.0,0.0
0.0,0.0,0.0
0.0,0.0,0.0
0.0,0.0,0.0
0.0,0.0,0.0
0.0,0.0,0.0
0.0,0.0,0.0
0.0,0.0,0.0
0.0,0.0,0.0
0.0,0.0,0.0
0.0,0.0,0.0
0.0,0.0,0.0
0.0,0.0,0.0
0.0,0.0,0.0
0.0,0.0,0.0
0.0,0.0,0.0
0.0,0.0,0.0
0.0,0.0,0.0
0.0,0.0,0.0
0.0,0.0,0.0
0.0,0.0,0.0
0.0,0.0,0.0
0.0,0.0,0.0
0.0,0.0,0.0
0.0,0.0,0.0
0.0,0.0,0.0
0.0,0.0,0.0
0.0,0.0,0.0
0.0,0.0,0.0
0.0,0.0,0.0
0.0,0.0,0.0
0.0,0.0,0.0
0.0,0.0,0.0
0.0,0.0,0.0
0.0,0.0,0.0
0.0,0.0,0.0
0.0,0.0,0.0
0.0,0.0,0.0
0.0,0.0,0.0
0.0,0.0,0.0
0.0,0.0,0.0
0.0,0.0,0.0
0.0,0.0,0.0
0.0,0.0,0.0
0.0,0.0,0.0
0.0,0.0,0.0
0.0,0.0,0.0
0.0,0.0,0.0
0.0,0.0,0.0
0.0,0.0,0.0
0.0,0.0,0.0
0.0,0.0,0.0
0.0,0.0,0.0
1.0,0.1701,0.020971613004803658
1.0,0.163123198021,0.07745157120028973
1.0,0.142965106978289,0.18372011405749689
1.0,0.116990012643787,0.36620731176704563
1.0,0.0904479233522777,0.5217784321354725
1.0,0.0666627151588314,0.6734397336679775
1.0,0.0473742280840264,0.7921692307659709
1.0,0.0331358632050521,0.8769281571981498
1.0,0.0237000995075146,0.9314006258988838
1.0,0.0183514103337071,0.9741066942942139
1.0,0.0161675911296097,0.970413498399512
1.0,0.0162060921389443,0.9773328023888327
1.0,0.0176220167032256,0.9886328591804249
1.0,0.0197299130431912,0.9643507624133835
1.0,0.0220234608240295,0.9323292401644282
1.0,0.0241667284781294,0.9473245652870285
1.0,0.025968813284046,0.9401967828567449
1.0,0.027351137638097,0.9131722685091151
1.0,0.0283140148234391,0.9172480043612672
1.0,0.0289066732472834,0.9113567375803315
1.0,0.0292029337354378,0.905114795927516
1.0,0.0292832402128392,0.9044498782604082
1.0,0.0292227349848425,0.9258382571793009
1.0,0.0290844798141147,0.9320200568393042
1.0,0.0289166630437181,0.9196412866766253
1.0,0.0287526067915135,0.9269206917464035
1.0,0.0286125107250415,0.9269243406519525
1.0,0.0285060693527475,0.9415434050751509
1.0,0.028435325107392,0.9339694419182685
1.0,0.0283973339316368,0.9406542566617592
1.0,0.0283864026545756,0.9089662180659858
1.0,0.0283957988994141,0.9450953135907642
1.0,0.0284189336451903,0.9267430956939875
1.0,0.0284500782172241,0.9313492171257468
1.0,0.0284847085079212,0.9267445615459573
1.0,0.0285195776239175,0.9245605656479795
1.0,0.0285526115244472,0.9508273333732306
1.0,0.0285827070373765,0.9428786933689269
1.0,0.0286094929331839,0.9316554790501671
1.0,0.0286330960306571,0.9387434575436012
1.0,0.0286539377900061,0.9273226495447614
1.0,0.0286725736214777,0.9400418574779054
1.0,0.0286895774992701,0.9506336440483466
1.0,0.0287054681870749,0.9453669147770671
1.0,0.0287206699148521,0.9403519074056457
1.0,0.0287354990331687,0.9394948279087579
1.0,0.0287501683479054,0.9610890186190091
1.0,0.0287648019184379,0.957168604300556
1.0,0.0287794546170461,0.944610008694047
1.0,0.0287941323543068,0.9564681865207705
1.0,0.0288088103514756,0.9527757743407452
1.0,0.0288234480632963,0.9599325171555214
1.0,0.0288380002765669,0.9436046309081744
1.0,0.0288524245373709,0.9563314221288326
1.0,0.0288666854313777,0.9350934675131277
1.0,0.0288807564107945,0.9722480509395794
1.0,0.0288946198853628,0.945680734209745
1.0,0.0289082662256388,0.9486423956224903
1.0,0.0289216922080457,0.9449142221543976
1.0,0.0289348992955512,0.9492926517002264
1.0,0.0289478920175803,0.9543081432674013
1.0,0.0289606766011286,0.9452499699664196
1.0,0.0289732599179677,0.9558379376689724
1.0,0.0289856487512294,0.9678259114494844
1.0,0.0289978493460417,0.960685113091839
1.0,0.0290098671890602,0.9638734888189018
1.0,0.0290217069558873,0.9570594568056556
1.0,0.0290333725688856,0.9577387815138816
1.0,0.0290448673167889,0.9605012301083282
1.0,0.029056193998733,0.9400514861820156
1.0,0.0290673550666465,0.9574684586370255
1.0,0.0290783527500296,0.9551654069567386
1.0,0.0290891891552703,0.9766484394890114
1.0,0.0290998663375961,0.9754474256323283
1.0,0.0291103863476969,0.9706835265995272
1.0,0.0291207512572285,0.9691429348822269
1.0,0.029130963168289,0.960190758203492
1.0,0.0291410242119017,0.9643816001819909
1.0,0.0291509365399061,0.9739786315988248
1.0,0.0291607023137677,0.9799753901992228
1.0,0.0291703236928365,0.9787433024235603
1.0,0.0291798028236949,0.9646353466226713
1.0,0.0291891418314774,0.9690646098374216
1.0,0.0291983428134863,0.989136007996933
1.0,0.0292074078350271,0.9621336665598407
1.0,0.0292163389271605,0.9736963559825811
1.0,0.0292251380859603,0.9701646114461564
1.0,0.0292338072728353,0.9662742455466383
1.0,0.0292423484155291,0.9691651801609165
1.0,0.0292507634094705,0.9759747319785216
1.0,0.0292590541192244,0.9779011395000289
1.0,0.0292672223798933,0.970480086121667
1.0,0.0292752699983603,0.9732941358501285
1.0,0.0292831987543378,0.9578913214215687
1.0,0.0292910104012181,0.9657279095578557
1.0,0.0292987066667443,0.984362750125757
1.0,0.0293062892535358,0.9675052457480913
1.0,0.0293137598395021,0.9757976114022209
1.0,0.0293211200781849,0.9854665914698375
1.0,0.0293283715990531,0.98279350784668
1.0,0.0293355160077795,0.975515150265396
1.0,0.0293425548865098,0.975876812232043
1.0,0.0293494897941362,0.976233132150467
1.0,0.0293563222665829,0.976584188926081
1.0,0.0293630538171015,0.976930060298734
1.0,0.0293696859365782,0.977270822860092
1.0,0.0293762200938463,0.977606552070695
1.0,0.0293826577360072,0.977937322276698
1.0,0.0293890002887514,0.978263206726324
1.0,0.0293952491566771,0.978584277586054
1.0,0.0294014057236125,0.978900605956564
1.0,0.0294074713529251,0.979212261888422
1.0,0.0294134473878331,0.97951931439756
1.0,0.0294193351517074,0.979821831480526
1.0,0.0294251359483699,0.98011988012951
1.0,0.0294308510623833,0.980413526347169
1.0,0.0294364817593393,0.980702835161231
1.0,0.0294420292861386,0.980987870638888
1.0,0.0294474948712664,0.981268695900988
1.0,0.0294528797250666,0.981545373136011
1.0,0.0294581850400057,0.981817963613846
1.0,0.02946341199094,0.982086527699367
1.0,0.0294685617353723,0.982351124865796
1.0,0.0294736354137091,0.982611813707882
1.0,0.0294786341495124,0.982868651954881
1.0,0.0294835590497486,0.983121696483336
1.0,0.0294884112050324,0.983371003329678
1.0,0.02949319168987,0.983616627702631
1.0,0.0294979015628949,0.983858623995445
1.0,0.0295025418671042,0.984097045797934
1.0,0.0295071136300886,0.984331945908349
1.0,0.0295116178642598,0.984563376345065
1.0,0.0295160555670759,0.984791388358102
1.0,0.0295204277212615,0.985016032440477
1.0,0.0295247352950248,0.98523735833938
1.0,0.0295289792422733,0.985455415067193
1.0,0.0295331605028251,0.985670250912345
1.0,0.029537280002615,0.985881913450002
1.0,0.0295413386539021,0.986090449552605
1.0,0.0295453373554702,0.986295905400251
1.0,0.0295492769928276,0.986498326490916
1.0,0.0295531584384023,0.986697757650531
1.0,0.0295569825517366,0.986894243042913
1.0,0.0295607501796762,0.98708782617954
1.0,0.0295644621565583,0.987278549929189
1.0,0.0295681193043964,0.987466456527428
1.0,0.0295717224330612,0.987651587585971
1.0,0.0295752723404621,0.987833984101892
1.0,0.0295787698127226,0.988013686466702
1.0,0.0295822156243537,0.988190734475297
1.0,0.0295856105384273,0.988365167334767
1.0,0.0295889553067428,0.988537023673081
1.0,0.0295922506699957,0.988706341547639
1.0,0.0295954973579409,0.988873158453703
1.0,0.0295986960895536,0.989037511332697
1.0,0.0296018475731901,0.989199436580388
1.0,0.0296049525067421,0.989358970054948
1.0,0.0296080115777946,0.989516147084894
1.0,0.0296110254637749,0.989671002476909
1.0,0.0296139948321055,0.989823570523554
1.0,0.0296169203403491,0.989973885010857
1.0,0.029619802636357,0.990121979225799
1.0,0.0296226423584103,0.990267885963686
1.0,0.0296254401353624,0.990411637535406
1.0,0.029628196586778,0.990553265774591
1.0,0.02963091232307,0.990692802044661
1.0,0.0296335879456358,0.990830277245773
1.0,0.029636224046989,0.990965721821663
1.0,0.0296388212108909,0.991099165766385
1.0,0.0296413800124813,0.991230638630958
1.0,0.0296439010184038,0.991360169529905
1.0,0.0296463847869319,0.991487787147706
1.0,0.0296488318680945,0.991613519745142
1.0,0.0296512428037945,0.991737395165564
1.0,0.0296536181279308,0.991859440841048
1.0,0.0296559583665168,0.991979683798479
1.0,0.0296582640377958,0.99209815066553
1.0,0.0296605356523563,0.99221486767656
1.0,0.0296627737132444,0.992329860678427
1.0,0.0296649787160765,0.992443155136206
1.0,0.029667151149148,0.992554776138834
1.0,0.0296692914935421,0.99266474840466
1.0,0.0296714002232359,0.992773096286925
1.0,0.0296734778052052,0.992879843779149
1.0,0.0296755246995279,0.992985014520452
1.0,0.0296775413594872,0.993088631800779
1.0,0.0296795282316695,0.993190718566066
1.0,0.0296814857560659,0.993291297423318
1.0,0.0296834143661684,0.993390390645613
1.0,0.029685314489065,0.993488020177039
1.0,0.0296871865455361,0.993584207637551
1.0,0.0296890309501472,0.993678974327757
1.0,0.0296908481113387,0.99377234123364
1.0,0.0296926384315195,0.9938643290312
1.0,0.0296944023071539,0.993954958091036
1.0,0.0296961401288509,0.994044248482855
1.0,0.0296978522814486,0.994132219979918
1.0,0.0296995391441013,0.994218892063419
1.0,0.0297012010903628,0.994304283926797
1.0,0.02970283848827,0.994388414479989
1.0,0.0297044517004226,0.994471302353614
1.0,0.0297060410840644,0.994552965903103
1.0,0.0297076069911628,0.994633423212761
1.0,0.0297091497684863,0.994712692099772
1.0,0.0297106697576814,0.994790790118146
1.0,0.0297121672953482,0.994867734562605
1.0,0.0297136427131148,0.994943542472413
1.0,0.0297150963377102,0.995018230635151
1.0,0.0297165284910386,0.995091815590431
1.0,0.0297179394902487,0.995164313633563
1.0,0.0297193296478047,0.995235740819159
1.0,0.0297206992715555,0.995306112964695
1.0,0.0297220486648029,0.995375445654004
1.0,0.0297233781263684,0.995443754240736
1.0,0.0297246879506601,0.995511053851755
1.0,0.0297259784277371,0.995577359390487
1.0,0.0297272498433736,0.995642685540221
1.0,0.0297285024791241,0.995707046767364
1.0,0.0297297366123828,0.99577045732464
1.0,0.0297309525164473,0.995832931254248
1.0,0.0297321504605785,0.995894482390973
1.0,0.02973333071006,0.995955124365247
1.0,0.0297344935262562,0.996014870606171
1.0,0.0297356391666717,0.996073734344484
1.0,0.0297367678850078,0.996131728615499
1.0,0.0297378799312171,0.996188866261984
1.0,0.0297389755515614,0.996245159937011
1.0,0.0297400549886651,0.996300622106751
1.0,0.0297411184815679,0.996355265053243
1.0,0.0297421662657791,0.996409100877109
1.0,0.0297431985733299,0.996462141500233
1.0,0.0297442156328234,0.996514398668405
1.0,0.0297452176694859,0.996565883953918
1.0,0.029746204905218,0.996616608758134
1.0,0.0297471775586415,0.996666584314005
1.0,0.0297481358451497,0.996715821688565
1.0,0.029749079976954,0.996764331785376
1.0,0.0297500101631314,0.996812125346949
1.0,0.0297509266096709,0.996859212957114
1.0,0.0297518295195185,0.996905605043372
1.0,0.0297527190926221,0.996951311879202
1.0,0.0297535955259773,0.996996343586333
1.0,0.0297544590136694,0.997040710136988
1.0,0.0297553097469163,0.997084421356091
1.0,0.0297561479141122,0.997127486923446
1.0,0.0297569737008685,0.997169916375875
1.0,0.0297577872900543,0.997211719109335
1.0,0.0297585888618386,0.997252904380997
1.0,0.0297593785937282,0.997293481311294
1.0,0.0297601566606085,0.997333458885945
1.0,0.0297609232347817,0.997372845957939
1.0,0.0297616784860046,0.997411651249501
1.0,0.0297624225815269,0.997449883354023
1.0,0.029763155686128,0.99748755073796
1.0,0.0297638779621527,0.997524661742716
1.0,0.0297645895695486,0.997561224586482
1.0,0.0297652906659001,0.99759724736606
1.0,0.0297659814064646,0.997632738058658
1.0,0.029766661944205,0.997667704523649
1.0,0.0297673324298267,0.997702154504321
1.0,0.0297679930118075,0.997736095629583
1.0,0.0297686438364326,0.997769535415662
1.0,0.0297692850478262,0.997802481267763
1.0,0.0297699167879846,0.997834940481708
1.0,0.0297705391968051,0.997866920245556
1.0,0.02977115241212,0.997898427641191
1.0,0.0297717565697253,0.997929469645892
1.0,0.0297723518034103,0.997960053133876
1.0,0.0297729382449896,0.997990184877826
1.0,0.0297735160243302,0.998019871550382
1.0,0.02977408526938,0.998049119725627
1.0,0.0297746461061978,0.998077935880538
1.0,0.0297751986589805,0.998106326396421
1.0,0.0297757430500905,0.998134297560325
1.0,0.0297762794000827,0.998161855566433
1.0,0.0297768078277305,0.998189006517438
1.0,0.0297773284500547,0.998215756425888
1.0,0.0297778413823453,0.998242111215521
1.0,0.0297783467381918,0.998268076722577
1.0,0.0297788446295038,0.998293658697089
1.0,0.0297793351665396,0.998318862804159
1.0,0.0297798184579272,0.998343694625208
1.0,0.029780294610692,0.998368159659217
1.0,0.0297807637302765,0.998392263323941
1.0,0.0297812259205676,0.99841601095711
1.0,0.0297816812839162,0.998439407817613
1.0,0.029782129921162,0.998462459086658
1.0,0.0297825719316556,0.998485169868926
1.0,0.0297830074132799,0.998507545193692
1.0,0.0297834364624716,0.99852959001595
1.0,0.029783859174243,0.998551309217502
1.0,0.0297842756422033,0.998572707608041
1.0,0.0297846859585789,0.998593789926218
1.0,0.029785090214234,0.998614560840689
1.0,0.0297854884986901,0.998635024951152
1.0,0.0297858809001479,0.998655186789361
1.0,0.029786267505503,0.998675050820134
1.0,0.0297866484003697,0.998694621442338
1.0,0.0297870236690965,0.998713902989868
1.0,0.0297873933947856,0.998732899732601
1.0,0.0297877576593133,0.998751615877346
1.0,0.0297881165433453,0.99877005556877
1.0,0.0297884701263564,0.998788222890326
1.0,0.0297888184866464,0.998806121865147
1.0,0.0297891617013599,0.998823756456941
1.0,0.0297894998465009,0.998841130570871
1.0,0.0297898329969519,0.998858248054414
1.0,0.0297901612264884,0.998875112698219
1.0,0.0297904846077963,0.998891728236943
1.0,0.0297908032124883,0.99890809835008
1.0,0.0297911171111189,0.998924226662773
1.0,0.0297914263732011,0.998940116746619
1.0,0.0297917310672198,0.998955772120462
1.0,0.0297920312606497,0.998971196251165
1.0,0.0297923270199687,0.998986392554387
1.0,0.0297926184106716,0.999001364395332
1.0,0.029792905497287,0.999016115089499
1.0,0.0297931883433895,0.999030647903412
1.0,0.0297934670116153,0.999044966055349
1.0,0.0297937415636758,0.999059072716047
1.0,0.0297940120603692,0.999072971009413
1.0,0.0297942785615977,0.999086664013207
1.0,0.0297945411263769,0.999100154759732
1.0,0.029794799812852,0.999113446236497
1.0,0.0297950546783081,0.999126541386887
1.0,0.029795305779186,0.999139443110809
1.0,0.0297955531710905,0.999152154265334
1.0,0.0297957969088074,0.999164677665335
1.0,0.029796037046312,0.999177016084105
1.0,0.0297962736367818,0.999189172253974
1.0,0.0297965067326098,0.999201148866912
1.0,0.029796736385415,0.999212948575128
1.0,0.0297969626460535,0.999224573991654
0.0,-0.140302814435369,1.0202076406957297
0.0,-0.133325792830488,0.9617453034096427
0.0,-0.113167485405957,0.7999808014847859
0.0,-0.0871921778857774,0.6504519393502616
0.0,-0.0606498785575234,0.47280569595033445
0.0,-0.036864463429753,0.3291495391648035
0.0,-0.0175757724772196,0.21029428915680184
0.0,-0.0033372067319639,0.1207576201291087
0.0,0.00609875486489,0.060271548026796185
0.0,0.0114476390148737,0.03796637652942084
0.0,0.0136316503151838,0.007543976550850293
0.0,0.0135933385646378,0.014303653385889726
0.0,0.0121776004636323,0.04164218332560152
0.0,0.010069887832722,0.041270626613054154
0.0,0.0077765210474004,0.03494892180325619
0.0,0.0056334317153605,0.07345407571804342
0.0,0.0038315225975358,0.08543758837614643
0.0,0.0024493713365145,0.07227434010504866
0.0,0.0014866646874716,0.08505141654459908
0.0,0.0008941742809607,0.0833653189361595
0.0,0.0005980793283812,0.0777743556074918
0.0,0.0005179359414542,0.0752105731386483
0.0,0.0005786018509404,0.09307572405552872
0.0,0.0007170153297564,0.09487813772613103
0.0,0.0008849880698964,0.07784450491195428
0.0,0.0010491979880392,0.0805898995090312
0.0,0.0011894454506733,0.07641590402397896
0.0,0.0012960359828797,0.08732180982317923
0.0,0.0013669271849292,0.0765155422530137
0.0,0.0014050631467037,0.08040637570040142
0.0,0.0014161370711719,0.04628852443656467
0.0,0.0014068813667171,0.080266823320872
0.0,0.0013838850854243,0.059960759450107884
0.0,0.0013528769326361,0.06273938685661484
0.0,0.0013183810461564,0.05637831565031394
0.0,0.0012836443491133,0.05246963604597224
0.0,0.0012507409115972,0.07701854334166033
0.0,0.001220773934632,0.067345782831671
0.0,0.0011941146762036,0.054387925971700134
0.0,0.001170636345568,0.05973240403437988
0.0,0.0011499175101443,0.046564338802139185
0.0,0.0011314027869081,0.05753912477635851
0.0,0.0011145182284791,0.06639602650133315
0.0,0.0010987450975903,0.059409891867472385
0.0,0.0010836591903133,0.05269569166360516
0.0,0.0010689441817304,0.050163018580457776
0.0,0.0010543872912296,0.07010732846388343
0.0,0.001039864484332,0.06456378134040076
0.0,0.0010253209132857,0.050409005686524594
0.0,0.0010107506916805,0.06069758190999668
0.0,0.0009961786220696,0.055461417582352686
0.0,0.0009816452731674,0.061099355339198656
0.0,0.0009671958812862,0.04327666872875767
0.0,0.0009528729231126,0.05453176984406551
0.0,0.0009387118354108,0.03184443843886027
0.0,0.0009247391880752,0.0675712788209866
0.0,0.0009109725931399,0.039597289730398465
0.0,0.0008974217015025,0.04117288927633445
0.0,0.0008840897578766,0.03607888714158657
0.0,0.0008709753201205,0.03911140524295459
0.0,0.0008580738793251,0.0428006278677702
0.0,0.000845379228709,0.032435577890031486
0.0,0.0008328845164165,0.04173582264693819
0.0,0.0008205829789375,0.05245499156444216
0.0,0.0008084683904749,0.044064068332916866
0.0,0.0007965352834196,0.046020756084663585
0.0,0.0007847790009337,0.03799322437105896
0.0,0.0007731956391422,0.0374769842680344
0.0,0.0007617819275254,0.03906154627699349
0.0,0.0007505350848932,0.017451335797501966
0.0,0.0007394526769976,0.03372500370745448
0.0,0.000728532491757,0.0302955530996344
0.0,0.0007177724399461,0.05066883870569392
0.0,0.0007071704832449,0.048374479882640174
0.0,0.0006967245876223,0.04253339186584537
0.0,0.0006864326978354,0.0399315254664321
0.0,0.0006762927279559,0.029933751064618708
0.0,0.000666302562892,0.03309443918459554
0.0,0.0006564600665002,0.041676531596074595
0.0,0.0006467630927792,0.046673340917167905
0.0,0.0006372094976146,0.044456072143405224
0.0,0.000627797149435,0.029377485677155903
0.0,0.0006185239378943,0.03285045394758324
0.0,0.0006093877802608,0.05197968147884103
0.0,0.0006003866255847,0.024049085429563726
0.0,0.0005915184569478,0.03469723098361244
0.0,0.0005827812922115,0.030264451018221842
0.0,0.0005741731836954,0.025486358749446415
0.0,0.0005656922171808,0.02750267956149619
0.0,0.0005573365105661,0.03345053650687299
0.0,0.0005491042124144,0.034527977274860615
0.0,0.0005409935005588,0.026270497246028975
0.0,0.0005330025808606,0.028260475175648662
0.0,0.0005251296861631,0.012045761279501643
0.0,0.0005173730754442,0.019082442455159127
0.0,0.0005097310331484,0.03692919140465869
0.0,0.0005022018686644,0.019295236208029993
0.0,0.000494783915913,0.026822619883499935
0.0,0.000487475533008,0.03573791739873461
0.0,0.0004802751019636,0.03232228374213621
0.0,0.0004731810284208,0.024312344207661
0.0,0.000466191741381,0.0239532302938359
0.0,0.0004593056929338,0.0235994207913343
0.0,0.0004525213579748,0.0232508373506714
0.0,0.0004458372339123,0.0229074027797169
0.0,0.0004392518403631,0.0225690410264306
0.0,0.0004327637188408,0.0222356771619293
0.0,0.0004263714324386,0.0219072373638621
0.0,0.0004200735655106,0.0215836489000715
0.0,0.0004138687233528,0.0212648401125202
0.0,0.000407755531888,0.0209507404014664
0.0,0.0004017326373535,0.0206412802098759
0.0,0.0003957987059946,0.0203363910080603
0.0,0.0003899524237643,0.0200360052785353
0.0,0.000384192496027,0.0197400565010947
0.0,0.0003785176472699,0.0194484791380966
0.0,0.0003729266208184,0.0191612086199597
0.0,0.0003674181785567,0.0188781813308694
0.0,0.0003619911006544,0.01859933459469
0.0,0.0003566441852958,0.0183246066610828
0.0,0.0003513762484149,0.0180539366918286
0.0,0.0003461861234336,0.0177872647473505
0.0,0.0003410726610036,0.0175245317734375
0.0,0.0003360347287531,0.0172656795881631
0.0,0.0003310712110361,0.017010650868999
0.0,0.0003261810086853,0.0167593891401193
0.0,0.0003213630387695,0.0165118387598927
0.0,0.0003166162343534,0.0162679449085609
0.0,0.0003119395442614,0.0160276535760977
0.0,0.0003073319328451,0.0157909115502497
0.0,0.0003027923797536,0.0155576664047519
0.0,0.0002983198797076,0.0153278664877189
0.0,0.0002939134422769,0.0151014609102063
0.0,0.0002895720916606,0.0148783995349427
0.0,0.0002852948664716,0.014658632965226
0.0,0.000281080819523,0.0144421125339853
0.0,0.0002769290176188,0.0142287902930039
0.0,0.000272838541347,0.0140186190023007
0.0,0.0002688084848761,0.0138115521196694
0.0,0.0002648379557546,0.0136075437903718
0.0,0.000260926074713,0.0134065488369829
0.0,0.0002570719754695,0.0132085227493868
0.0,0.0002532748045381,0.0130134216749199
0.0,0.0002495337210392,0.0128212024086594
0.0,0.000245847896514,0.012631822383856
0.0,0.0002422165147406,0.0124452396625075
0.0,0.0002386387715534,0.0122614129260712
0.0,0.000235113874665,0.0120803014663145
0.0,0.0002316410434908,0.0119018651762998
0.0,0.0002282195089761,0.0117260645415032
0.0,0.0002248485134257,0.0115528606310633
0.0,0.0002215273103363,0.011382215089161
0.0,0.0002182551642311,0.0112140901265249
0.0,0.0002150313504967,0.0110484485120631
0.0,0.0002118551552233,0.0108852535646186
0.0,0.0002087258750456,0.0107244691448462
0.0,0.0002056428169881,0.0105660596472093
0.0,0.0002026052983108,0.0104099899920954
0.0,0.0001996126463584,0.0102562256180476
0.0,0.0001966641984116,0.0101047324741108
0.0,0.0001937593015395,0.0099554770122917
0.0,0.0001908973124559,0.009808426180129
0.0,0.0001880775973765,0.0096635474133744
0.0,0.0001852995318784,0.0095208086287812
0.0,0.0001825625007619,0.0093801782169993
0.0,0.0001798658979145,0.0092416250355755
0.0,0.0001772091261763,0.0091051184020572
0.0,0.0001745915972082,0.0089706280871974
0.0,0.0001720127313612,0.0088381243082609
0.0,0.0001694719575481,0.0087075777224286
0.0,0.0001669687131174,0.0085789594202997
0.0,0.0001645024437284,0.0084522409194898
0.0,0.0001620726032282,0.0083273941583234
0.0,0.0001596786535314,0.0082043914896199
0.0,0.0001573200645003,0.0080832056745708
0.0,0.0001549963138279,0.007963809876708
0.0,0.0001527068869223,0.0078461776559606
0.0,0.0001504512767922,0.0077302829628002
0.0,0.0001482289839352,0.0076161001324718
0.0,0.000146039516227,0.0075036038793107
0.0,0.0001438823888123,0.0073927692911428
0.0,0.0001417571239975,0.0072835718237681
0.0,0.0001396632511451,0.0071759872955251
0.0,0.0001376003065692,0.0070699918819359
0.0,0.0001355678334328,0.0069655621104303
0.0,0.0001335653816471,0.0068626748551481
0.0,0.0001315925077712,0.0067613073318175
0.0,0.0001296487749144,0.0066614370927095
0.0,0.0001277337526391,0.0065630420216674
0.0,0.0001258470168656,0.0064661003292087
0.0,0.0001239881497785,0.0063705905477002
0.0,0.0001221567397335,0.0062764915266035
0.0,0.0001203523811668,0.0061837824277919
0.0,0.0001185746745053,0.0060924427209353
0.0,0.0001168232260777,0.0060024521789542
0.0,0.0001150976480276,0.0059137908735399
0.0,0.0001133975582276,0.0058264391707419
0.0,0.0001117225801947,0.0057403777266197
0.0,0.0001100723430068,0.0056555874829593
0.0,0.0001084464812206,0.0055720496630526
0.0,0.0001068446347909,0.0054897457675394
0.0,0.0001052664489904,0.0054086575703107
0.0,0.0001037115743316,0.0053287671144727
0.0,0.0001021796664891,0.0052500567083699
0.0,0.0001006703862237,0.0051725089216678
0.0,9.91833993069235e-05,0.0050961065814925
0.0,9.77183764469536e-05,0.0050208327686282
0.0,9.62749932161555e-05,0.0049466708137701
0.0,9.48529299788642e-05,0.0048736042938332
0.0,9.34518718207003e-05,0.0048016170283154
0.0,9.20715084788623e-05,0.0047306930757144
0.0,9.0711534273348e-05,0.0046608167299973
0.0,8.93716480393422e-05,0.0045919725171225
0.0,8.80515530604919e-05,0.0045241451916134
0.0,8.67509570031955e-05,0.0044573197331818
0.0,8.54695718518414e-05,0.004391481343402
0.0,8.42071138450612e-05,0.0043266154424334
0.0,8.29633034129112e-05,0.0042627076657922
0.0,8.17378651149017e-05,0.0041997438611702
0.0,8.05305275790452e-05,0.0041377100853006
0.0,7.93410234417313e-05,0.0040765926008707
0.0,7.81690892885725e-05,0.0040163778734793
0.0,7.70144655959926e-05,0.00395705256864
0.0,7.58768966738349e-05,0.0038986035488279
0.0,7.47561306086858e-05,0.0038410178705707
0.0,7.36519192080926e-05,0.0037842827815818
0.0,7.25640179456422e-05,0.003728385717937
0.0,7.14921859067755e-05,0.0036733143012917
0.0,7.0436185735441e-05,0.0036190563361402
0.0,6.93957835815329e-05,0.0035655998071144
0.0,6.83707490491195e-05,0.0035129328763236
0.0,6.73608551454083e-05,0.0034610438807328
0.0,6.63658782304802e-05,0.0034099213295798
0.0,6.53855979677667e-05,0.0033595539018308
0.0,6.44197972752697e-05,0.0033099304436731
0.0,6.34682622774607e-05,0.0032610399660453
0.0,6.2530782257951e-05,0.003212871642204
0.0,6.16071496127718e-05,0.0031654148053257
0.0,6.06971598044945e-05,0.003118658946145
0.0,5.980061131685e-05,0.0030725937106273
0.0,5.891730561014e-05,0.0030272088976759
0.0,5.80470470772643e-05,0.0029824944568727
0.0,5.7189643000416e-05,0.0029384404862531
0.0,5.6344903508386e-05,0.0028950372301127
0.0,5.55126415345206e-05,0.0028522750768473
0.0,5.46926727753028e-05,0.002810144556824
0.0,5.38848156495311e-05,0.0027686363402847
0.0,5.30888912581226e-05,0.0027277412352795
0.0,5.23047233444776e-05,0.0026874501856314
0.0,5.15321382554487e-05,0.002647754268931
0.0,5.07709649029096e-05,0.0026086446945602
0.0,5.00210347258341e-05,0.002570112801746
0.0,4.92821816529959e-05,0.0025321500576423
0.0,4.85542420661858e-05,0.0024947480554401
0.0,4.78370547639557e-05,0.0024578985125065
0.0,4.7130460925953e-05,0.0024215932685499
0.0,4.64343040777367e-05,0.0023858242838132
0.0,4.57484300561209e-05,0.0023505836372931
0.0,4.5072686975043e-05,0.0023158635249866
0.0,4.44069251919234e-05,0.0022816562581621
0.0,4.37509972745394e-05,0.0022479542616573
0.0,4.31047579683534e-05,0.0022147500722014
0.0,4.24680641643686e-05,0.0021820363367623
0.0,4.18407748674354e-05,0.0021498058109187
0.0,4.12227511650091e-05,0.0021180513572553
0.0,4.06138561964003e-05,0.0020867659437826
0.0,4.00139551224865e-05,0.0020559426423794
0.0,3.94229150958089e-05,0.002025574627259
0.0,3.88406052312072e-05,0.001995655173457
0.0,3.82668965767732e-05,0.0019661776553427
0.0,3.77016620853494e-05,0.0019371355451514
0.0,3.7144776586371e-05,0.0019085224115391
0.0,3.65961167581412e-05,0.0018803319181583
0.0,3.60555611005273e-05,0.0018525578222545
0.0,3.55229899080718e-05,0.0018251939732842
0.0,3.49982852434483e-05,0.0017982343115524
0.0,3.4481330911381e-05,0.0017716728668712
0.0,3.39720124328848e-05,0.0017455037572372
0.0,3.34702170199375e-05,0.0017197211875293
0.0,3.29758335504762e-05,0.0016943194482252
0.0,3.24887525438265e-05,0.0016692929141371
0.0,3.20088661364126e-05,0.0016446360431661
0.0,3.15360680579191e-05,0.0016203433750746
0.0,3.10702536077054e-05,0.0015964095302774
0.0,3.06113196316751e-05,0.0015728292086504
0.0,3.01591644993916e-05,0.0015495971883569
0.0,2.97136880815889e-05,0.0015267083246908
0.0,2.92747917279915e-05,0.0015041575489381
0.0,2.88423782454743e-05,0.0014819398672537
0.0,2.84163518765417e-05,0.001460050359556
0.0,2.79966182781116e-05,0.0014384841784371
0.0,2.75830845006299e-05,0.0014172365480894
0.0,2.71756589674821e-05,0.0013963027632481
0.0,2.6774251454734e-05,0.0013756781881491
0.0,2.63787730711181e-05,0.0013553582555024
0.0,2.59891362383736e-05,0.0013353384654809
0.0,2.56052546718424e-05,0.0013156143847236
0.0,2.52270433613658e-05,0.0012961816453541
0.0,2.48544185524561e-05,0.0012770359440132
0.0,2.44872977277558e-05,0.001258173040906
0.0,2.41255995887483e-05,0.0012395887588629
0.0,2.37692440377708e-05,0.0012212789824147
0.0,2.3418152160273e-05,0.0012032396568812
0.0,2.30722462073348e-05,0.001185466787473
0.0,2.27314495784576e-05,0.0011679564384074
0.0,2.23956868045955e-05,0.0011507047320366
0.0,2.20648835314429e-05,0.0011337078479887
0.0,2.17389665029717e-05,0.0011169620223221
0.0,2.14178635452051e-05,0.0011004635466916
0.0,2.11015035502388e-05,0.0010842087675278
0.0,2.07898164604967e-05,0.0010681940852271
0.0,2.04827332532104e-05,0.0010524159533556
0.0,2.01801859251258e-05,0.0010368708778629
0.0,1.98821074774719e-05,0.0010215554163087
0.0,1.95884319010974e-05,0.0010064661771007
0.0,1.92990941618523e-05,0.000991599818743
0.0,1.90140301862141e-05,0.0009769530490967
0.0,1.87331768470751e-05,0.0009625226246503
0.0,1.84564719497571e-05,0.0009483053498019
0.0,1.8183854218267e-05,0.0009342980761514
1.0,0.170117915263282,0.02189211070660676
1.0,0.163140848660661,0.07835847237096863
1.0,0.142982496903044,0.18461361952933888
1.0,0.117007145704617,0.3670876194058746
1.0,0.0904648033432794,0.5226457368844655
1.0,0.0666793458180613,0.6742942275908375
1.0,0.0473906130943259,0.7930111030894559
1.0,0.0331520061948642,0.8777575943539797
1.0,0.0237160040516868,0.9322178115650218
1.0,0.0183670799542837,0.9749118094355459
1.0,0.0161830292966114,0.971206721307917
1.0,0.0162213022711363,0.9781143087226707
1.0,0.0176370021688756,0.9894028220034298
1.0,0.0197446771608143,0.9651093522329934
1.0,0.0220380068631236,0.9330766249695412
1.0,0.024181059659899,0.9480609105852045
1.0,0.0259829327821159,0.940922251710858
1.0,0.0273650485792153,0.9138870215734591
1.0,0.0283277202881682,0.9179521999171392
1.0,0.0289201762706837,0.9120505315710785
1.0,0.0292162373077397,0.905798341993069
1.0,0.0292963472801043,0.9051233277713072
1.0,0.0292356484496167,0.9265017592702129
1.0,0.0290972025360707,0.9326737584420552
1.0,0.0289291978402891,0.9202853325527283
1.0,0.0287649564385164,0.9275552245191255
1.0,0.0286246779572924,0.9275495008378924
1.0,0.028518056864667,0.9421593311153579
1.0,0.0284471355536018,0.9345762702088996
1.0,0.0284089699275474,0.9412521215842851
1.0,0.0283978667769658,0.9095552520169498
1.0,0.0284070936870016,0.9456756470111002
1.0,0.0284300615991935,0.9273148570979055
1.0,0.0284610418019162,0.9319125331291949
1.0,0.0284955101511766,0.9272995568946564
1.0,0.0285302197177484,0.9251073632450515
1.0,0.0285630964255335,0.9513660543064155
1.0,0.0285930370675884,0.9434094569373939
1.0,0.0286196703800952,0.9321784027909361
1.0,0.0286431231480528,0.9392586572575712
1.0,0.0286638167983808,0.9278302393223534
1.0,0.0286823067085265,0.9405419497243294
1.0,0.0286991668203753,0.9511263495084915
1.0,0.0287149158657807,0.945852342560026
1.0,0.0287299780433372,0.9408301650088786
1.0,0.0287446696727078,0.939966021241896
1.0,0.0287592035293269,0.9615532520273091
1.0,0.028773703642573,0.957625980588004
1.0,0.0287882248551721,0.945060629146129
1.0,0.0288027730485834,0.9569121509269005
1.0,0.0288173234153755,0.9532131810163632
1.0,0.0288318353820276,0.9603634629638624
1.0,0.0288462637074931,0.9440292112817253
1.0,0.0288605659104195,0.9567497310904586
1.0,0.0288747065494468,0.9355055976968987
1.0,0.0288886590501523,0.9726540936112795
1.0,0.0289024057960403,0.946080779287087
1.0,0.0289159371318173,0.9490365316950253
1.0,0.0289292498084397,0.9453025365031336
1.0,0.0289423452637823,0.9496752303169574
1.0,0.0289552280025505,0.9546850708737493
1.0,0.028967904227384,0.9456213300325976
1.0,0.0289803807860585,0.9562038124322674
1.0,0.028992664438064,0.9681863819324663
1.0,0.0290047614052364,0.96104025912031
1.0,0.0290166771512832,0.9642233890395658
1.0,0.0290284163291974,0.9574041887035406
1.0,0.0290399828390657,0.9580784214294946
1.0,0.0290513799476768,0.9608358532545622
1.0,0.0290626104325435,0.9403811666608055
1.0,0.0290736767242921,0.9577932694557595
1.0,0.0290845810314346,0.9554854200444216
1.0,0.0290953254396804,0.9769637257121975
1.0,0.0291059119838855,0.9757580548108103
1.0,0.0291163426946675,0.9709895675218032
1.0,0.0291266196239066,0.9694444553207289
1.0,0.0291367448542181,0.9604878249295951
1.0,0.0291467204974303,0.9646742789808019
1.0,0.0291565486864704,0.9742669872837488
1.0,0.0291662315641712,0.9802594866263157
1.0,0.0291757712715257,0.9790232025056703
1.0,0.02918516993703,0.9649111123433693
1.0,0.0291944296680005,0.9693363022647286
1.0,0.0292035525441827,0.989403687296846
1.0,0.0292125406135861,0.9623973920096506
1.0,0.0292213958902308,0.973956185984006
1.0,0.0292301203534004,0.9704206035382684
1.0,0.029238715947963,0.9665264564186113
1.0,0.0292471845853659,0.9694136656645775
1.0,0.0292555281449798,0.9762195471407166
1.0,0.0292637484755522,0.9781423385348119
1.0,0.0292718473966003,0.970717722442304
1.0,0.0292798266996508,0.9735282620809265
1.0,0.0292876881492885,0.9581219894095298
1.0,0.029295433484001,0.9659551703841567
1.0,0.0293030644168466,0.984586654117063
1.0,0.0293105826359761,0.9677258424876993
1.0,0.0293179898050453,0.9760149497410429
1.0,0.0293252875635519,0.9856807195372135
1.0,0.0293324775271295,0.9830044730610399
1.0,0.0293395612878191,0.975722999344759
1.0,0.0293465404143352,0.976081591204363
1.0,0.0293534164523381,0.976434886363827
1.0,0.0293601909247154,0.976782963058735
1.0,0.0293668653318753,0.977125898368999
1.0,0.0293734411520485,0.977463768236098
1.0,0.0293799198416016,0.977796647479988
1.0,0.0293863028353527,0.978124609815701
1.0,0.0293925915468904,0.97844772786966
1.0,0.0293987873688903,0.978766073195732
1.0,0.0294048916734331,0.979079716291025
1.0,0.0294109058123129,0.979388726611457
1.0,0.0294168311173453,0.979693172587092
1.0,0.0294226689006671,0.979993121637263
1.0,0.0294284204550321,0.980288640185474
1.0,0.0294340870540988,0.980579793674093
1.0,0.0294396699527146,0.980866646578835
1.0,0.0294451703871961,0.981149262423034
1.0,0.0294505895755992,0.981427703791711
1.0,0.0294559287179934,0.981702032345438
1.0,0.0294611889967236,0.981972308833991
1.0,0.0294663715766712,0.982238593109811
1.0,0.0294714776055145,0.98250094414126
1.0,0.0294765082139781,0.982759420025684
1.0,0.0294814645160872,0.983014078002281
1.0,0.0294863476094105,0.983264974464776
1.0,0.0294911585753053,0.983512164973912
1.0,0.0294958984791553,0.983755704269754
1.0,0.0295005683706089,0.983995646283812
1.0,0.0295051692838082,0.984232044150984
1.0,0.0295097022376212,0.984464950221321
1.0,0.0295141682358653,0.984694416071621
1.0,0.0295185682675314,0.984920492516849
1.0,0.0295229033070017,0.985143229621391
1.0,0.0295271743142658,0.985362676710139
1.0,0.0295313822351333,0.985578882379416
1.0,0.0295355280014442,0.985791894507734
1.0,0.0295396125312732,0.986001760266401
1.0,0.0295436367291355,0.986208526129963
1.0,0.0295476014861848,0.986412237886498
1.0,0.0295515076804127,0.986612940647756
1.0,0.0295553561768416,0.986810678859147
1.0,0.0295591478277164,0.987005496309584
1.0,0.0295628834726949,0.987197436141181
1.0,0.0295665639390315,0.987386540858808
1.0,0.0295701900417609,0.987572852339501
1.0,0.0295737625838801,0.987756411841735
1.0,0.0295772823565246,0.987937260014566
1.0,0.0295807501391447,0.988115436906626
1.0,0.0295841666996766,0.988290981974995
1.0,0.0295875327947137,0.988463934093941
1.0,0.0295908491696748,0.988634331563522
1.0,0.0295941165589675,0.988802212118076
1.0,0.0295973356861514,0.988967612934569
1.0,0.0296005072640986,0.989130570640836
1.0,0.029603631995152,0.989291121323684
1.0,0.0296067105712794,0.989449300536889
1.0,0.0296097436742286,0.989605143309066
1.0,0.0296127319756767,0.989758684151432
1.0,0.0296156761373805,0.989909957065438
1.0,0.0296185768113206,0.990058995550309
1.0,0.0296214346398487,0.990205832610457
1.0,0.0296242502558275,0.990350500762791
1.0,0.0296270242827719,0.990493032043918
1.0,0.0296297573349875,0.990633458017235
1.0,0.0296324500177061,0.990771809779923
1.0,0.029635102927219,0.990908117969831
1.0,0.0296377166510102,0.991042412772261
1.0,0.029640291767886,0.991174723926652
1.0,0.0296428288481032,0.991305080733167
1.0,0.0296453284534954,0.991433512059179
1.0,0.0296477911375981,0.991560046345668
1.0,0.0296502174457693,0.991684711613515
1.0,0.029652607915313,0.99180753546971
1.0,0.0296549630755953,0.991928545113462
1.0,0.0296572834481648,0.992047767342228
1.0,0.0296595695468649,0.992165228557641
1.0,0.0296618218779499,0.992280954771361
1.0,0.0296640409401958,0.992394971610832
1.0,0.0296662272250117,0.992507304324963
1.0,0.0296683812165484,0.99261797778971
1.0,0.0296705033918048,0.992727016513592
1.0,0.0296725942207343,0.992834444643119
1.0,0.0296746541663486,0.992940285968134
1.0,0.0296766836848203,0.993044563927084
1.0,0.0296786832255844,0.99314730161221
1.0,0.0296806532314369,0.993248521774663
1.0,0.0296825941386336,0.993348246829539
1.0,0.0296845063769862,0.993446498860843
1.0,0.0296863903699576,0.993543299626381
1.0,0.0296882465347563,0.99363867056258
1.0,0.0296900752824278,0.99373263278923
1.0,0.0296918770179468,0.993825207114164
1.0,0.0296936521403053,0.993916414037868
1.0,0.0296954010426018,0.994006273758016
1.0,0.0296971241121298,0.994094806173947
1.0,0.0296988217304603,0.994182030891068
1.0,0.0297004942735297,0.994267967225199
1.0,0.0297021421117205,0.994352634206849
1.0,0.0297037656099448,0.99443605058543
1.0,0.0297053651277241,0.994518234833408
1.0,0.029706941019271,0.994599205150398
1.0,0.0297084936335639,0.994678979467188
1.0,0.0297100233144278,0.994757575449715
1.0,0.0297115304006093,0.994835010502975
1.0,0.0297130152258505,0.994911301774876
1.0,0.0297144781189644,0.994986466160039
1.0,0.0297159194039078,0.995060520303535
1.0,0.0297173393998509,0.995133480604575
1.0,0.0297187384212507,0.995205363220139
1.0,0.0297201167779186,0.995276184068555
1.0,0.0297214747750905,0.995345958833024
1.0,0.0297228127134934,0.995414702965091
1.0,0.0297241308894123,0.99548243168807
1.0,0.029725429594756,0.995549160000415
1.0,0.0297267091171209,0.995614902679038
1.0,0.0297279697398565,0.995679674282585
1.0,0.0297292117421257,0.995743489154657
1.0,0.0297304353989689,0.99580636142699
1.0,0.0297316409813635,0.99586830502258
1.0,0.0297328287562846,0.995929333658769
1.0,0.0297339989867631,0.995989460850284
1.0,0.029735151931946,0.996048699912225
1.0,0.0297362878471517,0.99610706396302
1.0,0.0297374069839271,0.996164565927324
1.0,0.0297385095901042,0.996221218538886
1.0,0.0297395959098534,0.996277034343365
1.0,0.0297406661837392,0.996332025701112
1.0,0.0297417206487729,0.996386204789902
1.0,0.0297427595384641,0.996439583607638
1.0,0.0297437830828746,0.996492173975001
1.0,0.0297447915086662,0.996543987538069
1.0,0.0297457850391547,0.996595035770903
1.0,0.0297467638943558,0.996645329978077
1.0,0.0297477282910361,0.99669488129719
1.0,0.0297486784427605,0.996743700701327
1.0,0.0297496145599381,0.996791799001494
1.0,0.0297505368498721,0.996839186849006
1.0,0.0297514455168022,0.996885874737853
1.0,0.0297523407619515,0.996931873007016
1.0,0.0297532227835717,0.996977191842762
1.0,0.0297540917769847,0.9970218412809
1.0,0.0297549479346282,0.997065831208999
1.0,0.0297557914460984,0.99710917136858
1.0,0.0297566224981891,0.997151871357276
1.0,0.0297574412749364,0.997193940630954
1.0,0.029758247957657,0.997235388505808
1.0,0.0297590427249903,0.997276224160425
1.0,0.0297598257529363,0.997316456637818
1.0,0.0297605972148962,0.997356094847426
1.0,0.0297613572817093,0.997395147567086
1.0,0.0297621061216915,0.997433623444982
1.0,0.0297628439006725,0.997471531001555
1.0,0.0297635707820325,0.997508878631393
1.0,0.0297642869267392,0.997545674605089
1.0,0.0297649924933814,0.99758192707107
1.0,0.0297656876382064,0.997617644057408
1.0,0.0297663725151531,0.997652833473589
1.0,0.0297670472758871,0.997687503112272
1.0,0.0297677120698332,0.997721660651012
1.0,0.0297683670442093,0.997755313653957
1.0,0.0297690123440588,0.997788469573531
1.0,0.0297696481122829,0.997821135752074
1.0,0.0297702744896711,0.997853319423477
1.0,0.0297708916149348,0.99788502771478
1.0,0.0297714996247354,0.997916267647749
1.0,0.0297720986537162,0.997947046140434
1.0,0.0297726888345309,0.9979773700087
1.0,0.029773270297875,0.998007245967733
1.0,0.0297738431725127,0.998036680633533
1.0,0.0297744075853066,0.998065680524376
1.0,0.0297749636612448,0.998094252062255
1.0,0.0297755115234706,0.998122401574307
1.0,0.0297760512933067,0.998150135294211
1.0,0.0297765830902854,0.998177459363568
1.0,0.0297771070321717,0.998204379833266
1.0,0.0297776232349924,0.998230902664813
1.0,0.0297781318130601,0.998257033731661
1.0,0.0297786328789986,0.998282778820508
1.0,0.0297791265437688,0.998308143632574
1.0,0.0297796129166916,0.998333133784872
1.0,0.0297800921054745,0.998357754811442
0.0,-0.140319435783767,1.0193536251693887
0.0,-0.133342168667485,0.9609039024163547
0.0,-0.113183619357963,0.7991518286972069
0.0,-0.0872080735256402,0.6496352111932626
0.0,-0.0606655394053146,0.47200103156034345
0.0,-0.036879892953551,0.3283567603497595
0.0,-0.0175909740938751,0.20951322035668984
0.0,-0.0033521838078587,0.1199880883770847
0.0,0.0060839990130983,0.05951338291088279
0.0,0.0114331011195173,0.037219410154770635
0.0,0.013617327156862,0.006808043502564691
0.0,0.0135792269715025,0.013578590692387926
0.0,0.0121636973106863,0.04092783042253152
0.0,0.0100561900411271,0.040566825307735255
0.0,0.0077630255837956,0.03425551623964769
0.0,0.0056201355911897,0.07277091234223043
0.0,0.0038184228683867,0.08476451590233573
0.0,0.0024364651014661,0.07161120948206616
0.0,0.0014739490884521,0.08439808092288288
0.0,0.0008816465021147,0.08272163363524
0.0,0.0005857365954454,0.07714017808395289
0.0,0.0005057755211435,0.0745857629545608
0.0,0.0005666210503431,0.09246014284735082
0.0,0.0007052114957369,0.09427164917406763
0.0,0.0008733585885084,0.07724697470976888
0.0,0.0010377402839466,0.0800011953343046
0.0,0.0011781569865797,0.07583589550880597
0.0,0.0012849142589671,0.08675036852529913
0.0,0.0013559697383038,0.0759525416273667
0.0,0.0013942675508509,0.07985169107110561
0.0,0.0014055009354184,0.045742032969306665
0.0,0.0013964023357021,0.0797284039957053
0.0,0.0013735608385777,0.05943029303465308
0.0,0.0013427051836648,0.062216755879655736
0.0,0.0013083595425376,0.05586340437578405
0.0,0.0012737708715956,0.05196233044732464
0.0,0.0012410132737095,0.07651873107661704
0.0,0.0012111899821996,0.06685335321734451
0.0,0.0011846722868702,0.05390276996008303
0.0,0.0011613334283269,0.059254414188196075
0.0,0.0011407520048747,0.04609340927105218
0.0,0.0011223726639184,0.05707515127353121
0.0,0.0011056214880587,0.06593890628033315
0.0,0.0010899797695652,0.05895952369951949
0.0,0.0010750233336115,0.052251975815153756
0.0,0.0010604358839504,0.04972585679111157
0.0,0.0010460046682181,0.06967662392463533
0.0,0.001031605679766,0.06413943867219457
0.0,0.0010171840982621,0.04999093091913369
0.0,0.0010027340643102,0.060285682461214386
0.0,0.0009882804070792,0.05505560223748979
0.0,0.0009738637215057,0.06069953423088445
0.0,0.000959529269737,0.04288275331703847
0.0,0.0009453195539131,0.05414367289679781
0.0,0.0009312700358753,0.03146207401239357
0.0,0.0009174073102253,0.0671945622411306
0.0,0.0009037490133392,0.03922613757367256
0.0,0.0008903048200969,0.04080721935149335
0.0,0.0008770779988407,0.03571861847141937
0.0,0.0008640671307075,0.03875645804635259
0.0,0.0008512677297241,0.0424509235420592
0.0,0.0008386736117054,0.032091038993565385
0.0,0.0008262779470588,0.041396372881949695
0.0,0.0008140739942077,0.052120555760146556
0.0,0.0008020555489656,0.043734572428865665
0.0,0.0007902171650139,0.04569612711434399
0.0,0.0007785542064911,0.037673390445735255
0.0,0.0007670627901887,0.0371618745608285
0.0,0.0007557396659482,0.038751091007200394
0.0,0.00074458207264,0.017145466215136664
0.0,0.0007335875957801,0.03342365207802758
0.0,0.0007227540427594,0.0299986526891523
0.0,0.0007120793435371,0.05037632376588052
0.0,0.0007015614786945,0.048086285636377374
0.0,0.0006911984328223,0.042249454492827875
0.0,0.000680988169025,0.0396517820890345
0.0,0.00067092861945,0.029658139733971606
0.0,0.0006610176868145,0.032822898866866734
0.0,0.0006512532525209,0.04140900215895339
0.0,0.0006416331878549,0.046409763116548805
0.0,0.0006321553657333,0.04419638761026823
0.0,0.0006228176713646,0.029121636904640903
0.0,0.0006136180109348,0.03259838427825545
0.0,0.0006045543180001,0.05173133509214363
0.0,0.0005956245576576,0.023804407329457024
0.0,0.0005868267287996,0.03445616698639474
0.0,0.0005781588648641,0.030026947740530843
0.0,0.000569619033517,0.025252363596437215
0.0,0.00056120533566,0.02727214071519429
0.0,0.0005529159040877,0.03322340291469929
0.0,0.00054474890204,0.034304198638325914
0.0,0.0005367025218094,0.026050024009595378
0.0,0.0005287749835037,0.028043258515755464
0.0,0.0005209645340018,0.011831753093753644
0.0,0.00051326944611,0.018871595351674125
0.0,0.0005056880178971,0.036721458691572784
0.0,0.0004982185721746,0.01909057188315789
0.0,0.0004908594560879,0.026620978624147338
0.0,0.0004836090407804,0.03553925455166192
0.0,0.0004764657211028,0.03212655531367001
0.0,0.0004694279153436,0.0241195068539517
0.0,0.0004624940649645,0.0237632413112595
0.0,0.0004556626343315,0.0234122381070352
0.0,0.0004489321104353,0.023066419513246
0.0,0.0004423010026006,0.0227257089500337
0.0,0.0004357678421846,0.0223900309685869
0.0,0.0004293311822679,0.0220593112343405
0.0,0.0004229895973398,0.0217334765104837
0.0,0.0004167416829821,0.0214124546417498
0.0,0.0004105860555529,0.0210961745384712
0.0,0.0004045213518734,0.0207845661608804
0.0,0.0003985462289184,0.0204775605036465
0.0,0.0003926593635125,0.0201750895806348
0.0,0.0003868594520309,0.0198770864098866
0.0,0.0003811452101073,0.0195834849988106
0.0,0.0003755153723457,0.0192942203295865
0.0,0.000369968692039,0.0190092283447767
0.0,0.0003645039408921,0.0187284459331454
0.0,0.0003591199087497,0.0184518109156824
0.0,0.0003538154033288,0.018179262031832
0.0,0.0003485892499548,0.0179107389259229
0.0,0.0003434402913024,0.0176461821337992
0.0,0.0003383673871399,0.0173855330696477
0.0,0.0003333694140771,0.0171287340130216
0.0,0.0003284452653165,0.0168757280960558
0.0,0.0003235938504093,0.0166264592908716
0.0,0.0003188140950138,0.0163808723971689
0.0,0.0003141049406569,0.0161389130300009
0.0,0.000309465344501,0.0159005276077312
0.0,0.0003048942791119,0.0156656633401678
0.0,0.0003003907322318,0.0154342682168736
0.0,0.0002959537065549,0.0152062909956482
0.0,0.0002915822195069,0.0149816811911818
0.0,0.0002872753030266,0.0147603890638745
0.0,0.000283032003352,0.0145423656088224
0.0,0.0002788513808094,0.0143275625449657
0.0,0.0002747325096043,0.0141159323043966
0.0,0.0002706744776173,0.0139074280218258
0.0,0.0002666763862016,0.0137020035242041
0.0,0.0002627373499843,0.0134996133204975
0.0,0.0002588564966701,0.0133002125916135
0.0,0.0002550329668482,0.0131037571804754
0.0,0.000251265913802,0.012910203582244
0.0,0.0002475545033217,0.0127195089346838
0.0,0.0002438979135195,0.0125316310086704
0.0,0.0002402953346474,0.0123465281988397
0.0,0.0002367459689183,0.012164159514374
0.0,0.0002332490303288,0.0119844845699248
0.0,0.0002298037444858,0.0118074635766691
0.0,0.0002264093484344,0.0116330573334989
0.0,0.0002230650904892,0.0114612272183395
0.0,0.0002197702300679,0.0112919351795971
0.0,0.0002165240375273,0.0111251437277322
0.0,0.0002133257940014,0.0109608159269575
0.0,0.0002101747912428,0.0107989153870586
0.0,0.0002070703314651,0.0106394062553353
0.0,0.0002040117271892,0.0104822532086624
0.0,0.0002009983010905,0.0103274214456669
0.0,0.000198029385849,0.0101748766790219
0.0,0.0001951043240015,0.0100245851278531
0.0,0.0001922224677964,0.0098765135102584
0.0,0.0001893831790496,0.0097306290359378
0.0,0.0001865858290037,0.0095868993989315
0.0,0.0001838297981886,0.0094452927704664
0.0,0.0001811144762843,0.0093057777919071
0.0,0.0001784392619855,0.009168323567812
0.0,0.000175803562869,0.0090328996590913
0.0,0.0001732067952621,0.0088994760762664
0.0,0.0001706483841133,0.0087680232728285
0.0,0.0001681277628653,0.0086385121386961
0.0,0.0001656443733293,0.008510913993768
0.0,0.0001631976655612,0.0083852005815725
0.0,0.0001607870977402,0.00826134406301
0.0,0.0001584121360488,0.0081393170101879
0.0,0.0001560722545543,0.0080190924003469
0.0,0.0001537669350923,0.0079006436098766
0.0,0.0001514956671524,0.0077839444084201
0.0,0.0001492579477647,0.0076689689530649
0.0,0.0001470532813888,0.0075556917826204
0.0,0.0001448811798035,0.0074440878119792
0.0,0.0001427411619994,0.0073341323265623
0.0,0.0001406327540718,0.0072258009768458
0.0,0.000138555489116,0.0071190697729693
0.0,0.000136508907124,0.0070139150794225
0.0,0.0001344925548824,0.006910313609812
0.0,0.0001325059858721,0.0068082424217038
0.0,0.0001305487601696,0.0067076789115435
0.0,0.0001286204443494,0.0066086008096499
0.0,0.0001267206113879,0.0065109861752843
0.0,0.0001248488405694,0.006414813391791
0.0,0.000123004717392,0.0063200611618109
0.0,0.0001211878334767,0.0062267085025645
0.0,0.0001193977864765,0.0061347347412062
0.0,0.0001176341799876,0.0060441195102456
0.0,0.000115896623461,0.0059548427430375
0.0,0.0001141847321168,0.0058668846693379
0.0,0.0001124981268584,0.0057802258109263
0.0,0.0001108364341891,0.0056948469772917
0.0,0.0001091992861287,0.0056107292613836
0.0,0.0001075863201324,0.0055278540354243
0.0,0.0001059971790109,0.0054462029467844
0.0,0.0001044315108504,0.0053657579139183
0.0,0.0001028889689355,0.0052865011223601
0.0,0.0001013692116719,0.0052084150207788
0.0,9.98719025109979e-05,0.0051314823170914
0.0,9.83967098752425e-05,0.0050556859746334
0.0,9.69433070848666e-05,0.0049810092083865
0.0,9.55113722853687e-05,0.0049074354812613
0.0,9.41005883763474e-05,0.0048349485004353
0.0,9.27106429412239e-05,0.0047635322137445
0.0,9.13412281780684e-05,0.0046931708061294
0.0,8.99920408314672e-05,0.004623848696132
0.0,8.866278212534e-05,0.0045555505324457
0.0,8.73531576967707e-05,0.0044882611905158
0.0,8.60628775308375e-05,0.00442196576919
0.0,8.47916558963935e-05,0.0043566495874188
0.0,8.35392112827765e-05,0.004292298181004
0.0,8.23052663374776e-05,0.004228897299396
0.0,8.10895478047247e-05,0.004166432902538
0.0,7.98917864649334e-05,0.0041048911577565
0.0,7.87117170751861e-05,0.0040442584366986
0.0,7.75490783103613e-05,0.0039845213123133
0.0,7.64036127053544e-05,0.003925666555879
0.0,7.52750665980462e-05,0.0038676811340733
0.0,7.4163190073126e-05,0.0038105522060869
0.0,7.30677369067331e-05,0.0037542671207803
0.0,7.19884645119379e-05,0.0036988134138821
0.0,7.09251338850345e-05,0.0036441788052285
0.0,6.98775095526113e-05,0.0035903511960445
0.0,6.88453595193636e-05,0.0035373186662639
0.0,6.78284552168007e-05,0.0034850694718901
0.0,6.68265714525509e-05,0.0034335920423954
0.0,6.58394863605472e-05,0.0033828749781585
0.0,6.48669813518368e-05,0.0033329070479402
0.0,6.39088410662597e-05,0.0032836771863961
0.0,6.29648533246666e-05,0.0032351744916264
0.0,6.20348090819914e-05,0.0031873882227618
0.0,6.11185023809344e-05,0.0031403077975844
0.0,6.02157303063733e-05,0.0030939227901848
0.0,5.93262929403926e-05,0.0030482229286531
0.0,5.84499933180618e-05,0.0030031980928042
0.0,5.75866373837622e-05,0.0029588383119367
0.0,5.67360339482556e-05,0.002915133762625
0.0,5.58979946463367e-05,0.0028720747665438
0.0,5.50723338950954e-05,0.0028296517883246
0.0,5.42588688528384e-05,0.0027878554334448
0.0,5.34574193786289e-05,0.0027466764461465
0.0,5.26678079923321e-05,0.0027061057073875
0.0,5.18898598353655e-05,0.0026661342328212
0.0,5.11234026319418e-05,0.0026267531708078
0.0,5.03682666509395e-05,0.0025879538004536
0.0,4.96242846683148e-05,0.0025497275296797
0.0,4.88912919300484e-05,0.0025120658933196
0.0,4.81691261157019e-05,0.0024749605512447
0.0,4.74576273024226e-05,0.0024384032865169
0.0,4.67566379295722e-05,0.0024023860035692
0.0,4.60660027638039e-05,0.0023669007264133
0.0,4.53855688647073e-05,0.0023319395968726
0.0,4.4715185550926e-05,0.0022974948728428
0.0,4.40547043668096e-05,0.0022635589265769
0.0,4.34039790494986e-05,0.002230124242996
0.0,4.27628654965755e-05,0.0021971834180256
0.0,4.21312217341319e-05,0.0021647291569555
0.0,4.15089078853459e-05,0.0021327542728245
0.0,4.0895786139479e-05,0.0021012516848289
0.0,4.02917207213832e-05,0.0020702144167547
0.0,3.96965778614276e-05,0.0020396355954322
0.0,3.91102257658593e-05,0.0020095084492144
0.0,3.85325345876458e-05,0.0019798263064773
0.0,3.79633763976893e-05,0.0019505825941423
0.0,3.74026251565261e-05,0.0019217708362209
0.0,3.68501566864049e-05,0.0018933846523802
0.0,3.63058486437702e-05,0.0018654177565305
0.0,3.5769580492194e-05,0.0018378639554329
0.0,3.52412334756712e-05,0.0018107171473277
0.0,3.47206905923284e-05,0.0017839713205836
0.0,3.42078365684999e-05,0.001757620552366
0.0,3.37025578332206e-05,0.0017316590073258
0.0,3.32047424930551e-05,0.0017060809363067
0.0,3.2714280307336e-05,0.0016808806750725
0.0,3.22310626637325e-05,0.0016560526430525
0.0,3.17549825542274e-05,0.0016315913421058
0.0,3.12859345513901e-05,0.0016074913553035
0.0,3.08238147850477e-05,0.0015837473457297
0.0,3.03685209192689e-05,0.001560354055299
0.0,2.9919952129729e-05,0.0015373063035924
0.0,2.94780090813428e-05,0.0015145989867101
0.0,2.90425939063026e-05,0.0014922270761413
0.0,2.86136101823875e-05,0.0014701856176506
0.0,2.81909629116124e-05,0.0014484697301806
0.0,2.77745584991961e-05,0.0014270746047715
0.0,2.73643047328312e-05,0.0014059955034958
0.0,2.696011076226e-05,0.0013852277584092
0.0,2.65618870791684e-05,0.0013647667705171
0.0,2.61695454973447e-05,0.0013446080087556
0.0,2.57829991331723e-05,0.0013247470089888
0.0,2.54021623863725e-05,0.0013051793730195
0.0,2.50269509210633e-05,0.001285900767616
0.0,2.46572816470659e-05,0.0012669069235517
0.0,2.42930727015183e-05,0.0012481936346605
0.0,2.39342434307423e-05,0.0012297567569046
0.0,2.35807143723829e-05,0.0012115922074574
0.0,2.32324072378092e-05,0.0011936959637989
0.0,2.28892448947866e-05,0.0011760640628253
0.0,2.25511513503793e-05,0.0011586925999711
0.0,2.2218051734137e-05,0.0011415777283445
0.0,2.18898722815098e-05,0.0011247156578757
0.0,2.15665403175119e-05,0.0011081026544774
0.0,2.1247984240625e-05,0.0010917350392179
0.0,2.0934133506954e-05,0.0010756091875063
0.0,2.06249186145892e-05,0.0010597215282902
0.0,2.03202710882238e-05,0.0010440685432647
0.0,2.0020123463995e-05,0.0010286467660929
0.0,1.97244092745349e-05,0.0010134527816391
0.0,1.94330630342542e-05,0.0009984832252116
0.0,1.91460202248403e-05,0.0009837347818184
0.0,1.88632172809754e-05,0.0009692041854326
0.0,1.85845915762466e-05,0.0009548882182693
0.0,1.83100814093017e-05,0.0009407837100729
0.0,1.80396259901513e-05,0.0009268875374153
0.0,1.77731654267353e-05,0.0009131966230041
0.0,1.75106407116522e-05,0.000899707935001
0.0,1.72519937090866e-05,0.0008864184863506
0.0,1.69971671419352e-05,0.0008733253341188
0.0,1.67461045791333e-05,0.0008604255788411
0.0,1.64987504231457e-05,0.0008477163638807
0.0,1.62550498976587e-05,0.0008351948747956
0.0,1.60149490354543e-05,0.0008228583387155
0.0,1.57783946664568e-05,0.0008107040237278
0.0,1.55453344059548e-05,0.0007987292382725
0.0,1.53157166430089e-05,0.0007869313305464
0.0,1.50894905290074e-05,0.0007753076879154
0.0,1.48666059664217e-05,0.0007638557363365
0.0,1.46470135977093e-05,0.0007525729397872
0.0,1.44306647943734e-05,0.0007414567997045
0.0,1.42175116462067e-05,0.0007305048544311
0.0,1.40075069506741e-05,0.0007197146786705
0.0,1.38006042024602e-05,0.00070908388295
0.0,1.35967575831761e-05,0.0006986101130912
0.0,1.33959219512066e-05,0.0006882910496892
0.0,1.3198052831718e-05,0.0006781244075984
0.0,1.30031064068063e-05,0.000668107935427
0.0,1.28110395057977e-05,0.0006582394150379
0.0,1.26218095956813e-05,0.0006485166610579
1.77635683940025e-13,1.24353748019151e-05,0.0006389375203937
1.0,0.170112251693747,0.021601112876568757
1.0,0.163135268746845,0.07807177282549793
1.0,0.142976999409283,0.1843311547791219
1.0,0.117001729413497,0.3668093268993916
1.0,0.0904594670553702,0.5223715549941375
1.0,0.0666740883516473,0.6740240955993785
1.0,0.0473854332851471,0.7927449611764259
1.0,0.0331469028958575,0.8774953835825398
1.0,0.0237109761327319,0.9319594738688808
1.0,0.0183621263019531,0.9746572876060989
1.0,0.0161781488139239,0.970955958981582
1.0,0.0162164938773145,0.9778672503683997
1.0,0.0176322647991055,0.9891594129104189
1.0,0.0197400097660104,0.9648695384985605
1.0,0.0220334084096965,0.9328403534871942
1.0,0.0241765291295257,0.9478281290328794
1.0,0.0259784691715156,0.940692908539329
1.0,0.0273606508999258,0.9136610659949301
1.0,0.0283233875663286,0.9177295818939902
1.0,0.0289159075468174,0.9118312018047875
1.0,0.0292120316365422,0.905582251913295
1.0,0.0292922037302346,0.9049104295251362
1.0,0.0292315661034898,0.9262920057115569
1.0,0.0290931804896558,0.9324671031212143
1.0,0.0289252352029081,0.9200817297061042
1.0,0.0287610523326478,0.9273546290590875
1.0,0.0286208315183761,0.9273518683427925
1.0,0.0285142672409132,0.941964617819692
1.0,0.0284434019058023,0.9343844329936185
1.0,0.0284052914288899,0.9410631179672461
1.0,0.0283942426128507,0.9093690401435037
1.0,0.0284035230548618,0.9454921856448292
1.0,0.0284265437083162,0.9271341056114875
1.0,0.0284575758732684,0.9317344514954078
1.0,0.0284920954172319,0.9271241056775144
1.0,0.0285268554223179,0.9249345035910715
1.0,0.0285597818235974,0.9511957479360126
1.0,0.028589771425132,0.9432416661364069
1.0,0.0286164529739454,0.9320130904022721
1.0,0.0286399532657187,0.9390957866729802
1.0,0.0286606937378948,0.9276697744743204
1.0,0.0286792297782907,0.9403838550780864
1.0,0.0286961353390065,0.9509705900541505
1.0,0.0287119291619606,0.9456988838048231
1.0,0.0287270354556635,0.9406789729695366
1.0,0.0287417705495479,0.939817062437102
1.0,0.0287563472286729,0.9614064934702952
1.0,0.0287708895319001,0.957481389779247
1.0,0.0287854523112987,0.94491817406615
1.0,0.0288000414575327,0.9567718000291745
1.0,0.0288146321722391,0.9530749032203352
1.0,0.0288291838908334,0.9602272276480645
1.0,0.0288436513810708,0.9438949882769934
1.0,0.0288579921702725,0.9566174906732516
1.0,0.028872170825623,0.9353753105827197
1.0,0.0288861607811179,0.9725257309481885
1.0,0.0288999444285565,0.94595431264931
1.0,0.0289135121208173,0.9489119330766613
1.0,0.0289268606169071,0.9451797783119535
1.0,0.0289399913626334,0.9495542853682913
1.0,0.0289529088705163,0.9545659123844693
1.0,0.0289656193508954,0.9455039316151846
1.0,0.028978129659132,0.9560881480889674
1.0,0.0289904465621897,0.9680724260495364
1.0,0.0290025762892685,0.960927986462341
1.0,0.0290145243113298,0.9641127747438998
1.0,0.0290262952885143,0.9572952082747607
1.0,0.0290378931279511,0.9579710507340026
1.0,0.0290493211033662,0.9607300685152332
1.0,0.0290605819991085,0.9402769444517236
1.0,0.0290716782525375,0.9576905866970274
1.0,0.0290826120788017,0.9553842539970536
1.0,0.0290933855701465,0.9768640539730814
1.0,0.0291040007678682,0.9756598553077483
1.0,0.0291144597089301,0.9708928185086192
1.0,0.0291247644514643,0.9693491353724589
1.0,0.0291349170842452,0.960393912937739
1.0,0.029144919725169,0.9645817541486499
1.0,0.0291547745131415,0.9741758291217768
1.0,0.0291644835968858,0.9801696749476487
1.0,0.0291740491231982,0.9789347174216063
1.0,0.029183473226293,0.9648239342589833
1.0,0.0291927580191187,0.9692504118745275
1.0,0.0292019055869717,0.989319065580496
1.0,0.0292109179833289,0.9623140202277626
1.0,0.0292197972275974,0.973874045673989
1.0,0.0292285453043688,0.9703396765102404
1.0,0.0292371641637403,0.9664467247513693
1.0,0.0292456557223111,0.9693351117016274
1.0,0.0292540218645283,0.9761421534863686
1.0,0.0292622644441394,0.9780660880503249
1.0,0.0292703852855891,0.970642598242091
1.0,0.0292783861852588,0.9734542475288145
1.0,0.0292862689125144,0.9580490681150757
1.0,0.0292940352105568,0.9658833261990187
1.0,0.0293016867970859,0.984515871131423
1.0,0.0293092253648268,0.9676561050267413
1.0,0.0293166525819408,0.9759462423614819
1.0,0.0293239700923662,0.9856130270238745
1.0,0.02933117951611,0.9829377804234869
1.0,0.0293382824495221,0.975657291813981
1.0,0.0293452804655632,0.976016854229498
1.0,0.0293521751140773,0.976371105608942
1.0,0.0293589679220729,0.97672012439965
1.0,0.0293656603940182,0.97706398789016
1.0,0.029372254012145,0.977402772227497
1.0,0.0293787502367606,0.977736552434124
1.0,0.0293851505065663,0.978065402424592
1.0,0.0293914562389765,0.978389395021893
1.0,0.0293976688304363,0.978708601973561
1.0,0.0294037896567398,0.97902309396751
1.0,0.0294098200733399,0.979332940647644
1.0,0.0294157614156572,0.979638210629241
1.0,0.0294216149993793,0.979938971514106
1.0,0.0294273821207596,0.980235289905526
1.0,0.0294330640569036,0.98052723142299
1.0,0.0294386620660549,0.980814860716724
1.0,0.0294441773878762,0.981098241481992
1.0,0.0294496112437213,0.981377436473205
1.0,0.029454964836906,0.981652507517825
1.0,0.0294602393529766,0.981923515530052
1.0,0.0294654359599675,0.982190520524321
1.0,0.0294705558086616,0.982453581628597
1.0,0.0294756000328464,0.982712757097471
1.0,0.0294805697495601,0.982968104325061
1.0,0.0294854660593435,0.983219679857728
1.0,0.0294902900464795,0.983467539406594
1.0,0.0294950427792369,0.983711737859883
1.0,0.0294997253101033,0.983952329295073
1.0,0.0295043386760208,0.984189366990877
1.0,0.0295088838986146,0.984422903439036
1.0,0.0295133619844195,0.984652990355942
1.0,0.0295177739251029,0.984879678694097
1.0,0.0295221206976837,0.985103018653388
1.0,0.0295264032647506,0.98532305969221
1.0,0.0295306225746732,0.985539850538415
1.0,0.0295347795618128,0.985753439200102
1.0,0.0295388751467294,0.985963872976251
1.0,0.029542910236386,0.986171198467196
1.0,0.029546885724349,0.986375461584944
1.0,0.0295508024909854,0.986576707563342
1.0,0.0295546614036597,0.986774980968095
1.0,0.0295584633169237,0.986970325706634
1.0,0.0295622090727066,0.987162785037842
1.0,0.0295658995005024,0.98735240158163
1.0,0.029569535417552,0.987539217328378
1.0,0.0295731176290255,0.98772327364823
1.0,0.0295766469281999,0.987904611300262
1.0,0.0295801240966347,0.988083270441499
1.0,0.0295835499043451,0.988259290635817
1.0,0.0295869251099723,0.988432710862698
1.0,0.029590250460952,0.988603569525865
1.0,0.02959352669368,0.988771904461784
1.0,0.0295967545336739,0.988937752948045
1.0,0.0295999346957359,0.989101151711618
1.0,0.0296030678841088,0.989262136936981
1.0,0.0296061547926343,0.989420744274141
1.0,0.0296091961049054,0.989577008846519
1.0,0.0296121924944164,0.989730965258738
1.0,0.0296151446247153,0.98988264760428
1.0,0.029618053149548,0.990032089473036
1.0,0.0296209187130041,0.990179323958747
1.0,0.0296237419496592,0.990324383666331
1.0,0.0296265234847168,0.990467300719105
1.0,0.0296292639341442,0.990608106765895
1.0,0.0296319639048115,0.990746832988049
1.0,0.0296346239946237,0.99088351010634
1.0,0.0296372447926552,0.991018168387767
1.0,0.0296398268792786,0.991150837652263
1.0,0.0296423708262945,0.991281547279292
1.0,0.0296448771970572,0.991410326214362
1.0,0.0296473465465996,0.991537202975427
1.0,0.0296497794217569,0.991662205659211
1.0,0.0296521763612865,0.991785361947423
1.0,0.0296545378959876,0.991906699112891
1.0,0.02965686454882,0.992026244025598
1.0,0.0296591568350184,0.992144023158637
1.0,0.029661415262207,0.99226006259407
1.0,0.0296636403305124,0.992374388028705
1.0,0.0296658325326731,0.992487024779786
1.0,0.0296679923541501,0.992597997790601
1.0,0.0296701202732332,0.992707331636003
1.0,0.0296722167611487,0.992815050527854
1.0,0.029674282282161,0.992921178320387
1.0,0.0296763172936774,0.993025738515486
1.0,0.029678322246349,0.993128754267896
1.0,0.0296802975841706,0.993230248390343
1.0,0.0296822437445787,0.99333024335859
1.0,0.0296841611585485,0.993428761316417
1.0,0.029686050250689,0.993525824080518
1.0,0.0296879114393376,0.993621453145339
1.0,0.0296897451366525,0.993715669687832
1.0,0.0296915517487042,0.993808494572149
1.0,0.0296933316755648,0.993899948354261
1.0,0.0296950853113978,0.99399005128651
1.0,0.029696813044543,0.994078823322092
1.0,0.0296985152576053,0.99416628411948
1.0,0.029700192327538,0.994252453046773
1.0,0.0297018446257269,0.994337349185986
1.0,0.0297034725180714,0.994420991337278
1.0,0.0297050763650666,0.994503398023113
1.0,0.0297066565218824,0.994584587492364
1.0,0.0297082133384428,0.994664577724351
1.0,0.0297097471595034,0.994743386432824
1.0,0.0297112583247268,0.994821031069887
1.0,0.0297127471687595,0.994897528829861
1.0,0.0297142140213043,0.994972896653094
1.0,0.0297156592071934,0.995047151229707
1.0,0.0297170830464626,0.995120309003297
1.0,0.0297184858544193,0.995192386174574
1.0,0.0297198679417132,0.995263398704951
1.0,0.0297212296144069,0.995333362320075
1.0,0.029722571174041,0.995402292513313
1.0,0.0297238929177024,0.995470204549183
1.0,0.0297251951380892,0.995537113466731
1.0,0.0297264781235782,0.995603034082865
1.0,0.029727742158284,0.995667980995636
1.0,0.0297289875221258,0.995731968587465
1.0,0.0297302144908886,0.995795011028338
1.0,0.0297314233362826,0.995857122278934
1.0,0.0297326143260062,0.995918316093724
1.0,0.029733787723802,0.99597860602401
1.0,0.0297349437895178,0.996038005420935
1.0,0.0297360827791635,0.996096527438429
1.0,0.0297372049449667,0.996154185036131
1.0,0.0297383105354303,0.996210990982253
1.0,0.0297393997953856,0.996266957856411
1.0,0.0297404729660482,0.99632209805241
1.0,0.029741530285071,0.996376423780985
1.0,0.0297425719865954,0.996429947072511
1.0,0.0297435983013059,0.996482679779664
1.0,0.0297446094564782,0.996534633580044
1.0,0.0297456056760317,0.996585819978764
1.0,0.0297465871805784,0.996636250310998
1.0,0.0297475541874708,0.996685935744487
1.0,0.0297485069108523,0.996734887282019
1.0,0.0297494455617018,0.996783115763858
1.0,0.0297503703478825,0.99683063187015
1.0,0.029751281474188,0.996877446123284
1.0,0.029752179142386,0.996923568890226
1.0,0.0297530635512639,0.996969010384815
1.0,0.0297539348966729,0.99701378067002
1.0,0.0297547933715721,0.997057889660172
1.0,0.0297556391660696,0.997101347123159
1.0,0.0297564724674653,0.997144162682591
1.0,0.0297572934602932,0.997186345819926
1.0,0.0297581023263613,0.997227905876575
1.0,0.0297588992447924,0.997268852055968
1.0,0.0297596843920627,0.997309193425592
1.0,0.0297604579420427,0.997348938918998
1.0,0.0297612200660335,0.997388097337786
1.0,0.0297619709328076,0.997426677353543
1.0,0.0297627107086429,0.997464687509773
0.0,-0.140336560442638,1.0184737492285887
0.0,-0.133359040380632,0.9600370229888447
0.0,-0.113200241861609,0.7982977538134709
0.0,-0.0872244505008211,0.6487937517193386
0.0,-0.0606816744786933,0.4711720011559375
0.0,-0.0368957896982223,0.3275399754269815
0.0,-0.0176066360301563,0.20870850003939984
0.0,-0.0033676144040681,0.1191952544608347
0.0,0.0060687963398716,0.058732259823456395
0.0,0.0114181230026575,0.03644982491730224
0.0,0.0136025702794811,0.006049825691232691
0.0,0.0135646880657061,0.012831572400675225
0.0,0.0121493731568495,0.04019184622404222
0.0,0.0100420774671814,0.03984171221956176
0.0,0.0077491214645266,0.03354111368627789
0.0,0.0056064368475453,0.07206706211998892
0.0,0.0038049264667947,0.08407106214434923
0.0,0.002423168053163,0.07092799862374716
0.0,0.0014608484488209,0.08372496166792288
0.0,0.0008687393700329,0.08205845692210541
0.0,0.0005730201126425,0.0764867970528752
0.0,0.0004932468715681,0.0739420329150148
0.0,0.0005542774595393,0.09182592124601283
0.0,0.0006930502302296,0.09364679556324743
0.0,0.0008613769551987,0.07663135071630787
0.0,0.0010259356295147,0.0793946646289327
0.0,0.0011665266968976,0.07523832377595208
0.0,0.0012734557585195,0.08616162343334693
0.0,0.0013446804896183,0.0753724927993501
0.0,0.0013831450539354,0.07928021005583681
0.0,0.001394542727208,0.045178993212930466
0.0,0.0013856059895135,0.0791736808136744
0.0,0.0013629239635716,0.05888376358411658
0.0,0.0013322254243167,0.06167829913225595
0.0,0.0012980345781158,0.05533290109085434
0.0,0.001263598415648,0.05143966314548423
0.0,0.0012309910735569,0.07600378401375504
0.0,0.0012013158184366,0.06634601235898871
0.0,0.0011749439728739,0.053402922956147035
0.0,0.0011517488097726,0.05876195034809948
0.0,0.0011313089592587,0.045608219539208586
0.0,0.0011130691000886,0.05659712820519721
0.0,0.0010964553457507,0.06546794401781546
0.0,0.0010809490189471,0.05849551794873239
0.0,0.0010661259748329,0.05179482382252386
0.0,0.001051669946701,0.049275457320822676
0.0,0.0010373682112906,0.06923287723620994
0.0,0.0010230967906264,0.06370224649840686
0.0,0.0010088008926256,0.04956019644424799
0.0,0.0009944746857253,0.05986131029954538
0.0,0.0009801430265153,0.054637498412279585
0.0,0.0009658465369488,0.06028760615349135
0.0,0.00095163050579,0.042476909766433674
0.0,0.0009375374614033,0.05374382399936451
0.0,0.0009236028914668,0.03106813122202407
0.0,0.0009098534160373,0.06680643831961859
0.0,0.0008963066965698,0.038843746571393764
0.0,0.0008829724326531,0.04043047658837255
0.0,0.0008698539169733,0.03534744051817767
0.0,0.0008569497546512,0.038390762706032186
0.0,0.0008442554833438,0.042090629831821096
0.0,0.0008317649421464,0.03173606712675568
0.0,0.0008194713244039,0.04104664425043089
0.0,0.0008073679111377,0.051775992916890154
0.0,0.0007954485204256,0.04339509907080126
0.0,0.0007837077278844,0.045361668065462185
0.0,0.0007721409192644,0.03734387164044016
0.0,0.0007607442326493,0.0368372230275356
0.0,0.0007495144388584,0.0384312348521775
0.0,0.0007384487974297,0.016830334606583064
0.0,0.0007275449142423,0.03311317523038818
0.0,0.0007168006167487,0.029692761847663597
0.0,0.0007062138546738,0.05007495119134552
0.0,0.0006957826280722,0.04778936459016407
0.0,0.0006855049407211,0.04195691922209057
0.0,0.000675378774627,0.0393635678121528
0.0,0.0006654020805608,0.02937418262620431
0.0,0.0006555727795882,0.03254313604621843
0.0,0.0006458887711885,0.04113337167224879
0.0,0.0006363479444579,0.0461382039257137
0.0,0.0006269481898603,0.04392883957881253
0.0,0.000617687409892,0.0288580407843413
0.0,0.0006085635277718,0.03233868169603504
0.0,0.0005995744938367,0.05147546853714553
0.0,0.0005907182897172,0.023552320140308426
0.0,0.0005819929305945,0.034207803338659235
0.0,0.0005733964659548,0.029782252634346244
0.0,0.0005649269792755,0.025011282844335816
0.0,0.0005565825870358,0.02703462093010339
0.0,0.0005483614373783,0.03298939149811849
0.0,0.0005402617086636,0.03407364376867901
0.0,0.0005322816080818,0.025822874630755176
0.0,0.0005244193704183,0.027819464325736763
0.0,0.0005166732570127,0.011611264533574143
0.0,0.0005090415549188,0.018654363594379827
0.0,0.0005015225762415,0.03650743563142519
0.0,0.0004941146576223,0.01887971012498079
0.0,0.0004868161598314,0.026413231472831637
0.0,0.0004796254674361,0.03533457600182491
0.0,0.0004725409885126,0.03192490003946741
0.0,0.0004655611543797,0.0239208301990403
0.0,0.0004586844193368,0.0235674992789081
0.0,0.0004519092603982,0.0232193873503817
0.0,0.0004452341770159,0.022876417325698
0.0,0.0004386576907916,0.0225385132558117
0.0,0.0004321783451786,0.022205600313406
0.0,0.0004257947051744,0.021877604776231
0.0,0.00041950535701,0.0215544540107462
0.0,0.0004133089078346,0.0212360764560447
0.0,0.0004072039854034,0.0209224016080392
0.0,0.0004011892377661,0.0206133600038934
0.0,0.0003952633329603,0.0203088832066855
0.0,0.0003894249587097,0.0200089037902942
0.0,0.0003836728221281,0.0197133553245021
0.0,0.0003780056494286,0.0194221723603098
0.0,0.0003724221856388,0.0191352904154595
0.0,0.000366921194321,0.0188526459601654
0.0,0.000361501457298,0.0185741764030493
0.0,0.0003561617743828,0.0182998200772803
0.0,0.0003509009631133,0.0180295162269165
0.0,0.0003457178584911,0.0177632049934469
0.0,0.000340611312724,0.0175008274025323
0.0,0.0003355801949725,0.0172423253509414
0.0,0.0003306233910999,0.0169876415936809
0.0,0.0003257398034258,0.0167367197313164
0.0,0.0003209283504835,0.016489504197481
0.0,0.0003161879667807,0.0162459402465691
0.0,0.0003115176025634,0.0160059739416127
0.0,0.0003069162235837,0.0157695521423366
0.0,0.0003023828108708,0.0155366224933913
0.0,0.0002979163605049,0.0153071334127586
0.0,0.0002935158833954,0.0150810340803295
0.0,0.0002891804050613,0.0148582744266503
0.0,0.0002849089654157,0.0146388051218352
0.0,0.0002807006185531,0.0144225775646425
0.0,0.0002765544325396,0.0142095438717117
0.0,0.000272469489207,0.0139996568669606
0.0,0.000268444883949,0.0137928700711374
0.0,0.0002644797255213,0.0135891376915286
0.0,0.0002605731358437,0.0133884146118179
0.0,0.0002567242498064,0.0131906563820956
0.0,0.0002529322150777,0.0129958192090146
0.0,0.0002491961919154,0.0128038599460929
0.0,0.0002455153529813,0.0126147360841586
0.0,0.0002418888831577,0.0124284057419364
0.0,0.0002383159793666,0.0122448276567728
0.0,0.0002347958503924,0.0120639611754988
0.0,0.0002313277167062,0.011885766245427
0.0,0.0002279108102936,0.0117102034054823
0.0,0.0002245443744843,0.0115372337774628
0.0,0.0002212276637848,0.0113668190574311
0.0,0.0002179599437131,0.0111989215072308
0.0,0.000214740490636,0.0110335039461304
0.0,0.0002115685916092,0.0108705297425894
0.0,0.000208443544219,0.0107099628061459
0.0,0.000205364656427,0.0105517675794249
0.0,0.0002023312464169,0.0103959090302639
0.0,0.0001993426424433,0.0102423526439551
0.0,0.000196398182683,0.0100910644156022
0.0,0.0001934972150887,0.0099420108425901
0.0,0.0001906390972442,0.0097951589171657
0.0,0.0001878231962223,0.0096504761191284
0.0,0.0001850488884447,0.0095079304086284
0.0,0.0001823155595442,0.0093674902190717
0.0,0.0001796226042278,0.0092291244501297
0.0,0.0001769694261436,0.0090928024608519
0.0,0.0001743554377481,0.0089584940628808
0.0,0.0001717800601764,0.0088261695137663
0.0,0.0001692427231139,0.0086957995103796
0.0,0.0001667428646701,0.008567355182424
0.0,0.000164279931254,0.0084408080860415
0.0,0.0001618533774516,0.0083161301975138
0.0,0.0001594626659053,0.008193293907057
0.0,0.0001571072671945,0.008072272012707
0.0,0.0001547866597187,0.0079530377142955
0.0,0.0001525003295819,0.0078355646075157
0.0,0.0001502477704788,0.0077198266780748
0.0,0.0001480284835825,0.0076057982959328
0.0,0.0001458419774344,0.0074934542096276
0.0,0.0001436877678351,0.0073827695406823
0.0,0.000141565377737,0.0072737197780961
0.0,0.0001394743371394,0.0071662807729167
0.0,0.0001374141829834,0.0070604287328921
0.0,0.0001353844590502,0.0069561402172022
0.0,0.0001333847158595,0.0068533921312675
0.0,0.0001314145105704,0.0067521617216351
0.0,0.0001294734068831,0.0066524265709399
0.0,0.0001275609749422,0.0065541645929402
0.0,0.0001256767912418,0.0064573540276269
0.0,0.0001238204385313,0.0063619734364047
0.0,0.0001219915057235,0.0062680016973444
0.0,0.0001201895878032,0.0061754180005056
0.0,0.0001184142857377,0.0060842018433284
0.0,0.0001166652063881,0.0059943330260932
0.0,0.0001149419624227,0.0059057916474472
0.0,0.000113244172231,0.0058185580999974
0.0,0.0001115714598393,0.0057326130659689
0.0,0.0001099234548271,0.0056479375129264
0.0,0.0001082997922455,0.00556451268956
0.0,0.0001067001125363,0.0054823201215325
0.0,0.0001051240614519,0.0054013416073881
0.0,0.0001035712899777,0.0053215592145223
0.0,0.0001020414542541,0.0052429552752101
0.0,0.0001005342155005,0.0051655123826938
0.0,9.90492399406684e-05,0.0050892133873283
0.0,9.75861987282459e-05,0.0050140413927834
0.0,9.61447678743677e-05,0.0049399797523018
0.0,9.47246281757311e-05,0.0048670120650131
0.0,9.33254651439216e-05,0.0047951221723015
0.0,9.1946968935816e-05,0.0047242941542279
0.0,9.05888342848868e-05,0.0046545123260038
0.0,8.92507604337081e-05,0.0045857612345186
0.0,8.7932451067238e-05,0.0045180256549173
0.0,8.66336142473015e-05,0.0044512905872286
0.0,8.53539623478991e-05,0.0043855412530439
0.0,8.40932119914664e-05,0.0043207630922438
0.0,8.28510839862226e-05,0.0042569417597744
0.0,8.16273032642409e-05,0.0041940631224705
0.0,8.04215988206083e-05,0.0041321132559257
0.0,7.92337036533836e-05,0.0040710784414086
0.0,7.80633547044357e-05,0.0040109451628254
0.0,7.69102928012758e-05,0.0039517001037263
0.0,7.57742625995678e-05,0.0038933301443569
0.0,7.46550125266671e-05,0.0038358223587526
0.0,7.35522947258385e-05,0.0037791640118762
0.0,7.24658650014254e-05,0.0037233425567978
0.0,7.1395482764719e-05,0.0036683456319163
0.0,7.03409109807443e-05,0.0036141610582221
0.0,6.93019161157049e-05,0.0035607768365997
0.0,6.8278268085302e-05,0.0035081811451706
0.0,6.72697402038028e-05,0.0034563623366757
0.0,6.62761091337824e-05,0.0034053089358958
0.0,6.52971548366979e-05,0.0033550096371102
0.0,6.43326605242051e-05,0.0033054533015934
0.0,6.3382412610051e-05,0.0032566289551483
0.0,6.2446200662869e-05,0.003208525785676
0.0,6.1523817359535e-05,0.0031611331407815
0.0,6.06150584392534e-05,0.0031144405254146
0.0,5.97197226583426e-05,0.003068437599546
0.0,5.8837611745674e-05,0.0030231141758772
0.0,5.79685303587207e-05,0.0029784602175851
0.0,5.71122860403353e-05,0.0029344658360985
0.0,5.62686891761588e-05,0.0028911212889092
0.0,5.54375529525711e-05,0.0028484169774139
0.0,5.4618693315342e-05,0.0028063434447888
0.0,5.3811928928886e-05,0.0027648913738955
0.0,5.30170811361141e-05,0.0027240515852175
0.0,5.22339739188193e-05,0.0026838150348276
0.0,5.14624338587635e-05,0.0026441728123851
0.0,5.0702290099236e-05,0.0026051161391626
0.0,4.99533743072121e-05,0.0025666363661019
0.0,4.9215520636095e-05,0.0025287249718986
0.0,4.84885656889915e-05,0.0024913735611155
0.0,4.77723484825117e-05,0.0024545738623228
0.0,4.70667104111207e-05,0.0024183177262668
0.0,4.6371495212038e-05,0.0023825971240654
0.0,4.56865489305951e-05,0.0023474041454297
0.0,4.5011719886176e-05,0.0023127309969124
0.0,4.43468586386296e-05,0.0022785700001822
0.0,4.36918179551361e-05,0.0022449135903232
0.0,4.30464527776467e-05,0.0022117543141597
0.0,4.24106201907422e-05,0.0021790848286056
0.0,4.17841793899781e-05,0.0021468978990387
0.0,4.11669916507117e-05,0.0021151863976981
0.0,4.05589202973865e-05,0.0020839433021059
0.0,3.99598306732515e-05,0.0020531616935123
0.0,3.93695901105655e-05,0.0020228347553633
0.0,3.87880679011791e-05,0.0019929557717911
0.0,3.82151352676351e-05,0.001963518126127
0.0,3.76506653346174e-05,0.001934515299436
0.0,3.709453310086e-05,0.0019059408690735
0.0,3.65466154114841e-05,0.0018777885072626
0.0,3.60067909307149e-05,0.0018500519796931
0.0,3.54749401149969e-05,0.001822725144141
0.0,3.4950945186539e-05,0.0017958019491078
0.0,3.44346901072282e-05,0.0017692764324812
0.0,3.39260605529378e-05,0.001743142720214
0.0,3.34249438881939e-05,0.0017173950250238
0.0,3.2931229141258e-05,0.0016920276451112
0.0,3.24448069795244e-05,0.0016670349628973
0.0,3.19655696853424e-05,0.0016424114437795
0.0,3.14934111321184e-05,0.0016181516349062
0.0,3.10282267608521e-05,0.0015942501639687
0.0,3.05699135569673e-05,0.001570701738012
0.0,3.01183700274939e-05,0.0015475011422627
0.0,2.96734961786095e-05,0.0015246432389737
0.0,2.92351934934841e-05,0.0015021229662871
0.0,2.88033649104465e-05,0.0014799353371127
0.0,2.83779148015362e-05,0.0014580754380239
0.0,2.79587489512741e-05,0.0014365384281696
0.0,2.75457745358386e-05,0.0014153195382023
0.0,2.7138900102492e-05,0.0013944140692216
0.0,2.67380355493309e-05,0.0013738173917339
0.0,2.63430921053284e-05,0.0013535249446272
1.0,0.170125953982311,0.02230514523896456
1.0,0.163148768640997,0.07876540603326063
1.0,0.142990299898559,0.18501454243658588
1.0,0.117014833443276,0.3674826203420226
1.0,0.0904723775275235,0.5230349033220465
1.0,0.0666868081251855,0.6746776457103395
1.0,0.04739796517685,0.7933888577984078
1.0,0.0331592496808989,0.8781297693057547
1.0,0.0237231405452945,0.9325844891773628
1.0,0.0183741110358328,0.975273070908814
1.0,0.0161899565231276,0.971562646643077
1.0,0.0162281271766466,0.9784649767390037
1.0,0.0176437262647477,0.9897483103559909
1.0,0.0197513019360921,0.9654497374298054
1.0,0.0220445337848566,0.9334119823885392
1.0,0.0241874901734669,0.9483913144909274
1.0,0.0259892683115489,0.941247775270895
1.0,0.0273712905275094,0.9142077368746522
1.0,0.0283338700375962,0.9182681779815471
1.0,0.0289262351831012,0.9123618423717015
1.0,0.029222206724886,0.90610505446935
1.0,0.0293022285239005,0.9054255098443922
1.0,0.0292414428224579,0.9267994778579979
1.0,0.0291029113211148,0.9329670794739993
1.0,0.0289348223017402,0.9205743209844582
1.0,0.0287704978219053,0.9278399443468165
1.0,0.028630137489753,0.9278300151124445
1.0,0.0285234357552065,0.942435701956355
1.0,0.0284524349933698,0.9348485588183665
1.0,0.0284141910900991,0.9415203882602421
1.0,0.0284030108185218,0.9098195561667628
1.0,0.0284121617467046,0.9459360471646382
1.0,0.0284350547993597,0.9275714109205014
1.0,0.0284659612482845,0.9321652974344159
1.0,0.0285003569331532,0.9275485876568863
1.0,0.028534994908648,0.9253527156118836
1.0,0.0285678010828165,0.9516077826108675
1.0,0.0285976722330965,0.943647614709939
1.0,0.0286242370802809,0.9324130427713562
1.0,0.0286476223942067,0.9394898314066362
1.0,0.0286682495868562,0.9280579988333304
1.0,0.0286866740209595,0.9407663450343154
1.0,0.0287034696239026,0.9513474303095876
1.0,0.0287191551132535,0.9460701578103371
1.0,0.0287341546735322,0.9410447629433567
1.0,0.0287487846105354,0.940177449383022
1.0,0.0287632576860357,0.9617615571956172
1.0,0.0287776979159515,0.95783120891245
1.0,0.0287921601297478,0.945262826074304
1.0,0.0288066501958189,0.9571113612350954
1.0,0.0288211432938605,0.9534094488194862
1.0,0.0288355988376705,0.9605568317252084
1.0,0.0288499715737067,0.9442197238225973
1.0,0.0288642190083068,0.9569374295996537
1.0,0.0288783056879829,0.9356905237400487
1.0,0.028892205026362,0.9728362881400585
1.0,0.0289058993951761,0.946260282648277
1.0,0.0289193791275337,0.9492133836394514
1.0,0.028932640962962,0.9454767761944686
1.0,0.0289456863280788,0.9498468963403934
1.0,0.0289585197164957,0.9548542012445433
1.0,0.028971147319925,0.9457879622044857
1.0,0.0289835759753743,0.9563679833057654
1.0,0.028995812431726,0.9683481278630384
1.0,0.0290078629003641,0.961199615926417
1.0,0.0290197328346995,0.9643803920106008
1.0,0.0290314268775798,0.9575588726076426
1.0,0.0290429489190973,0.9582308205212466
1.0,0.0290543022161931,0.9609860012825802
1.0,0.0290654895366773,0.9405290968752076
1.0,0.029076513301618,0.9579390146155324
1.0,0.02908737571011,0.9556290124246736
1.0,0.0290980788385833,0.9771051971113064
1.0,0.029108624712753,0.9758974365574664
1.0,0.0291190153542304,0.9711268904819442
1.0,0.029129252806023,0.9695797499043749
1.0,0.0291393391420034,0.960621121097587
1.0,0.029149276465386,0.964805606251431
1.0,0.0291590669006137,0.9743963747392987
1.0,0.0291687125821576,0.9803869629194987
1.0,0.0291782156427738,0.9791487958659744
1.0,0.0291875782028437,0.9650348505833083
1.0,0.0291968023616869,0.9694582127860035
1.0,0.0292058901911725,0.98952379709641
1.0,0.0292148437315489,0.9625157276856886
1.0,0.0292236649891895,0.974072773741826
1.0,0.0292323559358447,0.9705354691961044
1.0,0.0292409185089599,0.9666396254133394
1.0,0.02924935461267,0.9695251630573495
1.0,0.0292576661191419,0.9763293976225086
1.0,0.0292658548700244,0.9782505664318959
1.0,0.0292739226778409,0.970824351721631
1.0,0.0292818713272291,0.9736333163554365
1.0,0.0292897025759848,0.9582254919433777
1.0,0.0292974181559076,0.9660571440978667
1.0,0.029305019773467,0.984687121592605
1.0,0.0293125091103223,0.9678248259734873
1.0,0.0293198878237331,0.9761124711568618
1.0,0.0293271575468952,0.9857768004790776
1.0,0.0293343198892344,0.9830991348059689
1.0,0.0293413764366741,0.975816262855495
1.0,0.0293483287519032,0.976173477134011
1.0,0.0293551783746449,0.976525415060426
1.0,0.0293619268219367,0.976872154569767
1.0,0.0293685755884237,0.977213772445828
1.0,0.0293751261466582,0.977550344338344
1.0,0.0293815799474129,0.977881944779836
1.0,0.0293879384199942,0.978208647202146
1.0,0.0293942029725607,0.978530523952691
1.0,0.0294003749924379,0.978847646310452
1.0,0.0294064558464353,0.979160084501713
1.0,0.0294124468811543,0.979467907715565
1.0,0.0294183494232938,0.979771184119191
1.0,0.0294241647799505,0.980069980872923
1.0,0.0294298942389106,0.980364364145089
1.0,0.0294355390689405,0.980654399126653
1.0,0.029441100520067,0.980940150045636
1.0,0.0294465798238557,0.981221680181339
1.0,0.0294519781936853,0.981499051878357
1.0,0.029457296825014,0.98177232656038
1.0,0.0294625368956436,0.982041564743808
1.0,0.0294676995659824,0.982306826051149
1.0,0.0294727859792976,0.982568169224232
1.0,0.029477797261972,0.982825652137212
1.0,0.0294827345237496,0.983079331809394
1.0,0.0294875988579832,0.983329264417859
1.0,0.0294923913418761,0.983575505309905
1.0,0.0294971130367199,0.983818109015307
1.0,0.0295017649881286,0.984057129258389
1.0,0.0295063482262734,0.984292618969923
1.0,0.0295108637661068,0.984524630298851
1.0,0.0295153126075911,0.98475321462383
1.0,0.029519695735917,0.984978422564614
1.0,0.0295240141217239,0.985200303993258
1.0,0.029528268721313,0.985418908045167
1.0,0.0295324604768612,0.985634283129972
1.0,0.0295365903166276,0.985846476942256
1.0,0.0295406591551612,0.98605553647211
1.0,0.0295446678935016,0.986261508015542
1.0,0.0295486174193793,0.986464437184728
1.0,0.0295525086074131,0.986664368918116
1.0,0.0295563423193019,0.98686134749037
1.0,0.0295601194040169,0.987055416522185
1.0,0.0295638406979901,0.987246618989938
1.0,0.0295675070252974,0.987434997235209
1.0,0.0295711191978438,0.987620592974158
1.0,0.0295746780155401,0.987803447306762
1.0,0.0295781842664837,0.987983600725914
1.0,0.0295816387271293,0.988161093126395
1.0,0.0295850421624635,0.988335963813707
1.0,0.0295883953261735,0.988508251512775
1.0,0.0295916989608145,0.988677994376524
1.0,0.0295949537979712,0.988845229994328
1.0,0.0295981605584259,0.989009995400335
1.0,0.0296013199523106,0.989172327081665
1.0,0.0296044326792702,0.989332260986496
1.0,0.0296074994286146,0.989489832532017
1.0,0.0296105208794726,0.989645076612279
1.0,0.0296134977009408,0.989798027605914
1.0,0.0296164305522333,0.989948719383757
1.0,0.0296193200828265,0.990097185316338
1.0,0.0296221669326042,0.990243458281279
1.0,0.0296249717319987,0.990387570670569
1.0,0.0296277351021286,0.990529554397743
1.0,0.0296304576549402,0.990669440904944
1.0,0.0296331399933392,0.990807261169887
1.0,0.0296357827113276,0.990943045712723
1.0,0.0296383863941312,0.991076824602791
1.0,0.0296409516183336,0.991208627465282
1.0,0.0296434789520006,0.9913384834878
1.0,0.0296459689548076,0.99146642142682
1.0,0.0296484221781628,0.99159246961406
1.0,0.0296508391653301,0.991716655962756
1.0,0.0296532204515489,0.991839007973841
1.0,0.0296555665641522,0.991959552742036
1.0,0.0296578780226844,0.99207831696185
1.0,0.0296601553390146,0.992195326933492
1.0,0.0296623990174532,0.992310608568693
1.0,0.0296646095548596,0.992424187396449
1.0,0.0296667874407555,0.992536088568666
1.0,0.0296689331574307,0.992646336865741
1.0,0.0296710471800523,0.992754956702038
1.0,0.0296731299767685,0.992861972131304
1.0,0.0296751820088121,0.99296740685199
1.0,0.0296772037306035,0.993071284212502
1.0,0.0296791955898505,0.993173627216369
1.0,0.0296811580276493,0.993274458527339
1.0,0.0296830914785777,0.993373800474398
1.0,0.0296849963707977,0.993471675056712
1.0,0.0296868731261455,0.993568103948502
1.0,0.0296887221602264,0.993663108503843
1.0,0.0296905438825066,0.99375670976139
1.0,0.0296923386964052,0.993848928449042
1.0,0.0296941069993817,0.993939784988528
1.0,0.0296958491830239,0.994029299499929
1.0,0.029697565633138,0.994117491806139
1.0,0.0296992567298291,0.994204381437248
1.0,0.0297009228475891,0.994289987634872
1.0,0.0297025643553779,0.99437432935641
1.0,0.0297041816167052,0.994457425279246
1.0,0.0297057749897125,0.994539293804883
1.0,0.0297073448272505,0.994619953063017
1.0,0.0297088914769572,0.994699420915555
1.0,0.0297104152813372,0.994777714960567
1.0,0.0297119165778352,0.994854852536184
1.0,0.0297133956989115,0.994930850724439
1.0,0.0297148529721163,0.995005726355051
1.0,0.0297162887201605,0.995079496009145
1.0,0.0297177032609899,0.995152176022932
1.0,0.029719096907852,0.995223782491324
1.0,0.0297204699693692,0.995294331271496
1.0,0.0297218227496041,0.995363837986398
1.0,0.0297231555481288,0.995432318028218
1.0,0.0297244686600895,0.995499786561787
1.0,0.0297257623762737,0.99556625852794
1.0,0.0297270369831737,0.995631748646822
1.0,0.02972829276305,0.995696271421148
1.0,0.0297295299939928,0.995759841139419
1.0,0.0297307489499861,0.99582247187908
1.0,0.0297319499009665,0.99588417750964
1.0,0.0297331331128832,0.995944971695744
1.0,0.0297342988477569,0.9960048679002
1.0,0.029735447363739,0.996063879386958
1.0,0.0297365789151665,0.996122019224047
1.0,0.0297376937526208,0.996179300286472
1.0,0.0297387921229808,0.996235735259063
1.0,0.0297398742694801,0.996291336639284
1.0,0.0297409404317581,0.996346116739999
1.0,0.0297419908459162,0.996400087692204
1.0,0.0297430257445668,0.996453261447708
1.0,0.0297440453568873,0.996505649781781
1.0,0.0297450499086702,0.996557264295764
1.0,0.0297460396223714,0.996608116419635
1.0,0.0297470147171628,0.996658217414542
1.0,0.0297479754089778,0.996707578375296
1.0,0.0297489219105607,0.99675621023283
1.0,0.0297498544315127,0.996804123756615
1.0,0.0297507731783402,0.99685132955705
1.0,0.0297516783544982,0.996897838087809
1.0,0.0297525701604373,0.996943659648156
1.0,0.0297534487936471,0.996988804385224
1.0,0.0297543144487,0.997033282296269
1.0,0.029755167317294,0.997077103230875
1.0,0.0297560075882961,0.997120276893141
1.0,0.0297568354477833,0.997162812843828
1.0,0.0297576510790847,0.997204720502476
1.0,0.0297584546628202,0.997246009149492
1.0,0.0297592463769432,0.997286687928202
1.0,0.0297600263967774,0.997326765846877
1.0,0.0297607948950578,0.99736625178073
1.0,0.0297615520419674,0.997405154473878
1.0,0.0297622980051753,0.99744348254128
1.0,0.0297630329498746,0.997481244470646
1.0,0.0297637570388178,0.997518448624314
1.0,0.0297644704323539,0.997555103241104
1.0,0.0297651732884627,0.997591216438142
1.0,0.0297658657627911,0.997626796212656
1.0,0.0297665480086866,0.997661850443748
1.0,0.0297672201772325,0.99769638689414
1.0,0.0297678824172793,0.997730413211893
1.0,0.0297685348754793,0.997763936932097
1.0,0.0297691776963187,0.997796965478544
1.0,0.0297698110221496,0.997829506165371
1.0,0.0297704349932213,0.997861566198676
1.0,0.0297710497477113,0.997893152678121
1.0,0.0297716554217569,0.997924272598497
1.0,0.0297722521494834,0.997954932851276
1.0,0.0297728400630357,0.997985140226138
1.0,0.0297734192926067,0.998014901412475
1.0,0.0297739899664657,0.998044223000869
1.0,0.0297745522109885,0.998073111484554
1.0,0.029775106150683,0.998101573260854
1.0,0.0297756519082191,0.998129614632598
1.0,0.0297761896044535,0.998157241809518
1.0,0.0297767193584593,0.998184460909623
1.0,0.0297772412875494,0.998211277960552
1.0,0.0297777555073042,0.998237698900913
1.0,0.0297782621315976,0.998263729581595
1.0,0.029778761272621,0.998289375767064
1.0,0.0297792530409084,0.998314643136639
1.0,0.0297797375453617,0.998339537285754
1.0,0.0297802148932731,0.998364063727189
1.0,0.0297806851903519,0.9983882278923
1.0,0.029781148540744,0.998412035132214
1.0,0.0297816050470581,0.99843549071902
1.0,0.0297820548103873,0.998458599846931
1.0,0.0297824979303305,0.998481367633439
1.0,0.0297829345050171,0.998503799120446
0.0,-0.140316635368874,1.0194975122801848
0.0,-0.133339409617093,0.9610456641925887
0.0,-0.113180901061084,0.7992914965318709
0.0,-0.0872053953803096,0.6497728160156476
0.0,-0.06066290081846,0.47213660384288947
0.0,-0.0368772933408603,0.3284903301148025
0.0,-0.0175884128796671,0.20964481718311084
0.0,-0.0033496604249552,0.12011774140685871
0.0,0.0060864851234983,0.059641120855533594
0.0,0.0114355505079601,0.03734526130172844
0.0,0.0136197403657615,0.006932035721430391
0.0,0.0135816045352614,0.013700751441104927
0.0,0.0121660397558137,0.04104818675346592
0.0,0.0100584978863548,0.04068540387366676
0.0,0.0077652993401936,0.03437234329967189
0.0,0.0056223757622788,0.07288601376757403
0.0,0.0038206299502503,0.08487791718208523
0.0,0.0024386395828602,0.07172293572881275
0.0,0.0014760914509134,0.08450815687828349
0.0,0.0008837572200668,0.08283008367549641
0.0,0.0005878161363047,0.0772470262252096
0.0,0.0005078243454219,0.0746910328582235
0.0,0.0005686396117507,0.09256385782532622
0.0,0.0007072002412817,0.09437383219392582
0.0,0.0008753179585965,0.07734764839982958
0.0,0.001039670712478,0.0801003819886479
0.0,0.0011800589010458,0.07593361709220967
0.0,0.0012867880805448,0.08684664667810253
0.0,0.0013578158819489,0.0760473976702631
0.0,0.0013960864253898,0.07994514600986362
0.0,0.0014072929436388,0.04583410749942167
0.0,0.0013981678744426,0.0798191185069828
0.0,0.0013753002988147,0.05951966761572368
0.0,0.0013444189506,0.06230481032242434
0.0,0.0013100479956827,0.05595015817981175
0.0,0.001275434384857,0.052047802824147935
0.0,0.0012426522154702,0.07660294095400175
0.0,0.0012128047154016,0.06693631924347701
0.0,0.0011862631690947,0.053984510507700534
0.0,0.0011629008118727,0.05933494735865478
0.0,0.0011422962368372,0.046172752898336084
0.0,0.0011238940862662,0.05715332292820101
0.0,0.001107120437709,0.06601592327341765
0.0,0.0010914565784591,0.05903540308634859
0.0,0.0010764783287864,0.05232673439913606
0.0,0.0010618693876135,0.04979951112745487
0.0,0.0010474169978173,0.06974919032401303
0.0,0.0010329971480602,0.06421093320435767
0.0,0.0010185550133903,0.05006136941646929
0.0,0.0010040847298602,0.06035508052225178
0.0,0.0009896111221545,0.05512397523035478
0.0,0.0009751747807916,0.060766897296702656
0.0,0.0009608209635662,0.04294912137328827
0.0,0.0009465921683298,0.05420906064061371
0.0,0.0009325238526985,0.031526495923820876
0.0,0.0009186426071117,0.0672580325863322
0.0,0.0009049660638437,0.03928867040808806
0.0,0.000891503893734,0.04086882852295155
0.0,0.0008782593611441,0.03577931762320497
0.0,0.0008652310432886,0.03881626062022739
0.0,0.00085241445033,0.0425098427812387
0.0,0.000839803394276,0.032149087945651585
0.0,0.0008273910417834,0.04145356440182049
0.0,0.00081517064758,0.05217690251280235
0.0,0.0008031360038383,0.04379008689223416
0.0,0.0007912816606524,0.04575082158204319
0.0,0.0007796029786269,0.037727277029796155
0.0,0.0007680960710714,0.037214965194377
0.0,0.0007567576843966,0.038803397447100096
0.0,0.0007455850540932,0.01719700004459236
0.0,0.0007345757623473,0.03347442470915018
0.0,0.0007237276132689,0.030048675365486298
0.0,0.0007130385335853,0.05042560756489382
0.0,0.0007025065006927,0.04813484147191397
0.0,0.0006921294960449,0.04229729311752537
0.0,0.0006819054796546,0.0396989140967048
0.0,0.0006718323806242,0.029704575561947007
0.0,0.0006619080986703,0.03286864879831124
0.0,0.000652130512239,0.04145407632513999
0.0,0.0006424974897035,0.046454171499103004
0.0,0.0006330069011112,0.04424014004337853
0.0,0.0006236566288435,0.029164743077236502
0.0,0.0006144445763007,0.03264085373615174
0.0,0.000605368674295,0.051773177240156426
0.0,0.00059642688522,0.023845631433484924
0.0,0.0005876172053039,0.03449678217547124
0.0,0.0005789376653606,0.030066963008845742
0.0,0.0005703863304701,0.025291787805328415
0.0,0.0005619612989868,0.02731098259511049
0.0,0.0005536607011957,0.03326167106713279
0.0,0.0005454826978634,0.03434190153771792
0.0,0.0005374254788468,0.026087170005212275
0.0,0.0005294872618529,0.028079855833538062
0.0,0.0005216662913962,0.011867809838138444
0.0,0.000513960837953,0.018907119507388527
0.0,0.0005063691972966,0.03675645812540269
0.0,0.0004988896899771,0.01912505434569009
0.0,0.0004915206609118,0.026654951751486036
0.0,0.0004842604790487,0.03557272586711961
0.0,0.0004771075370758,0.03215953222943341
0.0,0.0004700602511507,0.0241519966727233
0.0,0.0004631170606358,0.0237952512278745
0.0,0.0004562764278289,0.0234437752100553
0.0,0.0004495368376826,0.0230974907865285
0.0,0.000442896797514,0.0227563212742788
0.0,0.0004363548367022,0.0224201911228606
0.0,0.000429909506379,0.0220890258975767
0.0,0.0004235593791137,0.0217627522629624
0.0,0.0004173030485964,0.0214412979665549
0.0,0.0004111391293213,0.0211245918229258
0.0,0.0004050662562735,0.0208125636979616
0.0,0.0003990830846188,0.0205051444933786
0.0,0.0003931882893992,0.0202022661314629
0.0,0.0003873805652341,0.0199038615400284
0.0,0.0003816586260269,0.0196098646375897
0.0,0.000376021204677,0.0193202103187456
0.0,0.0003704670527981,0.019034834439771
0.0,0.0003649949404404,0.018753673804417
0.0,0.0003596036558187,0.0184766661499161
0.0,0.0003542920050436,0.0182037501331927
0.0,0.0003490588118583,0.0179348653172743
0.0,0.0003439029173788,0.0176699521579045
0.0,0.0003388231798371,0.0174089519903533
0.0,0.0003338184743298,0.0171518070164222
0.0,0.0003288876925687,0.0168984602916432
0.0,0.0003240297426361,0.016648855712666
0.0,0.0003192435487429,0.0164029380048336
0.0,0.0003145280509906,0.0161606527099411
0.0,0.0003098822051365,0.0159219461741755
0.0,0.0003053049823626,0.0156867655362348
0.0,0.0003007953690474,0.0154550587156217
0.0,0.0002963523665419,0.0152267744011111
0.0,0.000291974990948,0.0150018620393875
0.0,0.0002876622729006,0.0147802718238501
0.0,0.0002834132573531,0.0145619546835837
0.0,0.0002792270033658,0.0143468622724922
0.0,0.0002751025838972,0.0141349469585921
0.0,0.0002710390855993,0.013926161813465
0.0,0.0002670356086147,0.013720460601865
0.0,0.000263091266378,0.0135177977714801
0.0,0.0002592051854187,0.0133181284428448
0.0,0.0002553765051684,0.0131214083994014
0.0,0.0002516043777702,0.0129275940777081
0.0,0.0002478879678902,0.0127366425577924
0.0,0.0002442264525337,0.0125485115536459
0.0,0.000240619020862,0.0123631594038606
0.0,0.0002370648740132,0.0121805450624028
0.0,0.0002335632249252,0.0120006280895233
0.0,0.0002301132981618,0.0118233686428025
0.0,0.0002267143297402,0.0116487274683269
0.0,0.0002233655669627,0.0114766658919965
0.0,0.0002200662682493,0.0113071458109609
0.0,0.0002168157029738,0.0111401296851806
0.0,0.0002136131513021,0.0109755805291147
0.0,0.0002104579040326,0.0108134619035297
0.0,0.0002073492624391,0.0106537379074309
0.0,0.0002042865381164,0.0104963731701112
0.0,0.0002012690528274,0.0103413328433193
0.0,0.0001982961383532,0.0101885825935419
0.0,0.0001953671363453,0.0100380885944006
0.0,0.0001924813981791,0.0098898175191616
0.0,0.0001896382848111,0.0097437365333551
0.0,0.000186837166637,0.0095998132875041
0.0,0.000184077423352,0.009458015909961
0.0,0.0001813584438142,0.0093183129998493
0.0,0.0001786796259082,0.00918067362011
0.0,0.0001760403764129,0.0090450672906509
0.0,0.0001734401108692,0.0089114639815965
0.0,0.0001708782534513,0.0087798341066378
0.0,0.0001683542368383,0.008650148516481
0.0,0.0001658675020898,0.0085223784923919
0.0,0.0001634174985208,0.0083964957398362
0.0,0.0001610036835807,0.0082724723822142
0.0,0.0001586255227329,0.0081502809546869
0.0,0.0001562824893362,0.0080298943980943
0.0,0.0001539740645283,0.0079112860529632
0.0,0.0001516997371111,0.0077944296536035
0.0,0.0001494590034373,0.0076792993222913
0.0,0.0001472513672986,0.0075658695635389
0.0,0.0001450763398166,0.0074541152584484
0.0,0.0001429334393337,0.0073440116591494
0.0,0.0001408221913069,0.0072355343833186
0.0,0.0001387421282026,0.0071286594087799
0.0,0.0001366927893931,0.0070233630681856
0.0,0.0001346737210546,0.0069196220437744
0.0,0.0001326844760664,0.0068174133622082
0.0,0.0001307246139125,0.0067167143894848
0.0,0.0001287937005834,0.006617502825925
0.0,0.0001268913084806,0.0065197567012351
0.0,0.0001250170163213,0.006423454369641
0.0,0.0001231704090456,0.0063285745050952
0.0,0.0001213510777241,0.006235096096554
0.0,0.0001195586194681,0.0061429984433245
0.0,0.0001177926373396,0.0060522611504806
0.0,0.0001160527402636,0.0059628641243466
0.0,0.0001143385429419,0.0058747875680474
0.0,0.0001126496657674,0.0057880119771246
0.0,0.0001109857347399,0.005702518135217
0.0,0.0001093463813838,0.0056182871098054
0.0,0.000107731242666,0.0055353002480201
0.0,0.0001061399609159,0.0054535391725099
0.0,0.0001045721837457,0.0053729857773728
0.0,0.0001030275639729,0.0052936222241463
0.0,0.0001015057595431,0.0052154309378569
0.0,0.0001000064334544,0.0051383946031286
0.0,9.85292536826096e-05,0.005062496160348
0.0,9.70738931078685e-05,0.0049877188018869
0.0,9.5640029442158e-05,0.0049140459683798
0.0,9.42273451578976e-05,0.004841461345057
0.0,9.28355274176992e-05,0.0047699488581319
0.0,9.14642680049996e-05,0.0046994926712414
0.0,9.01132632558851e-05,0.0046300771819389
0.0,8.87822139918129e-05,0.0045616870182389
0.0,8.74708254533715e-05,0.0044943070352136
0.0,8.61788072349517e-05,0.0044279223116381
0.0,8.49058732205268e-05,0.0043625181466871
0.0,8.36517415202451e-05,0.0042980800566786
0.0,8.24161344079796e-05,0.0042345937718672
0.0,8.11987782598569e-05,0.0041720452332833
0.0,7.9999403493701e-05,0.0041104205896206
0.0,7.881774450922e-05,0.0040497061941681
0.0,7.76535396293382e-05,0.0039898886017884
0.0,7.65065310421378e-05,0.0039309545659401
0.0,7.53764647437802e-05,0.0038728910357444
0.0,7.4263090482321e-05,0.0038156851530953
0.0,7.31661617022136e-05,0.0037593242498115
0.0,7.20854354897896e-05,0.0037037958448319
0.0,7.10206725193646e-05,0.0036490876414509
0.0,6.99716370003295e-05,0.0035951875245959
0.0,6.89380966249278e-05,0.003542083558144
0.0,6.7919822516728e-05,0.0034897639822792
0.0,6.69165891800244e-05,0.0034382172108878
0.0,6.59281744498988e-05,0.0033874318289927
0.0,6.49543594429605e-05,0.0033373965902258
0.0,6.39949285089203e-05,0.0032881004143375
0.0,6.30496691828436e-05,0.0032395323847428
0.0,6.21183721380703e-05,0.0031916817461038
0.0,6.12008311398626e-05,0.0031445379019481
0.0,6.02968429997616e-05,0.0030980904123222
0.0,5.94062075305601e-05,0.0030523289914797
0.0,5.85287275020122e-05,0.0030072435056033
0.0,5.76642085970969e-05,0.0029628239705605
0.0,5.68124593690322e-05,0.0029190605496933
0.0,5.59732911988714e-05,0.0028759435516393
0.0,5.51465182537375e-05,0.0028334634281857
0.0,5.43319574456483e-05,0.002791610772155
0.0,5.35294283909825e-05,0.0027503763153216
0.0,5.27387533705501e-05,0.0027097509263594
0.0,5.19597572902278e-05,0.0026697256088198
0.0,5.11922676421604e-05,0.0026302914991394
0.0,5.04361144665968e-05,0.0025914398646772
0.0,4.96911303142361e-05,0.0025531621017805
0.0,4.89571502091321e-05,0.0025154497338799
0.0,4.82340116121915e-05,0.0024782944096123
0.0,4.75215543851437e-05,0.0024416879009711
0.0,4.68196207551036e-05,0.0024056221014844
0.0,4.6128055279631e-05,0.0023700890244199
0.0,4.5446704812286e-05,0.0023350808010158
0.0,4.477541846876e-05,0.0023005896787388
0.0,4.41140475933958e-05,0.0022666080195671
0.0,4.34624457263388e-05,0.0022331282982989
0.0,4.2820468571049e-05,0.0022001431008859
0.0,4.21879739623855e-05,0.0021676451227917
0.0,4.15648218350939e-05,0.0021356271673742
0.0,4.09508741927994e-05,0.0021040821442915
0.0,4.03459950774759e-05,0.0020730030679324
0.0,3.97500505392827e-05,0.0020423830558688
0.0,3.91629086069524e-05,0.0020122153273321
0.0,3.85844392585231e-05,0.0019824932017112
0.0,3.80145143925974e-05,0.0019532100970736
0.0,3.74530077999133e-05,0.0019243595287072
0.0,3.6899795135447e-05,0.0018959351076847
0.0,3.63547538908583e-05,0.0018679305394489
0.0,3.58177633673351e-05,0.0018403396224181
0.0,3.5288704648917e-05,0.0018131562466135
0.0,3.47674605761204e-05,0.001786374392306
0.0,3.42539157199978e-05,0.0017599881286826
0.0,3.37479563565987e-05,0.0017339916125338
0.0,3.3249470441768e-05,0.001708379086959
0.0,3.27583475863424e-05,0.0016831448800921
0.0,3.22744790316846e-05,0.0016582834038452
0.0,3.17977576256324e-05,0.0016337891526711
0.0,3.13280777987403e-05,0.0016096567023443
0.0,3.08653355409159e-05,0.0015858807087597
0.0,3.04094283783869e-05,0.0015624559067491
0.0,2.99602553510137e-05,0.0015393771089154
0.0,2.95177169898943e-05,0.0015166392044836
0.0,2.90817152953926e-05,0.0014942371581694
0.0,2.8652153715409e-05,0.0014721660090636
0.0,2.82289371239877e-05,0.0014504208695342
0.0,2.78119718002748e-05,0.0014289969241433
0.0,2.74011654077429e-05,0.0014078894285815
0.0,2.69964269737702e-05,0.0013870937086164
0.0,2.6597666869457e-05,0.0013666051590584
0.0,2.62047967898096e-05,0.0013464192427403
0.0,2.58177297341768e-05,0.0013265314895126
0.0,2.54363799869692e-05,0.0013069374952537
0.0,2.50606630986996e-05,0.0012876329208949
0.0,2.46904958672682e-05,0.0012686134914588
0.0,2.43257963195402e-05,0.0012498749951134
0.0,2.39664836931951e-05,0.0012314132822388
0.0,2.36124784188385e-05,0.0012132242645085
0.0,2.32637021023805e-05,0.0011953039139843
0.0,2.2920077507687e-05,0.0011776482622238
0.0,2.25815285394577e-05,0.001160253399402
0.0,2.22479802263909e-05,0.0011431154734451
0.0,2.19193587045682e-05,0.0011262306891781
0.0,2.15955912011134e-05,0.0011095953074835
0.0,2.12766060180593e-05,0.0010932056444741
0.0,2.09623325164807e-05,0.0010770580706767
0.0,2.0652701100847e-05,0.0010611490102283
0.0,2.03476432036158e-05,0.0010454749400848
0.0,2.00470912700475e-05,0.0010300323892402
0.0,1.97509787432382e-05,0.0010148179379582
0.0,1.94592400493878e-05,0.0009998282170151
0.0,1.91718105832777e-05,0.0009850599069532
0.0,1.88886266939605e-05,0.0009705097373461
0.0,1.86096256706725e-05,0.0009561744860746
0.0,1.83347457289335e-05,0.0009420509786127
0.0,1.80639259968838e-05,0.0009281360873249
0.0,1.77971065017761e-05,0.0009144267307734
0.0,1.75342281567258e-05,0.0009009198730361
0.0,1.72752327476065e-05,0.0008876125230339
0.0,1.70200629201634e-05,0.0008745017338684
0.0,1.67686621673126e-05,0.0008615846021695
0.0,1.65209748166292e-05,0.0008488582674523
0.0,1.62769460180165e-05,0.0008363199114837
1.0,0.170116036521732,0.021795579762461957
1.0,0.163138997669716,0.07826336727067332
1.0,0.142980673252804,0.1845199192119709
1.0,0.117005348991236,0.3669953031215996
1.0,0.0904630331688777,0.5225547841899425
1.0,0.0666776017906355,0.6742046183446895
1.0,0.0473888948276633,0.7929228174478119
1.0,0.0331503133084564,0.8776706127660797
1.0,0.0237143361706459,0.9321321147688868
1.0,0.0183654367092592,0.9748273784537129
1.0,0.0161814103237081,0.971123537443237
1.0,0.0162197072118351,0.9780323535541647
1.0,0.0176354306699519,0.9893220773822158
1.0,0.0197431288742616,0.9650298002782605
1.0,0.0220364814460753,0.9329982480645952
1.0,0.0241795567745532,0.9479836913735644
1.0,0.0259814520956602,0.9408461730924129
1.0,0.0273635897637531,0.9138120667006812
1.0,0.0283262830206469,0.9178783521913522
1.0,0.0289187602328217,0.9119777746387825
1.0,0.0292148421859567,0.905726659742321
1.0,0.0292949727654522,0.9050527043281492
1.0,0.029234294237711,0.92643217899516
1.0,0.0290958683270224,0.9326052059266292
1.0,0.0289278833386392,0.9202177926160503
1.0,0.0287636613531699,0.9274886822045475
1.0,0.0286234020014543,0.9274839414096905
1.0,0.0285167997557779,0.9420947400554679
1.0,0.0284458970132764,0.9345126332137015
1.0,0.0284077496815121,0.9411894245614351
1.0,0.0283966645549982,0.9094934810822608
1.0,0.0284059092228712,0.9456147884854642
1.0,0.0284288946306019,0.9272548975042675
1.0,0.02845989207044,0.9318534591895669
1.0,0.0284943774022084,0.9272413555271783
1.0,0.0285291037004425,0.9250500215610935
1.0,0.0285619968927489,0.9513095596077226
1.0,0.028591953775835,0.9433537967132769
1.0,0.0286186030894791,0.9321235647154982
1.0,0.0286420716222235,0.9392046291869802
1.0,0.028662780804479,0.9277770092921503
1.0,0.0286812860171326,0.9404895059467814
1.0,0.0286981612054584,0.9510746803699816
1.0,0.0287139251046482,0.945801436618479
1.0,0.0287290019165862,0.9407800109912277
1.0,0.0287437079641761,0.9399166080415879
1.0,0.0287582560260453,0.9615045687018441
1.0,0.028772770134718,0.957578016356512
1.0,0.0287873051360192,0.945013373386983
1.0,0.0288018669144616,0.9568655931753635
1.0,0.0288164306656227,0.9531673109622711
1.0,0.0288309558189452,0.9603182704493425
1.0,0.028845397136303,0.9439846862989424
1.0,0.02885971213922,0.9567058637794036
1.0,0.0288738653891716,0.9354623783432027
1.0,0.028887830314527,0.9726115126440635
1.0,0.0289015893015425,0.946038827276842
1.0,0.0289151326976353,0.9489951993515233
1.0,0.0289284572564319,0.9452618146733726
1.0,0.0289415644184394,0.9496351099831314
1.0,0.0289544586909551,0.9546455431512543
1.0,0.028967146279173,0.9455823861680607
1.0,0.028979634033385,0.9561654438016114
1.0,0.0289919287155602,0.9681485800390014
1.0,0.0290040365499775,0.961003015592846
1.0,0.0290159630027507,0.9641866956305638
1.0,0.0290277127292435,0.9573680372872857
1.0,0.0290392896318796,0.9580428040002946
1.0,0.0290506969797482,0.9608007619249752
1.0,0.0290619375526304,0.9403465936598946
1.0,0.0290730137833852,0.9577592071273705
1.0,0.0290839278827266,0.9554518608454886
1.0,0.0290946819385327,0.9769306622110714
1.0,0.0291052779877949,0.9757254796856164
1.0,0.0291157180632362,0.9709574735588131
1.0,0.0291260042188111,0.9694128354127689
1.0,0.0291361385391777,0.960456672074472
1.0,0.0291461231381764,0.9646435862797489
1.0,0.0291559601507194,0.9742367479399008
1.0,0.0291656517215917,0.9802296939432027
1.0,0.0291751999937127,0.9789938498857333
1.0,0.0291846070974744,0.9648821932865043
1.0,0.029193875142062,0.9693078103668415
1.0,0.0292030062090622,0.9893756162484361
1.0,0.0292120023482982,0.9623697355944136
1.0,0.0292208655755772,0.9739289380774591
1.0,0.0292295978719439,0.9703937581063924
1.0,0.0292382011840002,0.9665000075165143
1.0,0.0292466774249029,0.9693876074351785
1.0,0.0292550284757069,0.9761938738134486
1.0,0.0292632561868182,0.9781170444243439
1.0,0.0292713623793877,0.970692801947283
1.0,0.0292793488465537,0.9735037096827365
1.0,0.0292872173544867,0.9580977996710668
1.0,0.0292949696432374,0.9659313379486307
1.0,0.0293026074274039,0.984563173706807
1.0,0.0293101323966547,0.9677027089030003
1.0,0.0293175462161401,0.9759921578589938
1.0,0.0293248505268313,0.9856582643105785
1.0,0.0293320469458116,0.9829823495171309
1.0,0.0293391370665519,0.975701202584342
1.0,0.0293461224591753,0.976060116400569
1.0,0.0293530046707302,0.976413728761084
1.0,0.0293597852254708,0.976762117971714
1.0,0.0293664656251522,0.977105361181578
1.0,0.0293730473493325,0.977443534400339
1.0,0.0293795318556858,0.97777671251513
1.0,0.0293859205803177,0.978104969307168
1.0,0.0293922149380861,0.978428377468083
1.0,0.0293984163229173,0.978747008615985
1.0,0.0294045261081233,0.979060933311278
1.0,0.0294105456467124,0.979370221072238
1.0,0.029416476271696,0.97967494039037
1.0,0.0294223192963889,0.979975158745537
1.0,0.0294280760147052,0.980270942620882
1.0,0.0294337477014472,0.980562357517527
1.0,0.0294393356125897,0.980849467969077
1.0,0.0294448409855579,0.981132337555899
1.0,0.0294502650395028,0.981411028919207
1.0,0.0294556089755702,0.981685603774931
1.0,0.0294608739771667,0.981956122927393
1.0,0.0294660612102202,0.98222264628277
1.0,0.0294711718234386,0.982485232862369
1.0,0.029476206948563,0.982743940815697
1.0,0.0294811677006173,0.982998827433343
1.0,0.0294860551781566,0.983249949159665
1.0,0.0294908704635091,0.98349736160529
1.0,0.0294956146230145,0.983741119559431
1.0,0.0295002887072637,0.983981277002021
1.0,0.0295048937513278,0.984217887115662
1.0,0.0295094307749888,0.984451002297408
1.0,0.0295139007829661,0.984680674170365
1.0,0.0295183047651384,0.98490695359512
1.0,0.0295226436967624,0.985129890681009
1.0,0.0295269185386897,0.98534953479721
1.0,0.0295311302375791,0.985565934583678
1.0,0.0295352797261075,0.985779137961912
1.0,0.0295393679231737,0.985989192145571
1.0,0.0295433957341047,0.986196143650929
1.0,0.029547364050855,0.986400038307173
1.0,0.0295512737522037,0.986600921266556
1.0,0.0295551257039504,0.986798837014392
1.0,0.0295589207591056,0.986993829378911
1.0,0.0295626597580798,0.987185941540961
1.0,0.0295663435288707,0.987375216043575
1.0,0.0295699728872449,0.987561694801385
1.0,0.0295735486369204,0.987745419109913
1.0,0.0295770715697432,0.987926429654709
1.0,0.0295805424658622,0.988104766520362
1.0,0.0295839620939042,0.988280469199379
1.0,0.0295873312111425,0.988453576600929
1.0,0.0295906505636638,0.98862412705946
1.0,0.0295939208865357,0.988792158343186
1.0,0.0295971429039668,0.988957707662455
1.0,0.0296003173294705,0.989120811677985
1.0,0.0296034448660192,0.989281506508984
1.0,0.0296065262062022,0.98943982774115
1.0,0.0296095620323802,0.989595810434549
1.0,0.0296125530168325,0.989749489131379
1.0,0.0296154998219098,0.989900897863624
1.0,0.0296184031001789,0.990050070160583
1.0,0.0296212634945676,0.990197039056302
1.0,0.0296240816385069,0.990341837096883
1.0,0.0296268581560724,0.990484496347697
1.0,0.0296295936621205,0.99062504840048
1.0,0.0296322887624259,0.990763524380335
1.0,0.0296349440538155,0.990899954952617
1.0,0.0296375601243015,0.991034370329729
1.0,0.0296401375532094,0.991166800277811
1.0,0.0296426769113081,0.991297274123334
1.0,0.0296451787609358,0.991425820759589
1.0,0.0296476436561244,0.991552468653091
1.0,0.029650072142722,0.991677245849879
1.0,0.0296524647585146,0.99180017998173
1.0,0.0296548220333444,0.991921298272273
1.0,0.0296571444892275,0.992040627543024
1.0,0.0296594326404687,0.992158194219322
1.0,0.0296616869937769,0.992274024336179
1.0,0.0296639080483767,0.992388143544051
1.0,0.0296660962961177,0.992500577114514
1.0,0.0296682522215852,0.992611349945859
1.0,0.0296703763022064,0.992720486568613
1.0,0.0296724690083567,0.992828011150961
1.0,0.0296745308034638,0.992933947504107
1.0,0.0296765621441102,0.993038319087542
1.0,0.0296785634801333,0.993141149014242
1.0,0.0296805352547276,0.993242460055781
1.0,0.0296824779045404,0.993342274647381
1.0,0.0296843918597689,0.993440614892877
1.0,0.0296862775442568,0.993537502569608
1.0,0.0296881353755869,0.993632959133248
1.0,0.0296899657651735,0.993727005722549
1.0,0.0296917691183551,0.993819663164027
1.0,0.029693545834482,0.993910951976573
1.0,0.0296952963070056,0.994000892375995
1.0,0.0296970209235667,0.994089504279499
1.0,0.0296987200660801,0.994176807310094
1.0,0.0297003941108183,0.994262820800943
1.0,0.0297020434284971,0.99434756379964
1.0,0.0297036683843563,0.994431055072432
1.0,0.0297052693382405,0.994513313108371
1.0,0.0297068466446786,0.994594356123411
1.0,0.0297084006529642,0.994674202064439
1.0,0.0297099317072307,0.994752868613253
1.0,0.0297114401465277,0.994830373190476
1.0,0.0297129263048983,0.994906732959412
1.0,0.0297143905114503,0.994981964829851
1.0,0.0297158330904308,0.995056085461809
1.0,0.0297172543612969,0.99512911126922
1.0,0.0297186546387884,0.995201058423569
1.0,0.0297200342329946,0.995271942857479
1.0,0.0297213934494249,0.995341780268229
1.0,0.0297227325890768,0.995410586121239
1.0,0.0297240519485014,0.995478375653492
1.0,0.0297253518198688,0.995545163876905
1.0,0.0297266324910348,0.995610965581659
1.0,0.0297278942456023,0.995675795339471
1.0,0.0297291373629858,0.99573966750682
1.0,0.0297303621184719,0.99580259622813
1.0,0.0297315687832815,0.995864595438897
1.0,0.0297327576246293,0.995925678868781
1.0,0.0297339289057832,0.995985860044641
1.0,0.0297350828861216,0.996045152293533
1.0,0.0297362198211926,0.996103568745662
1.0,0.0297373399627689,0.996161122337289
1.0,0.0297384435589052,0.996217825813594
1.0,0.0297395308539909,0.996273691731501
1.0,0.0297406020888071,0.996328732462458
1.0,0.0297416575005771,0.996382960195174
1.0,0.0297426973230208,0.996436386938324
1.0,0.0297437217864061,0.996489024523201
1.0,0.0297447311175987,0.996540884606342
1.0,0.0297457255401143,0.996591978672106
1.0,0.0297467052741667,0.99664231803522
1.0,0.0297476705367172,0.996691913843281
1.0,0.0297486215415215,0.996740777079227
1.0,0.0297495584991789,0.996788918563769
1.0,0.0297504816171779,0.996836348957788
1.0,0.0297513910999414,0.996883078764693
1.0,0.0297522871488738,0.996929118332749
1.0,0.0297531699624045,0.996974477857369
1.0,0.0297540397360307,0.997019167383371
1.0,0.0297548966623638,0.997063196807202
1.0,0.0297557409311686,0.997106575879131
1.0,0.0297565727294078,0.997149314205405
1.0,0.0297573922412817,0.997191421250383
1.0,0.0297581996482712,0.997232906338623
1.0,0.029758995129175,0.997273778656953
1.0,0.0297597788601518,0.997314047256505
1.0,0.0297605510147578,0.997353721054717
1.0,0.0297613117639859,0.997392808837308
1.0,0.0297620612763032,0.997431319260224
1.0,0.0297627997176886,0.997469260851559
1.0,0.0297635272516688,0.997506642013437
1.0,0.0297642440393557,0.997543471023875
1.0,0.029764950239481,0.997579756038619
1.0,0.0297656460084319,0.997615505092945
1.0,0.0297663315002861,0.997650726103443
1.0,0.0297670068668443,0.997685426869769
1.0,0.0297676722576659,0.99771961507637
1.0,0.0297683278201017,0.997753298294186
1.0,0.0297689736993245,0.997786483982331
1.0,0.029769610038364,0.997819179489739
1.0,0.0297702369781365,0.997851392056795
1.0,0.0297708546574771,0.997883128816937
1.0,0.0297714632131707,0.997914396798236
1.0,0.0297720627799811,0.997945202924954
1.0,0.0297726534906813,0.997975554019074
1.0,0.029773235476084,0.998005456801814
1.0,0.0297738088650688,0.998034917895111
1.0,0.029774373784613,0.998063943823094
1.0,0.0297749303598165,0.998092541013522
1.0,0.0297754787139324,0.998120715799214
1.0,0.0297760189683933,0.998148474419444
1.0,0.0297765512428383,0.99817582302133
1.0,0.0297770756551385,0.99820276766119
1.0,0.0297775923214243,0.998229314305885
1.0,0.0297781013561116,0.99825546883414
1.0,0.0297786028719251,0.998281237037849
1.0,0.0297790969799252,0.998306624623353
1.0,0.0297795837895312,0.998331637212703
1.0,0.0297800634085466,0.998356280344912
1.0,0.0297805359431829,0.998380559477175
1.0,0.0297810014980826,0.998404479986079
1.0,0.0297814601763413,0.998428047168796
1.0,0.0297819120795335,0.998451266244252
1.0,0.0297823573077327,0.998474142354287
1.0,0.029782795959534,0.99849668056479
1.0,0.0297832281320767,0.998518885866825
1.0,0.0297836539210643,0.99854076317773
1.0,0.0297840734207879,0.998562317342214
1.0,0.0297844867241455,0.998583553133422
1.0,0.0297848939226617,0.998604475253998
1.0,0.0297852951065112,0.998625088337123
1.0,0.0297856903645348,0.998645396947542
1.0,0.0297860797842626,0.998665405582575
1.0,0.0297864634519311,0.998685118673112
1.0,0.0297868414525031,0.998704540584596
1.0,0.029787213869686,0.998723675617989
1.0,0.0297875807859518,0.998742528010722
