Setpoint,ControllerOutput,PlantOutput
1,0.1701,0
1,0.163123198021,0.05747679
1,0.142965106978289,0.191498871309296
1,0.116990012643787,0.357512378039662
1,0.0904479233522777,0.524126455835069
1,0.0666627151588314,0.671790501203135
1,0.0473742280840264,0.790588112440268
1,0.0331358632050521,0.877741070489306
1,0.0237000995075146,0.935225424987645
1,0.0183514103337071,0.967736053934395
1,0.0161675911296097,0.981105590989546
1,0.0162060921389443,0.981190266685576
1,0.0176220167032256,0.973175820412789
1,0.0197299130431912,0.961225269930006
1,0.0220234608240295,0.94838001104322
1,0.0241667284781294,0.936629677797948
1,0.025968813284046,0.927078543737096
1,0.027351137638097,0.920152357514198
1,0.0283140148234391,0.915806068352635
1,0.0289066732472834,0.913707800185489
1,0.0292029337354378,0.913386563685349
1,0.0292832402128392,0.91434018593273
1,0.0292227349848425,0.916105927892666
1,0.0290844798141147,0.918299687872844
1,0.0289166630437181,0.920631126111249
1,0.0287526067915135,0.92290207907476
1,0.0286125107250415,0.924994790685945
1,0.0285060693527475,0.92685520196386
1,0.028435325107392,0.928475129535034
1,0.0283973339316368,0.929875839782284
1,0.0283864026545756,0.931094410773882
1,0.0283957988994141,0.932173419621586
1,0.0284189336451903,0.933153899805498
1,0.0284500782172241,0.934071151472229
1,0.0284847085079212,0.934952812172879
1,0.0285195776239175,0.935818555911382
1,0.0285526115244472,0.936680837762755
1,0.0285827070373765,0.937546200145677
1,0.0286094929331839,0.938416774771102
1,0.0286330960306571,0.939291730286491
1,0.0286539377900061,0.940168516858206
1,0.0286725736214777,0.941043839147011
1,0.0286895774992701,0.941914346922411
1,0.0287054681870749,0.942777069678512
1,0.0287206699148521,0.943629641560481
1,0.0287354990331687,0.944470369869206
1,0.0287501683479054,0.945298198497244
1,0.0287648019184379,0.946112610453007
1,0.0287794546170461,0.946913503998706
1,0.0287941323543068,0.947701066911951
1,0.0288088103514756,0.94847566429865
1,0.0288234480632963,0.949237747944408
1,0.0288380002765669,0.94998778964038
1,0.0288524245373709,0.950726237190074
1,0.0288666854313777,0.951453489640756
1,0.0288807564107945,0.952169887345572
1,0.0288946198853628,0.952875712394743
1,0.0289082662256388,0.953571195434241
1,0.0289216922080457,0.954256525653977
1,0.0289348992955512,0.954931861577926
1,0.0289478920175803,0.955597341093228
1,0.0289606766011286,0.95625308983744
1,0.0289732599179677,0.956899227589444
1,0.0289856487512294,0.957535872677557
1,0.0289978493460417,0.958163144645167
1,0.0290098671890602,0.958781165526855
1,0.0290217069558873,0.959390060116494
1,0.0290333725688856,0.95998995558196
1,0.0290448673167889,0.96058098072286
1,0.029056193998733,0.961163265096944
1,0.0290673550666465,0.961736938170519
1,0.0290783527500296,0.962302128586388
1,0.0290891891552703,0.962858963593547
1,0.0290998663375961,0.963407568647117
1,0.0291103863476969,0.963948067163796
1,0.0291207512572285,0.964480580405477
1,0.029130963168289,0.965005227458999
1,0.0291410242119017,0.965522125280881
1,0.0291509365399061,0.966031388780052
1,0.0291607023137677,0.966533130917349
1,0.0291703236928365,0.967027462806606
1,0.0291798028236949,0.967514493807684
1,0.0291891418314774,0.967994331606367
1,0.0291983428134863,0.96846708227946
1,0.0292074078350271,0.968932850345756
1,0.0292163389271605,0.969391738804886
1,0.0292251380859603,0.969843849166713
1,0.0292338072728353,0.970289281473934
1,0.0292423484155291,0.97072813432037
1,0.0292507634094705,0.971160504866884
1,0.0292590541192244,0.971586488856412
1,0.0292672223798933,0.972006180629093
1,0.0292752699983603,0.972419673138038
1,0.0292831987543378,0.972827057965999
1,0.0292910104012181,0.973228425342924
1,0.0292987066667443,0.973623864164284
1,0.0293062892535358,0.974013462009955
1,0.0293137598395021,0.974397305163428
1,0.0293211200781849,0.974775478631152
1,0.0293283715990531,0.975148066161808
1,0.0293355160077795,0.975515150265396
1,0.0293425548865098,0.975876812232043
1,0.0293494897941362,0.976233132150467
1,0.0293563222665829,0.976584188926081
1,0.0293630538171015,0.976930060298734
1,0.0293696859365782,0.977270822860092
1,0.0293762200938463,0.977606552070695
1,0.0293826577360072,0.977937322276698
1,0.0293890002887514,0.978263206726324
1,0.0293952491566771,0.978584277586054
1,0.0294014057236125,0.978900605956564
1,0.0294074713529251,0.979212261888422
1,0.0294134473878331,0.97951931439756
1,0.0294193351517074,0.979821831480526
1,0.0294251359483699,0.98011988012951
1,0.0294308510623833,0.980413526347169
1,0.0294364817593393,0.980702835161231
1,0.0294420292861386,0.980987870638888
1,0.0294474948712664,0.981268695900988
1,0.0294528797250666,0.981545373136011
1,0.0294581850400057,0.981817963613846
1,0.02946341199094,0.982086527699367
1,0.0294685617353723,0.982351124865796
1,0.0294736354137091,0.982611813707882
1,0.0294786341495124,0.982868651954881
1,0.0294835590497486,0.983121696483336
1,0.0294884112050324,0.983371003329678
1,0.02949319168987,0.983616627702631
1,0.0294979015628949,0.983858623995445
1,0.0295025418671042,0.984097045797934
1,0.0295071136300886,0.984331945908349
1,0.0295116178642598,0.984563376345065
1,0.0295160555670759,0.984791388358102
1,0.0295204277212615,0.985016032440477
1,0.0295247352950248,0.98523735833938
1,0.0295289792422733,0.985455415067193
1,0.0295331605028251,0.985670250912345
1,0.029537280002615,0.985881913450002
1,0.0295413386539021,0.986090449552605
1,0.0295453373554702,0.986295905400251
1,0.0295492769928276,0.986498326490916
1,0.0295531584384023,0.986697757650531
1,0.0295569825517366,0.986894243042913
1,0.0295607501796762,0.98708782617954
1,0.0295644621565583,0.987278549929189
1,0.0295681193043964,0.987466456527428
1,0.0295717224330612,0.987651587585971
1,0.0295752723404621,0.987833984101892
1,0.0295787698127226,0.988013686466702
1,0.0295822156243537,0.988190734475297
1,0.0295856105384273,0.988365167334767
1,0.0295889553067428,0.988537023673081
1,0.0295922506699957,0.988706341547639
1,0.0295954973579409,0.988873158453703
1,0.0295986960895536,0.989037511332697
1,0.0296018475731901,0.989199436580388
1,0.0296049525067421,0.989358970054948
1,0.0296080115777946,0.989516147084894
1,0.0296110254637749,0.989671002476909
1,0.0296139948321055,0.989823570523554
1,0.0296169203403491,0.989973885010857
1,0.029619802636357,0.990121979225799
1,0.0296226423584103,0.990267885963686
1,0.0296254401353624,0.990411637535406
1,0.029628196586778,0.990553265774591
1,0.02963091232307,0.990692802044661
1,0.0296335879456358,0.990830277245773
1,0.029636224046989,0.990965721821663
1,0.0296388212108909,0.991099165766385
1,0.0296413800124813,0.991230638630958
1,0.0296439010184038,0.991360169529905
1,0.0296463847869319,0.991487787147706
1,0.0296488318680945,0.991613519745142
1,0.0296512428037945,0.991737395165564
1,0.0296536181279308,0.991859440841048
1,0.0296559583665168,0.991979683798479
1,0.0296582640377958,0.99209815066553
1,0.0296605356523563,0.99221486767656
1,0.0296627737132444,0.992329860678427
1,0.0296649787160765,0.992443155136206
1,0.029667151149148,0.992554776138834
1,0.0296692914935421,0.99266474840466
1,0.0296714002232359,0.992773096286925
1,0.0296734778052052,0.992879843779149
1,0.0296755246995279,0.992985014520452
1,0.0296775413594872,0.993088631800779
1,0.0296795282316695,0.993190718566066
1,0.0296814857560659,0.993291297423318
1,0.0296834143661684,0.993390390645613
1,0.029685314489065,0.993488020177039
1,0.0296871865455361,0.993584207637551
1,0.0296890309501472,0.993678974327757
1,0.0296908481113387,0.99377234123364
1,0.0296926384315195,0.9938643290312
1,0.0296944023071539,0.993954958091036
1,0.0296961401288509,0.994044248482855
1,0.0296978522814486,0.994132219979918
1,0.0296995391441013,0.994218892063419
1,0.0297012010903628,0.994304283926797
1,0.02970283848827,0.994388414479989
1,0.0297044517004226,0.994471302353614
1,0.0297060410840644,0.994552965903103
1,0.0297076069911628,0.994633423212761
1,0.0297091497684863,0.994712692099772
1,0.0297106697576814,0.994790790118146
1,0.0297121672953482,0.994867734562605
1,0.0297136427131148,0.994943542472413
1,0.0297150963377102,0.995018230635151
1,0.0297165284910386,0.995091815590431
1,0.0297179394902487,0.995164313633563
1,0.0297193296478047,0.995235740819159
1,0.0297206992715555,0.995306112964695
1,0.0297220486648029,0.995375445654004
1,0.0297233781263684,0.995443754240736
1,0.0297246879506601,0.995511053851755
1,0.0297259784277371,0.995577359390487
1,0.0297272498433736,0.995642685540221
1,0.0297285024791241,0.995707046767364
1,0.0297297366123828,0.99577045732464
1,0.0297309525164473,0.995832931254248
1,0.0297321504605785,0.995894482390973
1,0.02973333071006,0.995955124365247
1,0.0297344935262562,0.996014870606171
1,0.0297356391666717,0.996073734344484
1,0.0297367678850078,0.996131728615499
1,0.0297378799312171,0.996188866261984
1,0.0297389755515614,0.996245159937011
1,0.0297400549886651,0.996300622106751
1,0.0297411184815679,0.996355265053243
1,0.0297421662657791,0.996409100877109
1,0.0297431985733299,0.996462141500233
1,0.0297442156328234,0.996514398668405
1,0.0297452176694859,0.996565883953918
1,0.029746204905218,0.996616608758134
1,0.0297471775586415,0.996666584314005
1,0.0297481358451497,0.996715821688565
1,0.029749079976954,0.996764331785376
1,0.0297500101631314,0.996812125346949
1,0.0297509266096709,0.996859212957114
1,0.0297518295195185,0.996905605043372
1,0.0297527190926221,0.996951311879202
1,0.0297535955259773,0.996996343586333
1,0.0297544590136694,0.997040710136988
1,0.0297553097469163,0.997084421356091
1,0.0297561479141122,0.997127486923446
1,0.0297569737008685,0.997169916375875
1,0.0297577872900543,0.997211719109335
1,0.0297585888618386,0.997252904380997
1,0.0297593785937282,0.997293481311294
1,0.0297601566606085,0.997333458885945
1,0.0297609232347817,0.997372845957939
1,0.0297616784860046,0.997411651249501
1,0.0297624225815269,0.997449883354023
1,0.029763155686128,0.99748755073796
1,0.0297638779621527,0.997524661742716
1,0.0297645895695486,0.997561224586482
1,0.0297652906659001,0.99759724736606
1,0.0297659814064646,0.997632738058658
1,0.029766661944205,0.997667704523649
1,0.0297673324298267,0.997702154504321
1,0.0297679930118075,0.997736095629583
1,0.0297686438364326,0.997769535415662
1,0.0297692850478262,0.997802481267763
1,0.0297699167879846,0.997834940481708
1,0.0297705391968051,0.997866920245556
1,0.02977115241212,0.997898427641191
1,0.0297717565697253,0.997929469645892
1,0.0297723518034103,0.997960053133876
1,0.0297729382449896,0.997990184877826
1,0.0297735160243302,0.998019871550382
1,0.02977408526938,0.998049119725627
1,0.0297746461061978,0.998077935880538
1,0.0297751986589805,0.998106326396421
1,0.0297757430500905,0.998134297560325
1,0.0297762794000827,0.998161855566433
1,0.0297768078277305,0.998189006517438
1,0.0297773284500547,0.998215756425888
1,0.0297778413823453,0.998242111215521
1,0.0297783467381918,0.998268076722577
1,0.0297788446295038,0.998293658697089
1,0.0297793351665396,0.998318862804159
1,0.0297798184579272,0.998343694625208
1,0.029780294610692,0.998368159659217
1,0.0297807637302765,0.998392263323941
1,0.0297812259205676,0.99841601095711
1,0.0297816812839162,0.998439407817613
1,0.029782129921162,0.998462459086658
1,0.0297825719316556,0.998485169868926
1,0.0297830074132799,0.998507545193692
1,0.0297834364624716,0.99852959001595
1,0.029783859174243,0.998551309217502
1,0.0297842756422033,0.998572707608041
1,0.0297846859585789,0.998593789926218
1,0.029785090214234,0.998614560840689
1,0.0297854884986901,0.998635024951152
1,0.0297858809001479,0.998655186789361
1,0.029786267505503,0.998675050820134
1,0.0297866484003697,0.998694621442338
1,0.0297870236690965,0.998713902989868
1,0.0297873933947856,0.998732899732601
1,0.0297877576593133,0.998751615877346
1,0.0297881165433453,0.99877005556877
1,0.0297884701263564,0.998788222890326
1,0.0297888184866464,0.998806121865147
1,0.0297891617013599,0.998823756456941
1,0.0297894998465009,0.998841130570871
1,0.0297898329969519,0.998858248054414
1,0.0297901612264884,0.998875112698219
1,0.0297904846077963,0.998891728236943
1,0.0297908032124883,0.99890809835008
1,0.0297911171111189,0.998924226662773
1,0.0297914263732011,0.998940116746619
1,0.0297917310672198,0.998955772120462
1,0.0297920312606497,0.998971196251165
1,0.0297923270199687,0.998986392554387
1,0.0297926184106716,0.999001364395332
1,0.029792905497287,0.999016115089499
1,0.0297931883433895,0.999030647903412
1,0.0297934670116153,0.999044966055349
1,0.0297937415636758,0.999059072716047
1,0.0297940120603692,0.999072971009413
1,0.0297942785615977,0.999086664013207
1,0.0297945411263769,0.999100154759732
1,0.029794799812852,0.999113446236497
1,0.0297950546783081,0.999126541386887
1,0.029795305779186,0.999139443110809
1,0.0297955531710905,0.999152154265334
1,0.0297957969088074,0.999164677665335
1,0.029796037046312,0.999177016084105
1,0.0297962736367818,0.999189172253974
1,0.0297965067326098,0.999201148866912
1,0.029796736385415,0.999212948575128
1,0.0297969626460535,0.999224573991654
1,0.0297971855646306,0.999236027690926
1,0.0297974051905117,0.999247312209353
1,0.0297976215723323,0.999258430045881
1,0.0297978347580097,0.999269383662541
1,0.0297980447947541,0.999280175485001
1,0.029798251729078,0.999290807903097
1,0.0297984556068065,0.999301283271367
1,0.0297986564730883,0.999311603909571
1,0.0297988543724048,0.999321772103202
1,0.0297990493485811,0.999331790103997
1,0.0297992414447934,0.99934166013043
1,0.029799430703582,0.999351384368209
1,0.0297996171668578,0.999360964970755
0,-0.140300199124087,0.999370404059683
0,-0.13332321614957,0.941902913725267
0,-0.113164946784799,0.807889994717615
0,-0.0871896767622058,0.641885514953931
0,-0.0606474143776661,0.47528033078926
0,-0.0368620356479208,0.327625047685467
0,-0.0175733805557825,0.208836069286538
0,-0.00333485014123314,0.121691616561367
0,0.00610107664677884,0.0642156417560537
0,0.0114499265020764,0.0317132687271626
0,0.0136339040142619,0.0183518656429678
0,0.0135955589746707,0.0182752037722499
0,0.0121797880763271,0.0262975454993578
0,0.0100720431325236,0.0382558748139111
0,0.00777864451159749,0.0511087976325299
0,0.00563552381419186,0.0628666816068661
0,0.00383358379429433,0.0724252548661146
0,0.00245140208765027,0.0793587704041457
0,0.00148866544269211,0.0837122806206452
0,0.000896145483331168,0.0858176631816273
0,0.000600021414422169,0.0861459089899774
0,0.00051984934123861,0.0851991925173839
0,0.000580486988188689,0.0834402543280904
0,0.000718872621929711,0.0812531976210954
0,0.000886817928290595,0.0789283636428489
0,0.00105100081787413,0.076663917388977
0,0.00119122165118368,0.0745776163778149
0,0.00129778594740337,0.0727235210099282
0,0.00136865130099373,0.0711098160574399
0,0.00140676179611288,0.0697152365155237
0,0.00141781063008994,0.0685027056735462
0,0.00140853020575149,0.0674296477573342
0,0.00138550956970873,0.0664550306046135
0,0.00135447742191119,0.0655435553671335
0,0.00131995789484862,0.0646675857729804
0,0.00128519790641413,0.0638074490785079
0,0.00125227152154017,0.0629506914503728
0,0.00122228193616902,0.0620907716932307
0,0.00119560040327993,0.0612255593013905
0,0.00117210012719615,0.0603558868148523
0,0.00115135967047741,0.0594843052371752
0,0.00113282364531098,0.0586141110602348
0,0.00111591809959921,0.0577486556501409
0,0.00110012429142758,0.0568909106316293
0,0.00108501801228911,0.056043242961847
0,0.00107028293275391,0.0552073464259382
0,0.00105570626776608,0.0543842782013367
0,0.00104116397846721,0.0535745563338185
0,0.00102660121279141,0.0527782835997865
0,0.0010120120800774,0.0519952732449041
0,0.000997421378690966,0.0512251611714221
0,0.000982869673220366,0.0504674965870053
0,0.000968402195912765,0.0497218086790922
0,0.00095406141944987,0.0489876506083185
0,0.000939882776649914,0.0482646242773172
0,0.000925892833519848,0.0475523902688136
0,0.000912109198263678,0.046850667414631
0,0.00089854151800528,0.0461592259772256
0,0.000885193033740905,0.0454778776616947
0,0.000872062299665299,0.0448064648258506
0,0.000859144803260825,0.0441448504513182
0,0.000846434334190627,0.0434929097564713
0,0.000833924037096034,0.0428505238057154
0,0.000821607145015613,0.0422175751015676
0,0.000809477428752148,0.0415939449191987
0,0.000797529417346343,0.0409795120304981
0,0.000785758450659868,0.0403741524361484
0,0.000774160621566045,0.0397777397510963
0,0.000762732656341025,0.0391901459469921
0,0.000751471770638501,0.0386112422259513
0,0.000740375527100656,0.0380408998703089
0,0.000729441710581924,0.0374789909748462
0,0.000718668228838482,0.0369253890172556
0,0.000708053040576306,0.0363799692583726
0,0.000697594108833965,0.0358426089868784
0,0.000687289375481903,0.0353131876358422
0,0.00067713675174752,0.0347915868031204
0,0.000667134119737067,0.0342776902067758
0,0.00065727934054588,0.0337713836024972
0,0.000647570265452979,0.0332725546842486
0,0.000638004747663956,0.0327810929833263
0,0.00062858065296717,0.032296889775469
0,0.000619295868415359,0.0318198380011043
0,0.000610148308713865,0.0313498322003889
0,0.000601135920388018,0.0308867684623807
0,0.000592256684031844,0.0304305443863164
0,0.000583508615055961,0.0299810590523609
0,0.000574889763365061,0.0295382129991238
0,0.00056639821236143,0.0291019082055084
0,0.000558032077599746,0.0286720480749166
0,0.00054978950533352,0.0282485374203395
0,0.00054166867112071,0.0278312824493568
0,0.000533667778581104,0.0274201907484831
0,0.000525785058349548,0.0270151712666244
0,0.000518018767228123,0.026616134297635
0,0.000510367187517402,0.0262229914621106
0,0.000502828626494312,0.0258356556886196
0,0.000495401415998575,0.025454041194602
0,0.00048808391209415,0.0250780634671448
0,0.000480874494775074,0.024707639243812
0,0.00047377156769246,0.0243426864936646
0,0.000466773557887212,0.0239831243985618
0,0.000459878915517131,0.0236288733347999
0,0.000453086113574808,0.0232798548551107
0,0.000446393647593468,0.0229359916710251
0,0.000439800035342663,0.0225972076355867
0,0.000433303816515962,0.0222634277263985
0,0.000426903552413427,0.0219345780289771
0,0.000420597825622399,0.0216105857203932
0,0.000414385239698528,0.0212913790531784
0,0.000408264418849585,0.0209768873394809
0,0.000402234007623348,0.0206670409354579
0,0.000396292670600734,0.0203617712258947
0,0.000390439092094547,0.0200610106090441
0,0.000384671975853651,0.0197646924816813
0,0.000378990044773153,0.0194727512243723
0,0.000373392040610127,0.019185122186952
0,0.000367876723703753,0.0189017416742119
0,0.000362442872701069,0.0186225469317952
0,0.000357089284286516,0.0183474761322979
0,0.000351814772916348,0.0180764683615732
0,0.000346618170556423,0.0178094636052388
0,0.0003414983264243,0.0175464027353825
0,0.000336454106734857,0.0172872274974658
0,0.000331484394449633,0.0170318804974207
0,0.000326588089029689,0.0167803051889383
0,0.000321764106192279,0.0165324458609455
0,0.000317011377670401,0.0162882476252678
0,0.000312328850976734,0.0160476564044736
0,0.000307715489170302,0.0158106189198992
0,0.000303170270626818,0.0155770826798508
0,0.000298692188812399,0.0153469959679803
0,0.000294280252060686,0.0151203078318332
0,0.000289933483353128,0.0148969680715654
0,0.000285650920102548,0.0146769272288269
0,0.000281431613940064,0.0144601365758096
0,0.000277274630505031,0.0142465481044561
0,0.000273179049238043,0.014036114515829
0,0.000269143963177065,0.0138287892096365
0,0.000265168478756711,0.0136245262739126
0,0.000261251715610256,0.0134232804748502
0,0.000257392806374768,0.0132250072467837
0,0.000253590896498984,0.0130296626823206
0,0.000249845144053989,0.0128372035226174
0,0.000246154719546948,0.0126475871478009
0,0.000242518805737335,0.0124607715675292
0,0.000238936597455941,0.0122767154116933
0,0.000235407301426571,0.012095377921256
0,0.000231930136090464,0.0119167189392255
0,0.00022850433143301,0.0117406989017627
0,0.000225129128813562,0.0115672788294201
0,0.000221803780797114,0.0113964203185095
0,0.000218527550988862,0.0112280855325977
0,0.000215299713871298,0.0110622371941279
0,0.000212119554643356,0.0108988385761642
0,0.000208986369062247,0.0107378534942587
0,0.000205899463287335,0.0105792462984386
0,0.00020285815372667,0.0104229818653111
0,0.000199861766885565,0.010269025590286
0,0.000196909639217369,0.0101173433799121
0,0.000194001116976608,0.00996790164432725
0,0.000191135556074126,0.00982066728982025
0,0.000188312321934586,0.00967560771150192
0,0.000185530789355792,0.00953269078608495
0,0.000182790342370384,0.00939188486477022
0,0.000180090374109335,0.00925315876623818
0,0.000177430286667557,0.0091164817697438
0,0.000174809490971581,0.00898182360831349
0,0.000172227406649003,0.00884915446204252
0,0.000169683461900008,0.00871844495149141
0,0.000167177093370843,0.00858966613117989
0,0.000164707746028808,0.00846278948317698
0,0.000162274873039686,0.00833778691078568
0,0.000159877935646313,0.00821463073232106
0,0.000157516403049521,0.0080932936749801
0,0.000155189752290438,0.00797374886880221
0,0.000152897468134752,0.00785596984071888
0,0.000150639042958645,0.00773993050869126
0,0.000148413976636258,0.00762560517593431
0,0.000146221776429076,0.00751296852522628
0,0.000144061956876732,0.00740199561330226
0,0.000141934039689484,0.00729266186533048
0,0.000139837553642386,0.00718494306947028
0,0.000137772034470837,0.0070788153715104
0,0.000135737024767865,0.00697425526958647
0,0.000133732073882772,0.00687123960897659
0,0.000131756737821329,0.00676974557697374
0,0.000129810579147488,0.0066697506978339
0,0.000127893166886509,0.00657123282779884
0,0.000126004076429528,0.00647417015019238
0,0.000124142889439488,0.00637854117058918
0,0.000122309193758552,0.00628432471205474
0,0.000120502583316764,0.00619149991045586
0,0.000118722658042206,0.00610004620984023
0,0.00011696902377234,0.00600994335788443
0,0.000115241292166737,0.00592117140140897
0,0.000113539080621103,0.00583371068195975
0,0.000111862012182523,0.00574754183145471
0,0.00011020971546602,0.00566264576789474
0,0.000108581824572213,0.00557900369113807
0,0.00010697797900646,0.00549659707873692
0,0.000105397823598877,0.00541540768183578
0,0.000103841008425754,0.00533541752113018
0,0.000102307188732061,0.00525660888288523
0,0.000100796024855063,0.00517896431501292
0,9.93071821491567e-05,0.00510246662320737
0,9.78403309117165e-05,0.00502709886713715
0,9.63951463101229e-05,0.00495284435669392
0,9.49713083098075e-05,0.00487968664829633
0,9.3568501603386e-05,0.0048076095412487
0,9.21864155408042e-05,0.00473659707415335
0,9.0824744060608e-05,0.00466663352137595
0,8.94831856221162e-05,0.00459770338956314
0,8.8161443138654e-05,0.00452979141421151
0,8.68592239117658e-05,0.0044628825562873
0,8.55762395664261e-05,0.00439696199889601
0,8.43122059871124e-05,0.00433201514400126
0,8.30668432549655e-05,0.004268027609192
0,8.18398755857361e-05,0.00420498522449762
0,8.063103126877e-05,0.00414287402924994
0,7.94400426068001e-05,0.00408168026899172
0,7.82666458566533e-05,0.00402139039243069
0,7.71105811708944e-05,0.00396199104843865
0,7.59715925402471e-05,0.00390346908309488
0,7.48494277368894e-05,0.00384581153677322
0,7.3743838258658e-05,0.00378900564127217
0,7.26545792739328e-05,0.00373303881698739
0,7.15814095674991e-05,0.00367789867012594
0,7.05240914870772e-05,0.00362357298996171
0,6.94823908907322e-05,0.00357004974613138
0,6.84560770949638e-05,0.00351731708597027
0,6.74449228237062e-05,0.00346536333188763
0,6.64487041579231e-05,0.00341417697878059
0,6.54672004860787e-05,0.00336374669148642
0,6.45001944552318e-05,0.00331406130227233
0,6.35474719229492e-05,0.00326510980836243
0,6.26088219098375e-05,0.00321688136950115
0,6.16840365528781e-05,0.00316936530555266
0,6.07729110593327e-05,0.0031225510941358
0,5.9875243661453e-05,0.00307642836829392
0,5.89908355717664e-05,0.00303098691419906
0,5.81194909390487e-05,0.00298621666889018
0,5.7261016804977e-05,0.00294210771804471
0,5.64152230613651e-05,0.00289865029378301
0,5.55819224081142e-05,0.00285583477250532
0,5.47609303116689e-05,0.00281365167276057
0,5.39520649642522e-05,0.0027720916531468
0,5.31551472434735e-05,0.00273114551024243
0,5.23700006727669e-05,0.00269080417656824
0,5.15964513822832e-05,0.00265105871857937
0,5.08343280703587e-05,0.00261190033468698
0,5.00834619656075e-05,0.00257332035330913
0,4.93436867895353e-05,0.00253531023095054
0,4.86148387197349e-05,0.00249786155031057
0,4.78967563535826e-05,0.00246096601841925
0,4.71892806725056e-05,0.00242461546480079
0,4.64922550067852e-05,0.00238880183966427
0,4.58055250008409e-05,0.00235351721212099
0,4.51289385790393e-05,0.00231875376842821
0,4.44623459120615e-05,0.00228450381025877
0,4.3805599383679e-05,0.00225075975299636
0,4.31585535580654e-05,0.00221751412405586
0,4.2521065147634e-05,0.00218475956122855
0,4.18929929812614e-05,0.0021524888110518
0,4.12741979730381e-05,0.00212069472720276
0,4.06645430914773e-05,0.00208937026891581
0,4.0063893329164e-05,0.00205850849942344
0,3.94721156728624e-05,0.00202810258442002
0,3.88890790740358e-05,0.00199814579054846
0,3.83146544198701e-05,0.00196863148390903
0,3.77487145046332e-05,0.00193955312859034
0,3.71911340015484e-05,0.00191090428522193
0,3.66417894350074e-05,0.0018826786095483
0,3.61005591532557e-05,0.00185486985102401
0,3.55673233014241e-05,0.00182747185142943
0,3.50419637950121e-05,0.00180047854350709
0,3.45243642937247e-05,0.00177388394961803
0,3.40144101757048e-05,0.00174768218041809
0,3.3511988512161e-05,0.00172186743355372
0,3.3016988042367e-05,0.00169643399237704
0,3.25292991489902e-05,0.00167137622467991
0,3.20488138338612e-05,0.00164668858144668
0,3.15754256940172e-05,0.00162236559562535
0,3.11090298981687e-05,0.00159840188091693
0,3.06495231634646e-05,0.00157479213058261
0,3.01968037326461e-05,0.00155153111626863
0,2.97507713514708e-05,0.00152861368684843
0,2.93113272465534e-05,0.00150603476728197
0,2.8878374103463e-05,0.00148378935749183
0,2.84518160452024e-05,0.00146187253125599
0,2.8031558610947e-05,0.00144027943511689
0,2.76175087351345e-05,0.00141900528730667
0,2.72095747268775e-05,0.00139804537668822
0,2.68076662496182e-05,0.00137739506171191
0,2.64116943011639e-05,0.00135704976938775
0,2.60215711939526e-05,0.00133700499427268
0,2.5637210535643e-05,0.00131725629747285
0,2.52585272099756e-05,0.00129779930566062
0,2.48854373579455e-05,0.00127862971010614
1,0.170124517858359,0.00125974326572313
1,0.163147353729814,0.0587179257901288
1,0.142988905886813,0.192721674472014
1,0.117013460022264,0.358717119363412
1,0.0904710243931042,0.525313402108518
1,0.0666854749777082,0.672959915274257
1,0.0473966517210905,0.791740253274549
1,0.0331579556259942,0.878876193227092
1,0.0237218656046775,0.936343781000643
1,0.0183728549271692,0.968837890881339
1,0.0161887189682532,0.982191152871041
1,0.0162269079015063,0.98225979389813
1,0.0176425249993346,0.974229549802051
1,0.0197501184143872,0.962263434843214
1,0.02204336774477,0.949402841380874
1,0.0241863413567804,0.937637400064725
1,0.0259881364638586,0.928071381092007
1,0.0273701753981687,0.921130529820005
1,0.0283327713796611,0.916769792224541
1,0.0289251527532748,0.914657289039106
1,0.0292211402834655,0.914322027783961
1,0.0293011778347235,0.915261832433854
1,0.0292404076528505,0.917013960893926
1,0.0291018914418398,0.919194308457171
1,0.0289338174869461,0.921512532391405
1,0.0287695078490777,0.923770466237217
1,0.0286291621396628,0.925850351034105
1,0.0285224748118638,0.927698124960641
1,0.0284514882439744,0.929305601844823
1,0.0284132583249944,0.93069404531228
1,0.0284020918311483,0.931900530714818
1,0.0284112563335532,0.932967632487854
1,0.0284341627599283,0.933936381474681
1,0.0284650823850314,0.934842075224051
1,0.0284994910514549,0.935712348727572
1,0.0285341418167562,0.936566873467499
1,0.0285669605918153,0.937418102034413
1,0.0285968441568594,0.938272574399254
1,0.0286234212354315,0.939132419861394
1,0.028646818600077,0.939996804692331
1,0.0286674576654469,0.940863176717561
1,0.0286858937969008,0.941728238291559
1,0.0287027009244143,0.942588636911606
1,0.028718397768108,0.943441399833145
1,0.0287334085150164,0.944284158995749
1,0.0287480494734134,0.945115219527289
1,0.0287625334075119,0.945933523179406
1,0.0287769843356354,0.946738550851212
1,0.0287914570896175,0.947530198726781
1,0.0288059575401869,0.948308652536279
1,0.0288204608693392,0.949074275368413
1,0.028834926493138,0.949827517021381
1,0.0288493091602726,0.950568847328292
1,0.0288635663792807,0.951298712163522
1,0.0288776626988403,0.952017508673708
1,0.028891571534714,0.952725575339433
1,0.0289052752607368,0.953423192406022
1,0.0289187642120887,0.954110588701796
1,0.0289320351303395,0.954787951625866
1,0.0289450894441174,0.955455437937857
1,0.0289579316490165,0.956113183786622
1,0.0289705679387007,0.956761313097106
1,0.0289830051521016,0.957399943960875
1,0.0289952500399964,0.958029193043853
1,0.0290073088156373,0.958649178251593
1,0.0290191869342733,0.959260020005028
1,0.0290308890405657,0.959861841508224
1,0.0290424190263918,0.960454768362726
1,0.0290537801504518,0.961038927824952
1,0.0290649751822898,0.961614447932254
1,0.0290760065446802,0.962181456653001
1,0.0290868764384014,0.96274008115418
1,0.0290975869415409,0.963290447230774
1,0.0291081400814472,0.963832678905365
1,0.0291185378813397,0.964366898183273
1,0.0291287823858113,0.964893224935862
1,0.0291388756702968,0.965411776879977
1,0.0291488198395498,0.965922669622383
1,0.0291586170195275,0.966426016742192
1,0.0291682693461965,0.966921929890064
1,0.0291777789537837,0.967410518889009
1,0.0291871479641199,0.967891891827132
1,0.0291963784779534,0.968366155137244
1,0.0292054725685615,0.968833413661688
1,0.0292144322775774,0.969293770703023
1,0.029223259612742,0.969747328062618
1,0.0292319565471508,0.970194186069766
1,0.0292405250195755,0.970634443604039
1,0.0292489669354574,0.971068198113309
1,0.0292572841682504,0.971495545629417
1,0.029265478560871,0.971916580782955
1,0.0292735519270928,0.972331396818147
1,0.0292815060527833,0.972740085608379
1,0.0292893426969523,0.973142737672622
1,0.0292970635925935,0.97353944219276
1,0.0293046704473534,0.973930287031679
1,0.0293121649440513,0.974315358751923
1,0.0293195487410896,0.974694742634677
1,0.0293268234727897,0.97506852269889
1,0.0293339907496863,0.975436781720327
1,0.0293410521587965,0.975799601250446
1,0.0293480092638845,0.976157061634987
1,0.0293548636057348,0.976509242032234
1,0.0293616167024302,0.976856220430907
1,0.0293682700496447,0.977198073667703
1,0.0293748251209465,0.977534877444475
1,0.029381283368106,0.977866706345096
1,0.0293876462214153,0.978193633852001
1,0.0293939150900024,0.97851573236245
1,0.0294000913621491,0.978833073204534
1,0.0294061764056062,0.979145726652919
1,0.0294121715679028,0.979453761944366
1,0.0294180781766524,0.979757247293021
1,0.0294238975398515,0.980056249905486
1,0.0294296309461748,0.980350835995678
1,0.029435279665261,0.980641070799472
1,0.0294408449479997,0.980927018589143
1,0.0294463280268047,0.981208742687588
1,0.0294517301158903,0.981486305482351
1,0.0294570524115378,0.981759768439446
1,0.0294622960923618,0.982029192116962
1,0.0294674623195688,0.982294636178488
1,0.0294725522372148,0.982556159406319
1,0.0294775669724576,0.982813819714488
1,0.0294825076358067,0.98306767416158
1,0.0294873753213678,0.983317778963382
1,0.0294921711070859,0.983564189505324
1,0.029496896054984,0.983806960354749
1,0.029501551211397,0.984046145272995
1,0.029506137607205,0.984281797227302
1,0.0295106562580607,0.98451396840254
1,0.0295151081646143,0.984742710212763
1,0.0295194943127364,0.9849680733126
1,0.0295238156737345,0.985190107608466
1,0.0295280732045686,0.985408862269619
1,0.0295322678480647,0.985624385739042
1,0.0295364005331222,0.985836725744177
1,0.0295404721749188,0.986045929307491
1,0.0295444836751155,0.986252042756886
1,0.029548435922055,0.986455111735964
1,0.0295523297909583,0.986655181214131
1,0.0295561661441175,0.98685229549656
1,0.0295599458310896,0.987046498233994
1,0.0295636696888817,0.987237832432421
1,0.0295673385421391,0.987426340462593
1,0.0295709532033241,0.98761206406941
1,0.0295745144729005,0.987795044381165
1,0.0295780231395069,0.987975321918649
1,0.0295814799801342,0.988152936604131
1,0.0295848857602961,0.988327927770189
1,0.0295882412341988,0.988500334168429
1,0.0295915471449086,0.988670193978063
1,0.0295948042245155,0.988837544814362
1,0.0295980131942966,0.989002423736989
1,0.0296011747648743,0.989164867258204
1,0.0296042896363755,0.989324911350949
1,0.0296073584985848,0.989482591456816
1,0.0296103820310987,0.989637942493894
1,0.0296133609034748,0.989790998864504
1,0.0296162957753821,0.989941794462814
1,0.0296191872967435,0.990090362682346
1,0.0296220361078847,0.990236736423372
1,0.0296248428396706,0.9903809481002
1,0.0296276081136497,0.990523029648351
1,0.0296303325421887,0.990663012531629
1,0.0296330167286094,0.990800927749094
1,0.0296356612673216,0.990936805841922
1,0.0296382667439565,0.99107067690017
1,0.0296408337354932,0.99120257056944
1,0.0296433628103896,0.991332516057441
1,0.0296458545287066,0.991460542140464
1,0.0296483094422326,0.991586677169747
1,0.029650728094605,0.991710949077754
1,0.0296531110214324,0.991833385384367
1,0.0296554587504114,0.991954013202973
1,0.0296577718014437,0.992072859246474
1,0.0296600506867517,0.992189949833198
1,0.0296622959109927,0.992305310892728
1,0.0296645079713691,0.992418967971646
1,0.0296666873577391,0.992530946239191
1,0.0296688345527256,0.992641270492829
1,0.0296709500318222,0.992749965163748
1,0.0296730342634999,0.992857054322265
1,0.0296750877093097,0.992962561683158
1,0.0296771108239846,0.99306651061092
1,0.0296791040555415,0.993168924124927
1,0.0296810678453787,0.993269824904544
1,0.0296830026283759,0.993369235294139
1,0.0296849088329889,0.993467177308034
1,0.0296867868813442,0.993563672635384
1,0.0296886371893337,0.993658742644975
1,0.0296904601667063,0.993752408389958
1,0.029692256217158,0.993844690612511
1,0.0296940257384224,0.993935609748433
1,0.0296957691223585,0.994025185931668
1,0.0296974867550364,0.994113438998766
1,0.0296991790168244,0.994200388493274
1,0.029700846282471,0.994286053670064
1,0.0297024889211916,0.994370453499596
1,0.0297041072967459,0.994453606672122
1,0.029705701767522,0.994535531601823
1,0.0297072726866134,0.994616246430885
1,0.0297088204018987,0.99469576903352
1,0.0297103452561176,0.994774117019925
1,0.0297118475869473,0.994851307740174
1,0.0297133277270774,0.994927358288071
1,0.0297147860042837,0.995002285504927
1,0.0297162227414998,0.995076105983294
1,0.0297176382568896,0.995148836070636
1,0.0297190328639176,0.995220491872953
1,0.0297204068714179,0.995291089258346
1,0.029721760583663,0.99536064386053
1,0.0297230943004312,0.995429171082296
1,0.0297244083170725,0.995496686098924
1,0.0297257029245741,0.995563203861541
1,0.0297269784096263,0.995628739100434
1,0.029728235054683,0.995693306328312
1,0.0297294731380273,0.995756919843516
1,0.0297306929338317,0.995819593733193
1,0.0297318947122183,0.995881341876406
1,0.0297330787393195,0.995942177947216
1,0.0297342452773373,0.996002115417705
1,0.0297353945845995,0.996061167560962
1,0.0297365269156196,0.99611934745402
1,0.0297376425211511,0.996176667980753
1,0.0297387416482437,0.99623314183473
1,0.0297398245402973,0.996288781522025
1,0.029740891437118,0.996343599363988
1,0.0297419425749681,0.99639760749997
1,0.0297429781866214,0.996450817890015
1,0.0297439985014134,0.996503242317506
1,0.0297450037452909,0.996554892391777
1,0.0297459941408644,0.99660577955068
1,0.0297469699074562,0.996655915063122
1,0.0297479312611482,0.996705310031558
1,0.0297488784148321,0.99675397539445
1,0.0297498115782528,0.996801921928692
1,0.0297507309580594,0.996849160251991
1,0.029751636757847,0.996895700825224
1,0.0297525291782044,0.996941553954749
1,0.0297534084167563,0.996986729794694
1,0.02975427466821,0.997031238349199
1,0.0297551281243955,0.997075089474635
1,0.0297559689743099,0.997118292881788
1,0.0297567974041582,0.997160858138004
1,0.029757613597396,0.997202794669314
1,0.0297584177347681,0.997244111762518
1,0.0297592099943496,0.997284818567241
1,0.0297599905515857,0.997324924097962
1,0.0297607595793301,0.997364437236007
1,0.0297615172478827,0.997403366731519
1,0.0297622637250285,0.997441721205391
1,0.0297629991760748,0.997479509151181
1,0.0297637237638855,0.997516738936988
1,0.0297644376489206,0.997553418807309
1,0.0297651409892683,0.997589556884861
1,0.0297658339406832,0.997625161172383
1,0.0297665166566186,0.997660239554406
1,0.0297671892882607,0.997694799798999
1,0.0297678519845639,0.997728849559492
1,0.0297685048922809,0.997762396376167
1,0.0297691481559976,0.99779544767793
1,0.0297697819181639,0.997828010783958
1,0.0297704063191262,0.997860092905314
1,0.0297710214971572,0.99789170114655
1,0.0297716275884872,0.997922842507276
1,0.0297722247273349,0.997953523883715
1,0.0297728130459354,0.997983752070222
1,0.0297733926745716,0.998013533760798
1,0.0297739637416019,0.998042875550567
1,0.0297745263734883,0.998071783937235
1,0.0297750806948243,0.998100265322534
1,0.0297756268283651,0.998128326013635
1,0.0297761648950507,0.998155972224549
1,0.029776695014035,0.9981832100775
1,0.0297772173027124,0.99821004560428
1,0.0297777318767438,0.998236484747588
1,0.0297782388500809,0.998262533362343
1,0.0297787383349919,0.998288197216983
1,0.0297792304420874,0.998313481994742
1,0.0297797152803443,0.998338393294906
1,0.0297801929571293,0.998362936634056
1,0.0297806635782234,0.998387117447287
1,0.029781127247845,0.998410941089415
1,0.0297815840686733,0.99843441283616
1,0.0297820341418706,0.998457537885314
1,0.0297824775671058,0.998480321357896
1,0.0297829144425741,0.99850276829928
1,0.029783344865022,0.998524883680317
1,0.0297837689297653,0.998546672398434
1,0.0297841867307129,0.99856813927872
1,0.0297845983603866,0.998589289074993
1,0.029785003909941,0.998610126470851
1,0.0297854034691851,0.998630656080714
1,0.0297857971266005,0.998650882450842
1,0.0297861849693621,0.998670810060342
1,0.0297865670833573,0.998690443322162
1,0.0297869435532054,0.998709786584068
1,0.0297873144622745,0.998728844129602
1,0.0297876798927026,0.998747620179039
1,0.0297880399254131,0.998766118890314
1,0.0297883946401358,0.998784344359947
1,0.0297887441154212,0.998802300623949
1,0.0297890884286602,0.998819991658715
1,0.0297894276561017,0.998837421381904
1,0.0297897618728657,0.998854593653312
1,0.0297900911529652,0.998871512275718
1,0.0297904155693183,0.998888180995734
1,0.029790735193767,0.99890460350463
1,0.0297910500970919,0.998920783439152
1,0.0297913603490281,0.998936724382329
1,0.02979166601828,0.998952429864266
1,0.029791967172538,0.998967903362926
1,0.0297922638784924,0.998983148304898
1,0.0297925562018486,0.998998168066157
1,0.0297928442073407,0.999012965972815
1,0.029793127958748,0.999027545301851
1,0.0297934075189064,0.999041909281841
1,0.0297936829497243,0.999056061093675
1,0.0297939543121957,0.999070003871255
1,0.0297942216664135,0.999083740702194
1,0.0297944850715823,0.999097274628499
1,0.0297947445860343,0.999110608647244
1,0.0297950002672376,0.999123745711232
1,0.0297952521718128,0.999136688729652
1,0.0297955003555441,0.999149440568722
1,0.0297957448733916,0.999162004052322
1,0.0297959857795029,0.999174381962622
1,0.0297962231272269,0.999186577040698
1,0.0297964569691238,0.999198591987136
0,-0.140303312643022,0.999210429462633
0,-0.133326283679192,0.941745302088585
0,-0.113167969004409,0.807734711138373
0,-0.087192654341071,0.641732525044749
0,-0.0606503479751683,0.475129600670686
0,-0.0368649259137017,0.327476543978479
0,-0.0175762281298883,0.208689759105151
0,-0.00333765565425637,0.121547467505348
0,0.00609831257356053,0.0640736219037507
0,0.0114472032565618,0.0315733466284319
0,0.0136312209933912,0.0182140103122114
0,0.0135929155842919,0.0181393846815532
0,0.0121771837310645,0.0261637325717294
0,0.0100694772556474,0.0381240384166225
0,0.0077761165348974,0.0509789085705529
0,0.0056330331778498,0.0627387111164079
0,0.00383112994676182,0.0722991746082481
0,0.00244898448552522,0.0792345524585336
0,0.00148628355059921,0.0835898974793573
0,0.000893798773803134,0.0856970877430488
0,0.000597709367782584,0.0860271145528074
0,0.000517571445487031,0.0850821527747224
0,0.000578242738887846,0.0833249433616125
0,0.000716661522093043,0.0811395898953117
0,0.00088463948827211,0.0788164339994511
0,0.00104885455526083,0.0765536410412661
0,0.00118910709068798,0.0744689689052125
0,0.00129570262075818,0.0726164783525686
0,0.00136659874684864,0.0710043545108419
0,0.00140473955993192,0.0696113327253415
0,0.00141581826405091,0.0684003366303975
0,0.00140656726864741,0.0673287907917045
0,0.00138357562684932,0.0663556633818365
0,0.0013525720450267,0.0654456558824449
0,0.00131808066199546,0.0645711323466449
0,0.00128334840188082,0.0637124203510182
0,0.00125044933575613,0.0628570663777195
0,0.00122048666561325,0.0619985295422423
0,0.00119383165039166,0.0611346796451421
0,0.00117035750028704,0.0602663495281418
0,0.00114964278364449,0.059396090492067
0,0.00113113211835147,0.0585271993216688
0,0.00111425155792644,0.0576630276716061
0,0.00109848236598775,0.0568065474509021
0,0.0010834003394794,0.0559601258967921
0,0.00106868915434255,0.0551254570703711
0,0.00105413603081239,0.054303598420948
0,0.00103961693524401,0.0534950682621576
0,0.00102507702070753,0.0526999696343057
0,0.00101051040160227,0.05191811604306
0,0.000995941881279605,0.0511491436468354
0,0.000981412029239404,0.0503926019056772
0,0.000966966082568743,0.0496480202556761
0,0.000952646518717071,0.0489149521024477
0,0.000938488775199975,0.0481929995899858
0,0.000924519422652703,0.0474818235388118
0,0.000910756073838948,0.0467811430150325
0,0.000897208380374992,0.0460907285119273
0,0.000883879587683101,0.0454103919620065
0,0.000870768254318754,0.0447399759471372
0,0.000857869872060768,0.0440793436696888
0,0.000845178234804789,0.0434283705655197
0,0.000832686491362644,0.0427869379133075
0,0.00082038787888139,0.042154928426676
0,0.000808276172212019,0.0415322235887846
0,0.000796345904383322,0.0409187023764395
0,0.00078459241918627,0.0403142409922129
0,0.000773011813365421,0.0397187132499591
0,0.000761600817011154,0.0391319913172983
0,0.0007503566495346,0.0385539465894208
0,0.000739276877280481,0.0379844505388847
0,0.000728359288750646,0.0374233754478847
0,0.000717601795295009,0.0368705949787583
0,0.000707002359159881,0.0363259845742586
0,0.000696558946872483,0.0357894217022977
0,0.0006862695037399,0.0352607859725279
0,0.000676131944375435,0.0347399591567805
0,0.000666144154221393,0.0342268251445238
0,0.000656303997659757,0.0337212698603199
0,0.000646609329207848,0.0332231811645118
0,0.000637058005261426,0.0327324487523172
0,0.000627647894752337,0.0322489640609751
0,0.000618376887829675,0.0317726201900277
0,0.000609242902250395,0.0313033118363963
0,0.000600243887545204,0.0308409352435876
0,0.000591377827270145,0.0303853881630058
0,0.000582642739753392,0.029936569824736
0,0.000574036677774448,0.0294943809150929
0,0.000565557727567945,0.0290587235585039
0,0.000557204007478884,0.0286295013017448
0,0.000548973666510133,0.0282066190990634
0,0.000540864882928094,0.0277899832972093
0,0.000532875863021254,0.0273795016198116
0,0.000525004840053578,0.0269750831508649
0,0.000517250073417574,0.0265766383173177
0,0.000509609847965886,0.0261840788708931
0,0.000502082473489818,0.0257973178693505
0,0.000494666284306278,0.0254162696574126
0,0.000487359638919937,0.0250408498475688
0,0.000480160919729355,0.0246709753009336
0,0.000473068532754917,0.024306564108293
0,0.000466080907371436,0.0239475355714339
0,0.000459196496036485,0.0235938101848081
0,0.000452413774008176,0.0232453096175582
0,0.000445731239052061,0.0229019566959063
0,0.000439147411136764,0.0225636753858931
0,0.000432660832122622,0.0222303907764495
0,0.000426270065444434,0.0219020290627758
0,0.00041997369579283,0.021578517530006
0,0.000413770328795471,0.0212597845371391
0,0.000407658590701632,0.0209457595012181
0,0.000401637128070537,0.0206363728817453
0,0.000395704607464797,0.0203315561653248
0,0.000389859715149432,0.0200312418505243
0,0.00038410115679699,0.0197353634329522
0,0.000378427657197755,0.0194438553905476
0,0.000372837959975808,0.0191566531690804
0,0.000367330827309914,0.0188736931678601
0,0.000361905039659577,0.0185949127256518
0,0.00035655939549481,0.0183202501067976
0,0.000351292711031181,0.0180496444875421
0,0.000346103819967719,0.0177830359425588
0,0.000340991573229671,0.0175203654316762
0,0.000335954838714347,0.0172615747868004
0,0.000330992501040905,0.017006606699031
0,0.00032610346130349,0.0167554047059688
0,0.000321286636828205,0.0165079131792113
0,0.000316540960933476,0.0162640773120328
0,0.000311865382693705,0.016023843107248
0,0.0003072588667066,0.015787157365254
0,0.000302720392863859,0.0155539676722501
0,0.000298248956125235,0.0153242223886305
0,0.000293843566295887,0.0150978706375497
0,0.000289503247807105,0.0148748622936557
0,0.00028522703950018,0.0146551479719904
0,0.000281013994413409,0.0144386790170531
0,0.000276863179572706,0.0142254074920265
0,0.000272773675784654,0.0140152861681604
0,0.000268744577433089,0.0138082685143138
0,0.000264774992278671,0.0136043086866499
0,0.000260864041260966,0.0134033615184845
0,0.000257010858304152,0.0132053825102837
0,0.000253214590125034,0.0130103278198095
0,0.000249474396044058,0.0128181542524109
0,0.000245789447799322,0.0126288192514585
0,0.000242158929362968,0.0124422808889204
0,0.00023858203676061,0.0122584978560774
0,0.000235057977893166,0.0120774294543748
0,0.00023158597236167,0.0118990355864104
0,0.000228165251294182,0.0117232767470544
0,0.000224795057175736,0.011550114014701
0,0.000221474643680469,0.01137950904265
0,0.000218203275506368,0.011211424050614
0,0.00021498022821248,0.0110458218163528
0,0.000211804788058476,0.0108826656674299
0,0.000208676251846535,0.0107219194730921
0,0.00020559392676571,0.0105635476362677
0,0.000202557130238409,0.0104075150856842
0,0.00019956518976931,0.0102537872681014
0,0.000196617442796462,0.0101023301406597
0,0.000193713236544463,0.00995311016334149
0,0.000190851927879931,0.00980609429154357
0,0.000188032883169181,0.00966124996875956
0,0.000185255478137761,0.00951854511937026
0,0.000182519097732342,0.00937794814154055
0,0.000179823135984469,0.00923942790022118
0,0.000177166995876277,0.00910295372025399
0,0.000174550089208386,0.0089684953795789
0,0.000171971836469664,0.00883602310254125
0,0.000169431666708825,0.00870550755329804
0,0.000166929017407988,0.00857691982932152
0,0.000164463334358197,0.0084502314549988
0,0.00016203407153656,0.0083254143753259
0,0.000159640690985452,0.00820244094969503
0,0.000157282662693353,0.0080812839457736
0,0.000154959464477397,0.00796191653347365
0,0.000152670581867867,0.00784431227901035
0,0.000150415507994203,0.00772844513904827
0,0.000148193743472677,0.00761428945493413
0,0.000146004796295951,0.00750181994701469
0,0.000143848181724054,0.00739101170903863
0,0.000141723422176956,0.00728184020264105
0,0.000139630047129011,0.0071742812519095
0,0.000137567593004526,0.00706831103803025
0,0.000135535603075262,0.00696390609401363
0,0.000133533627359253,0.0068610432994973
0,0.000131561222521129,0.00675969987562623
0,0.000129617951773964,0.00665985338000844
0,0.000127703384782546,0.00656148170174505
0,0.000125817097568065,0.00646456305653392
0,0.000123958672414284,0.00636907598184551
0,0.000122127697774907,0.00627499933217002
0,0.000120323768182606,0.00618231227433476
0,0.000118546484159113,0.00609099428289065
0,0.000116795452126783,0.00600102513556689
0,0.000115070284321492,0.00591238490879274
0,0.000113370598706641,0.00582505397328551
0,0.000111696018888718,0.00573901298970364
0,0.000110046174033818,0.00565424290436404
0,0.000108420698785569,0.00557072494502264
0,0.000106819233184237,0.00548844061671737
0,0.000105241422586985,0.00540737169767237
0,0.000103686917589343,0.00532750023526289
0,0.000102155373947886,0.00524880854203965
0,0.000100646452503905,0.00517127919181197
0,9.91598191083728e-05,0.0050948950157888
0,9.7695144547931e-05,0.00501963909877666
0,9.62521044719777e-05,0.00494549477543383
0,9.48303793208219e-05,0.0048724456265798
0,9.34296542549964e-05,0.00480047547555928
0,9.20496190854186e-05,0.00472956838465987
0,9.0689968204799e-05,0.00465970865158271
0,8.9350400519897e-05,0.00459088080596518
0,8.80306193849281e-05,0.00452306960595504
0,8.67303325357491e-05,0.00445626003483511
0,8.54492520252492e-05,0.00439043729769788
0,8.41870941595477e-05,0.00432558681816912
0,8.29435794351199e-05,0.00426169423518003
0,8.17184324769724e-05,0.00419874539978697
0,8.05113819776423e-05,0.00413672637203817
0,7.93221606370867e-05,0.00407562341788675
0,7.81505051035275e-05,0.00401542300614938
0,7.69961559151169e-05,0.00395611180550973
0,7.58588574424693e-05,0.00389767668156633
0,7.47383578320396e-05,0.00384010469392398
0,7.36344089504251e-05,0.00378338309332803
0,7.25467663293261e-05,0.00372749931884116
0,7.14751891114501e-05,0.00367244099506173
0,7.04194399971866e-05,0.00361819592938326
0,6.93792851920172e-05,0.00356475210929443
0,6.83544943547998e-05,0.00351209769971885
0,6.73448405466986e-05,0.00346022104039427
0,6.63501001809674e-05,0.00340911064329038
0,6.53700529734194e-05,0.00335875519006483
0,6.44044818936679e-05,0.00330914352955675
0,6.34531731170188e-05,0.00326026467531739
0,6.25159159771821e-05,0.00321210780317715
0,6.15925029195732e-05,0.00316466224884858
0,6.06827294553774e-05,0.00311791750556481
0,5.97863941162111e-05,0.00307186322175281
0,5.89032984096086e-05,0.00302648919874106
0,5.80332467749536e-05,0.00298178538850105
0,5.71760465402638e-05,0.00293774189142218
0,5.63315078794674e-05,0.00289434895411949
0,5.5499443770396e-05,0.00285159696727376
0,5.46796699533378e-05,0.00280947646350357
0,5.38720048902722e-05,0.00276797811526876
0,5.30762697246306e-05,0.00272709273280483
0,5.22922882417315e-05,0.0026868112620879
0,5.15198868297102e-05,0.00264712478282967
0,5.07588944411129e-05,0.00260802450650208
0,5.00091425549853e-05,0.00256950177439108
0,4.92704651395871e-05,0.00253154805567914
0,4.8542698615605e-05,0.00249415494555616
0,4.78256818199282e-05,0.00245731416335819
0,4.71192559699449e-05,0.00242101755073372
0,4.64232646284202e-05,0.00238525706983699
0,4.57375536688266e-05,0.00235002480154805
0,4.50619712412115e-05,0.00231531294371904
0,4.43963677385639e-05,0.00228111380944646
0,4.37405957637062e-05,0.00224741982536888
0,4.30945100966529e-05,0.00221422352998982
0,4.24579676624182e-05,0.00218151757202546
0,4.18308274993708e-05,0.00214929470877664
1,0.170141212950728,0.00211754780452501
1,0.16316380222152,0.0595630598289528
1,0.143005111420357,0.193554325164882
1,0.117029426186345,0.359537471099923
1,0.0904867547234113,0.526121636554681
1,0.0667009729577061,0.673756211412718
1,0.0474119207827904,0.792524787444229
1,0.0331729991507133,0.879649139162238
1,0.0237366869237876,0.937105309869301
1,0.018387457322836,0.969588171323255
1,0.0162031056741613,0.98293035103501
1,0.0162410821035763,0.98298807347879
1,0.0176564898364282,0.97494707207613
1,0.0197638769790025,0.962970358705245
1,0.0220569230837265,0.950099323378386
1,0.0241996964718932,0.938323594432906
1,0.0260012943126035,0.92874743978786
1,0.0273831388943369,0.921796602556
1,0.0283455433940051,0.917426026501767
1,0.0289377361141433,0.915303830179938
1,0.0292335377774301,0.914959018964237
1,0.0293133922071963,0.915889414714584
1,0.0292524416086909,0.917632273252529
1,0.0291137476459542,0.919803487818253
1,0.0289454985648785,0.922112713657081
1,0.0287810163875898,0.92436178231698
1,0.0286405006873082,0.926432932874264
1,0.0285336458795517,0.928272101573316
1,0.0284624943055258,0.929871100336517
1,0.0284241018176898,0.931251190912024
1,0.0284127751562675,0.932449446801904
1,0.0284217818569072,0.93350844061916
1,0.0284445328123821,0.934469201411584
1,0.0284752992630222,0.935367024958952
1,0.0285095570174998,0.936229544510025
1,0.0285440590999522,0.937076429829951
1,0.0285767313883341,0.937920131817572
1,0.0286064706304334,0.938767188777074
1,0.0286329055178329,0.939619728365696
1,0.0286561627915902,0.940476915237059
1,0.0286766638353328,0.941336195622678
1,0.0286949639838556,0.942194270306591
1,0.0287116371370215,0.94304778523884
1,0.0287272019852824,0.943893766150484
1,0.0287420826864417,0.944729843479226
1,0.028756595519976,0.945554320873254
1,0.0287709532217244,0.946366138626377
1,0.0287852797820565,0.947164776201415
1,0.0287996300052655,0.94795012836736
1,0.0288140097349447,0.948722379460201
1,0.0288283941263565,0.94948189119506
1,0.0288427425692259,0.950229112016838
1,0.0288570097862932,0.950964510425337
1,0.028871153260529,0.951688530981323
1,0.0288851375154231,0.952401569537221
1,0.0288989359419214,0.953103963298523
1,0.0289125308894089,0.953795991254294
1,0.0289259126689767,0.954477880995154
1,0.0289390779984611,0.955149818700791
1,0.0289520282831082,0.955811959929425
1,0.0289647679954754,0.956464439646243
1,0.0289773033065288,0.95710738061001
1,0.0289896410328392,0.957740899763342
1,0.0290017879031521,0.958365112640177
1,0.0290137501090137,0.958980136030807
1,0.0290255330842881,0.959586089257375
1,0.0290371414525665,0.960183094441388
1,0.0290485790849691,0.960771276117825
1,0.0290598492197431,0.961350760492286
1,0.0290709546062846,0.961921674566832
1,0.0290818976475158,0.962484145289829
1,0.0290926805246552,0.963038298823331
1,0.0291033052965228,0.963584259972229
1,0.0291137739714795,0.964122151783639
1,0.029124088554042,0.964652095301823
1,0.029134251070374,0.965174209451282
1,0.0291442635777543,0.965688611015986
1,0.0291541281630481,0.966195414683602
1,0.0291638469345896,0.966694733127721
1,0.0291734220109807,0.967186677106858
1,0.0291828555093423,0.967671355565054
1,0.0291921495346505,0.968148875724428
1,0.029201306171049,0.968619343164599
1,0.0292103274754543,0.969082861887316
1,0.029219215473381,0.969539534366965
1,0.0292279721566902,0.969989461588973
1,0.0292365994828312,0.970432743078743
1,0.0292450993751614,0.970869476923831
1,0.0292534737239347,0.971299759791791
1,0.0292617243876425,0.971723686945672
1,0.02926985319446,0.972141352258632
1,0.0292778619436362,0.972552848228647
1,0.0292857524067303,0.972958265993878
1,0.0292935263286527,0.973357695348931
1,0.0293011854285086,0.973751224762025
1,0.0293087314002591,0.974138941392923
1,0.0293161659132413,0.974520931111428
1,0.0293234906125739,0.974897278516223
1,0.0293307071194917,0.975268066953828
1,0.0293378170316352,0.975633378537518
1,0.0293448219233183,0.975993294166042
1,0.0293517233457901,0.976347893542077
1,0.0293585228275026,0.976697255190337
1,0.0293652218743918,0.977041456475335
1,0.0293718219701613,0.977380573618777
1,0.0293783245765866,0.977714681716614
1,0.0293847311338211,0.978043854755762
1,0.0293910430607092,0.978368165630518
1,0.0293972617551008,0.978687686158693
1,0.029403388594168,0.979002487097485
1,0.0294094249347141,0.979312638159102
1,0.0294153721134831,0.979618208026155
1,0.029421231447462,0.979919264366824
1,0.0294270042341791,0.980215873849809
1,0.0294326917519943,0.980508102159071
1,0.0294382952603849,0.980796014008359
1,0.0294438160002277,0.981079673155529
1,0.0294492551940739,0.981359142416662
1,0.029454614046418,0.981634483679972
1,0.0294598937439678,0.981905757919515
1,0.0294650954559039,0.982173025208693
1,0.0294702203341393,0.982436344733563
1,0.0294752695135727,0.982695774805947
1,0.0294802441123412,0.982951372876347
1,0.0294851452320655,0.983203195546671
1,0.0294899739580943,0.983451298582768
1,0.029494731359746,0.983695736926782
1,0.0294994184905422,0.983936564709313
1,0.0295040363884447,0.98417383526141
1,0.0295085860760815,0.984407601126378
1,0.0295130685609772,0.984637914071414
1,0.0295174848357727,0.984864825099071
1,0.0295218358784475,0.985088384458552
1,0.0295261226525354,0.985308641656836
1,0.0295303461073375,0.985525645469644
1,0.0295345071781337,0.985739443952237
1,0.0295386067863881,0.985950084450058
1,0.0295426458399541,0.98615761360922
1,0.0295466252332768,0.986362077386832
1,0.0295505458475873,0.986563521061178
1,0.0295544085511021,0.986761989241742
1,0.0295582141992126,0.986957525879089
1,0.0295619636346753,0.987150174274596
1,0.0295656576877987,0.987339977090044
1,0.0295692971766268,0.987526976357062
1,0.0295728829071211,0.987711213486434
1,0.0295764156733367,0.987892729277275
1,0.0295798962576019,0.988071563926062
1,0.0295833254306876,0.988247757035534
1,0.0295867039519808,0.988421347623466
1,0.0295900325696516,0.988592374131306
1,0.0295933120208185,0.98876087443269
1,0.0295965430317127,0.988926885841828
1,0.0295997263178378,0.989090445121768
1,0.0296028625841291,0.989251588492536
1,0.0296059525251093,0.989410351639159
1,0.029608996825043,0.989566769719563
1,0.0296119961580867,0.989720877372365
1,0.0296149511884398,0.989872708724537
1,0.0296178625704901,0.990022297398969
1,0.0296207309489602,0.990169676521913
1,0.0296235569590497,0.990314878730315
1,0.0296263412265751,0.990457936179049
1,0.02962908436811,0.990598880548032
1,0.0296317869911193,0.990737743049242
1,0.0296344496940968,0.990874554433632
1,0.0296370730666946,0.991009344997935
1,0.0296396576898563,0.991142144591376
1,0.029642204135943,0.991272982622282
1,0.0296447129688635,0.991401888064593
1,0.0296471847441959,0.991528889464282
1,0.0296496200093117,0.99165401494567
1,0.0296520193034979,0.991777292217662
1,0.0296543831580756,0.991898748579877
1,0.0296567120965181,0.992018410928695
1,0.0296590066345663,0.992136305763213
1,0.0296612672803431,0.992252459191117
1,0.0296634945344658,0.992366896934457
1,0.0296656888901572,0.992479644335349
1,0.0296678508333561,0.992590726361582
1,0.0296699808428216,0.992700167612153
1,0.0296720793902423,0.992807992322707
1,0.029674146940339,0.992914224370911
1,0.0296761839509689,0.993018887281738
1,0.0296781908732255,0.993122004232676
1,0.0296801681515395,0.993223598058863
1,0.0296821162237773,0.993323691258142
1,0.0296840355213377,0.993422305996044
1,0.0296859264692462,0.993519464110697
1,0.0296877894862515,0.993615187117662
1,0.0296896249849168,0.993709496214694
1,0.0296914333717113,0.993802412286442
1,0.0296932150471005,0.993893955909068
1,0.0296949704056344,0.993984147354811
1,0.0296966998360353,0.994073006596468
1,0.0296984037212833,0.994160553311822
1,0.0297000824387024,0.994246806888
1,0.0297017363600425,0.994331786425763
1,0.0297033658515629,0.994415510743738
1,0.0297049712741126,0.994497998382585
1,0.0297065529832103,0.994579267609102
1,0.0297081113291249,0.994659336420273
1,0.0297096466569493,0.994738222547249
1,0.0297111593066812,0.994815943459278
1,0.0297126496132942,0.994892516367573
1,0.0297141179068159,0.994967958229121
1,0.0297155645123977,0.995042285750441
1,0.0297169897503893,0.995115515391283
1,0.0297183939364078,0.995187663368272
1,0.0297197773814086,0.995258745658499
1,0.029721140391755,0.995328778003062
1,0.0297224832692831,0.995397775910548
1,0.0297238063113721,0.995465754660468
1,0.0297251098110083,0.995532729306644
1,0.0297263940568502,0.995598714680539
1,0.0297276593332925,0.995663725394542
1,0.0297289059205299,0.995727775845207
1,0.0297301340946172,0.995790880216436
1,0.0297313441275324,0.995853052482625
1,0.0297325362872365,0.995914306411754
1,0.0297337108377307,0.995974655568442
1,0.0297348680391192,0.996034113316942
1,0.0297360081476625,0.996092692824111
1,0.0297371314158361,0.996150407062316
1,0.0297382380923872,0.996207268812313
1,0.0297393284223879,0.996263290666076
1,0.0297404026472901,0.996318485029583
1,0.0297414610049804,0.996372864125567
1,0.0297425037298307,0.99642643999622
1,0.0297435310527512,0.996479224505861
1,0.0297445432012422,0.996531229343563
1,0.0297455403994416,0.996582466025741
1,0.0297465228681786,0.996632945898703
1,0.0297474908250197,0.996682680141164
1,0.0297484444843177,0.996731679766716
1,0.0297493840572605,0.996779955626274
1,0.0297503097519141,0.996827518410475
1,0.0297512217732734,0.996874378652048
1,0.0297521203233042,0.99692054672814
1,0.0297530056009898,0.996966032862624
1,0.0297538778023736,0.997010847128355
1,0.0297547371206039,0.997054999449403
1,0.0297555837459758,0.997098499603252
1,0.0297564178659731,0.997141357222966
1,0.0297572396653116,0.997183581799317
1,0.0297580493259773,0.997225182682892
1,0.0297588470272689,0.997266169086163
1,0.0297596329458365,0.997306550085524
1,0.0297604072557207,0.997346334623304
1,0.0297611701283915,0.997385531509746
1,0.0297619217327865,0.997424149424958
1,0.0297626622353482,0.997462196920836
1,0.0297633918000588,0.997499682422956
1,0.0297641105884807,0.997536614232444
1,0.0297648187597885,0.997573000527808
1,0.0297655164708059,0.997608849366754
1,0.0297662038760405,0.997644168687968
1,0.0297668811277172,0.997678966312878
1,0.0297675483758126,0.997713249947378
1,0.0297682057680881,0.997747027183544
1,0.0297688534501228,0.997780305501307
1,0.0297694915653448,0.997813092270116
1,0.029770120255064,0.997845394750564
1,0.0297707396585034,0.997877220096002
1,0.0297713499128294,0.997908575354118
1,0.0297719511531815,0.997939467468499
1,0.0297725435127041,0.997969903280171
1,0.029773127122575,0.997999889529113
1,0.0297737021120332,0.998029432855746
1,0.0297742686084097,0.998058539802408
1,0.0297748267371549,0.998087216814801
1,0.0297753766218654,0.99811547024342
1,0.0297759183843125,0.998143306344955
1,0.0297764521444694,0.998170731283681
1,0.0297769780205364,0.99819775113282
1,0.0297774961289685,0.99822437187589
1,0.0297780065844997,0.998250599408026
1,0.0297785095001704,0.998276439537285
1,0.0297790049873501,0.998301897985937
1,0.0297794931557644,0.998326980391728
1,0.0297799741135178,0.99835169230913
1,0.0297804479671173,0.998376039210569
1,0.0297809148214976,0.998400026487642
1,0.0297813747800428,0.998423659452304
1,0.0297818279446112,0.998446943338051
1,0.0297822744155543,0.998469883301074
1,0.0297827142917437,0.998492484421402
1,0.0297831476705885,0.99851475170403
1,0.029783574648061,0.998536690080024
1,0.0297839953187136,0.998558304407612
1,0.029784409775705,0.998579599473265
0.999999999999822,0.0297848181107849,0.998600579992753
0,-0.140314779585529,0.998621250612177
0,-0.133337581245238,0.941164825909032
0,-0.11317909969583,0.807162809083905
0,-0.0872036206227467,0.641169070468279
0,-0.0606611522755705,0.474574468795809
0,-0.0368755706254318,0.326929611871841
0,-0.0175867156102063,0.208150905649227
0,-0.00334798822560356,0.121016573371621
0,0.00608813262304775,0.0635505695262852
0,0.0114371736725443,0.0310580201778415
0,0.0136213395548289,0.0177062956700079
0,0.0135831801029509,0.0176391694148752
0,0.0121675920510331,0.0256709059084444
0,0.0100600272528584,0.0376384912207965
0,0.00776680611665792,0.0505005333182822
0,0.00562386028237793,0.0622674018720083
0,0.00382209254272969,0.0718348270007952
0,0.00244008057160927,0.0787770636587501
0,0.00147751115503747,0.0831391661768416
0,0.000885155953957883,0.0852530141238399
0,0.000589194209710819,0.0855896002772808
0,0.000509182063515912,0.0846511009558132
0,0.000569977275198141,0.08290025854336
0,0.000708518146306458,0.0807211780317205
0,0.000876616397046837,0.0784042024336649
0,0.0010409499718923,0.0761474984850489
0,0.00118131926471443,0.0740688254187329
0,0.00128802982757403,0.0722222453244828
0,0.00135903928732206,0.0706159446386707
0,0.00139729176002867,0.0692286599961372
0,0.00140848047446385,0.0680233163016966
0,0.00139933786443103,0.0669573393727615
0,0.00137645300705957,0.065989698615135
0,0.00134555463236719,0.0650850967254816
0,0.0013111669024678,0.064215898953983
0,0.00127653676444062,0.0633624340566057
0,0.00124373831197311,0.0625122496774687
0,0.00121387476933876,0.0616588060768664
0,0.00118731741742839,0.0607999741832457
0,0.00116393948806515,0.0599365879495611
0,0.00114331957090208,0.0590711997714558
0,0.00112490230481965,0.0582071075123272
0,0.00110811376401998,0.0573476638895479
0,0.00109243523249869,0.0564958418591575
0,0.00107744252727648,0.0556540096899427
0,0.00106281934407471,0.0548238624593126
0,0.00104835292261662,0.0540064586178787
0,0.00103391924845708,0.0532023174657884
0,0.00101946349358306,0.0524115430152882
0,0.00100497979103054,0.0516339497296302
0,0.000990492962512746,0.0508691747106695
0,0.000976043595620535,0.0501167683479559
0,0.000961676945263834,0.0493762609933553
0,0.000947435506452377,0.0486472069547316
0,0.000933354734002467,0.047929209265
0,0.000919461215594497,0.0472219296204732
0,0.000905772580785391,0.0465250879501129
0,0.000892298497737198,0.0458384555973083
0,0.000879042228172588,0.0451618453321231
0,0.00086600234670775,0.044495100561606
0,0.000853174360943953,0.0438380853011196
0,0.000840552080366319,0.0431906757875068
0,0.000828128669145667,0.0425527540885984
0,0.000815897379561059,0.0419242036955151
0,0.000803852001372063,0.0413049068574289
0,0.000791987082295886,0.0406947433058437
0,0.000780297980594868,0.0400935899868822
0,0.000768780807271385,0.0395013214469662
0,0.00075743230646258,0.0389178105754625
0,0.000746249711419511,0.0383429294786477
0,0.000735230602121717,0.0377765503296625
0,0.000724372780504967,0.0372185461009361
0,0.000713674171154421,0.0366687911348452
0,0.000703132749356294,0.0361271615441372
0,0.000692746494484975,0.0355935354568223
0,0.000682513364504977,0.0350677931329005
0,0.00067243128650013,0.0345498169849447
0,0.000662498158198965,0.0340394915337005
0,0.000652711856088339,0.0335367033256829
0,0.000643070246611532,0.0330413408340008
0,0.000633571197914407,0.032553294357587
0,0.000624212590504603,0.0320724559284781
0,0.000614992325936869,0.0315987192322281
0,0.000605908333204952,0.0311319795431144
0,0.000596958572910367,0.0306721336734717
0,0.000588141039516654,0.03021907993513
0,0.000579453762098059,0.0297727181103225
0,0.000570894804021504,0.0293329494293562
0,0.00056246226195289,0.0288996765526153
0,0.000554154264514162,0.0284728035549163
0,0.000545968970833477,0.0280522359107478
0,0.000537904569152925,0.027637880479416
0,0.000529959275589298,0.0272296454895353
0,0.000522131333089648,0.0268274405226273
0,0.00051441901058652,0.0264311764958178
0,0.000506820602332092,0.0260407656437672
0,0.000499334427377707,0.0256561215000389
0,0.00049195882916403,0.0252771588781315
0,0.000484692175184542,0.0249037938523861
0,0.000477532856693941,0.0245359437389467
0,0.000470479288437631,0.0241735270769081
0,0.000463529908386939,0.0238164636097438
0,0.000456683177468831,0.023464674267068
0,0.000449937579285742,0.0231180811467584
0,0.000443291619824038,0.022776607497439
0,0.000436743827152142,0.0224401777013134
0,0.000430292751110395,0.0221087172573283
0,0.00042393696299553,0.0217821527646433
0,0.000417675055244232,0.0214604119063852
0,0.00041150564111575,0.0211434234336669
0,0.000405427354378152,0.0208311171498534
0,0.000399438848998429,0.020523423895063
0,0.000393538798837439,0.0202202755308935
0,0.000387725897350949,0.0199216049253674
0,0.000381998857295646,0.0196273459380908
0,0.000376356410441619,0.0193374334056239
0,0.000370797307289505,0.0190518031270605
0,0.000365320316793177,0.0187703918498152
0,0.000359924226086911,0.0184931372556162
0,0.000354607840217291,0.0182199779467033
0,0.000349369981878928,0.0179508534322272
0,0.000344209491154435,0.0176857041148506
0,0.000339125225258308,0.0174244712775464
0,0.000334116058284178,0.0171670970705918
0,0.000329180880955904,0.0169135244987552
0,0.000324318600382401,0.0166636974086729
0,0.000319528139815478,0.0164175604764131
0,0.000314808438411862,0.0161750591952236
0,0.000310158450997911,0.0159361398634618
0,0.000305577147838465,0.015700749572702
0,0.000301063514408589,0.0154688361960196
0,0.000296616551168916,0.0152403483764479
0,0.000292235273344127,0.0150152355156054
0,0.000287918710705215,0.0147934477624911
0,0.000283665907354014,0.0145749360024452
0,0.000279475921512035,0.0143596518462731
0,0.000275347825311523,0.0141475476195299
0,0.000271280704590038,0.0139385763519624
0,0.000267273658688255,0.0137326917671081
0,0.00026332580025018,0.0135298482720474
0,0.000259436255026863,0.0133300009473066
0,0.000255604161682688,0.013133105536911
0,0.000251828671604781,0.012939118438584
0,0.000248108948714854,0.0127479966940919
0,0.000244444169284291,0.0125596979797303
0,0.000240833521751638,0.0123741805969519
0,0.000237276206542902,0.0121914034631323
0,0.000233771435894425,0.0120113261024722
0,0.000230318433678489,0.0118339086370342
0,0.000226916435231539,0.0116591117779118
0,0.000223564687184624,0.0114868968165288
0,0.000220262447296782,0.0113172256160677
0,0.000217008984290501,0.0111500606030239
0,0.000213803577689992,0.0109853647588856
0,0.00021064551766134,0.0108231016119353
0,0.000207534104855592,0.0106632352291742
0,0.000204468650253725,0.010505730208364
0,0.000201448475014118,0.0103505516701875
0,0.000198472910322239,0.0101976652505248
0,0.00019554129724246,0.0100470370928429
0,0.000192652986572242,0.00989863384069858
0,0.000189807338698306,0.00975242263035164
0,0.000187003723454968,0.00960837108348708
0,0.000184241519984696,0.00946644730004505
0,0.000181520116600484,0.00932661985115665
0,0.000178838910650486,0.00918885777218401
0,0.000176197308384557,0.00905313055586319
0,0.000173594724822687,0.00891940814554839
0,0.000171030583625553,0.00878766092855596
0,0.000168504316966897,0.00865785972960665
0,0.000166015365407612,0.00852997580436485
0,0.000163563177772122,0.0084039808330731
0,0.0001611472110261,0.00827984691428077
0,0.000158766930156304,0.00815754655866534
0,0.000156421808052074,0.00803705268294482
0,0.000154111325388714,0.00791833860388029
0,0.000151834970512299,0.00780137803236685
0,0.000149592239326465,0.00768614506761198
0,0.000147382635180826,0.00757261419139982
0,0.000145205668760973,0.00746076026244016
0,0.000143060857979951,0.00735055851080098
0,0.000140947727871779,0.00724198453242312
0,0.000138865810486083,0.00713501428371607
0,0.000136814644784447,0.00702962407623353
0,0.00013479377653848,0.00692579057142762
0,0.000132802758229078,0.00682349077548058
0,0.000130841148947375,0.00672270203421284
0,0.000128908514297102,0.00662340202806626
0,0.000127004426298413,0.00652556876716148
0,0.000125128463293087,0.00642918058642828
0,0.000123280209851112,0.00633421614080792
0,0.000121459256678766,0.00624065440052625
0,0.000119665200527919,0.0061484746464367
0,0.000117897644106787,0.00605765646543207
0,0.000116156195991882,0.00596817974592404
0,0.000114440470541433,0.00588002467338948
0,0.000112750087809851,0.00579317172598259
0,0.000111084673463727,0.00570760167021175
0,0.000109443858698821,0.00562329555668032
0,0.000107827280158485,0.00554023471589031
0,0.000106234579853176,0.00545840075410802
0,0.000104665405081084,0.00537777554929081
0,0.000103119408350151,0.00529834124707395
0,0.000101596247301092,0.00522008025681681
0,0.000100095584631497,0.00514297524770744
0,9.86170880212731e-05,0.00506700914492465
0,9.71604300589249e-05,0.00499216512585684
0,9.57252881691045e-05,0.00491842661637664
0,9.43113445412008e-05,0.00484577728717058
0,9.2918286058917e-05,0.00477420105012301
0,9.15458042309511e-05,0.00470368205475335
0,9.01935951226757e-05,0.00463420468470608
0,8.88613592888582e-05,0.00456575355429245
0,8.75488017073045e-05,0.0044983135050834
0,8.62556317135429e-05,0.00443186960255271
0,8.49815629364731e-05,0.00436640713276978
0,8.37263132349372e-05,0.00430191159914119
0,8.24896046352497e-05,0.00423836871920054
0,8.12711632696139e-05,0.00417576442144552
0,8.00707193155045e-05,0.00411408484222187
0,7.88880069359094e-05,0.00405331632265323
0,7.77227642204462e-05,0.00399344540561642
0,7.65747331273534e-05,0.00393445883276138
0,7.54436594264107e-05,0.00387634354157512
0,7.43292926425401e-05,0.00381908666248903
0,7.32313860004399e-05,0.00376267551602894
0,7.21496963698443e-05,0.00370709761000724
0,7.10839842117672e-05,0.00365234063675656
0,7.00340135253927e-05,0.00359839247040415
0,6.89995517958453e-05,0.00354524116418673
0,6.79803699426898e-05,0.00349287494780479
0,6.6976242269208e-05,0.00344128222481615
0,6.59869464123899e-05,0.00339045157006791
0,6.5012263293758e-05,0.00334037172716634
0,6.4051977070774e-05,0.0032910316059842
0,6.31058750890992e-05,0.00324242028020481
0,6.2173747835452e-05,0.00319452698490247
0,6.12553888912695e-05,0.00314734111415855
0,6.0350594886939e-05,0.00310085221871282
0,5.94591654568197e-05,0.00305505000364947
0,5.85809031948201e-05,0.00300992432611733
0,5.77156136106968e-05,0.00296546519308375
0,5.68631050870266e-05,0.00292166275912162
0,5.60231888366985e-05,0.00287850732422913
0,5.51956788611627e-05,0.00283598933168175
0,5.43803919092409e-05,0.00279409936591583
0,5.35771474365031e-05,0.00275282815044359
0,5.27857675653338e-05,0.00271216654579885
0,5.20060770455057e-05,0.00267210554751307
0,5.12379032154009e-05,0.00263263628412136
0,5.04810759637472e-05,0.00259375001519785
0,4.97354276919708e-05,0.00255543812942022
0,4.90007932770625e-05,0.00251769214266262
0,4.82770100350208e-05,0.00248050369611698
0,4.75639176848279e-05,0.00244386455444187
0,4.68613583129544e-05,0.00240776660393886
0,4.61691763383801e-05,0.00237220185075571
0,4.54872184781525e-05,0.00233716241911614
0,4.48153337134459e-05,0.00230264054957578
0,4.41533732560943e-05,0.00226862859730382
0,4.35011905156671e-05,0.00223511903039008
0,4.28586410670048e-05,0.00220210442817708
0,4.22255826182279e-05,0.00216957747961672
0,4.16018749792163e-05,0.00213753098165131
0,4.09873800305896e-05,0.00210595783761841
0,4.03819616931027e-05,0.00207485105567928
0,3.97854858975172e-05,0.00204420374727059
0,3.91978205549169e-05,0.00201400912557893
0,3.86188355274326e-05,0.00198426050403784
0,3.80484025994596e-05,0.00195495129484716
0,3.7486395449246e-05,0.00192607500751408
0,3.69326896209124e-05,0.00189762524741589
0,3.63871624968898e-05,0.00186959571438388
0,3.58496932707925e-05,0.00184198020130817
0,3.53201629206372e-05,0.00181477259276313
0,3.47984541825067e-05,0.00178796686365318
0,3.42844515245563e-05,0.00176155707787848
0,3.37780411214447e-05,0.00173553738702045
0,3.32791108291451e-05,0.00170990202904657
0,3.27875501600766e-05,0.00168464532703445
0,3.23032502586619e-05,0.00165976168791464
0,3.18261038772007e-05,0.00163524560123208
0,3.13560053521525e-05,0.00161109163792579
0,3.08928505806973e-05,0.00158729444912662
0,3.04365369977189e-05,0.00156384876497275
0,2.99869635530595e-05,0.00154074939344269
0,2.9544030689159e-05,0.00151799121920552
0,2.91076403190239e-05,0.00149556920248807
0,2.86776958044709e-05,0.00147347837795889
0,2.82541019347472e-05,0.00145171385362871
0,2.78367649054548e-05,0.00143027080976706
0,2.74255922977536e-05,0.00140914449783499
0,2.70204930579096e-05,0.00138833023943348
0,2.66213774771373e-05,0.00136782342526744
0,2.6228157171725e-05,0.00134761951412498
0,2.58407450634511e-05,0.00132771403187173
0,2.54590553603259e-05,0.00130810257046011
0,2.50830035375786e-05,0.00128878078695312
0,2.47125063189326e-05,0.00126974440256263
0,2.43474816581813e-05,0.00125098920170181
0,2.3987848721008e-05,0.00123251103105166
0,2.3633527867082e-05,0.00121430579864119
0,2.32844406324387e-05,0.00119636947294131
0,2.29405097120789e-05,0.00117869808197201
0,2.26016589428783e-05,0.00116128771242281
0,2.22678132866909e-05,0.00114413450878614
0,2.19388988137621e-05,0.00112723467250353
0,2.16148426863353e-05,0.00111058446112444
0,2.12955731425293e-05,0.00109418018747752
0,2.09810194804465e-05,0.00107801821885403
0,2.06711120425175e-05,0.00106209497620345
0,2.03657822000804e-05,0.00104640693334084
0,2.00649623381625e-05,0.00103095061616602
0,1.97685858405322e-05,0.00101572260189421
0,1.94765870749347e-05,0.00100071951829806
0,1.91889013785532e-05,0.000985938042960871
0,1.8905465043708e-05,0.000971374902540855
0,1.8626215303727e-05,0.000957026872046261
0,1.83510903190489e-05,0.000942890774121199
0,1.80800291635485e-05,0.000928963478342017
0,1.7812971811023e-05,0.00091524190052407
0,1.75498591219094e-05,0.000901723002038739
0,1.7290632830189e-05,0.00088840378914052
0,1.70352355304756e-05,0.00087528131230407
0,1.67836106653146e-05,0.000862352665571035
0,1.65357025126468e-05,0.000849614985906527
0,1.62914561734825e-05,0.000837065452565113
0,1.60508175597353e-05,0.000824701286466154
0,1.58137333822368e-05,0.000812519749578393
0,1.55801511389584e-05,0.000800518144313612
0,1.53500191033586e-05,0.00078869381292926
0,1.51232863129461e-05,0.000777044136939891
0,1.48999025579941e-05,0.000765566536537313
0,1.4679818370408e-05,0.000754258470019282
0,1.44629850127777e-05,0.000743117433226656
0,1.42493544675968e-05,0.000732140958988842
0,1.40388794266037e-05,0.000721326616577447
0,1.38315132803355e-05,0.000710672011167997
0,1.36272101077771e-05,0.000700174783309607
0,1.34259246662143e-05,0.000689832608402478
0,1.3227612381198e-05,0.000679643196183124
0,1.30322293366916e-05,0.000669604290217188
1,0.170112839732265,0.00065971366739976
1,0.163135848099539,0.0581267591374631
1,0.142977570204447,0.192139239851787
1,0.117002291777534,0.358143287796106
1,0.0904600211128127,0.524748046519751
1,0.0666746342251913,0.672402910466642
1,0.0473859710956754,0.791191475899971
1,0.0331474327624677,0.878335521759394
1,0.0237114981727623,0.935811095708711
1,0.0183626406310093,0.968313073802589
1,0.0161786555459038,0.981674087785296
1,0.0162169931244333,0.981750366301884
1,0.017632756671921,0.973727646883112
1,0.0197404943734476,0.961768945455721
1,0.0220338858590712,0.948915656020686
1,0.0241769995265687,0.937157410845169
1,0.0259789326203956,0.927598481719987
1,0.0273611075032734,0.920664615572463
1,0.0283238374252578,0.916310759925271
1,0.028916350760949,0.9142050370359
1,0.0292124683040256,0.9138764559261
1,0.0292926339477689,0.91482284204993
1,0.0292319899663468,0.916581454769991
1,0.029093598091699,0.91876819081521
1,0.0289256466366153,0.921092708868127
1,0.0287614576891303,0.923356843863154
1,0.0286212308874,0.925442838213028
1,0.0285146607109181,0.927296631449274
1,0.0284437895639218,0.928910038732862
1,0.0284056733609706,0.9303043250027
1,0.0283946189034707,0.931516566904476
1,0.0284038937873508,0.932589340148378
1,0.028426908964772,0.93356367683364
1,0.0284579357345767,0.934474875746403
1,0.0284924499630841,0.93535057309739
1,0.0285272047312273,0.936210441569958
1,0.0285601259729185,0.937066934938054
1,0.0285901104910757,0.937926594338502
1,0.0286167870315979,0.938791550219337
1,0.0286402823890561,0.939660969983755
1,0.0286610179998017,0.940532302572232
1,0.0286795492505743,0.941402251437753
1,0.0286964500924138,0.942267465159886
1,0.0287122392661936,0.943124972060372
1,0.0287273409793942,0.943972405129333
1,0.0287420715604338,0.944808070529674
1,0.0287566437933733,0.945630911032777
1,0.0287711817160885,0.946440408542435
1,0.0287857401796789,0.947236460232563
1,0.0288003250738529,0.948019252808547
1,0.0288149115993059,0.94878915031991
1,0.0288294591905258,0.949546603511471
1,0.0288439226143533,0.950292083148981
1,0.0288582593972095,0.951026036025681
1,0.0288724341053916,0.9517488601935
1,0.0288864201720214,0.952460895024942
1,0.0289001999880367,0.953162421644078
1,0.0289137639054673,0.953853669744994
1,0.0289271086824843,0.954534827579779
1,0.028940235764072,0.95520605274844
1,0.0289531496619386,0.955867482227792
1,0.0289658565856241,0.956519240758517
1,0.0289783633897027,0.957161447235869
1,0.0289906768403621,0.957794219117588
1,0.0290028031660368,0.958417675089345
1,0.029014747836936,0.959031936340672
1,0.0290265155124581,0.959637126832877
1,0.0290381100990007,0.960233372913567
1,0.0290495348695694,0.960820802574197
1,0.0290607926078035,0.961399544576302
1,0.029071885750364,0.961969727601734
1,0.029082816511709,0.962531479520429
1,0.0290935869834066,0.963084926819931
1,0.0291041992060839,0.963630194205157
1,0.0291146552160453,0.964167404353682
1,0.0291249570707737,0.964696677799192
1,0.0291351068584043,0.965218132911078
1,0.0291451066962025,0.965731885939007
1,0.0291549587224544,0.966238051095497
1,0.0291646650852713,0.966736740655261
1,0.0291742279308469,0.967228065056141
1,0.0291836493928006,0.967712132991995
1,0.0291929315834978,0.968189051492438
1,0.0292020765876575,0.968658925987801
1,0.0292110864581896,0.969121860359948
1,0.029219963213942,0.969577956980994
1,0.0292287088389542,0.97002731674255
1,0.0292373252827818,0.970470039078198
1,0.0292458144614873,0.970906221981638
1,0.0292541782589923,0.971335962022475
1,0.0292624185285251,0.971759354361125
1,0.0292705370940176,0.972176492763807
1,0.0292785357513481,0.972587469618193
1,0.0292864162693862,0.972992375949945
1,0.0292941803908426,0.973391301440149
1,0.0293018298329359,0.973784334443526
1,0.029309366287916,0.974171562007183
1,0.0293167914234767,0.974553069889717
1,0.0293241068830945,0.974928942580433
1,0.0293313142863234,0.975299263318506
1,0.029338415229065,0.975664114111958
1,0.0293454112838403,0.976023575756352
1,0.0293523040000576,0.976377727853148
1,0.0293590949042981,0.976726648827697
1,0.029365785500608,0.977070415946876
1,0.0293723772708041,0.977409105336368
1,0.0293788716747849,0.977742791997611
1,0.0293852701508484,0.978071549824438
1,0.0293915741160111,0.978395451619434
1,0.0293977849663274,0.978714569110024
1,0.0294039040772054,0.97902897296431
1,0.0294099328037181,0.97933873280668
1,0.0294158724809117,0.979643917233179
1,0.0294217244241066,0.979944593826668
1,0.0294274899291904,0.980240829171766
1,0.0294331702729125,0.980532688869574
1,0.0294387667131637,0.980820237552197
1,0.0294442804892585,0.981103538897047
1,0.0294497128222087,0.981382655640952
1,0.0294550649149934,0.98165764959404
1,0.0294603379528255,0.981928581653443
1,0.029465533103413,0.982195511816776
1,0.0294706515172165,0.982458499195433
1,0.0294756943277048,0.982717602027677
1,0.0294806626516038,0.982972877691543
1,0.0294855575891446,0.983224382717542
1,0.0294903802243083,0.983472172801184
1,0.0294951316250629,0.983716302815307
1,0.0294998128436006,0.983956826822238
1,0.0295044249165743,0.984193798085754
1,0.0295089688653223,0.984427269082886
1,0.0295134456960966,0.984657291515533
1,0.0295178564002876,0.984883916321916
1,0.0295222019546406,0.985107193687853
1,0.029526483321473,0.985327173057878
1,0.0295307014488897,0.985543903146186
1,0.0295348572709901,0.985757431947423
1,0.0295389517080764,0.985967806747311
1,0.029542985666857,0.986175074133124
1,0.0295469600406484,0.986379280004001
1,0.0295508757095704,0.986580469581113
1,0.0295547335407442,0.986778687417674
1,0.0295585343884821,0.986973977408813
1,0.0295622790944776,0.987166382801285
1,0.0295659684879925,0.987355946203059
1,0.0295696033860384,0.987542709592744
1,0.0295731845935598,0.987726714328893
1,0.0295767129036113,0.987908001159155
1,0.0295801890975331,0.988086610229304
1,0.0295836139451253,0.988262581092126
1,0.0295869882048161,0.988435952716179
1,0.029590312623831,0.988606763494423
1,0.0295935879383606,0.98877505125272
1,0.0295968148737187,0.988940853258212
1,0.0295999941445069,0.989104206227576
1,0.0296031264547716,0.98926514633515
1,0.0296062124981589,0.989423709220947
1,0.0296092529580703,0.989579929998549
1,0.0296122485078119,0.989733843262877
1,0.0296151998107459,0.989885483097859
1,0.0296181075204338,0.990034883083972
1,0.0296209722807856,0.990182076305682
1,0.0296237947261999,0.990327095358769
1,0.0296265754817029,0.990469972357548
1,0.0296293151630906,0.990610738941974
1,0.029632014377063,0.990749426284657
1,0.0296346737213575,0.990886065097759
1,0.0296372937848828,0.991020685639798
1,0.0296398751478497,0.991153317722348
1,0.029642418381898,0.99128399071664
1,0.0296449240502239,0.99141273356007
1,0.0296473927077052,0.991539574762599
1,0.029649824901024,0.991664542413077
1,0.029652221168786,0.991787664185454
1,0.0296545820416425,0.991908967344915
1,0.0296569080424063,0.992028478753913
1,0.0296591996861673,0.992146224878121
1,0.0296614574804079,0.992262231792291
1,0.0296636819251148,0.99237652518603
1,0.0296658735128879,0.992489130369487
1,0.0296680327290526,0.992600072278957
1,0.0296701600517644,0.992709375482408
1,0.029672255952117,0.992817064184915
1,0.0296743208942456,0.992923162234027
1,0.0296763553354287,0.993027693125041
1,0.0296783597261916,0.993130680006211
1,0.0296803345104042,0.993232145683871
1,0.0296822801253804,0.993332112627486
1,0.0296841970019748,0.993430602974627
1,0.0296860855646777,0.993527638535875
1,0.0296879462317086,0.993623240799652
1,0.0296897794151108,0.993717430936976
1,0.0296915855208406,0.993810229806151
1,0.0296933649488584,0.993901657957386
1,0.0296951180932161,0.993991735637348
1,0.0296968453421458,0.994080482793642
1,0.0296985470781457,0.994167919079228
1,0.0297002236780624,0.994254063856779
1,0.0297018755131775,0.994338936202963
1,0.0297035029492883,0.99442255491267
1,0.0297051063467881,0.994504938503172
1,0.0297066860607482,0.994586105218227
1,0.0297082424409949,0.994666073032117
1,0.0297097758321858,0.994744859653627
1,0.0297112865738898,0.994822482529971
1,0.0297127750006583,0.99489895885065
1,0.0297142414421021,0.994974305551264
1,0.0297156862229633,0.995048539317257
1,0.0297171096631863,0.995121676587618
1,0.0297185120779913,0.995193733558516
1,0.029719893777941,0.995264726186889
1,0.0297212550690118,0.995334670193979
1,0.0297225962526599,0.995403581068811
1,0.0297239176258886,0.995471474071624
1,0.0297252194813151,0.99553836423725
1,0.0297265021072335,0.995604266378445
1,0.0297277657876802,0.995669195089165
1,0.0297290108024961,0.995733164747805
1,0.0297302374273882,0.995796189520376
1,0.0297314459339908,0.995858283363646
1,0.0297326365899264,0.995919460028231
1,0.0297338096588655,0.995979733061635
1,0.0297349654005816,0.996039115811258
1,0.0297361040710138,0.996097621427346
1,0.0297372259223183,0.996155262865904
1,0.0297383312029289,0.996212052891567
1,0.0297394201576076,0.996268004080425
1,0.0297404930275029,0.996323128822808
1,0.0297415500502012,0.996377439326031
1,0.029742591459778,0.996430947617096
1,0.0297436174868528,0.996483665545357
1,0.0297446283586384,0.996535604785143
1,0.0297456242989911,0.996586776838341
1,0.0297466055284605,0.996637193036948
1,0.0297475722643392,0.996686864545576
1,0.0297485247207099,0.996735802363929
1,0.0297494631084929,0.996784017329232
1,0.029750387635493,0.996831520118639
1,0.0297512985064456,0.996878321251591
1,0.0297521959230627,0.996924431092147
1,0.0297530800840757,0.996969859851283
1,0.0297539511852811,0.997014617589147
1,0.0297548094195839,0.997058714217295
1,0.0297556549770384,0.997102159500874
1,0.0297564880448931,0.997144963060798
1,0.0297573088076293,0.997187134375869
1,0.0297581174470041,0.997228682784879
1,0.0297589141420902,0.997269617488677
1,0.029759699069315,0.997309947552211
1,0.0297604724024991,0.997349681906529
1,0.0297612343128975,0.99738882935076
1,0.0297619849692328,0.997427398554066
1,0.0297627245377383,0.997465398057553
1,0.02976345318219,0.997502836276172
1,0.0297641710639458,0.997539721500575
1,0.0297648783419797,0.997576061898955
1,0.0297655751729176,0.997611865518855
1,0.0297662617110723,0.997647140288947
1,0.0297669381084764,0.997681894020792
1,0.0297676045149178,0.997716134410566
1,0.0297682610779713,0.997749869040766
1,0.0297689079430317,0.997783105381889
1,0.0297695452533475,0.997815850794089
1,0.0297701731500495,0.9978481125288
1,0.0297707917721852,0.99787989773035
1,0.0297714012567476,0.997911213437537
1,0.0297720017387066,0.997942066585191
1,0.0297725933510384,0.997972464005707
1,0.0297731762247544,0.998002412430562
1,0.0297737504889319,0.998031918491803
1,0.0297743162707407,0.998060988723514
1,0.0297748736954728,0.998089629563268
1,0.0297754228865694,0.998117847353547
1,0.0297759639656476,0.99814564834315
1,0.0297764970525298,0.998173038688578
1,0.0297770222652667,0.998200024455392
1,0.0297775397201665,0.998226611619561
1,0.0297780495318187,0.998252806068784
1,0.0297785518131208,0.998278613603794
1,0.0297790466753027,0.998304039939642
1,0.0297795342279505,0.998329090706961
1,0.0297800145790326,0.998353771453219
1,0.0297804878349226,0.998378087643938
1,0.0297809541004213,0.998402044663913
1,0.0297814134787839,0.998425647818402
1,0.0297818660717388,0.998448902334296
1,0.0297823119795122,0.998471813361284
1,0.0297827513008497,0.998494385972988
1,0.0297831841330387,0.998516625168087
1,0.02978361057193,0.998538535871429
1,0.0297840307119572,0.998560122935114
1,0.0297844446461599,0.998581391139576
1,0.0297848524662037,0.998602345194633
1,0.0297852542623998,0.99862298974054
1,0.0297856501237261,0.998643329349009
1,0.0297860401378449,0.998663368524224
1,0.0297864243911243,0.998683111703839
1,0.0297868029686577,0.99870256325996
1,0.0297871759542796,0.998721727500113
1,0.0297875434305881,0.998740608668198
1,0.0297879054789598,0.998759210945431
1,0.0297882621795702,0.998777538451264
1,0.0297886136114105,0.998795595244304
1,0.0297889598523047,0.99881338532321
1,0.0297893009789274,0.998830912627573
1,0.0297896370668207,0.998848181038798
1,0.0297899681904115,0.998865194380955
1,0.0297902944230259,0.99888195642163
1,0.0297906158369083,0.99889847087276
1,0.0297909325032353,0.998914741391451
1,0.0297912444921318,0.998930771580794
1,0.0297915518726881,0.998946564990655
1,0.0297918547129732,0.998962125118468
1,0.0297921530800511,0.998977455410007
1,0.0297924470399937,0.998992559260149
1,0.0297927366578992,0.999007440013624
1,0.0297930219979026,0.99902210096576
1,0.0297933031231925,0.999036545363209
1,0.0297935800960238,0.999050776404666
1,0.0297938529777311,0.999064797241581
1,0.029794121828745,0.999078610978853
1,0.0297943867086012,0.999092220675519
1,0.0297946476759579,0.999105629345432
1,0.029794904788605,0.999118839957927
1,0.0297951581034805,0.999131855438481
1,0.0297954076766809,0.999144678669357
1,0.0297956535634736,0.999157312490246
1,0.0297958958183098,0.999169759698894
1,0.0297961344948368,0.999182023051722
1,0.0297963696459091,0.999194105264437
0,-0.140303398676399,0.99920600901263
0,-0.133326368441783,0.941740946932375
0,-0.113168052514985,0.807730420311511
0,-0.0871927366181244,0.641728297597036
0,-0.0606504290369201,0.475125435665958
0,-0.0368650057781028,0.327472440494401
0,-0.0175763068146244,0.20868571623301
0,-0.00333773317675234,0.121543484349855
0,0.00609823619613747,0.0640696975828399
0,0.0114471280072979,0.0315694802730666
0,0.0136311468556228,0.0182102010661913
0,0.0135928425416012,0.0181356317013249
0,0.0121771117672764,0.0261600350261994
0,0.0100694063548254,0.0381203954869734
0,0.00777604668134046,0.0509753194500619
0,0.00563296435608918,0.0627351750102682
0,0.00383106214155693,0.0722956907333927
0,0.00244891768186062,0.0792311200434622
0,0.00148621773368141,0.0835865157639653
0,0.000893733929057006,0.0856937559784589
0,0.000597645480848286,0.086023832001204
0,0.000517508502216879,0.085078918709188
0,0.000578180725343103,0.0833217570659667
0,0.000716600424540914,0.0811364506639528
0,0.000884579293182641,0.0788133411371997
0,0.0010487952493039,0.0765505938632111
0,0.00118904866073022,0.0744659667365598
0,0.00129564505386037,0.0726135205284911
0,0.00136654203026276,0.0710014403763326
0,0.00140468368109803,0.0696084616350684
0,0.00141576321059478,0.0683975079485608
0,0.00140651302837758,0.0673260038918957
0,0.00138352218775417,0.0663529176468997
0,0.00135251939527214,0.0654429507043399
0,0.00131802878992249,0.0645684671263131
0,0.00128329729600229,0.0637097944982492
0,0.00125039898475487,0.0628544793110212
0,0.00122043705833885,0.0619959806887115
0,0.0011937827758588,0.0611321684403379
0,0.00117030934767237,0.0602638754159607
0,0.00114959534228476,0.0593936529246195
0,0.00113108537774087,0.0585247977591582
0,0.00111420550771424,0.057660661582209
0,0.00109843699597623,0.0568042163106505
0,0.00108335563962125,0.0559578291894576
0,0.00106864511473925,0.0551231942873502
0,0.00105409264171141,0.0543013690611498
0,0.00103957418703671,0.0534928718318928
0,0.00102503490392758,0.0526978056471772
0,0.00101046890692302,0.0519159840198552
0,0.000995900999511856,0.0511470431154201
0,0.000981371751330062,0.050390532400891
0,0.000966926399598167,0.0496459813192295
0,0.000952607421897511,0.0489129432828204
0,0.00093845025587358,0.0481910204423268
0,0.000924481472289407,0.047479873624841
0,0.000910718684034584,0.0467792219029435
0,0.000897171542849851,0.0460888357762917
0,0.000883843294279485,0.0454085271836802
0,0.000870732496999427,0.044738138713167
0,0.000857834642907285,0.0440775335732214
0,0.000845143526015835,0.0434265872057111
0,0.000832652295251868,0.0427851808952345
0,0.000820354187876127,0.0421531973612489
0,0.000808242978851459,0.0415305180926608
0,0.000796313201316845,0.0409170220719388
0,0.00078456019917178,0.0403125855072336
0,0.000772980069267848,0.0397170822178959
0,0.000761569541800788,0.0391303843769608
0,0.000750325836285703,0.0385523633849538
0,0.00073924651916929,0.0379828907196894
0,0.000728329379054593,0.0374218386685407
0,0.000717572327390503,0.0368690808989476
0,0.000706973326521254,0.0363244928586898
0,0.000696530343070545,0.0357879520206321
0,0.000686241322440273,0.035259337999306
0,0.000676104179337611,0.0347385325713503
0,0.000666116799296568,0.0342254196309693
0,0.000656277046790388,0.0337198851073917
0,0.000646582776425708,0.0332218168655578
0,0.000637031844686442,0.0327311046052149
0,0.000627622120591032,0.0322476397680646
0,0.000618351494374725,0.0317713154580458
0,0.000609217883878188,0.0313020263764114
0,0.000600219238715616,0.030839668770936
0,0.000591353542524597,0.0303841403972285
0,0.000582618813714186,0.0299353404895166
0,0.000574013105143101,0.0294931697381965
0,0.000565534503124354,0.0290575302717166
0,0.000557181126079997,0.0286283256408146
0,0.000548951123088837,0.0282054608036415
0,0.000540842672492325,0.0277888421107924
0,0.000532853980652448,0.027378377289685
0,0.000524983280905944,0.0269739754280472
0,0.000517228832716765,0.0265755469565048
0,0.000509588921008275,0.0261830036304042
0,0.000502061855641001,0.0257962585110749
0,0.000494645971000574,0.0254152259467565
0,0.000487339625658945,0.0250398215534037
0,0.000480141202081286,0.0246699621955447
0,0.000473049106353207,0.0243055659673292
0,0.000466061767914139,0.023946552173858
0,0.000459177639285102,0.0235928413128478
0,0.000452395195787103,0.0232443550566579
0,0.000445712935246978,0.0229010162346794
0,0.000439129377694358,0.0225627488160755
0,0.000432643065049476,0.0222294778928533
0,0.000426252560806056,0.0219011296632439
0,0.000419956449712794,0.0215776314153674
0,0.000413753337454636,0.0212589115111646
0,0.000407641850337342,0.020944899370577
0,0.000401620634975591,0.0206355254559627
0,0.00039568835798684,0.0203307212567392
0,0.000389843705690007,0.0200304192742461
0,0.00038408538381085,0.0197345530068227
0,0.000378412117191945,0.0194430569350988
0,0.00037282264950908,0.0191558665074953
0,0.000367315742991758,0.0188729181259332
0,0.000361890178149582,0.0185941491317509
0,0.000356544753501942,0.0183194977918257
0,0.00035127828531295,0.0180489032848998
0,0.000346089607329542,0.0177823056881076
0,0.000340977570524231,0.0175196459637021
0,0.000335941042840793,0.017260865945978
0,0.000330978908944041,0.0170059083283882
0,0.000326090069973417,0.0167547166508523
0,0.000321273443299464,0.016507235287252
0,0.000316527962284319,0.0162634094331122
0,0.000311852576045574,0.0160231850934651
0,0.000307246249223486,0.0157865090708924
0,0.000302707961751691,0.0155533289537455
0,0.000298236708631133,0.0153235931045395
0,0.000293831499707659,0.015097250648518
0,0.000289491359452637,0.0148742514623874
0,0.000285215326746746,0.0146545461632175
0,0.000281002454667306,0.0144380860975059
0,0.000276851810278395,0.0142248233304034
0,0.000272762474424454,0.0140147106350996
0,0.000268733541526511,0.013807701482364
0,0.000264764119381755,0.0136037500302425
0,0.000260853328965943,0.0134028111139058
0,0.000257000304238808,0.0132048402356471
0,0.000253204191952183,0.0130097935550288
0,0.000249464151461043,0.0128176278791737
0,0.000245779354537456,0.0126283006532001
0,0.000242148985187152,0.0124417699507977
0,0.000238572239468687,0.0122579944649438
0,0.00023504832531554,0.0120769334987549
0,0.0002315764623608,0.0118985469564753
0,0.000228155881764086,0.0117227953345974
0,0.000224785826041546,0.011549639713114
0,0.000221465548897931,0.0113790417468994
0,0.000218194315061482,0.0112109636572176
0,0.000214971400120972,0.011045368223357
0,0.000211796090365354,0.0108822187743871
0,0.000208667682625743,0.0107214791810381
0,0.000205585484119544,0.0105631138477005
0,0.000202548812297296,0.0104070877045418
0,0.000199556994691263,0.0102533661997406
0,0.000196609368766656,0.0101019152918355
0,0.000193705281774884,0.009952701442186
0,0.000190844090609044,0.00980569160754593
0,0.000188025161661415,0.00966085323274583
0,0.000185247870683219,0.00951815424348366
0,0.000182511602646374,0.00937756303922204
0,0.000179815751607235,0.00923904848619028
0,0.000177159720572542,0.00910257991048986
0,0.00017454292136708,0.00896812709130175
0,0.000171964774503458,0.00883566025419404
0,0.000169424709053831,0.0087051500645284
0,0.000166922162523481,0.00857656762096396
0,0.000164456580726113,0.00844988444905717
0,0.000162027417661345,0.0083250724949561
0,0.000159634135393633,0.00820210411918802
0,0.00015727620393316,0.00808095209053862
0,0.000154953101118571,0.00796158958002171
0,0.000152664312501258,0.00784399015493797
0,0.000150409331231421,0.00772812777302142
0,0.000148187657945942,0.00761397677667244
0,0.000145998800657604,0.0075015118872759
0,0.000143842274646352,0.00739070819960325
0,0.000141717602351807,0.00728154117629724
0,0.000139624313267611,0.0071739866424382
0,0.000137561943837114,0.00706802078019051
0,0.000135530037350853,0.00696362012352816
0,0.000133528143845305,0.00686076155303824
0,0.000131555820003335,0.00675942229080115
0,0.00012961262905592,0.00665957989534646
0,0.000127698140685542,0.0065612122566833
0,0.000125811930930822,0.00646429759140408
0,0.000123953582092662,0.00636881443786059
0,0.00012212268264164,0.00627474165141138
0,0.000120318827127125,0.00618205839973929
0,0.000118541616087209,0.00609074415823808
0,0.00011679065596043,0.0060007787054674
0,0.000115065558998581,0.00591214211867466
0,0.00011336594318076,0.00582481476938323
0,0.000111691432128885,0.00573877731904572
0,0.000110041655024318,0.00565401071476146
0,0.000108416246525675,0.00557049618505727
0,0.00010681484668798,0.00548821523573055
0,0.000105237100882991,0.00540714964575373
0,0.000103682659720598,0.00532728146323927
0,0.000102151178971471,0.00524859300146421
0,0.000100642319490835,0.00517106683495349
0,9.91557471434132e-05,0.00509468579562108
0,9.76911327293384e-05,0.00501943296896812
0,9.62481519113378e-05,0.00494529169033725
0,9.48264851428696e-05,0.0048722455412222
0,9.34258175973382e-05,0.00480027834563196
0,9.20458390984494e-05,0.00472937416650863
0,9.06862440514383e-05,0.00465951730219815
0,8.93467313754573e-05,0.00459069228297318
0,8.80270044368442e-05,0.00452288386760739
0,8.67267709835154e-05,0.00445607704000026
0,8.54457430801703e-05,0.00439025700585182
0,8.41836370445506e-05,0.00432540918938641
0,8.29401733846435e-05,0.00426151923012498
0,8.1715076736745e-05,0.00419857297970489
0,8.05080758045362e-05,0.00413655649874682
0,7.93189032989722e-05,0.00407545605376787
0,7.81472958790511e-05,0.00401525811414036
0,7.6992994093604e-05,0.00395594934909542
0,7.58557423237299e-05,0.00389751662477094
0,7.47352887262645e-05,0.00383994700130308
0,7.36313851779358e-05,0.00378322772996077
0,7.25437872205123e-05,0.0037273462503225
0,7.14722540066035e-05,0.00367229018749481
0,7.0416548246327e-05,0.00361804734937191
0,6.9376436154775e-05,0.00356460572393575
0,6.83516874002491e-05,0.00351195347659598
0,6.73420750532464e-05,0.00346007894756915
0,6.63473755361937e-05,0.00340897064929671
0,6.53673685739597e-05,0.00335861726390109
0,6.44018371450533e-05,0.00330900764067934
0,6.34505674335928e-05,0.00326013079363386
0,6.25133487819063e-05,0.00321197589903954
0,6.1589973643951e-05,0.00316453229304687
0,6.06802375392873e-05,0.00311778946932042
0,5.97839390078375e-05,0.00307173707671226
0,5.89008795652615e-05,0.00302636491696965
0,5.80308636589921e-05,0.00298166294247673
0,5.71736986249502e-05,0.0029376212540294
0,5.63291946448496e-05,0.00289423009864323
0,5.54971647042171e-05,0.0028514798673936
0,5.46774245508905e-05,0.00280936109328788
0,5.38697926543222e-05,0.00276786444916893
0,5.30740901652851e-05,0.00272698074564962
0,5.2290140876321e-05,0.00268670092907787
0,5.15177711827089e-05,0.00264701607953169
0,5.07568100440031e-05,0.00260791740884394
0,5.00070889461954e-05,0.0025693962586561
0,4.92684418643419e-05,0.00253144409850098
0,4.85407052258496e-05,0.00249405252391362
0,4.78237178742243e-05,0.00245721325457011
0,4.71173210333832e-05,0.00242091813245395
0,4.64213582725172e-05,0.00238515912004947
0,4.57356754714165e-05,0.0023499282985619
0,4.50601207863596e-05,0.00231521786616378
0,4.43945446164974e-05,0.00228102013626726
0,4.37387995707063e-05,0.00224732753582192
0,4.3092740434944e-05,0.00221413260363768
0,4.2456224140109e-05,0.0021814279887326
0,4.18291097303673e-05,0.00214920644870493
0,4.12112583318969e-05,0.00211746084812936
0,4.06025331221721e-05,0.00208618415697685
0,4.0002799299662e-05,0.00205536944905785
0,3.94119240539476e-05,0.0020250099004885
0,3.88297765363428e-05,0.00199509878817948
0,3.82562278309108e-05,0.0019656294883472
0,3.76911509259031e-05,0.00193659547504698
0,3.71344206856576e-05,0.00190799031872784
0,3.65859138228598e-05,0.00187980768480875
0,3.60455088712491e-05,0.0018520413322758
0,3.55130861587373e-05,0.00182468511230014
0,3.49885277808847e-05,0.00179773296687634
0,3.44717175748063e-05,0.00177117892748084
0,3.39625410934394e-05,0.00174501711375021
0,3.3460885580202e-05,0.00171924173217902
0,3.29666399440168e-05,0.00169384707483677
0,3.24796947347196e-05,0.00166882751810398
0,3.19999421188252e-05,0.00164417752142676
0,3.15272758556265e-05,0.0016198916260899
0,3.10615912736956e-05,0.00159596445400806
0,3.0602785247684e-05,0.00157239070653477
0,3.0150756175483e-05,0.00154916516328904
0,2.97054039557487e-05,0.00152628268099936
0,2.92666299657081e-05,0.00150373819236468
0,2.88343370393393e-05,0.00148152670493228
0,2.84084294458337e-05,0.00145964329999221
0,2.7988812868418e-05,0.00143808313148802
0,2.75753943834514e-05,0.00141684142494364
0,2.7168082439858e-05,0.00139591347640603
0,2.67667868388416e-05,0.00137529465140356
0,2.63714187139271e-05,0.00135498038391963
0,2.59818905112702e-05,0.00133496617538161
0,2.55981159702681e-05,0.00131524759366458
0,2.52200101044635e-05,0.00129582027210987
0,2.48474891827201e-05,0.00127667990855805
0,2.44804707106808e-05,0.00125782226439624
0,2.41188734125004e-05,0.00123924316361947
0,2.37626172128486e-05,0.00122093849190588
0,2.34116232191699e-05,0.00120290419570565
0,2.30658137042265e-05,0.00118513628134333
0,2.27251120888707e-05,0.00116763081413341
0,2.23894429251005e-05,0.00115038391750906
0,2.20587318793368e-05,0.0011333917721636
0,2.17329057159814e-05,0.00111665061520475
0,2.14118922811733e-05,0.00110015673932134
0,2.10956204868412e-05,0.00108390649196234
0,2.07840202949301e-05,0.00106789627452798
0,2.04770227019181e-05,0.00105212254157285
0,2.01745597235205e-05,0.0010365818000208
0,1.98765643796284e-05,0.00102127060839135
0,1.95829706795027e-05,0.00100618557603762
0,1.92937136071335e-05,0.000991323362395446
0,1.90087291068487e-05,0.000976680676243634
0,1.87279540691428e-05,0.000962254274975114
0,1.84513263166812e-05,0.000948040963878872
0,1.81787845905529e-05,0.000934037595432481
0,1.79102685366819e-05,0.000920241068605087
0,1.76457186924772e-05,0.000906648328170694
0,1.73850764736624e-05,0.000893256364031578
0,1.71282841612986e-05,0.000880062210551712
0,1.68752848890077e-05,0.000867062945900024
0,1.66260226303686e-05,0.000854255691403368
0,1.63804421865251e-05,0.000841637610909035
0,1.6138489173952e-05,0.000829205910156697
0,1.59001100124151e-05,0.000816957836159619
0,1.56652519131082e-05,0.000804890676595012
0,1.54338628669554e-05,0.000793001759203393
0,1.52058916331067e-05,0.000781288451196818
0,1.49812877275717e-05,0.000769748158675851
0,1.47600014120605e-05,0.000758378326055151
0,1.45419836829561e-05,0.000747176435497535
0,1.43271862604686e-05,0.00073614000635641
0,1.41155615779407e-05,0.000725266594626434
0,1.39070627713112e-05,0.000714553792402299
0,1.37016436687464e-05,0.000703999227345495
0,1.34992587804087e-05,0.000693600562158963
0,1.32998632883805e-05,0.000683355494069503
0,1.31034130367467e-05,0.000673261754317827
0,1.29098645218085e-05,0.000663317107656144
0,1.27191748824571e-05,0.000653519351853167
0,1.25313018906779e-05,0.000643866317206432
0,1.23462039421998e-05,0.000634355866061817
1,0.170112163840047,0.000624985892340166
1,0.163135182190822,0.0580925443210709
1,0.142976914131766,0.192105530417228
1,0.117001645395602,0.358110076278462
1,0.09045938427849,0.524715325564367
1,0.0666740067974512,0.672370672827499
1,0.0473853529355747,0.791159714438078
1,0.0331468237331155,0.878304229441209
1,0.0237108981392898,0.935780265604584
1,0.0183620494605398,0.968282699085226
1,0.0161780731075231,0.981644161728249
1,0.016216419289161,0.981720882278061
1,0.0176321913126819,0.973698598363307
1,0.0197399373650436,0.96174032600717
1,0.0220333370781532,0.948887459305643
1,0.02417645885161,0.937129630619502
1,0.0259783999316643,0.927571111831796
1,0.0273605826828059,0.920637649960716
1,0.0283233203568336,0.91628419261846
1,0.0289158413300635,0.914178862150725
1,0.0292119663978661,0.913850667666161
1,0.0292921394551889,0.914797434704444
1,0.0292315027778411,0.916556422712529
1,0.0290931180993805,0.91874352850245
1,0.02892517373419,0.921068410838626
1,0.0287609917718746,0.92333290473614
1,0.028620771852137,0.925419252687207
1,0.0285142084559948,0.927273394301657
1,0.0284433439891871,0.928887144817607
1,0.0284052343677523,0.930281769249974
1,0.0283941863945545,0.931494344319332
1,0.0284034676669576,0.932567445809649
1,0.0284264891385382,0.933542105892849
1,0.028457522109532,0.934453623426688
1,0.0284920424476318,0.935329634692448
1,0.0285268032351238,0.936189812443001
1,0.0285597304072525,0.937046610520785
1,0.0285897207682497,0.937906570130099
1,0.0286164030653082,0.938771821785462
1,0.0286399040942742,0.939641532955567
1,0.0286606452927545,0.940513152645421
1,0.028679182048726,0.94138338437159
1,0.028696088314448,0.942248876776278
1,0.0287118828319948,0.943106658242943
1,0.0287269898100304,0.943954361822508
1,0.0287417255781395,0.944790293737781
1,0.0287563029215303,0.945613396819165
1,0.0287708458792115,0.946423153028601
1,0.0287854093033972,0.947219459597291
1,0.0287999990848944,0.948002503287065
1,0.0288145904254808,0.948772648203054
1,0.0288291427607099,0.949530345144866
1,0.028843610858474,0.950276064932229
1,0.0288579522462287,0.951010254411566
1,0.0288721314912912,0.951733311687199
1,0.0288861220277874,0.952445576183256
1,0.0288999062476456,0.953147329074665
1,0.0289134745038708,0.953838800105621
1,0.0289268235555946,0.954520177577582
1,0.0289399548487481,0.955191619139189
1,0.028952872895972,0.955853261815182
1,0.0289655839077256,0.956505230393452
1,0.028978094739488,0.95714764381577
1,0.0289904121583384,0.957780619585701
1,0.0290025423935911,0.958404276434068
1,0.0290144909163204,0.959018735594888
1,0.0290262623867774,0.959624121073296
1,0.0290378607122006,0.960220559260077
1,0.029049289166424,0.960808178189227
1,0.0290605505339021,0.961387106664196
1,0.0290716472520989,0.96195747340813
1,0.0290825815362661,0.962519406331648
1,0.02909335547875,0.96307303196238
1,0.0291039711209469,0.963618475044732
1,0.0291144304999194,0.964155858295188
1,0.0291247356738951,0.964685302285767
1,0.0291348887317453,0.965206925423626
1,0.0291448917914592,0.965720843995642
1,0.0291547469920361,0.966227172250993
1,0.0291644564822908,0.96672602250051
1,0.029174022409109,0.967217505217619
1,0.0291834469067931,0.967701729131237
1,0.0291927320883798,0.968178801305521
1,0.0292018800392519,0.968648827204831
1,0.0292108928129704,0.96911191074456
1,0.0292197724290266,0.969568154329857
1,0.0292285208720942,0.970017658884877
1,0.029237140092351,0.970460523875268
1,0.0292456320064765,0.970896847326319
1,0.0292539984989968,0.97132672583876
1,0.0292622414237367,0.971750254603671
1,0.0292703626052171,0.972167527417482
1,0.0292783638398946,0.972578636697631
1,0.0292862468972108,0.972983673499105
1,0.0292940135204378,0.973382727531883
1,0.0293016654273484,0.97377588717915
1,0.0293092043107384,0.97416323951606
1,0.0293166318388394,0.974544870328841
1,0.0293239496556577,0.97492086413402
1,0.0293311593812688,0.975291304197592
1,0.0293382626120897,0.975656272554005
1,0.0293452609211466,0.976015850024856
1,0.0293521558583487,0.976370116237253
1,0.0293589489507675,0.976719149641819
1,0.0293656417029347,0.977063027530329
1,0.0293722355971444,0.977401826052994
1,0.0293787320937651,0.977735620235421
1,0.0293851326315586,0.978064483995253
1,0.0293914386279976,0.978388490158534
1,0.0293976514795868,0.9787077104758
1,0.0294037725621772,0.979022215637926
1,0.0294098032312784,0.979332075291733
1,0.0294157448223673,0.979637358055369
1,0.0294215986511865,0.979938131533473
1,0.0294273660140432,0.980234462332118
1,0.0294330481880969,0.980526416073544
1,0.0294386464316443,0.98081405741068
1,0.0294441619843986,0.981097450041458
1,0.0294495960677661,0.981376656722919
1,0.0294549498851131,0.981651739285111
1,0.0294602246220343,0.981922758644786
1,0.0294654214466135,0.982189774818891
1,0.0294705415096828,0.982452846937868
1,0.0294755859450753,0.982712033258747
1,0.0294805558698772,0.982967391178049
1,0.0294854523846748,0.983218977244502
1,0.0294902765737979,0.983466847171561
1,0.0294950295055578,0.983711055849748
1,0.0294997122324876,0.983951657358806
1,0.0295043257915728,0.984188704979678
1,0.0295088712044806,0.984422251206303
1,0.0295133494777891,0.984652347757239
1,0.0295177616032056,0.984879045587121
1,0.0295221085577915,0.985102394897939
1,0.029526391304175,0.985322445150158
1,0.0295306107907649,0.98553924507367
1,0.0295347679519626,0.985752842678585
1,0.0295388637083669,0.985963285265863
1,0.0295428989669779,0.986170619437788
1,0.0295468746213996,0.986374891108291
1,0.0295507915520361,0.986576145513112
1,0.029554650626288,0.986774427219823
1,0.0295584526987427,0.986969780137693
1,0.0295621986113652,0.987162247527416
1,0.0295658891936839,0.987351872010689
1,0.029569525262974,0.987538695579648
1,0.0295731076244394,0.987722759606172
1,0.0295766370713899,0.987904104851041
1,0.029580114385418,0.988082771472963
1,0.0295835403365712,0.988258799037469
1,0.0295869156835225,0.988432226525675
1,0.0295902411737388,0.98860309234291
1,0.0295935175436468,0.988771434327225
1,0.0295967455187947,0.988937289757772
1,0.0295999258140136,0.989100695363058
1,0.0296030591335772,0.989261687329076
1,0.0296061461713557,0.989420301307325
1,0.0296091876109701,0.989576572422699
1,0.029612184125944,0.989730535281268
1,0.0296151363798525,0.989882223977941
1,0.0296180450264685,0.990031672104016
1,0.0296209107099097,0.990178912754621
1,0.0296237340647771,0.990323978536039
1,0.0296265157163011,0.990466901572931
1,0.029629256280475,0.990607713515448
1,0.0296319563641931,0.990746445546245
1,0.0296346165653867,0.990883128387379
1,0.0296372374731542,0.991017792307119
1,0.0296398196678931,0.991150467126645
1,0.0296423637214271,0.991281182226652
1,0.0296448701971348,0.991409966553858
1,0.029647339650072,0.991536848627414
1,0.029649772627097,0.991661856545218
1,0.0296521696669891,0.99178501799014
1,0.0296545313005705,0.991906360236148
1,0.029656858050823,0.992025910154352
1,0.0296591504330024,0.992143694218952
1,0.0296614089547542,0.992259738513103
1,0.0296636341162257,0.992374068734688
1,0.0296658264101768,0.992486710202013
1,0.0296679863220881,0.992597687859408
1,0.0296701143302704,0.992707026282756
1,0.0296722109059682,0.992814749684934
1,0.0296742765134663,0.992920881921172
1,0.0296763116101912,0.993025446494339
1,0.0296783166468129,0.993128466560149
1,0.0296802920673445,0.993229964932282
1,0.029682238309241,0.993329964087445
1,0.0296841558034953,0.993428486170343
1,0.0296860449747343,0.993525552998585
1,0.0296879062413129,0.993621186067516
1,0.0296897400154075,0.993715406554974
1,0.029691546703104,0.993808235325987
1,0.0296933267044928,0.993899692937385
1,0.0296950804137524,0.993989799642357
1,0.0296968082192397,0.994078575394937
1,0.0296985105035761,0.994166039854419
1,0.0297001876437302,0.994252212389713
1,0.0297018400111029,0.994337112083635
1,0.0297034679716093,0.99442075773713
1,0.0297050718857592,0.994503167873437
1,0.0297066521087384,0.994584360742194
1,0.0297082089904845,0.994664354323473
1,0.0297097428757682,0.994743166331767
1,0.0297112541042659,0.994820814219909
1,0.0297127430106385,0.994897315182941
1,0.0297142099246022,0.994972686161919
1,0.0297156551710034,0.995046943847666
1,0.0297170790698904,0.995120104684464
1,0.0297184819365841,0.995192184873704
1,0.0297198640817482,0.995263200377464
1,0.0297212258114568,0.995333166922053
1,0.0297225674272636,0.995402100001485
1,0.0297238892262681,0.995470014880917
1,0.0297251915011809,0.995536926600027
1,0.02972647454039,0.995602849976341
1,0.0297277386280224,0.99566779960852
1,0.0297289840440091,0.995731789879592
1,0.0297302110641466,0.995794834960132
1,0.0297314199601566,0.995856948811405
1,0.0297326109997482,0.995918145188457
1,0.0297337844466754,0.99597843764316
1,0.0297349405607974,0.996037839527212
1,0.0297360795981341,0.996096363995097
1,0.0297372018109237,0.996154024006996
1,0.0297383074476794,0.996210832331655
1,0.0297393967532436,0.996266801549217
1,0.0297404699688415,0.996321944054005
1,0.0297415273321353,0.996376272057266
1,0.0297425690772772,0.99642979758988
1,0.029743595434961,0.996482532505018
1,0.0297446066324716,0.996534488480769
1,0.0297456028937382,0.996585677022728
1,0.0297465844393816,0.996636109466544
1,0.0297475514867638,0.996685796980426
1,0.0297485042500369,0.996734750567621
1,0.0297494429401888,0.996782981068847
1,0.0297503677650919,0.996830499164698
1,0.0297512789295471,0.996877315378005
1,0.0297521766353315,0.996923440076166
1,0.0297530610812407,0.996968883473448
1,0.0297539324631342,0.997013655633241
1,0.0297547909739788,0.997057766470292
1,0.0297556368038905,0.997101225752899
1,0.0297564701401776,0.997144043105072
1,0.029757291167382,0.997186228008668
1,0.0297581000673182,0.997227789805489
1,0.0297588970191174,0.997268737699349
1,0.0297596821992629,0.997309080758117
1,0.0297604557816322,0.997348827915718
1,0.0297612179375342,0.997387987974118
1,0.029761968835748,0.997426569605269
1,0.0297627086425587,0.997464581353033
1,0.0297634375217959,0.99750203163507
1,0.0297641556348689,0.997538928744704
1,0.029764863140803,0.99757528085276
1,0.0297655601962754,0.997611096009374
1,0.0297662469556474,0.997646382145774
1,0.0297669235710019,0.997681147076036
1,0.0297675901921737,0.997715398498817
1,0.0297682469667861,0.997749143999057
1,0.0297688940402812,0.997782391049661
1,0.0297695315559521,0.997815147013152
1,0.0297701596549769,0.997847419143304
1,0.029770778476446,0.997879214586745
1,0.0297713881573978,0.997910540384542
1,0.0297719888328454,0.997941403473758
1,0.0297725806358076,0.997971810688993
1,0.0297731636973388,0.998001768763889
1,0.0297737381465564,0.998031284332633
1,0.0297743041106726,0.998060363931413
1,0.0297748617150191,0.998089013999875
1,0.029775411083077,0.998117240882547
1,0.0297759523365029,0.998145050830242
1,0.0297764855951572,0.998172450001441
1,0.0297770109771291,0.998199444463663
1,0.0297775285987645,0.998226040194802
1,0.0297780385746893,0.998252243084453
1,0.0297785410178375,0.998278058935219
1,0.0297790360394747,0.998303493463991
1,0.0297795237492229,0.998328552303219
1,0.0297800042550844,0.998353241002156
1,0.0297804776634678,0.998377565028087
1,0.0297809440792078,0.998401529767541
1,0.0297814036055923,0.998425140527486
1,0.0297818563443826,0.998448402536497
1,0.029782302395837,0.998471320945922
1,0.029782741858734,0.998493900831017
1,0.0297831748303909,0.998516147192075
1,0.0297836014066901,0.998538064955528
1,0.0297840216820953,0.99855965897504
1,0.0297844357496768,0.998580934032585
1,0.0297848437011297,0.9986018948395
1,0.0297852456267933,0.998622546037534
1,0.0297856416156743,0.998642892199873
1,0.0297860317554641,0.998662937832151
1,0.0297864161325587,0.998682687373453
1,0.0297867948320776,0.998702145197294
1,0.0297871679378838,0.998721315612586
1,0.0297875355326014,0.9987402028646
1,0.0297878976976331,0.998758811135894
1,0.0297882545131807,0.998777144547253
1,0.0297886060582597,0.99879520715859
1,0.0297889524107204,0.99881300296985
1,0.0297892936472617,0.998830535921896
1,0.0297896298434503,0.998847809897383
1,0.029789961073736,0.998864828721613
1,0.0297902874114697,0.998881596163386
1,0.0297906089289186,0.998898115935835
1,0.0297909256972824,0.998914391697245
1,0.0297912377867091,0.998930427051867
1,0.0297915452663104,0.998946225550713
1,0.0297918482041775,0.998961790692342
1,0.0297921466673952,0.998977125923639
1,0.0297924407220584,0.998992234640573
1,0.0297927304332848,0.999007120188955
0,-0.140306984134769,0.999021785865172
0,-0.133329900939894,0.941559444916924
0,-0.113171532835105,0.80755159923464
0,-0.0871961655309674,0.64155211785901
0,-0.0606538073018141,0.474951858251966
0,-0.0368683341431617,0.32730142696591
0,-0.017579586016911,0.208517228719259
0,-0.00334096394244221,0.121377485539466
0,0.00609505315159486,0.0639061507155544
0,0.0114439919790206,0.0314083491316075
0,0.0136280571491406,0.018051449968241
0,0.0135897984727023,0.0179792254916237
0,0.0121741126618545,0.0260059390687608
0,0.0100664515487322,0.0379685756574135
0,0.0077731355202374,0.0508257421280431
0,0.00563009619530275,0.0625878070720536
0,0.00382823634593599,0.0721504995445113
0,0.00244613362563562,0.0790880734514817
0,0.00148347480032618,0.0834455820913722
0,0.000891031511151885,0.0855549040156433
0,0.000594982979945646,0.0858870309995482
0,0.000514885328708914,0.0849441383742577
0,0.000575596298330816,0.0831889675508018
0,0.00071405417170578,0.0810056225624583
0,0.000882070650659594,0.0786844454776335
0,0.00104632366155688,0.0764236021017683
0,0.00118661358042904,0.0743408507510515
0,0.00129324594175872,0.0724902526121173
0,0.00136417835507985,0.0708799932315462
0,0.00140235491940066,0.06948880836753
0,0.00141346884668125,0.0682796220611832
0,0.00140425255416332,0.0672098592789762
0,0.00138129510265961,0.0662384885883389
0,0.00135032520611189,0.0653302118599461
0,0.00131586701079545,0.0644573935301905
0,0.00128116744818507,0.0636003615532699
0,0.00124830059659475,0.0627466627833772
0,0.00121836966514999,0.0618897567025492
0,0.00119174591981941,0.0610275134724698
0,0.00116830257772282,0.0601607662906569
0,0.0011476182140282,0.0592920668084754
0,0.00112913745334409,0.0584247121560379
0,0.00111228635581151,0.0575620543282636
0,0.0010965461915734,0.0567070655694099
0,0.00108149276400182,0.0558621134469948
0,0.00106680975537143,0.0550288923475171
0,0.00105228439215665,0.0542084600408835
0,0.00103779264686044,0.0534013351565908
0,0.00102327967860949,0.0526076210461414
0,0.00100873960777015,0.051827131521803
0,0.00099419724357297,0.0510595030440615
0,0.000979693161310302,0.0503042853705714
0,0.000965272603775547,0.0495610082306371
0,0.000950978054040652,0.0488292253187561
0,0.000936844955160776,0.0481085390635379
0,0.000922899883228578,0.047398610565915
0,0.00090916045638445,0.0466991591682636
0,0.000895636331542549,0.0460099556360516
0,0.000882330759344296,0.0453308121699578
0,0.00086924230348695,0.0446615716160563
0,0.000856366460815938,0.0440020974370211
0,0.000843697030218082,0.0433522653251703
0,0.000831227165422943,0.0427119568118528
0,0.000818950108422534,0.0420810548596319
0,0.000806859638841251,0.0414594411969294
0,0.000794950294410846,0.040846995042191
0,0.000783217423555749,0.0402435928360591
0,0.00077165712758559,0.039649108626942
0,0.000760266141088317,0.039063414813549
0,0.000749041687906349,0.0384863830187465
0,0.000737981338749694,0.0379178849394055
0,0.00072708288642187,0.0373577930787203
0,0.000716344246510348,0.0368059813167638
0,0.000705763385436375,0.0362623253108081
0,0.00069533827384094,0.035726702740116
0,0.000685066861083383,0.0351989934225683
0,0.000674947065770204,0.0346790793351495
0,0.000664976777277171,0.0341668445694504
0,0.000655153863862279,0.0336621752491704
0,0.000645476183861238,0.0331649594308481
0,0.000635941597431966,0.0326750870029992
0,0.00062654797721251,0.0321924495933053
0,0.0006172932170041,0.0317169404889381
0,0.000608175238161257,0.031248454571677
0,0.000599191993759407,0.0307868882671566
0,0.000590341470847022,0.0303321395062183
0,0.000581621691192913,0.0298841076957344
0,0.000573030710966482,0.0294426936961954
0,0.000564566619742246,0.0290077998036313
0,0.000556227539155629,0.0285793297338867
0,0.000548011621451516,0.0281571886077801
0,0.000539917048090255,0.0277412829361718
0,0.00053194202850726,0.0273315206043773
0,0.000524084799066737,0.0269278108556898
0,0.000516343622215698,0.0265300642740029
0,0.000508716785816543,0.0261381927656668
0,0.00050120260262515,0.0257521095407842
0,0.000493799409879925,0.0253717290941707
0,0.000486505568963458,0.0249969671861916
0,0.000479319465109984,0.0246277408236529
0,0.000472239507133321,0.0242639682408805
0,0.000465264127160803,0.0239055688810805
0,0.000458391780361778,0.0235524633780356
0,0.000451620944665998,0.0232045735381608
0,0.000444950120471077,0.022861822322923
0,0.000438377830339121,0.0225241338316104
0,0.000431902618685587,0.0221914332844328
0,0.000425523051462429,0.0218636470059303
0,0.000419237715840376,0.0215407024086668
0,0.000413045219890579,0.0212225279771882
0,0.000406944192269776,0.0209090532522304
0,0.000400933281908933,0.0206002088151616
0,0.000395011157707403,0.0202959262726515
0,0.000389176508232669,0.0199961382415601
0,0.000383428041425354,0.0197007783340406
0,0.000377764484310594,0.0194097811428558
0,0.000372184582714208,0.019123082226903
0,0.00036668710098417,0.018840618096948
0,0.000361270821717136,0.0185623262015663
0,0.000355934545488906,0.018288144913288
0,0.000350677090589363,0.0180180135149479
0,0.00034549729276151,0.0177518721862352
0,0.000340394004944317,0.0174896619904431
0,0.000335366097019008,0.0172313248614136
0,0.000330412455559287,0.0169768035906773
0,0.000325531983585176,0.0167260418147819
0,0.000320723600320122,0.0164789840028106
0,0.000315986240951777,0.0162355754440834
0,0.000311318856396181,0.0159957622360419
0,0.00030672041306562,0.0157594912723125
0,0.000302189892639471,0.0155267102309468
0,0.000297726291838718,0.0152973675628343
0,0.000293328622203853,0.0150714124802884
0,0.000288995909875689,0.0148487949457989
0,0.000284727195379947,0.0146294656609519
0,0.00028052153341443,0.014413376055513
