Setpoint,ControllerOutput,PlantOutput
0,0,0
0,0,0
0,0,0
0,0,0
0,0,0
0,0,0
0,0,0
0,0,0
0,0,0
0,0,0
0,0,0
0,0,0
0,0,0
0,0,0
0,0,0
0,0,0
0,0,0
0,0,0
0,0,0
0,0,0
0,0,0
0,0,0
0,0,0
0,0,0
0,0,0
0,0,0
0,0,0
0,0,0
0,0,0
0,0,0
0,0,0
0,0,0
0,0,0
0,0,0
0,0,0
0,0,0
0,0,0
0,0,0
0,0,0
0,0,0
0,0,0
0,0,0
0,0,0
0,0,0
0,0,0
0,0,0
0,0,0
0,0,0
0,0,0
0,0,0
0,0,0
0,0,0
0,0,0
0,0,0
0,0,0
0,0,0
0,0,0
0,0,0
0,0,0
0,0,0
0,0,0
0,0,0
0,0,0
0,0,0
0,0,0
0,0,0
0,0,0
0,0,0
0,0,0
0,0,0
0,0,0
0,0,0
0,0,0
0,0,0
0,0,0
0,0,0
0,0,0
0,0,0
0,0,0
0,0,0
0,0,0
0,0,0
0,0,0
0,0,0
0,0,0
0,0,0
0,0,0
0,0,0
0,0,0
0,0,0
0,0,0
0,0,0
0,0,0
0,0,0
0,0,0
0,0,0
0,0,0
0,0,0
0,0,0
0,0,0
0,0,0
0,0,0
0,0,0
0,0,0
0,0,0
0,0,0
0,0,0
0,0,0
0,0,0
0,0,0
0,0,0
0,0,0
0,0,0
0,0,0
0,0,0
0,0,0
0,0,0
0,0,0
0,0,0
0,0,0
0,0,0
0,0,0
0,0,0
0,0,0
0,0,0
0,0,0
0,0,0
0,0,0
0,0,0
0,0,0
0,0,0
0,0,0
0,0,0
0,0,0
0,0,0
0,0,0
0,0,0
0,0,0
0,0,0
0,0,0
0,0,0
0,0,0
0,0,0
0,0,0
0,0,0
0,0,0
0,0,0
0,0,0
0,0,0
0,0,0
0,0,0
0,0,0
0,0,0
0,0,0
0,0,0
0,0,0
0,0,0
0,0,0
0,0,0
0,0,0
0,0,0
0,0,0
0,0,0
0,0,0
0,0,0
0,0,0
0,0,0
0,0,0
0,0,0
0,0,0
0,0,0
0,0,0
0,0,0
0,0,0
0,0,0
0,0,0
0,0,0
0,0,0
0,0,0
0,0,0
0,0,0
0,0,0
0,0,0
0,0,0
0,0,0
0,0,0
0,0,0
0,0,0
0,0,0
0,0,0
0,0,0
0,0,0
0,0,0
0,0,0
0,0,0
0,0,0
0,0,0
0,0,0
0,0,0
0,0,0
0,0,0
0,0,0
0,0,0
0,0,0
0,0,0
0,0,0
0,0,0
0,0,0
0,0,0
0,0,0
0,0,0
0,0,0
0,0,0
0,0,0
0,0,0
0,0,0
0,0,0
0,0,0
0,0,0
0,0,0
0,0,0
0,0,0
0,0,0
0,0,0
0,0,0
0,0,0
0,0,0
0,0,0
0,0,0
0,0,0
0,0,0
0,0,0
0,0,0
0,0,0
0,0,0
0,0,0
0,0,0
0,0,0
0,0,0
0,0,0
0,0,0
0,0,0
0,0,0
0,0,0
0,0,0
0,0,0
0,0,0
0,0,0
0,0,0
0,0,0
0,0,0
0,0,0
0,0,0
0,0,0
0,0,0
0,0,0
0,0,0
0,0,0
0,0,0
0,0,0
0,0,0
0,0,0
0,0,0
0,0,0
0,0,0
1,0.1701,0
1,0.163123198021,0.05747679
1,0.142965106978289,0.191498871309296
1,0.116990012643787,0.357512378039662
1,0.0904479233522777,0.524126455835069
1,0.0666627151588314,0.671790501203135
1,0.0473742280840264,0.790588112440268
1,0.0331358632050521,0.877741070489306
1,0.0237000995075146,0.935225424987645
1,0.0183514103337071,0.967736053934395
1,0.0161675911296097,0.981105590989546
1,0.0162060921389443,0.981190266685576
1,0.0176220167032256,0.973175820412789
1,0.0197299130431912,0.961225269930006
1,0.0220234608240295,0.94838001104322
1,0.0241667284781294,0.936629677797948
1,0.025968813284046,0.927078543737096
1,0.027351137638097,0.920152357514198
1,0.0283140148234391,0.915806068352635
1,0.0289066732472834,0.913707800185489
1,0.0292029337354378,0.913386563685349
1,0.0292832402128392,0.91434018593273
1,0.0292227349848425,0.916105927892666
1,0.0290844798141147,0.918299687872844
1,0.0289166630437181,0.920631126111249
1,0.0287526067915135,0.92290207907476
1,0.0286125107250415,0.924994790685945
1,0.0285060693527475,0.92685520196386
1,0.028435325107392,0.928475129535034
1,0.0283973339316368,0.929875839782284
1,0.0283864026545756,0.931094410773882
1,0.0283957988994141,0.932173419621586
1,0.0284189336451903,0.933153899805498
1,0.0284500782172241,0.934071151472229
1,0.0284847085079212,0.934952812172879
1,0.0285195776239175,0.935818555911382
1,0.0285526115244472,0.936680837762755
1,0.0285827070373765,0.937546200145677
1,0.0286094929331839,0.938416774771102
1,0.0286330960306571,0.939291730286491
1,0.0286539377900061,0.940168516858206
1,0.0286725736214777,0.941043839147011
1,0.0286895774992701,0.941914346922411
1,0.0287054681870749,0.942777069678512
1,0.0287206699148521,0.943629641560481
1,0.0287354990331687,0.944470369869206
1,0.0287501683479054,0.945298198497244
1,0.0287648019184379,0.946112610453007
1,0.0287794546170461,0.946913503998706
1,0.0287941323543068,0.947701066911951
1,0.0288088103514756,0.94847566429865
1,0.0288234480632963,0.949237747944408
1,0.0288380002765669,0.94998778964038
1,0.0288524245373709,0.950726237190074
1,0.0288666854313777,0.951453489640756
1,0.0288807564107945,0.952169887345572
1,0.0288946198853628,0.952875712394743
1,0.0289082662256388,0.953571195434241
1,0.0289216922080457,0.954256525653977
1,0.0289348992955512,0.954931861577926
1,0.0289478920175803,0.955597341093228
1,0.0289606766011286,0.95625308983744
1,0.0289732599179677,0.956899227589444
1,0.0289856487512294,0.957535872677557
1,0.0289978493460417,0.958163144645167
1,0.0290098671890602,0.958781165526855
1,0.0290217069558873,0.959390060116494
1,0.0290333725688856,0.95998995558196
1,0.0290448673167889,0.96058098072286
1,0.029056193998733,0.961163265096944
1,0.0290673550666465,0.961736938170519
1,0.0290783527500296,0.962302128586388
1,0.0290891891552703,0.962858963593547
1,0.0290998663375961,0.963407568647117
1,0.0291103863476969,0.963948067163796
1,0.0291207512572285,0.964480580405477
1,0.029130963168289,0.965005227458999
1,0.0291410242119017,0.965522125280881
1,0.0291509365399061,0.966031388780052
1,0.0291607023137677,0.966533130917349
1,0.0291703236928365,0.967027462806606
1,0.0291798028236949,0.967514493807684
1,0.0291891418314774,0.967994331606367
1,0.0291983428134863,0.96846708227946
1,0.0292074078350271,0.968932850345756
1,0.0292163389271605,0.969391738804886
1,0.0292251380859603,0.969843849166713
1,0.0292338072728353,0.970289281473934
1,0.0292423484155291,0.97072813432037
1,0.0292507634094705,0.971160504866884
1,0.0292590541192244,0.971586488856412
1,0.0292672223798933,0.972006180629093
1,0.0292752699983603,0.972419673138038
1,0.0292831987543378,0.972827057965999
1,0.0292910104012181,0.973228425342924
1,0.0292987066667443,0.973623864164284
1,0.0293062892535358,0.974013462009955
1,0.0293137598395021,0.974397305163428
1,0.0293211200781849,0.974775478631152
1,0.0293283715990531,0.975148066161808
1,0.0293355160077795,0.975515150265396
1,0.0293425548865098,0.975876812232043
1,0.0293494897941362,0.976233132150467
1,0.0293563222665829,0.976584188926081
1,0.0293630538171015,0.976930060298734
1,0.0293696859365782,0.977270822860092
1,0.0293762200938463,0.977606552070695
1,0.0293826577360072,0.977937322276698
1,0.0293890002887514,0.978263206726324
1,0.0293952491566771,0.978584277586054
1,0.0294014057236125,0.978900605956564
1,0.0294074713529251,0.979212261888422
1,0.0294134473878331,0.97951931439756
1,0.0294193351517074,0.979821831480526
1,0.0294251359483699,0.98011988012951
1,0.0294308510623833,0.980413526347169
1,0.0294364817593393,0.980702835161231
1,0.0294420292861386,0.980987870638888
1,0.0294474948712664,0.981268695900988
1,0.0294528797250666,0.981545373136011
1,0.0294581850400057,0.981817963613846
1,0.02946341199094,0.982086527699367
1,0.0294685617353723,0.982351124865796
1,0.0294736354137091,0.982611813707882
1,0.0294786341495124,0.982868651954881
1,0.0294835590497486,0.983121696483336
1,0.0294884112050324,0.983371003329678
1,0.02949319168987,0.983616627702631
1,0.0294979015628949,0.983858623995445
1,0.0295025418671042,0.984097045797934
1,0.0295071136300886,0.984331945908349
1,0.0295116178642598,0.984563376345065
1,0.0295160555670759,0.984791388358102
1,0.0295204277212615,0.985016032440477
1,0.0295247352950248,0.98523735833938
1,0.0295289792422733,0.985455415067193
1,0.0295331605028251,0.985670250912345
1,0.029537280002615,0.985881913450002
1,0.0295413386539021,0.986090449552605
1,0.0295453373554702,0.986295905400251
1,0.0295492769928276,0.986498326490916
1,0.0295531584384023,0.986697757650531
1,0.0295569825517366,0.986894243042913
1,0.0295607501796762,0.98708782617954
1,0.0295644621565583,0.987278549929189
1,0.0295681193043964,0.987466456527428
1,0.0295717224330612,0.987651587585971
1,0.0295752723404621,0.987833984101892
1,0.0295787698127226,0.988013686466702
1,0.0295822156243537,0.988190734475297
1,0.0295856105384273,0.988365167334767
1,0.0295889553067428,0.988537023673081
1,0.0295922506699957,0.988706341547639
1,0.0295954973579409,0.988873158453703
1,0.0295986960895536,0.989037511332697
1,0.0296018475731901,0.989199436580388
1,0.0296049525067421,0.989358970054948
1,0.0296080115777946,0.989516147084894
1,0.0296110254637749,0.989671002476909
1,0.0296139948321055,0.989823570523554
1,0.0296169203403491,0.989973885010857
1,0.029619802636357,0.990121979225799
1,0.0296226423584103,0.990267885963686
1,0.0296254401353624,0.990411637535406
1,0.029628196586778,0.990553265774591
1,0.02963091232307,0.990692802044661
1,0.0296335879456358,0.990830277245773
1,0.029636224046989,0.990965721821663
1,0.0296388212108909,0.991099165766385
1,0.0296413800124813,0.991230638630958
1,0.0296439010184038,0.991360169529905
1,0.0296463847869319,0.991487787147706
1,0.0296488318680945,0.991613519745142
1,0.0296512428037945,0.991737395165564
1,0.0296536181279308,0.991859440841048
1,0.0296559583665168,0.991979683798479
1,0.0296582640377958,0.99209815066553
1,0.0296605356523563,0.99221486767656
1,0.0296627737132444,0.992329860678427
1,0.0296649787160765,0.992443155136206
1,0.029667151149148,0.992554776138834
1,0.0296692914935421,0.99266474840466
1,0.0296714002232359,0.992773096286925
1,0.0296734778052052,0.992879843779149
1,0.0296755246995279,0.992985014520452
1,0.0296775413594872,0.993088631800779
1,0.0296795282316695,0.993190718566066
1,0.0296814857560659,0.993291297423318
1,0.0296834143661684,0.993390390645613
1,0.029685314489065,0.993488020177039
1,0.0296871865455361,0.993584207637551
1,0.0296890309501472,0.993678974327757
1,0.0296908481113387,0.99377234123364
1,0.0296926384315195,0.9938643290312
1,0.0296944023071539,0.993954958091036
1,0.0296961401288509,0.994044248482855
1,0.0296978522814486,0.994132219979918
1,0.0296995391441013,0.994218892063419
1,0.0297012010903628,0.994304283926797
1,0.02970283848827,0.994388414479989
1,0.0297044517004226,0.994471302353614
1,0.0297060410840644,0.994552965903103
1,0.0297076069911628,0.994633423212761
1,0.0297091497684863,0.994712692099772
1,0.0297106697576814,0.994790790118146
1,0.0297121672953482,0.994867734562605
1,0.0297136427131148,0.994943542472413
1,0.0297150963377102,0.995018230635151
1,0.0297165284910386,0.995091815590431
1,0.0297179394902487,0.995164313633563
1,0.0297193296478047,0.995235740819159
1,0.0297206992715555,0.995306112964695
1,0.0297220486648029,0.995375445654004
1,0.0297233781263684,0.995443754240736
1,0.0297246879506601,0.995511053851755
1,0.0297259784277371,0.995577359390487
1,0.0297272498433736,0.995642685540221
1,0.0297285024791241,0.995707046767364
1,0.0297297366123828,0.99577045732464
1,0.0297309525164473,0.995832931254248
1,0.0297321504605785,0.995894482390973
1,0.02973333071006,0.995955124365247
1,0.0297344935262562,0.996014870606171
1,0.0297356391666717,0.996073734344484
1,0.0297367678850078,0.996131728615499
1,0.0297378799312171,0.996188866261984
1,0.0297389755515614,0.996245159937011
1,0.0297400549886651,0.996300622106751
1,0.0297411184815679,0.996355265053243
1,0.0297421662657791,0.996409100877109
1,0.0297431985733299,0.996462141500233
1,0.0297442156328234,0.996514398668405
1,0.0297452176694859,0.996565883953918
1,0.029746204905218,0.996616608758134
1,0.0297471775586415,0.996666584314005
1,0.0297481358451497,0.996715821688565
1,0.029749079976954,0.996764331785376
1,0.0297500101631314,0.996812125346949
1,0.0297509266096709,0.996859212957114
1,0.0297518295195185,0.996905605043372
1,0.0297527190926221,0.996951311879202
1,0.0297535955259773,0.996996343586333
1,0.0297544590136694,0.997040710136988
1,0.0297553097469163,0.997084421356091
1,0.0297561479141122,0.997127486923446
1,0.0297569737008685,0.997169916375875
1,0.0297577872900543,0.997211719109335
1,0.0297585888618386,0.997252904380997
1,0.0297593785937282,0.997293481311294
1,0.0297601566606085,0.997333458885945
1,0.0297609232347817,0.997372845957939
1,0.0297616784860046,0.997411651249501
1,0.0297624225815269,0.997449883354023
1,0.029763155686128,0.99748755073796
1,0.0297638779621527,0.997524661742716
1,0.0297645895695486,0.997561224586482
1,0.0297652906659001,0.99759724736606
1,0.0297659814064646,0.997632738058658
1,0.029766661944205,0.997667704523649
1,0.0297673324298267,0.997702154504321
1,0.0297679930118075,0.997736095629583
1,0.0297686438364326,0.997769535415662
1,0.0297692850478262,0.997802481267763
1,0.0297699167879846,0.997834940481708
1,0.0297705391968051,0.997866920245556
1,0.02977115241212,0.997898427641191
1,0.0297717565697253,0.997929469645892
1,0.0297723518034103,0.997960053133876
1,0.0297729382449896,0.997990184877826
1,0.0297735160243302,0.998019871550382
1,0.02977408526938,0.998049119725627
1,0.0297746461061978,0.998077935880538
1,0.0297751986589805,0.998106326396421
1,0.0297757430500905,0.998134297560325
1,0.0297762794000827,0.998161855566433
1,0.0297768078277305,0.998189006517438
0,-0.140322671549945,0.998215756425888
0,-0.133345356638654,0.940765321215521
0,-0.113186760240097,0.806769205413281
0,-0.0872111680142835,0.640781280657427
0,-0.0606685881857381,0.47419240696909
0,-0.0368828967009041,0.326553193422074
0,-0.0175939334733344,0.20778004721895
0,-0.00335509947477552,0.120651192834635
0,0.00608112641305292,0.0631905859694649
0,0.0114302709502091,0.0307033538832174
0,0.0136145387915526,0.0173568680971122
0,0.0135764797927117,0.0172949031833494
0,0.0121609907100544,0.0253317247809032
0,0.0100535234192802,0.0373043200859452
0,0.00776039835021325,0.0501712981742835
0,0.00561754716407381,0.0619430298100945
0,0.00381587267453276,0.0715152461891228
0,0.00243395257613666,0.0784622033264927
0,0.00147147367525102,0.0828289565985179
0,0.000879207652864311,0.0849473866038729
0,0.000583333770065253,0.0852884871347855
0,0.000503408187530252,0.0843544355096088
0,0.000564288684253622,0.0826079750972029
0,0.000702913580671094,0.0804332118597565
0,0.000871094615595536,0.0781204897660955
0,0.00103550975183231,0.0758679764940096
0,0.0011759594013151,0.07379343220438
0,0.00128274913389914,0.0719509199012857
0,0.00135383659396793,0.0703486269219069
0,0.00139216591486435,0.0689652907885863
0,0.00140343034237644,0.0677638372805314
0,0.00139436232707413,0.0667016930766324
0,0.00137155096260599,0.0657378284314451
0,0.00134072499526439,0.0648369468778501
0,0.00130640860319786,0.0639714144898937
0,0.00127184874928321,0.0631215608352373
0,0.00123911954277256,0.0622749343577059
0,0.00120932422327336,0.0614249961054875
0,0.00118283408678477,0.0605696177832845
0,0.00115952238001438,0.0597096341088411
0,0.00113896770728039,0.0588475982312935
0,0.00112061472191183,0.0579868087564024
0,0.00110388951234508,0.0571306191329385
0,0.00108827337660078,0.0562820030375361
0,0.00107334214551724,0.0554433294489326
0,0.00105877952842892,0.0546162941440016
0,0.00104437277847147,0.053801956262487
0,0.00102999789441383,0.0530008357834898
0,0.001015600061262,0.0522130373881813
0,0.00100117342487904,0.0514383761988578
0,0.000986742819615083,0.0506764899666839
0,0.000972348845511339,0.0499269297209282
0,0.000958036769744819,0.0491892264437262
0,0.000943849099410476,0.0484629350639015
0,0.000929821301231981,0.0477476592261572
0,0.00091597997462034,0.0470430612295571
0,0.000902342760690678,0.0463488615969111
0,0.000888919338991823,0.0456648322566849
0,0.000875712982465693,0.0449907865553764
0,0.00086272227678108,0.0443265684679543
0,0.000849942740429821,0.0436720425693125
0,0.000837368193625843,0.0430270856475601
0,0.000824991811110509,0.0423915803136518
0,0.000812806855577386,0.04176541059381
0,0.000800807127046665,0.0411484592644039
0,0.000788987183344692,0.0405406065763481
0,0.000777342392693392,0.0399417299875032
0,0.000765868875907794,0.0393517045484706
0,0.000754563386792972,0.0387704036453495
0,0.000743423168124702,0.0381976998738113
0,0.000732445809266624,0.0376334658891633
0,0.000721629121400336,0.0370775751388788
0,0.000710971038219932,0.0365299024333622
0,0.000700469543985893,0.0359903243464753
0,0.000690122626914869,0.0354587194605314
0,0.000679928253682405,0.0349349684831236
0,0.000669884359955131,0.0344189542678062
0,0.000659988851917426,0.0339105617697927
0,0.000650239614387094,0.0334096779636485
0,0.000640634522015349,0.0329161917442103
0,0.000631171451034584,0.0324299938259093
0,0.000621848289919791,0.0319509766501433
0,0.000612662948075438,0.031479034305781
0,0.000603613362228417,0.031014062464457
0,0.00059469750060015,0.0305559583299939
0,0.000585913365160506,0.0301046205999274
0,0.000577258992379925,0.0296599494364985
0,0.000568732452912057,0.0292218464444095
0,0.000560331850601836,0.0287902146529096
0,0.000552055321144163,0.0283649585002319
0,0.000543901030635785,0.0279459838189135
0,0.000535867174184468,0.0275331978210205
0,0.000527951974670982,0.0271265090827169
0,0.000520153681707047,0.0267258275279397
0,0.000512470570790846,0.0263310644111729
0,0.000504900942643327,0.0259421322994517
0,0.000497443122689345,0.0255589450538051
0,0.000490095460648654,0.02518141781036
0,0.000482856330201287,0.0248094669613206
0,0.000475724128696786,0.0244430101359989
0,0.000468697276885865,0.0240819661820317
0,0.000461774218655953,0.0237262551468772
0,0.000454953420762905,0.0233757982596445
0,0.000448233372552176,0.0230305179132818
0,0.000441612585668272,0.0226903376471255
0,0.000435089593753712,0.0223551821297977
0,0.000428662952141085,0.0220249771424327
0,0.000422331237538265,0.0216996495622095
0,0.000416093047712729,0.0213791273461681
0,0.000409947001176109,0.0210633395152881
0,0.000403891736871304,0.0207522161388156
0,0.000397925913863478,0.0204456883188223
0,0.000392048211036583,0.0201436881749904
0,0.000386257326795036,0.0198461488296144
0,0.000380551978771432,0.0195530043928167
0,0.000374930903539322,0.0192641899479737
0,0.000369392856332224,0.0189796415373494
0,0.000363936610766696,0.0186992961479369
0,0.000358560958571064,0.0184230916975042
0,0.000353264709317902,0.0181509670208441
0,0.000348046690161169,0.0178828618562257
0,0.000342905745576771,0.0176187168320456
0,0.000337840737107659,0.0173584734536762
0,0.000332850543112051,0.0171020740905095
0,0.000327934058515306,0.016849461963192
0,0.000323090194565862,0.0166005811310493
0,0.000318317878593877,0.0163553764796973
0,0.000313616053774113,0.0161137937088367
0,0.000308983678891761,0.0158757793202277
0,0.000304419728111904,0.0156412806058436
0,0.000299923190752172,0.0154102456361982
0,0.000295493071059222,0.0151826232488472
0,0.00029112838798781,0.0149583630370581
0,0.000286828174983628,0.0147374153386479
0,0.000282591479769223,0.0145197312249864
0,0.000278417364133171,0.0143052624901603
0,0.000274304903722183,0.0140939616402987
0,0.000270253187836411,0.0138857818830555
0,0.000266261319227828,0.0136806771172473
0,0.000262328413901503,0.0134786019226444
0,0.000258453600919778,0.0132795115499126
0,0.000254636022209515,0.0130833619107033
0,0.000250874832372044,0.0128901095678903
0,0.000247169198495878,0.0126997117259505
0,0.000243518299972462,0.0125121262214871
0,0.000239921328314158,0.0123273115138923
0,0.000236377486975525,0.0121452266761483
0,0.000232885991176685,0.0119658313857641
0,0.000229446067729622,0.011789085915846
0,0.000226056954866993,0.0116149511263001
0,0.000222717902073427,0.011443388455165
0,0.000219428169919295,0.0112743599100721
0,0.000216187029896869,0.0111078280598322
0,0.000212993764259303,0.0109437560261464
0,0.000209847665861296,0.0107821074754397
0,0.000206748038002774,0.0106228466108148
0,0.000203694194274462,0.0104659381641248
0,0.000200685458405972,0.0103113473881632
0,0.00019772116411601,0.0101590400489693
0,0.000194800654964744,0.010008982418247
0,0.000191923284208625,0.00986114126589565
0,0.000189088414656965,0.00971548385265133
0,0.000186295418531005,0.00957197792283686
0,0.000183543677324691,0.00943059169721874
0,0.000180832581667956,0.00929129386596964
0,0.000178161531191559,0.00915405358173494
0,0.000175529934394264,0.0090188404528016
0,0.000172937208511789,0.00888562453636791
0,0.000170382779387773,0.00875437633191273
0,0.000167866081346682,0.00862506677466261
0,0.000165386557068381,0.00849766722915546
0,0.000162943657464928,0.00837214948289919
0,0.000160536841558853,0.00824848574012415
0,0.000158165576363348,0.00812664861562777
0,0.000155829336764265,0.00800661112871013
0,0.000153527605403922,0.00788834669719909
0,0.000151259872566339,0.00777182913156374
0,0.000149025636064518,0.00765703262911473
0,0.000146824401129245,0.00754393176829029
0,0.00014465568029938,0.00743250150302666
0,0.000142518993314023,0.00732271715721168
0,0.000140413867006181,0.00721455441922027
0,0.000138339835197857,0.00710798933653066
0,0.000136296438596986,0.00700299831042013
0,0.000134283224695553,0.00689955809073907
0,0.000132299747669526,0.00679764577076232
0,0.000130345568280066,0.00669723878211642
0,0.00012842025377624,0.00659831488978193
0,0.000126523377799212,0.00650085218716951
0,0.00012465452028787,0.00640482909126867
0,0.000122813267385724,0.00631022433786831
0,0.000120999211349282,0.00621701697684772
0,0.000119211950457818,0.00612518636753726
0,0.000117451088924331,0.00603471217414744
0,0.000115716236807908,0.00594557436126563
0,0.000114007009927447,0.00585775318941923
0,0.000112323029776457,0.00577122921070437
0,0.000110663923439391,0.00568598326447921
0,0.000109029323508911,0.00560199647312079
0,0.000107418868004638,0.00551925023784469
0,0.000105832200292935,0.00543772623458627
0,0.000104268969007934,0.00535740640994286
0,0.000102728827973769,0.00527827297717584
0,0.000101211436127853,0.00520030841227179
0,9.97164574454076e-05,0.00512349545006185
0,9.82435608650051e-05,0.00504781708039828
0,9.67924202152914e-05,0.0049732565443877
0,9.53627141427257e-05,0.00489979733067973
0,9.39541260404492e-05,0.00482742317181066
0,9.25663439781538e-05,0.004756118040601
0,9.1199060632971e-05,0.00468586614660628
0,8.98519732214914e-05,0.00461665193262029
0,8.85247834326586e-05,0.00454846007122992
0,8.72171973617109e-05,0.00448127546142094
0,8.59289254451501e-05,0.00441508322523391
0,8.46596823965359e-05,0.00434986870446945
0,8.3409187143349e-05,0.00428561745744222
0,8.21771627647697e-05,0.00422231525578279
0,8.09633364303453e-05,0.00415994808128683
0,7.97674393395245e-05,0.00409850212281075
0,7.85892066621913e-05,0.00403796377321326
0,7.74283774799822e-05,0.00397831962634207
0,7.62846947285276e-05,0.00391955647406514
0,7.51579051405243e-05,0.00386166130334572
0,7.40477591896216e-05,0.00380462129336063
0,7.29540110351867e-05,0.00374842381266114
0,7.18764184678977e-05,0.00369305641637569
0,7.08147428560152e-05,0.00363850684345404
0,6.97687490926399e-05,0.00358476301395206
0,6.87382055435531e-05,0.00353181302635661
0,6.77228839960145e-05,0.00347964515494999
0,6.67225596081705e-05,0.00342824784721331
0,6.57370108592403e-05,0.00337760972126814
0,6.47660195005409e-05,0.00332771956335606
0,6.38093705070605e-05,0.00327856632535537
0,6.28668520299205e-05,0.00323013912233448
0,6.19382553494197e-05,0.00318242723014146
0,6.10233748288141e-05,0.00313542008302921
0,6.01220078688125e-05,0.00308910727131564
0,5.923395486266e-05,0.00304347853907851
0,5.83590191519864e-05,0.00299852378188423
0,5.74970069832162e-05,0.00295423304455027
0,5.66477274646857e-05,0.00291059651894057
0,5.58109925243647e-05,0.00286760454179356
0,5.49866168681815e-05,0.00282524759258223
0,5.41744179390694e-05,0.00278351629140581
0,5.33742158764193e-05,0.00274240139691263
0,5.25858334763617e-05,0.00270189380425361
0,5.18090961524643e-05,0.00266198454306601
0,5.10438318970761e-05,0.00262266477548694
0,5.02898712432635e-05,0.00258392579419625
0,4.954704722724e-05,0.00254575902048826
0,4.88151953514371e-05,0.00250815600237207
0,4.80941535480409e-05,0.00247110841269985
0,4.73837621431245e-05,0.00243460804732277
0,4.66838638212702e-05,0.00239864682327427
0,4.59943035907538e-05,0.00236321677698002
0,4.53149287492002e-05,0.00232831006249445
0,4.46455888497947e-05,0.00229391894976325
0,4.39861356679311e-05,0.00226003582291157
0,4.33364231684115e-05,0.00222665317855748
0,4.26963074730974e-05,0.00219376362415036
0,4.20656468290669e-05,0.00216135987633383
0,4.14443015771988e-05,0.00212943475933285
0,4.08321341212603e-05,0.00209798120336467
0,4.02290088974133e-05,0.00206699224307321
0,3.96347923442356e-05,0.00203646101598661
0,3.90493528731224e-05,0.00200638076099753
0,3.84725608391125e-05,0.00197674481686591
0,3.79042885122471e-05,0.00194754662074386
0,3.73444100492289e-05,0.00191877970672232
0,3.67928014655752e-05,0.00189043770439917
0,3.62493406081583e-05,0.00186251433746855
0,3.57139071281536e-05,0.00183500342233092
0,3.51863824544045e-05,0.0018078988667238
0,3.46666497671212e-05,0.00178119466837253
0,3.41545939720848e-05,0.00175488491366118
0,3.36501016750708e-05,0.00172896377632291
0,3.31530611568168e-05,0.00170342551614979
0,3.26633623482266e-05,0.00167826447772162
0,3.21808968060319e-05,0.00165347508915357
0,3.17055576887597e-05,0.00162905186086224
0,3.12372397330667e-05,0.00160498938435004
0,3.07758392304562e-05,0.00158128233100749
0,3.03212540042758e-05,0.00155792545093317
0,2.98733833871238e-05,0.00153491357177114
0,2.94321281985345e-05,0.00151224159756558
0,2.89973907230123e-05,0.00148990450763222
0,2.85690746884212e-05,0.00146789735544657
0,2.81470852446335e-05,0.00144621526754849
0,2.77313289425464e-05,0.00142485344246298
0,2.73217137133665e-05,0.00140380714963689
0,2.6918148848247e-05,0.00138307172839136
0,2.65205449781827e-05,0.0013626425868897
0,2.61288140542271e-05,0.00134251520112054
0,2.57428693279868e-05,0.00132268511389598
0,2.53626253324171e-05,0.00130314793386458
0,2.49879978629006e-05,0.00128389933453888
0,2.46189039585822e-05,0.00126493505333729
0,2.42552618840153e-05,0.00124625089064017
0,2.38969911110568e-05,0.00122784270885985
0,2.35440123010303e-05,0.00120970643152429
0,2.31962472871539e-05,0.00119183804237442
0,2.28536190572445e-05,0.00117423358447472
0,2.25160517366482e-05,0.00115688915933696
0,2.21834705714449e-05,0.00113980092605688
0,2.18558019118957e-05,0.00112296510046364
0,2.1532973196129e-05,0.0011063779542818
0,2.12149129340724e-05,0.00109003581430571
0,2.09015506916228e-05,0.00107393506158609
0,2.05928170750533e-05,0.00105807213062859
0,2.02886437156331e-05,0.00104244350860425
0,1.99889632545008e-05,0.00102704573457157
0,1.96937093277418e-05,0.00101187539871007
0,1.94028165516925e-05,0.00099692914156523
0,1.91162205084566e-05,0.000982203653304508
0,1.88338577316559e-05,0.000967695672984396
0,1.85556656923536e-05,0.000953401987828287
0,1.82815827852248e-05,0.000939319432515005
0,1.80115483149022e-05,0.000925444888477852
0,1.7745502482543e-05,0.000911775283214002
0,1.74833863725889e-05,0.000898307589604098
0,1.72251419397074e-05,0.000885038825241902
0,1.69707119959464e-05,0.000871966051773847
0,1.67200401980701e-05,0.000859086374248335
0,1.64730710350766e-05,0.000846396940474657
0,1.62297498159138e-05,0.000833894940391379
0,1.59900226573573e-05,0.000821577605444052
0,1.57538364720898e-05,0.000809442207972127
0,1.55211389569303e-05,0.00079748606060491
0,1.52918785812691e-05,0.000785706515666451
0,1.50660045756396e-05,0.000774100964589215
0,1.48434669204906e-05,0.000762666837336424
0,1.46242163350952e-05,0.000751401601832917
1,0.170114408204267,0.000740302763404434
1,0.16313739340388,0.0582061578642252
1,0.142979092683333,0.192217465792069
1,0.117003791768116,0.358220358272958
1,0.0904614989472633,0.524823978600347
1,0.0666760902307746,0.67247772096606
1,0.0473874055948222,0.791265181384915
1,0.0331488460728464,0.878408138551864
1,0.0237128906073494,0.935882639889618
1,0.0183640124981574,0.968383561215315
1,0.0161800071494115,0.981743534039201
1,0.0162183247636117,0.981818786775768
1,0.0176340686416603,0.973795056728615
1,0.0197417869642821,0.961835359600679
1,0.0220351593572434,0.948981089172441
1,0.0241782542140938,0.937221877493821
1,0.0259801687751227,0.927661996141607
1,0.0273623253989476,0.920727191832252
1,0.0283250373315809,0.916372411880672
1,0.0289175329436389,0.914265778339673
1,0.0292136330248753,0.913936300029342
1,0.0292937814647048,0.914881802205052
1,0.0292331205334849,0.916639544033657
1,0.0290947119594026,0.918825422051224
1,0.0289267440515489,0.921149094750285
1,0.0287625388943156,0.923412396878049
1,0.0286222961222682,0.925497570662815
1,0.0285157102113646,0.927350555454395
1,0.0284448235623572,0.92896316623473
1,0.0284066920863728,0.930356667766342
1,0.0283956225814357,0.931568136521142
1,0.0284048826401413,0.932640148038104
1,0.0284278832113687,0.933613734247778
1,0.0284588955907257,0.934524193770114
1,0.0284933956413442,0.935399162652097
1,0.0285281364410184,0.936258313415765
1,0.0285610439205661,0.93711409967613
1,0.0285910148798587,0.937973062413427
1,0.0286176780617924,0.938837331921416
1,0.0286411602579795,0.939706075451297
1,0.0286618829018572,0.940576741793793
1,0.0286804013772937,0.941446034254352
1,0.0286972896324993,0.94231060126718
1,0.0287130664055604,0.943167471010806
1,0.0287281559012116,0.944014276334255
1,0.0287428744451657,0.944849323261416
1,0.0287574348188169,0.94567155442671
1,0.0287719610574162,0.946480451598997
1,0.0287865080094747,0.947275911819245
1,0.0288010815621518,0.948058121661861
1,0.028815656913632,0.948827445047321
1,0.0288301934959274,0.949584332593306
1,0.0288446460734417,0.950329254940304
1,0.0288589721701942,0.951062658758146
1,0.0288731363501153,0.95178494197717
1,0.0288871120439953,0.952496443850091
1,0.028900881640475,0.953197445382954
1,0.0289144354893216,0.953888176153566
1,0.0289277703464761,0.954568824299455
1,0.0289408876547257,0.955239547307755
1,0.0289537919236147,0.955900482044082
1,0.0289664893605515,0.956551753139555
1,0.0289789868180081,0.957193479381487
1,0.0289912910601029,0.957825778121269
1,0.0290034083132316,0.958448767939798
1,0.0290153440455938,0.959062569923374
1,0.0290271029146085,0.959667307931604
1,0.0290386888247236,0.960263108211889
1,0.0290501050470231,0.960850098656964
1,0.0290613543632532,0.961428407931099
1,0.0290724392082096,0.961998164620321
1,0.0290833617945134,0.962559496500152
1,0.0290941242119214,0.963112529965121
1,0.0291047284992785,0.9636573896285
1,0.0291151766911311,0.964194198077575
1,0.0291254708432303,0.964723075757077
1,0.0291356130420062,0.965244140948755
1,0.0291456054030439,0.965757509815927
1,0.0291554500629727,0.96626329648604
1,0.0291651491682741,0.966761613149992
1,0.0291747048635331,0.967252570163047
1,0.0291841192807873,0.967736276137705
1,0.0291933945308407,0.968212838023426
1,0.0292025326968759,0.968682361171568
1,0.0292115358302885,0.96914494938619
1,0.029220405948434,0.969600704962752
1,0.0292291450338831,0.970049728717339
1,0.0292377550347416,0.970492120009127
1,0.0292462378656466,0.970927976758505
1,0.0292545954091132,0.971357395462853
1,0.0292628295169848,0.971780471211425
1,0.0292709420118298,0.972197297700334
1,0.0292789346881808,0.972607967248177
1,0.0292868093135836,0.973012570812563
1,0.0292945676294443,0.973411198007533
1,0.0293022113516952,0.973803937121747
1,0.02930974217132,0.974190875137234
1,0.0293171617547645,0.974572097748471
1,0.0293244717442758,0.974947689381587
1,0.0293316737581952,0.975317733213521
1,0.0293387693912328,0.975682311190972
1,0.0293457602147325,0.976041504049089
1,0.0293526477769448,0.976395391329808
1,0.0293594336033092,0.976744051399838
1,0.0293661191967478,0.977087561468278
1,0.0293727060379694,0.977425997603889
1,0.0293791955857805,0.977759434752025
1,0.0293855892774044,0.978087946751265
1,0.0293918885287974,0.978411606349756
1,0.0293980947349703,0.978730485221288
1,0.0294042092703026,0.979044653981123
1,0.0294102334888549,0.979354182201586
1,0.0294161687246746,0.979659138427429
1,0.0294220162920975,0.979959590190981
1,0.0294277774860441,0.980255604027069
1,0.0294334535823078,0.980547245487744
1,0.0294390458378391,0.98083457915678
1,0.0294445554910256,0.981117668663978
1,0.0294499837619666,0.98139657669925
1,0.0294553318527417,0.981671365026511
1,0.0294606009476772,0.981942094497353
1,0.0294657922136077,0.98220882506453
1,0.0294709068001342,0.982471615795235
1,0.029475945839877,0.982730524884185
1,0.0294809104487281,0.982985609666509
1,0.0294858017260959,0.983236926630448
1,0.0294906207551495,0.983484531429866
1,0.0294953686030595,0.983728478896571
1,0.0295000463212318,0.983968823052463
1,0.0295046549455429,0.984205617121493
1,0.0295091954965678,0.984438913541451
1,0.029513668979807,0.984668763975577
1,0.0295180763859084,0.984895219324002
1,0.0295224186908869,0.985118329735019
1,0.0295266968563419,0.985338144616191
1,0.0295309118296678,0.985554712645285
1,0.0295350645442656,0.985768081781059
1,0.0295391559197498,0.98597829927388
1,0.0295431868621512,0.986185411676184
1,0.0295471582641169,0.98638946485279
1,0.0295510710051103,0.986590503991055
1,0.0295549259516033,0.986788573610878
1,0.0295587239572701,0.986983717574564
1,0.0295624658631741,0.987175979096534
1,0.0295661524979571,0.987365400752893
1,0.0295697846780199,0.987552024490865
1,0.0295733632077053,0.987735891638075
1,0.0295768888794743,0.987917042911703
1,0.0295803624740838,0.988095518427505
1,0.029583784760757,0.988271357708691
1,0.029587156497356,0.98844459969468
1,0.0295904784305481,0.988615282749723
1,0.0295937512959716,0.988783444671399
1,0.0295969758183994,0.988949122698985
1,0.0296001527118985,0.9891123535217
1,0.0296032826799881,0.989273173286836
1,0.0296063664157966,0.989431617607755
1,0.0296094046022137,0.989587721571781
1,0.0296123979120435,0.98974151974797
1,0.0296153470081497,0.989893046194761
1,0.0296182525436073,0.990042334467524
1,0.0296211151618442,0.990189417625984
1,0.0296239354967838,0.99033432824155
1,0.0296267141729862,0.99047709840452
1,0.0296294518057865,0.990617759731193
1,0.0296321490014304,0.990756343370869
1,0.0296348063572087,0.990892880012746
1,0.0296374244615902,0.991027399892716
1,0.0296400038943512,0.991159932800061
1,0.0296425452267044,0.99129050808405
1,0.0296450490214251,0.991419154660439
1,0.0296475158329763,0.991545901017874
1,0.0296499462076301,0.9916707752242
1,0.0296523406835909,0.991793804932675
1,0.0296546997911125,0.991915017388095
1,0.0296570240526166,0.992034439432829
1,0.0296593139828087,0.992152097512758
1,0.0296615700887914,0.992268017683138
1,0.0296637928701764,0.992382225614367
1,0.0296659828191972,0.992494746597666
1,0.029668140420815,0.992605605550686
1,0.0296702661528283,0.992714827023024
1,0.0296723604859781,0.992822435201657
1,0.0296744238840532,0.9929284539163
1,0.0296764568039893,0.993032906644683
1,0.0296784596959756,0.993135816517749
1,0.0296804330035501,0.993237206324781
1,0.0296823771636991,0.99333709851844
1,0.0296842926069549,0.993435515219747
1,0.0296861797574912,0.993532478222972
1,0.0296880390332146,0.99362800900047
1,0.0296898708458599,0.993722128707427
1,0.0296916756010799,0.993814858186551
1,0.0296934536985363,0.993906217972686
1,0.0296952055319861,0.993996228297356
1,0.0296969314893716,0.994084909093254
1,0.0296986319529036,0.994172279998644
1,0.0297003072991482,0.99425836036172
1,0.0297019578991087,0.994343169244885
1,0.0297035841183095,0.994426725428975
1,0.0297051863168745,0.994509047417417
1,0.0297067648496085,0.994590153440327
1,0.0297083200660766,0.994670061458546
1,0.0297098523106796,0.994748789167618
1,0.0297113619227312,0.994826354001709
1,0.0297128492365335,0.99490277313747
1,0.0297143145814509,0.994978063497834
1,0.0297157582819816,0.995052241755772
1,0.029717180657832,0.995125324337978
1,0.029718582023986,0.995197327428512
1,0.0297199626907743,0.99526826697238
1,0.0297213229639439,0.995338158679068
1,0.0297226631447263,0.995407018026019
1,0.0297239835299026,0.995474860262061
1,0.0297252844118709,0.995541700410785
1,0.02972656607871,0.995607553273869
1,0.0297278288142442,0.995672433434358
1,0.0297290728981041,0.995736355259896
1,0.0297302986057908,0.9957993329059
1,0.0297315062087367,0.995861380318702
1,0.0297326959743638,0.995922511238636
1,0.0297338681661441,0.995982739203077
1,0.0297350230436582,0.996042077549444
1,0.0297361608626532,0.996100539418149
1,0.0297372818750972,0.996158137755511
1,0.0297383863292373,0.996214885316618
1,0.029739474469654,0.996270794668157
1,0.0297405465373148,0.996325878191194
1,0.0297416027696276,0.996380148083916
1,0.0297426434004937,0.996433616364332
1,0.02974366866036,0.996486294872935
1,0.0297446787762694,0.996538195275324
1,0.0297456739719109,0.996589329064787
1,0.0297466544676694,0.996639707564846
1,0.0297476204806746,0.996689341931767
1,0.0297485722248492,0.996738243157025
1,0.0297495099109557,0.996786422069746
1,0.0297504337466439,0.996833889339097
1,0.029751343936496,0.996880655476654
1,0.0297522406820725,0.996926730838728
1,0.0297531241819571,0.996972125628658
1,0.0297539946317997,0.997016849899071
1,0.02975485222436,0.99706091355411
1,0.0297556971495518,0.997104326351622
1,0.0297565295944822,0.997147097905324
1,0.029757349743496,0.997189237686932
1,0.0297581577782136,0.997230755028255
1,0.0297589538775738,0.997271659123263
1,0.0297597382178716,0.997311959030123
1,0.0297605109727985,0.997351663673208
1,0.0297612723134804,0.997390781845066
1,0.0297620224085153,0.997429322208376
1,0.0297627614240108,0.997467293297859
1,0.029763489523621,0.997504703522173
1,0.0297642068685828,0.99754156116577
1,0.029764913617752,0.997577874390736
1,0.0297656099276371,0.997613651238595
1,0.0297662959524352,0.997648899632094
1,0.0297669718440652,0.997683627376949
1,0.0297676377522034,0.997717842163584
1,0.029768293824314,0.997751551568824
1,0.0297689402056833,0.997784763057583
1,0.0297695770394519,0.997817483984508
1,0.0297702044666464,0.997849721595614
1,0.0297708226262094,0.997881483029883
1,0.0297714316550317,0.997912775320852
1,0.0297720316879826,0.997943605398165
1,0.029772622857938,0.997973980089109
1,0.0297732052958122,0.998003906120128
1,0.0297737791305854,0.998033390118308
1,0.0297743444893328,0.998062438612849
1,0.0297749014972524,0.998091058036508
1,0.0297754502776932,0.998119254727027
1,0.0297759909521813,0.998147034928532
1,0.0297765236404492,0.998174404792918
0,-0.14032295153954,0.998201370381213
0,-0.133345632492565,0.940751147664917
0,-0.113187032019411,0.806755241218031
0,-0.0872114357791873,0.640767522725174
0,-0.0606688519955272,0.474178852253155
0,-0.0368831566139989,0.32653983892078
0,-0.0175941895472929,0.207766889974957
0,-0.00335535176630475,0.120638229934286
0,0.00608087784808364,0.0631778145421393
0,0.0114300260567552,0.0306907711006964
0,0.0136142975153822,0.0173444711729523
0,0.0135762420803951,0.017282689372265
0,0.0121607565089502,0.0253196913781591
0,0.0100532926775247,0.0372924644267573
0,0.00776017101670889,0.050159617633229
0,0.00561732318847796,0.0619315218005301
0,0.00381565200724643,0.071503908162612
0,0.00243373516829304,0.0784510327722419
0,0.00147125947870541,0.0828179510428198
0,0.000878996620183092,0.084936543609559
0,0.000583125854515698,0.0852778043006864
0,0.000503203343069747,0.0843439104700223
0,0.000564086865519342,0.0825976055213704
0,0.000702714742970567,0.0804229954513467
0,0.000870898714896318,0.0781104242626959
0,0.00103531674475243,0.0758580596666251
0,0.00117576924511309,0.0737836618569401
0,0.00128256178646557,0.0719412938701573
0,0.00135365201381477,0.0703391430754157
0,0.0013919840611164,0.0689559470265447
0,0.00140325117476248,0.0677546315337735
0,0.00139418580591777,0.0666926233065554
0,0.00137137704881651,0.0657288926295583
0,0.00134055365032915,0.0648281430653298
0,0.00130623978917244,0.0639627407171449
0,0.00127168242878395,0.0631130151814626
0,0.00123895567896803,0.0622665149304794
0,0.00120916277987615,0.0614167010403361
0,0.00118267502804337,0.060561445243275
0,0.00115936567070529,0.0597015822841733
0,0.00113881331270083,0.0588396653388995
0,0.00112046260787091,0.0579789930395517
0,0.00110373964515742,0.0571229188608492
0,0.00108812572307848,0.0562744165049911
0,0.00107319667296246,0.0554358549759025
0,0.00105863620462721,0.0546089300752723
0,0.00104423157168354,0.0537947009672934
0,0.00102985877337003,0.0529936876551546
0,0.00101546299515387,0.0522059948437591
0,0.00100103838335353,0.0514314376787848
0,0.000986609772767322,0.0506696539344323
0,0.000972217763878347,0.049920194662666
0,0.000957907624298593,0.0491825908679821
0,0.000943721861552005,0.0484563975012344
0,0.00092969594278447,0.047741218228831
0,0.000915856467823328,0.0470367153712199
0,0.00090222107819371,0.0463426094722794
0,0.000888799453848343,0.0456586724812324
0,0.000875594868127383,0.0449847177650274
0,0.000862605907091751,0.0443205893187817
0,0.000849828089619364,0.04366615173724
0,0.000837255236304957,0.0430212818280695
0,0.000824880522264981,0.0423858622214935
0,0.000812697210562485,0.0417597769627185
0,0.000800699101581537,0.0411429088468178
0,0.000788880753507193,0.0405351381431334
0,0.000777237534914821,0.0399363423276812
0,0.000765765566967502,0.0393463964689499
0,0.000754461603813261,0.0387651739706616
0,0.000743322888565823,0.0381925474458503
0,0.000732347010921841,0.0376283895669297
0,0.000721531782390872,0.0370725737982265
0,0.000710875136990086,0.0365249749667497
0,0.000700375059298486,0.0359854696627204
0,0.000690029537846304,0.0354539364845697
0,0.000679836539618395,0.03493025615577
0,0.000669794000585533,0.0344143115455211
0,0.000659899827232302,0.0339059876244503
0,0.000650151904671992,0.0334051713823091
0,0.000640548107847028,0.0329117517288964
0,0.000631086313276796,0.0324256193933843
0,0.000621764409718784,0.0319466668316937
0,0.000612580306856125,0.0314747881470023
0,0.000603531941689994,0.0310098790250418
0,0.00059461728271204,0.0305518366835241
0,0.00058583433215853,0.0301005598336688
0,0.000577181126762361,0.0296559486511988
0,0.000568655737435697,0.0292179047540991
0,0.000560256268278048,0.0287863311847054
0,0.00055198085523539,0.0283611323941441
0,0.000543827664651553,0.0279422142276551
0,0.000535794891877994,0.0275294839098195
0,0.00052788076003546,0.0271228500291316
0,0.000520083518971981,0.0267222225216767
0,0.000512401444418886,0.0263275126539073
0,0.000504832837326441,0.0259386330046509
0,0.000497376023345708,0.0255554974465539
0,0.000490029352419263,0.0251780211271896
0,0.000482791198446408,0.0248061204500391
0,0.00047565995899318,0.0244397130555249
0,0.00046863405502312,0.0240787178022305
0,0.000461711930633713,0.0237230547483985
0,0.000454892052787537,0.0233726451337635
0,0.000448172911033884,0.0230274113617422
0,0.000441553017217711,0.0226872769819849
0,0.000435030905179712,0.022352166673275
0,0.000428605130447013,0.0220220062267583
0,0.000422274269919587,0.0216967225294773
0,0.000416036921554036,0.0213762435481898
0,0.000409891704048426,0.0210604983134498
0,0.000403837256528983,0.0207494169039361
0,0.000397872238242031,0.0204429304310142
0,0.000391995328249517,0.0201409710235223
0,0.000386205225131608,0.0198434718127761
0,0.000380500646693704,0.0195503669177857
0,0.000374880329679889,0.019261591430684
0,0.000369343029491515,0.0189770814023622
0,0.000363887519910677,0.018696773828313
0,0.000358512592828597,0.0184206066346786
0,0.000353217057978472,0.0181485186645024
0,0.000347999742672356,0.017880449664182
0,0.000342859491542169,0.0176163402701226
0,0.000337795166284349,0.0173561319955869
0,0.000332805645408385,0.0170997672177404
0,0.000327889823988819,0.0168471891648886
0,0.000323046613420808,0.0165983419039029
0,0.000318274941179253,0.0163531703278335
0,0.000313573750581497,0.0161116201437055
0,0.00030894200055312,0.0158736378604955
0,0.000304378665397648,0.0156391707772863
0,0.000299882734569074,0.0154081669715967
0,0.000295453212448171,0.0151805752878834
0,0.000291089118122229,0.0149563453262132
0,0.000286789485167194,0.0147354274311022
0,0.000282553361434207,0.0145177726805197
0,0.000278379808838297,0.0143033328750552
0,0.000274267903150827,0.0140920605272439
0,0.000270216733794848,0.0138839088510515
0,0.00026622540364335,0.0136788317515133
0,0.000262293028820665,0.0134767838145261
0,0.000258418738506572,0.013277720296792
0,0.000254601674743671,0.0130815971159093
0,0.00025084099224737,0.012888370840611
0,0.000247135858218561,0.0126979986811466
0,0.00024348545215927,0.0125104384798067
0,0.000239888965690993,0.0123256487015868
0,0.000236345602375732,0.0121435884249897
0,0.000232854577539438,0.0119642173329634
0,0.000229415118098431,0.011787495703973
0,0.000226026462388063,0.0116133844032041
0,0.000222687859994269,0.0114418448738968
0,0.000219398571587093,0.0112728391288073
0,0.000216157868757172,0.0111063297417954
0,0.000212965033854318,0.0109422798395367
0,0.000209819359828736,0.0107806530933573
0,0.000206720150074308,0.0106214137111882
0,0.000203666718274334,0.01046452642964
0,0.000200658388249647,0.0103099565061931
0,0.000197694493808825,0.0101576697115047
0,0.000194774378600604,0.010007632321828
0,0.000191897395968643,0.00985981111154487
0,0.000189062908808255,0.00971417334580754
0,0.000186270289425264,0.00957068677328974
0,0.000183518919397149,0.0094293196190446
0,0.000180808189435971,0.00929004057746814
0,0.000178137499253536,0.0091528188053667
0,0.000175506257428307,0.00901762391512672
0,0.000172913881274689,0.00888442596798543
0,0.000170359796713759,0.00875319546740097
0,0.000167843438146215,0.00862390335252041
0,0.000165364248327179,0.00849652099174422
0,0.00016292167824275,0.00837102017638589
0,0.000160515186988411,0.00824737311442508
0,0.000158144241649241,0.00812555242435317
0,0.000155808317181982,0.00800553112910962
0,0.000153506896298658,0.00788728265010791
0,0.00015123946935211,0.00777078080134981
0,0.00014900553422309,0.00765599978362645
0,0.000146804596209027,0.00754291417880513
0,0.000144636167914616,0.00743149894420054
0,0.000142499769143739,0.00732172940702903
0,0.000140394926793172,0.00721358125894489
0,0.000138321174747838,0.00710703055065725
0,0.000136278053777611,0.00700205368662658
0,0.00013426511143555,0.00689862741983947
0,0.000132281901957743,0.00679672884666058
0,0.000130327986164566,0.00669633540176069
0,0.000128402931363486,0.00659742485311962
0,0.000126506311253188,0.00649997529710296
0,0.00012463770582917,0.00640396515361153
0,0.000122796701290825,0.00630937316130251
0,0.000120982889949647,0.00621617837288113
0,0.000119195870139102,0.00612436015046192
0,0.000117435246125536,0.00603389816099847
0,0.000115700628020687,0.00594477237178071
0,0.000113991631695232,0.00585696304599865
0,0.000112307878693776,0.00577045073837172
0,0.000110648996151028,0.00568521629084262
0,0.000109014616709244,0.00560124082833479
0,0.000107404378436884,0.00551850575457255
0,0.000105817924748362,0.00543699274796296
0,0.000104254904325252,0.00535668375753857
0,0.000102714971038365,0.00527756099895996
0,0.000101197783871132,0.00519960695057753
0,9.97030068440805e-05,0.00512280434955125
0,9.82303089404682e-05,0.00504713618802789
0,9.67793640328993e-05,0.00497258570937462
0,9.53498508112285e-05,0.00489913640446829
0,9.39414527112575e-05,0.00482677200803945
0,9.25538578447627e-05,0.00475547649507052
0,9.11867589303561e-05,0.00468523407724696
0,8.98398532254499e-05,0.00461602919946105
0,8.85128424592263e-05,0.00454784653636717
0,8.72054327665864e-05,0.00448067098898805
0,8.59173346230632e-05,0.00441448768137111
0,8.46482627807066e-05,0.00434928195729419
0,8.3397936204925e-05,0.00428503937701998
0,8.21660780122441e-05,0.00422174571409828
0,8.09524154090011e-05,0.00415938695221566
0,7.97566796309213e-05,0.00409794928209148
0,7.8578605883603e-05,0.00403741909841991
0,7.7417933283877e-05,0.003977782996857
0,7.62744048020542e-05,0.00391902777105233
0,7.51477672049777e-05,0.00386114040972445
0,7.40377709999782e-05,0.00380410809377957
0,7.29441703795769e-05,0.00374791819347279
0,7.18667231670994e-05,0.00369255826561124
0,7.08051907630305e-05,0.00363801605079854
0,6.97593380921541e-05,0.00358427947071999
0,6.87289335515318e-05,0.00353133662546785
0,6.77137489591764e-05,0.00347917579090609
0,6.67135595035576e-05,0.00342778541607409
0,6.57281436938079e-05,0.00337715412062873
0,6.47572833106513e-05,0.0033272706923242
0,6.38007633581017e-05,0.00327812408452904
0,6.28583720158407e-05,0.00322970341377993
0,6.19299005923321e-05,0.0031819979573715
0,6.10151434785669e-05,0.00313499715098184
0,6.01138981025859e-05,0.00308869058633301
0,5.92259648845572e-05,0.00304306800888619
0,5.83511471926382e-05,0.00299811931557075
0,5.7489251299378e-05,0.002953834552547
0,5.66400863388633e-05,0.00291020391300189
0,5.58034642644464e-05,0.00286721773497731
0,5.49791998070495e-05,0.00282486649923044
0,5.41671104342112e-05,0.00278314082712579
0,5.33670163096016e-05,0.00274203147855821
0,5.25787402532417e-05,0.00270152934990678
0,5.18021077022639e-05,0.00266162547201873
0,5.10369466722102e-05,0.00262231100822333
0,5.02830877190004e-05,0.00258357725237491
0,4.95403639013785e-05,0.002545415626925
0,4.88086107439598e-05,0.00250781768102275
0,4.80876662007947e-05,0.00247077508864356
0,4.73773706194981e-05,0.00243427964674527
0,4.66775667058647e-05,0.00239832327345159
0,4.5988099489077e-05,0.0023628980062624
0,4.53088162873719e-05,0.00232799600029047
0,4.46395666742067e-05,0.00229360952652417
0,4.39802024449765e-05,0.00225973097011595
0,4.3330577584183e-05,0.002226352828696
0,4.26905482331028e-05,0.00219346771071087
0,4.20599726579304e-05,0.00216106833378661
0,4.14387112183771e-05,0.00212914752311612
0,4.08266263367749e-05,0.00209769820987028
0,4.02235824675766e-05,0.00206671342963255
0,3.96294460673664e-05,0.00203618632085675
0,3.9044085565286e-05,0.00200611012334752
0,3.84673713338841e-05,0.00197647817676334
0,3.78991756604073e-05,0.00194728391914157
0,3.73393727185443e-05,0.00191852088544532
0,3.67878385405286e-05,0.00189018270613178
0,3.62444509897225e-05,0.00186226310574166
0,3.5709089733528e-05,0.00183475590150954
0,3.51816362167759e-05,0.00180765500199471
0,3.46619736354518e-05,0.00178095440573215
0,3.41499869108385e-05,0.0017546481999036
0,3.36455626640218e-05,0.00172873055902813
0,3.31485891908075e-05,0.0017031957436721
0,3.26589564369449e-05,0.00167803809917815
0,3.21765559737931e-05,0.00165325205441302
0,3.1701280974291e-05,0.00162883212053382
0,3.12330261892993e-05,0.00160477288977249
0,3.07716879242963e-05,0.00158106903423831
0,3.03171640164308e-05,0.00155771530473802
0,2.98693538118636e-05,0.00153470652961339
0,2.94281581435137e-05,0.00151203761359595
0,2.89934793090731e-05,0.00148970353667869
0,2.85652210493779e-05,0.00146769935300433
0,2.81432885271063e-05,0.00144602018977012
0,2.7727588305753e-05,0.00142466124614871
0,2.73180283289487e-05,0.00140361779222506
0,2.69145179000799e-05,0.00138288516794898
0,2.65169676621959e-05,0.00136245878210315
0,2.61252895782278e-05,0.00134233411128645
0,2.57393969114866e-05,0.0013225066989122
0,2.53592042064529e-05,0.00130297215422131
0,2.4984627269865e-05,0.0012837261513099
0,2.46155831520635e-05,0.00126476442817136
0,2.42519901286226e-05,0.00124608278575255
0,2.38937676822638e-05,0.00122767708702387
0,2.35408364850104e-05,0.00120954325606318
0,2.31931183806294e-05,0.00119167727715316
0,2.285053636732e-05,0.00117407519389202
0,2.25130145806648e-05,0.00115673310831739
0,2.21804782768315e-05,0.00113964718004312
0,2.18528538160085e-05,0.00112281362540879
0,2.15300686461171e-05,0.00110622871664187
0,2.12120512867262e-05,0.0010898887810322
0,2.08987313132358e-05,0.00107379020011863
0,2.0590039341269e-05,0.00105792940888777
0,2.02859070113342e-05,0.00104230289498449
0,1.99862669736407e-05,0.00102690719793413
0,1.96910528732375e-05,0.00101173890837617
0,1.94001993352681e-05,0.000996794667309229
0,1.91136419505408e-05,0.000982071165347226
0,1.88313172612229e-05,0.000967565141986518
0,1.85531627468222e-05,0.000953273384883864
0,1.82791168103196e-05,0.000939192729145054
0,1.80091187645375e-05,0.000925320056624046
0,1.77431088186977e-05,0.000911652295232463
0,1.74810280651871e-05,0.000898186418259271
0,1.72228184665037e-05,0.000884919443700525
0,1.69684228424113e-05,0.000871848433599006
0,1.67177848572706e-05,0.000858970493393612
0,1.64708490075736e-05,0.000846282771278361
0,1.62275606096409e-05,0.000833782457570864
0,1.59878657875149e-05,0.00082146678409012
0,1.57517114610407e-05,0.000809333023543508
0,1.55190453340979e-05,0.000797378488922829
0,1.52898158830191e-05,0.000785600532909273
0,1.50639723451931e-05,0.000773996547287175
1,0.170114841464708,0.000762563962366423
1,0.163137820264697,0.0582280902464134
1,0.142979513239055,0.192239074214386
1,0.117004206111873,0.358241647520565
1,0.0904619071708117,0.524844953387726
1,0.0666764924245153,0.672498385938054
1,0.0473878018478208,0.79128554111776
1,0.0331492364728524,0.878428197554201
1,0.0237132752408163,0.935902402603492
1,0.0183643914502621,0.968403032017156
1,0.0161803805040724,0.981762717240799
1,0.0162186926035078,0.981837686625222
1,0.0176344310482496,0.973813677411275
1,0.0197421440178187,0.961853705240077
1,0.0220355111367968,0.948999163831199
1,0.0241786007975652,0.937239685174552
1,0.0259805102392624,0.927679540787802
1,0.0273626618193725,0.920744477329155
1,0.0283253687827911,0.916389442056138
1,0.0289178594990338,0.914282556965015
1,0.0292139547567704,0.913952830820169
1,0.0292940984443469,0.91489808882209
1,0.0292334328310692,0.916655590083559
1,0.0290950196440867,0.918841231087371
1,0.0289270471914695,0.921164670273571
1,0.0287628375566026,0.923427742337657
1,0.0286225903730603,0.92551268945698
1,0.028516000115823,0.927365450931158
1,0.0284451091846811,0.928977841692678
1,0.0284069734898131,0.93037112645534
1,0.0283958998283085,0.93158238164305
1,0.0284051557918428,0.932654182747489
1,0.0284281523283882,0.933627561652612
1,0.0284591607326592,0.934537816932461
1,0.0284936568669065,0.93541258458879
1,0.0285283938080578,0.936271537099079
1,0.0285612974860763,0.937127128034435
1,0.0285912646999915,0.937985898331839
1,0.0286179241918698,0.938849978242436
1,0.0286414027525073,0.939718534975438
1,0.0286621218145351,0.940589017280205
1,0.0286806367610286,0.941458128421427
1,0.0286975215394172,0.942322516793158
1,0.0287132948870168,0.943179210534368
1,0.028728381007803,0.944025842455104
1,0.0287430962267419,0.944860718540859
1,0.0287576533244915,0.94568278138822
1,0.0287721763355766,0.946491512728772
1,0.0287867201077943,0.947286809566759
1,0.0288012905275996,0.948068858440409
1,0.0288158627924826,0.948838023234551
1,0.0288303963337733,0.949594754531747
1,0.0288448459152006,0.950339522937882
1,0.0288591690601208,0.951072775088698
1,0.0288733303318107,0.951794908880947
1,0.0288873031604173,0.952506263534251
1,0.0289010699339456,0.953207120022057
1,0.0289146210015381,0.953897707890051
1,0.0289279531185196,0.954578215244114
1,0.0289410677270714,0.955248799540203
1,0.0289539693361396,0.955909597613215
1,0.0289666641525426,0.956560734064008
1,0.0289791590281732,0.957202327650076
1,0.028991460726578,0.957834495693433
1,0.0290035754735891,0.958457356746033
1,0.0290155087368513,0.959071031865663
1,0.0290272651732364,0.959675644883833
1,0.0290388486866542,0.960271322020269
1,0.0290502625476576,0.960858191140433
1,0.0290615095374696,0.96143638088173
1,0.0290725920903714,0.962006019803714
1,0.0290835124184761,0.962567235655829
1,0.0290942726110408,0.96312015480691
1,0.0291048747064169,0.963664901844915
1,0.0291153207386661,0.964201599332188
1,0.0291256127630615,0.964730367688887
1,0.0291357528655609,0.965251325172552
1,0.029145743161286,0.965764587922651
1,0.0291555857864094,0.966270270043129
1,0.0291652828869602,0.966768483701732
1,0.0291748366070812,0.967259339230916
1,0.0291842490783716,0.967742945220705
1,0.0291935224112045,0.968219408598418
1,0.0292026586883387,0.968688834693599
1,0.0292116599607504,0.969151327288815
1,0.0292205282453839,0.969606988658351
1,0.0292292655244029,0.97005591959743
1,0.0292378737455141,0.970498219444673
1,0.0292463548229607,0.97093398610022
1,0.0292547106388685,0.971363316041498
1,0.0292629430446991,0.971786304338107
1,0.0292710538626435,0.97220304466679
1,0.0292790448868632,0.972613629327068
1,0.0292869178845381,0.973018149257751
1,0.0292946745967135,0.973416694054358
1,0.0293023167389674,0.973809351987303
1,0.029309846001933,0.974196210020636
1,0.0293172640517114,0.974577353831123
1,0.0293245725302098,0.974952867827445
1,0.0293317730554361,0.975322835169345
1,0.0293388672217691,0.975687337786584
1,0.0293458566002289,0.976046456397624
1,0.0293527427387459,0.976400270527958
1,0.0293595271624441,0.976748858528096
1,0.029366211373935,0.977092297591179
1,0.029372796853621,0.977430663770242
1,0.0293792850600081,0.977764031995146
1,0.0293856774300216,0.97809247608921
1,0.0293919753793257,0.978416068785541
1,0.0293981803026429,0.978734881743116
1,0.0294042935740684,0.979048985562597
1,0.0294103165473825,0.979358449801931
1,0.0294162505563571,0.9796633429917
1,0.0294220969150571,0.979963732650275
1,0.0294278569181343,0.980259685298729
1,0.0294335318411181,0.980551266475563
1,0.0294391229407005,0.980838540751202
1,0.0294446314550125,0.981121571742292
1,0.0294500586039013,0.98140042212579
1,0.0294554055891973,0.981675153652842
1,0.0294606735949829,0.981945827162463
1,0.0294658637878513,0.982212502595013
1,0.0294709773171655,0.982475239005477
1,0.029476015315312,0.982734094576541
1,0.029480978897952,0.982989126631483
1,0.0294858691642668,0.983240391646869
1,0.0294906871972016,0.983487945265058
1,0.0294954340637061,0.983731842306524
1,0.0295001108149693,0.983972136782001
1,0.029504718486653,0.984208881904437
1,0.0295092580991219,0.984442130100784
1,0.0295137306576685,0.984671933023603
1,0.0295181371527355,0.984898341562503
1,0.0295224785601365,0.985121405855412
1,0.0295267558412717,0.985341175299679
1,0.0295309699433399,0.985557698563009
1,0.0295351217995501,0.985771023594248
1,0.029539212329325,0.985981197633995
1,0.0295432424385091,0.986188267225063
1,0.0295472130195653,0.986392278222793
1,0.0295511249517744,0.986593275805198
1,0.0295549791014293,0.986791304482977
1,0.029558776322028,0.986986408109369
1,0.0295625174544603,0.987178629889859
1,0.0295662033271964,0.987368012391755
1,0.0295698347564681,0.987554597553608
1,0.0295734125464522,0.9877384266945
1,0.0295769374894461,0.987919540523197
1,0.0295804103660453,0.98809797914716
1,0.0295838319453137,0.988273782081431
1,0.0295872029849567,0.98844698825738
1,0.0295905242314876,0.988617636031328
1,0.0295937964203923,0.988785763193041
1,0.0295970202762943,0.988951406974097
1,0.0296001965131123,0.989114604056133
1,0.0296033258342212,0.989275390578968
1,0.0296064089326049,0.989433802148603
1,0.029609446491013,0.98958987384511
1,0.0296124391821095,0.989743640230398
1,0.0296153876686218,0.989895135355867
1,0.0296182926034902,0.990044392769949
1,0.0296211546300083,0.990191445525539
1,0.02962397438197,0.990336326187309
1,0.029626752483805,0.990479066838927
1,0.0296294895507219,0.990619699090157
1,0.0296321861888411,0.990758254083858
1,0.0296348429953297,0.990894762502884
1,0.0296374605585354,0.991029254576879
1,0.029640039458114,0.991161760088966
1,0.0296425802651605,0.991292308382349
1,0.0296450835423334,0.991420928366807
1,0.0296475498439812,0.991547648525096
1,0.0296499797162639,0.99167249691926
1,0.0296523736972736,0.99179550119684
1,0.0296547323171552,0.991916688597001
1,0.0296570560982221,0.992036085956562
1,0.0296593455550735,0.992153719715941
1,0.0296616011947068,0.992269615925005
1,0.0296638235166315,0.992383800248847
1,0.029666013012978,0.99249629797346
1,0.0296681701686081,0.992607134011346
1,0.0296702954612214,0.992716332907025
1,0.0296723893614614,0.992823918842475
1,0.029674452333021,0.992929915642486
1,0.0296764848327418,0.993034346779934
1,0.0296784873107194,0.993137235380983
1,0.0296804602104008,0.993238604230202
1,0.0296824039686814,0.993338475775614
1,0.0296843190160054,0.993436872133664
1,0.0296862057764575,0.993533815094121
1,0.0296880646678588,0.993629326124898
1,0.0296898961018588,0.993723426376811
1,0.0296917004840263,0.993816136688259
1,0.0296934782139404,0.99390747758984
1,0.0296952296852768,0.993997469308899
1,0.0296969552858974,0.994086131774005
1,0.0296986553979346,0.994173484619364
1,0.029700330397876,0.994259547189171
1,0.029701980656649,0.994344338541889
1,0.0297036065397016,0.994427877454471
1,0.0297052084070835,0.99451018242652
1,0.0297067866135268,0.994591271684383
1,0.0297083415085235,0.994671163185189
1,0.0297098734364034,0.994749874620825
1,0.0297113827364102,0.994827423421853
1,0.0297128697427769,0.994903826761372
1,0.0297143347847992,0.994979101558818
1,0.0297157781869097,0.995053264483716
1,0.0297172002687474,0.995126331959364
1,0.0297186013452317,0.995198320166476
1,0.0297199817266285,0.995269245046763
1,0.0297213417186224,0.995339122306464
1,0.0297226816223821,0.995407967419822
1,0.0297240017346276,0.995475795632513
1,0.0297253023476971,0.995542621965022
1,0.0297265837496088,0.995608461215969
1,0.0297278462241286,0.995673327965384
1,0.02972909005083,0.99573723657794
1,0.0297303155051565,0.995800201206129
1,0.0297315228584845,0.995862235793401
1,0.0297327123781805,0.995923354077249
1,0.0297338843276624,0.99598356959225
1,0.0297350389664575,0.996042895673065
1,0.0297361765502593,0.996101345457391
1,0.029737297330984,0.996158931888869
1,0.0297384015568276,0.996215667719953
1,0.02973948947232,0.996271565514732
1,0.0297405613183783,0.996326637651712
1,0.0297416173323624,0.996380896326558
1,0.0297426577481246,0.996434353554796
1,0.0297436827960647,0.996487021174471
1,0.0297446927031779,0.996538910848771
1,0.0297456876931068,0.996590034068608
1,0.0297466679861915,0.996640402155164
1,0.0297476337995166,0.996690026262397
1,0.0297485853469603,0.996738917379513
1,0.0297495228392421,0.996787086333396
1,0.0297504464839689,0.99683454379101
1,0.0297513564856797,0.996881300261758
1,0.0297522530458942,0.996927366099809
1,0.0297531363631547,0.996972751506395
1,0.0297540066330706,0.997017466532063
1,0.0297548640483625,0.997061521078909
1,0.0297557087989035,0.997104924902765
1,0.0297565410717633,0.997147687615361
1,0.0297573610512474,0.997189818686453
1,0.0297581689189399,0.99723132744592
1,0.0297589648537417,0.997272223085834
1,0.0297597490319126,0.997312514662489
1,0.0297605216271069,0.997352211098412
1,0.0297612828104157,0.997391321184336
1,0.029762032750402,0.997429853581147
1,0.0297627716131392,0.997467816821804
1,0.0297634995622476,0.997505219313224
1,0.0297642167589307,0.99754206933815
1,0.029764923362011,0.99757837505698
1,0.0297656195279647,0.997614144509576
1,0.0297663054109578,0.997649385617044
1,0.0297669811628776,0.99768410618349
1,0.029767646933369,0.997718313897747
1,0.0297683028698654,0.997752016335074
1,0.0297689491176245,0.997785220958841
1,0.0297695858197564,0.997817935122176
1,0.0297702131172586,0.997850166069595
1,0.0297708311490448,0.997881920938607
1,0.0297714400519777,0.997913206761293
1,0.0297720399608981,0.997944030465866
1,0.0297726310086557,0.997974398878201
1,0.0297732133261368,0.99800431872335
1,0.0297737870422954,0.99803379662703
1,0.02977435228418,0.998062839117093
1,0.029774909176963,0.998091452624965
1,0.0297754578439677,0.998119643487078
0.999999999999645,0.0297759984066355,0.998147417946267
3.55271367879868e-13,-0.140323469015083,0.998174782153136
0,-0.133346142324613,0.940724952167494
0,-0.113187534320811,0.80672943265032
0,-0.0872119306611709,0.640742095371891
0,-0.0606693395676861,0.474153800483435
0,-0.0368836369843042,0.326515157186931
0,-0.0175946628221215,0.207742572811235
0,-0.00335581805046292,0.120614271955679
0,0.00608041845133744,0.0631542104431776
0,0.0114295734456886,0.0306675156542775
0,0.0136138515897652,0.0173215592291826
0,0.0135758027414774,0.0172601158573195
0,0.012160323659441,0.0252974512931576
0,0.0100528662215698,0.0372705528466574
0,0.00775975085987002,0.0501380297057352
0,0.00561690923771163,0.0619102527450195
0,0.00381524417088364,0.0714829532690756
0,0.00243333335601914,0.0784303874002411
0,0.00147086360153925,0.0827976106204593
0,0.000878606590458242,0.0849165036324744
0,0.000582741585860136,0.0852580603310463
0,0.000502824750387876,0.0843244581355459
0,0.000563713864972115,0.0825784405143591
0,0.000702347251957613,0.0804041135277303
0,0.000870536652036957,0.0780918212410926
0,0.00103496002986836,0.0758397314274159
0,0.00117541779921027,0.073765604341356
0,0.00128221553171659,0.0719235030793811
0,0.00135331087354174,0.0703216150696959
0,0.00139164795977442,0.0689386779243234
0,0.00140292003792208,0.0677376175108265
0,0.00139385956024896,0.0666758605951459
0,0.00137105562207296,0.0657123775176016
0,0.0013402369713309,0.0648118718955723
0,0.00130592778779137,0.0639467098863537
0,0.00127137503592767,0.0630972211396274
0,0.00123865282656488,0.0622509541800266
0,0.00120886440085954,0.0614013701353544
0,0.0011823810563375,0.060546340788752
0,0.00115907604121079,0.0596867009352437
0,0.00113852796127933,0.0588250038001047
0,0.00112018147133175,0.0579645480641097
0,0.00110346266124328,0.0571086872499356
0,0.00108785283045143,0.0562603951070312
0,0.00107292781119084,0.0554220406858728
0,0.00105837131417175,0.0545953198340131
0,0.00104397059388461,0.0537812917608316
0,0.00102960165043431,0.0529804765140358
0,0.0010152096701419,0.0521929788423903
0,0.00100078880016652,0.0514186139347866
0,0.000986363876135599,0.0506570196080003
0,0.000971975499348243,0.0499077469559423
0,0.000957668938220801,0.0491703270244355
0,0.000943486701069918,0.0484443148050499
0,0.000929464255821966,0.0477293140043085
0,0.000915628203073671,0.0470249869821817
0,0.000901996185107778,0.0463310543214864
0,0.000888577882623864,0.0456472880098089
0,0.000875376569697717,0.0449735014518945
0,0.00086239083311479,0.0443095386800988
0,0.000849616192467428,0.0436552643258553
0,0.000837046469053582,0.0430105552329773
0,0.00082467483868276,0.042375294067301
0,0.000812494565101018,0.0417493649091194
0,0.000800499449365333,0.041132650588074
0,0.000788684050323452,0.0405250314075644
0,0.00077704373720372,0.0399263848771616
0,0.000765574631812815,0.0393365860984129
0,0.000754273488932644,0.0387555085076111
0,0.000743137552301432,0.03818302474988
0,0.000732164412231118,0.0376190075292488
0,0.000721351880837495,0.0370633303411929
0,0.00071069789273509,0.0365158680434098
0,0.00070020043309138,0.0359764972563558
0,0.000689857491016299,0.0354450966082506
0,0.000679667034065856,0.0349215468519155
0,0.000669626998773654,0.0344057308854651
0,0.000659735292178665,0.0338975337080149
0,0.000649989799940576,0.0333968423373837
0,0.000640388397539882,0.0329035457110228
0,0.0006309289620261,0.0324175345853488
0,0.000621609382679578,0.0319387014431244
0,0.000612427569697538,0.0314669404139723
0,0.000603381460588692,0.0310021472096791
0,0.00059446902434418,0.0305442190736265
0,0.00058568826369243,0.0300930547423249
0,0.000577037215851339,0.0296485544164141
0,0.000568513952210747,0.0292106197384284
0,0.000560116577341063,0.0287791537748899
0,0.000551843227651838,0.028354061000754
0,0.000543692069944035,0.027935247284738
0,0.000535661300019197,0.0275226198745534
0,0.000527749141441713,0.0271160873814833
0,0.000519953844496324,0.0267155597640651
0,0.000512273685345122,0.026320948310872
0,0.000504706965362478,0.025932165622525
0,0.000497252010617344,0.0255491255931428
0,0.000489907171463966,0.0251717433914531
0,0.000482670822207432,0.0247999354417794
0,0.000475541360813236,0.0244336194050787
0,0.000468517208638719,0.0240727141601654
0,0.00046159681016944,0.0237171397852144
0,0.000454778632750175,0.0233668175395982
0,0.000448061166306524,0.0230216698460813
0,0.000441442923054702,0.0226816202733759
0,0.00043492243720078,0.0223465935190459
0,0.000428498264632066,0.02201651539274
0,0.000422168982603277,0.0216913127997307
0,0.000415933189420625,0.0213709137247359
0,0.000409789504126512,0.0210552472160051
0,0.000403736566186558,0.0207442433696507
0,0.000397773035181265,0.0204378333142144
0,0.000391897590502066,0.0201359491954572
0,0.00038610893105348,0.0198385241613672
0,0.000380405774960707,0.0195454923473811
0,0.0003747868592828,0.0192567888618151
0,0.000369250939731419,0.0189723497715054
0,0.000363796790394361,0.0186921120876538
0,0.000358423203464103,0.0184160137518795
0,0.000353128988970636,0.0181439936224745
0,0.000347912974518444,0.0178759914608596
0,0.000342774005027385,0.0176119479182413
0,0.000337710942477865,0.0173518045224651
0,0.000332722665658869,0.0170955036650639
0,0.000327808069920499,0.0168429885884982
0,0.000322966066929359,0.0165942033735855
0,0.00031819558442775,0.0163490929271161
0,0.000313495565996469,0.016107602969652
0,0.000308864970820721,0.015869680023507
0,0.000304302773459664,0.0156352714009042
0,0.000299807963619309,0.0154043251923083
0,0.000295379545928759,0.0151767902549308
0,0.000291016539719691,0.0149526162014049
0,0.000286717978809164,0.0147317533886276
0,0.000282482911285659,0.014514152906766
0,0.000278310399298154,0.0142997665684273
0,0.000274199518848384,0.0140885468979872
0,0.000270149359586552,0.0138804471210766
0,0.000266159024609219,0.0136754211542236
0,0.000262227630261069,0.0134734235946488
0,0.000258354305939124,0.0132744097102098
0,0.000254538193899867,0.0130783354294965
0,0.000250778449069455,0.0128851573320706
0,0.000247074238856365,0.0126948326388506
0,0.000243424742967263,0.0125073192026384
0,0.000239829153225207,0.0123225754987857
0,0.000236286673390762,0.0121405606159983
0,0.000232796518985501,0.0119612342472768
0,0.000229357917118533,0.0117845566809899
0,0.000225970106315115,0.0116104887920811
0,0.000222632336348283,0.011438992033404
0,0.000219343868072375,0.0112700284271862
0,0.000216103973259718,0.0111035605566191
0,0.000212911934439078,0.0109395515575722
0,0.000209767044736839,0.0107779651104294
0,0.000206668607720673,0.0106187654320461
0,0.000203615937244925,0.0104619172678251
0,0.000200608357299098,0.0103073858839093
0,0.000197645201857791,0.0101551370594904
0,0.000194725814733468,0.0100051370792303
0,0.000191849549430995,0.0098573527257949
0,0.000189015769004486,0.00971175127249845
0,0.000186223845916364,0.00956830047605598
0,0.00018347316189822,0.00942696856944323
0,0.000180763107814091,0.00928772425486177
0,0.000178093083525399,0.00915053669680817
0,0.000175462497758128,0.00901537551524555
0,0.000172870767971928,0.00888221077887589
0,0.000170317320231012,0.00875101299851182
0,0.000167801589077116,0.00862175312054627
0,0.000165323017404295,0.00849440252051855
0,0.000162881056335523,0.0083689329967755
0,0.000160475165101176,0.00824531676422631
0,0.000158104810919213,0.00812352644818946
0,0.000155769468877257,0.00800353507833073
0,0.000153468621816311,0.00788531608269057
0,0.000151201760216296,0.00776884328179978
0,0.000148968382083184,0.0076540908828821
0,0.000146767992837707,0.00754103347414247
0,0.000144600105206116,0.00742964601913955
0,0.000142464239112003,0.00731990385124145
0,0.000140359921570091,0.00721178266816336
0,0.000138286686581585,0.00710525852658577
0,0.000136244075030809,0.00700030783685234
0,0.00013423163458362,0.0068969073577459
0,0.000132248919587269,0.00679503419134179
0,0.000130295490971641,0.00669466577793709
0,0.000128370916152115,0.00659577989105479
0,0.000126474768933627,0.00649835463252182
0,0.000124606629416407,0.00640236842761966
0,0.00012276608390302,0.00630780002030666
0,0.000120952724806611,0.00621462846851093
0,0.000119166150560776,0.00612283313949273
0,0.000117405965530573,0.00603239370527537
0,0.000115671779924914,0.00594329013814358
0,0.000113963209710272,0.00585550270620845
0,0.000112279876525637,0.00576901196903777
0,0.000110621407598641,0.005683798773351
0,0.000108987435663163,0.00559984424877778
0,0.00010737759887787,0.00551712980367911
0,0.000105791540746129,0.00543563712103026
0,0.000104228910037106,0.00535534815436447
0,0.000102689360707876,0.0052762451237766
0,0.000101172551826928,0.00519831051198574
0,9.96781474985609e-05,0.00512152706045612
0,9.82058167885366e-05,0.00504587776557513
0,9.6755233650811e-05,0.00497134587488793
0,9.53260768553343e-05,0.00489791488338765
0,9.39180299168452e-05,0.00482556852986035
0,9.25307810248702e-05,0.004754290793284
0,9.11640229746408e-05,0.00468406588928065
0,8.98174530990711e-05,0.00461487826662097
0,8.84907732016937e-05,0.00454671260378048
0,8.71836894906913e-05,0.00447955380554661
0,8.58959125137754e-05,0.00441338699967584
0,8.46271570941262e-05,0.00434819753360032
0,8.33771422672283e-05,0.00428397097118304
0,8.21455912186422e-05,0.00422069308952096
0,8.09322312226995e-05,0.00415834987579539
0,7.97367935821552e-05,0.00409692752416881
0,7.85590135686312e-05,0.00403641243272764
0,7.73986303639895e-05,0.00397679120047011
0,7.62553870026494e-05,0.00391805062433857
0,7.51290303145982e-05,0.00386017769629573
0,7.40193108693388e-05,0.00380315960044404
0,7.29259829207116e-05,0.00374698371018763
0,7.18488043524174e-05,0.00369163758543612
0,7.07875366244212e-05,0.00363710896984983
0,6.97419447201336e-05,0.00358338578812559
0,6.87117970943549e-05,0.00353045614332271
0,6.76968656219898e-05,0.00347830831422838
0,6.66969255475741e-05,0.00342693075276205
0,6.57117554354533e-05,0.00337631208141808
0,6.47411371207662e-05,0.00332644109074626
0,6.37848556611226e-05,0.00327730673686945
0,6.2842699289023e-05,0.00322889813903792
0,6.19144593649729e-05,0.00318120457721986
0,6.09999303312209e-05,0.00313421548972739
0,6.0098909666316e-05,0.00308792047087771
0,5.92111978401991e-05,0.00304230926868879
0,5.83365982700298e-05,0.00299737178260906
0,5.7474917276687e-05,0.00295309806128064
0,5.6625964041844e-05,0.00290947830033567
0,5.57895505657185e-05,0.00286650284022508
0,5.49654916254388e-05,0.00282416216407954
0,5.41536047340557e-05,0.00278244689560195
0,5.33537101000854e-05,0.00274134779699105
0,5.25656305877184e-05,0.00270085576689574
0,5.17891916776078e-05,0.00266096183839959
0,5.1024221428185e-05,0.00262165717703512
0,5.02705504376103e-05,0.00258293307882744
0,4.95280118062644e-05,0.00254478096836672
0,4.87964410997611e-05,0.00250719239690921
0,4.80756763125562e-05,0.00247015904050627
0,4.73655578320624e-05,0.00243367269816103
0,4.66659284033138e-05,0.00239772529001229
0,4.59766330941185e-05,0.00236230885554527
0,4.52975192607799e-05,0.0023274155518287
0,4.46284365142706e-05,0.00229303765177808
0,4.39692366869353e-05,0.00225916754244449
0,4.33197737996806e-05,0.00222579772332872
0,4.2679904029657e-05,0.00219292080472028
0,4.20494856783887e-05,0.00216052950606098
0,4.14283791404096e-05,0.00212861665433262
0,4.08164468723472e-05,0.00209717518246859
0,4.02135533624677e-05,0.00206619812778882
0,3.96195651006445e-05,0.00203567863045793
0,3.9034350548816e-05,0.00200560993196613
0,3.84577801118557e-05,0.00197598537363254
0,3.78897261088598e-05,0.00194679839513063
0,3.73300627448774e-05,0.00191804253303548
0,3.67786660830649e-05,0.0018897114193924
0,3.62354140172293e-05,0.00186179878030681
0,3.57001862447762e-05,0.00183429843455486
0,3.51728642400961e-05,0.00180720429221463
0,3.46533312283008e-05,0.00178051035331747
0,3.41414721593651e-05,0.0017542107065194
0,3.36371736826442e-05,0.00172829952779197
0,3.31403241217929e-05,0.00170277107913256
0,3.26508134500039e-05,0.00167761970729374
0,3.21685332656738e-05,0.00165283984253131
0,3.16933767683658e-05,0.00162842599737092
0,3.12252387351941e-05,0.00160437276539287
0,3.07640154974913e-05,0.00158067482003487
0,3.0309604917865e-05,0.00155732691341244
0,2.98619063675946e-05,0.00153432387515682
0,2.94208207043088e-05,0.00151166061126998
0,2.89862502500585e-05,0.00148933210299656
0,2.85580987696918e-05,0.00146733340571246
0,2.81362714495276e-05,0.00144565964782987
0,2.77206748763546e-05,0.00142430602971846
0,2.73112170167643e-05,0.00140326782264251
0,2.69078071967466e-05,0.00138254036771373
0,2.65103560816403e-05,0.00136211907485958
0,2.61187756563225e-05,0.00134199942180675
0,2.57329792057257e-05,0.00132217695307974
0,2.53528812956469e-05,0.00130264727901424
0,2.49783977538057e-05,0.00128340607478495
0,2.46094456512365e-05,0.00126444907944794
0,2.42459432838842e-05,0.00124577209499701
0,2.38878101545461e-05,0.00122737098543408
0,2.35349669550251e-05,0.00120924167585328
0,2.31873355485759e-05,0.00119138015153852
0,2.28448389525994e-05,0.0011737824570745
0,2.25074013215868e-05,0.00115644469547075
0,2.21749479303469e-05,0.00113936302729863
0,2.18474051574286e-05,0.00112253366984115
0,2.15247004688411e-05,0.00110595289625521
0,2.12067624019794e-05,0.00108961703474639
0,2.0893520549797e-05,0.00107352246775575
0,2.05849055452244e-05,0.00105766563115878
0,2.02808490458034e-05,0.0010420430134761
0,1.99812837185509e-05,0.00102665115509585
0,1.96861432250461e-05,0.00101148664750759
0,1.93953622067422e-05,0.000996546132547458
0,1.91088762705009e-05,0.000981826301654506
0,1.88266219743154e-05,0.000967323895138047
0,1.85485368132832e-05,0.000953035701455787
0,1.82745592057412e-05,0.000938958556502631
0,1.80046284796384e-05,0.000925089342910001
0,1.77386848591119e-05,0.000911424989355491
0,1.74766694512329e-05,0.000897962469882731
0,1.72185242329707e-05,0.000884698803231289
0,1.69641920383466e-05,0.00087163105217648
0,1.67136165457708e-05,0.000858756322878914
0,1.64667422655664e-05,0.000846071764243662
0,1.62235145276905e-05,0.000833574567288884
0,1.59838794696263e-05,0.00082126196452378
0,1.57477840244443e-05,0.000809131229335736
0,1.55151759090675e-05,0.000797179675386514
0,1.52860036126759e-05,0.000785404656017374
0,1.50602163853149e-05,0.000773803563662963
0,1.48377642266405e-05,0.000762373829273883
0,1.46185978748634e-05,0.000751112921747769
0,1.44026687958366e-05,0.000740018347368783
0,1.41899291722942e-05,0.000729087649255384
0,1.39803318932735e-05,0.000718318406816256
0,1.37738305436858e-05,0.000707708235214264
0,1.3570379394031e-05,0.00069725478483834
0,1.33699333902705e-05,0.000686955740783162
0,1.31724481438498e-05,0.000676808822336523
0,1.29778799218775e-05,0.000666811782474269
0,1.2786185637428e-05,0.000656962407362693
1,0.17011259732284,0.000647258515868291
1,0.163135609270706,0.0581144879590747
1,0.142977334903319,0.192127149929103
1,0.117002059952002,0.358131376451825
1,0.0904597927115409,0.524736311116119
1,0.0666744091975998,0.672391348404867
1,0.0473857493919322,0.791180084619647
1,0.0331472143334766,0.878324298737933
1,0.0237112829701528,0.935800038460788
1,0.0183624286071246,0.968302179879588
1,0.0161784466537915,0.981663354774769
1,0.0162167873178345,0.981739791827018
1,0.0176325539052602,0.973717228602202
1,0.0197402946018221,0.961758681061648
1,0.0220336890382418,0.948905543240412
1,0.02417680561295,0.937147447439229
1,0.0259787415710453,0.927588665481997
1,0.0273609192758838,0.920654944328627
1,0.0283236519781465,0.916301231533902
1,0.0289161680530486,0.914195649386947
1,0.0292122882948755,0.913867206940678
1,0.0292924565975067,0.914813729679861
1,0.0292318152356981,0.91657247699735
1,0.0290934259419701,0.918759345651879
1,0.0289254770296837,0.921083994355354
1,0.028761290587437,0.92334825807112
1,0.0286210662539403,0.925434379240418
1,0.028514498509234,0.927288297422858
1,0.0284436297580941,0.928901827807079
1,0.0284055159156102,0.930296235359249
1,0.0283944637837117,0.931508596751914
1,0.0284037409588418,0.932581487721724
1,0.0284267583936697,0.933555940393983
1,0.0284577873875373,0.934467253580516
1,0.0284923038072562,0.935343063517352
1,0.0285270607342449,0.936203042912781
1,0.0285599841028934,0.937059645565314
1,0.0285899707165913,0.937919412635975
1,0.0286166493217008,0.938784474596642
1,0.0286401467132511,0.939653998874003
1,0.0286608843280436,0.940525434431678
1,0.0286794175532614,0.941395484745455
1,0.0286963203403816,0.942260798417368
1,0.0287121114307087,0.943118403791291
1,0.0287272150321476,0.943965933879153
1,0.0287419474735351,0.944801694865343
1,0.028756521539343,0.94562462954241
1,0.028771061267854,0.946434219835005
1,0.0287856215105669,0.947230362937586
1,0.0288002081575842,0.948013245575784
1,0.0288147964099899,0.948783231819065
1,0.0288293457026534,0.9495407724319
1,0.0288438108027931,0.950286338199396
1,0.0288581492372006,0.95102037593387
1,0.0288723255725392,0.951743283706042
1,0.0288863132422912,0.95245540090693
1,0.0289000946377493,0.953157008678844
1,0.0289136601112931,0.953848336733843
1,0.0289270064214382,0.954529573341722
1,0.0289401350135079,0.955200876119932
1,0.0289530503995457,0.955862382062474
1,0.0289657587894212,0.956514215926963
1,0.0289782670380325,0.957156496625336
1,0.0289905819118876,0.957789341631767
1,0.0290027096397365,0.958412869648123
1,0.029014655692098,0.95902720187989
1,0.0290264247286776,0.959632462304094
1,0.0290380206561733,0.960228777283827
1,0.0290494467478886,0.960816274825802
1,0.0290607057877548,0.961395083706588
1,0.0290718002127208,0.961965332622845
1,0.0290827322375296,0.962527149459102
1,0.0290935039540281,0.96308066071728
1,0.0291041174031199,0.963625991116457
1,0.0291145746213803,0.964163263348164
1,0.02912487766656,0.964692597959836
1,0.0291350286270582,0.965214113334407
1,0.0291450296203992,0.96572792573489
1,0.0291548827851262,0.966234149386951
1,0.0291645902696016,0.966732896578257
1,0.0291741542202681,0.967224277759412
1,0.0291835767709896,0.967708401636848
1,0.0291928600343727,0.968185375252568
1,0.0292020060953739,0.968655304049108
1,0.0292110170071369,0.969118291920358
1,0.0292198947887401,0.969574441250281
1,0.0292286414244507,0.970023852942159
1,0.029237258864047,0.970466626441074
1,0.029245749023814,0.970902859752057
1,0.0292541137878888,0.971332649455875
1,0.0292623550097142,0.971756090723942
1,0.0292704745134336,0.972173277333311
1,0.029278474095132,0.972584301682331
1,0.0292863555238845,0.97298925480718
1,0.0292941205426034,0.973388226399308
1,0.029301770868706,0.973781304823643
1,0.0293093081946376,0.974168577137353
1,0.0293167341882856,0.974550129108944
1,0.0293240504933159,0.974926045237483
1,0.0293312587294694,0.975296408771766
1,0.0293383604928332,0.975661301729293
1,0.0293453573561089,0.976020804914963
1,0.0293522508688844,0.976374997939434
1,0.0293590425579169,0.976723959237123
1,0.0293657339274274,0.977067766083834
1,0.0293723264594035,0.977406494614048
1,0.0293788216139113,0.977740219837872
1,0.0293852208294165,0.978069015657678
1,0.0293915255230988,0.978392954884465
1,0.0293977370911733,0.978712109253945
1,0.0294038569092079,0.97902654944239
1,0.0294098863324319,0.979336345082232
1,0.0294158266960463,0.979641564777445
1,0.029421679315522,0.979942276118699
1,0.0294274454868981,0.980238545698308
1,0.0294331264870706,0.980530439124954
1,0.0294387235740756,0.980818021038211
1,0.0294442379873714,0.981101355122852
1,0.0294496709481102,0.981380504122952
1,0.0294550236594109,0.981655529855785
1,0.0294602973066231,0.981926493225519
1,0.0294654930575893,0.982193454236702
1,0.0294706120629036,0.98245647200756
1,0.0294756554561653,0.982715604783087
1,0.0294806243542298,0.982970909947948
1,0.0294855198574557,0.983222444039188
1,0.029490343049948,0.983470262758751
1,0.0294950949997992,0.983714420985821
1,0.0294997767593235,0.983954972788968
1,0.0295043893652924,0.984191971438127
1,0.0295089338391628,0.984425469416392
1,0.0295134111873034,0.984655518431638
1,0.0295178224012185,0.984882169427972
1,0.0295221684577665,0.985105472597013
1,0.0295264503193764,0.985325477389008
1,0.029530668934262,0.985542232523783
1,0.029534825236631,0.985755786001528
1,0.0295389201468919,0.985966185113431
1,0.029542954571858,0.986173476452151
1,0.0295469294049486,0.98637770592213
1,0.0295508455263858,0.986578918749766
1,0.0295547038033908,0.986777159493421
1,0.0295585050903744,0.986972472053295
1,0.0295622502291282,0.987164899681144
1,0.0295659400490089,0.987354484989858
1,0.0295695753671226,0.9875412699629
1,0.0295731569885074,0.987725295963601
1,0.0295766857063091,0.98790660374432
1,0.0295801623019583,0.988085233455471
1,0.0295835875453432,0.988261224654409
1,0.0295869621949811,0.988434616314197
1,0.0295902869981839,0.988605446832231
1,0.0295935626912256,0.988773754038744
1,0.0295967899995053,0.988939575205187
1,0.0295999696377067,0.989102947052477
1,0.0296031023099574,0.989263905759134
1,0.0296061887099841,0.989422486969291
1,0.0296092295212669,0.989578725800585
1,0.0296122254171902,0.989732656851938
1,0.0296151770611917,0.989884314211214
1,0.0296180851069103,0.990033731462773
1,0.0296209501983293,0.990180941694904
1,0.0296237729699196,0.990325977507155
1,0.0296265540467813,0.990468871017549
1,0.0296292940447813,0.990609653869701
1,0.029631993570689,0.990748357239821
1,0.0296346532223108,0.990885011843621
1,0.0296372735886246,0.991019647943116
1,0.0296398552499073,0.991152295353326
1,0.0296423987778647,0.991282983448875
1,0.029644904735759,0.991411741170503
1,0.0296473736785317,0.991538597031467
1,0.0296498061529271,0.991663579123862
1,0.0296522026976147,0.991786715124837
1,0.0296545638433061,0.991908032302727
1,0.0296568901128744,0.99202755752309
1,0.02965918202147,0.992145317254658
1,0.029661440076634,0.992261337575196
1,0.0296636647784088,0.99237564417728
1,0.0296658566194532,0.992488262373982
1,0.0296680160851479,0.992599217104482
1,0.0296701436537046,0.992708532939585
1,0.0296722397962705,0.992816234087164
1,0.0296743049770345,0.992922344397523
1,0.0296763396533284,0.993026887368675
1,0.0296783442757291,0.99312988615155
1,0.0296803192881581,0.993231363555116
1,0.02968226512798,0.993331342051435
1,0.0296841822260985,0.993429843780637
1,0.0296860710070534,0.993526890555824
1,0.029687931889113,0.9936225038679
1,0.0296897652843675,0.99371670489033
1,0.0296915715988202,0.99380951448383
1,0.0296933512324782,0.993900953200982
1,0.0296951045794387,0.993991041290793
1,0.0296968320279782,0.994079798703174
1,0.0296985339606393,0.994167245093356
1,0.029700210754313,0.99425339982625
1,0.0297018627803225,0.994338281980727
1,0.0297034904045084,0.994421910353851
1,0.0297050939873054,0.994504303465033
1,0.0297066738838256,0.99458547956014
1,0.0297082304439356,0.994665456615529
1,0.0297097640123336,0.994744252342035
1,0.0297112749286264,0.994821884188885
1,0.0297127635274055,0.994898369347569
1,0.0297142301383191,0.994973724755642
1,0.0297156750861465,0.995047967100479
1,0.0297170986908701,0.995121112822966
1,0.0297185012677457,0.995193178121146
1,0.0297198831273717,0.9952641789538
1,0.0297212445757602,0.995334131043987
1,0.0297225859144021,0.995403049882522
1,0.0297239074403359,0.995470950731407
1,0.0297252094462115,0.995537848627211
1,0.0297264922203573,0.995603758384402
1,0.0297277560468419,0.995668694598625
1,0.0297290012055378,0.995732671649934
1,0.0297302279721852,0.995795703705978
1,0.0297314366184489,0.995857804725139
1,0.0297326274119833,0.99591898845962
1,0.0297338006164882,0.995979268458493
1,0.0297349564917682,0.996038658070699
1,0.0297360952937908,0.996097170448004
1,0.0297372172747423,0.996154818547909
1,0.0297383226830845,0.996211615136526
1,0.0297394117636087,0.996267572791397
1,0.0297404847574907,0.996322703904284
1,0.0297415419023435,0.996377020683913
1,0.0297425834322713,0.996430535158677
1,0.0297436095779193,0.996483259179298
1,0.0297446205665268,0.996535204421454
1,0.0297456166219754,0.996586382388363
1,0.0297465979648412,0.99663680441333
1,0.029747564812441,0.996686481662258
1,0.0297485173788823,0.996735425136122
1,0.0297494558751106,0.9967836456734
1,0.0297503805089536,0.996831153952478
1,0.0297512914851716,0.996877960494014
1,0.0297521890054986,0.996924075663265
1,0.0297530732686901,0.996969509672387
1,0.0297539444705643,0.997014272582691
1,0.0297548028040491,0.997058374306876
1,0.0297556484592207,0.997101824611222
1,0.0297564816233487,0.99714463311775
1,0.0297573024809366,0.99718680930636
1,0.0297581112137622,0.997228362516921
1,0.0297589080009188,0.997269301951349
1,0.0297596930188537,0.997309636675636
1,0.0297604664414084,0.997349375621864
1,0.0297612284398567,0.99738852759018
1,0.029761979182942,0.997427101250745
1,0.0297627188369161,0.997465105145654
1,0.0297634475655737,0.997502547690829
1,0.029764165530292,0.997539437177882
1,0.0297648728900626,0.997575781775949
1,0.02976556980153,0.997611589533503
1,0.0297662564190244,0.997646868380133
1,0.0297669328945966,0.997681626128302
1,0.0297675993780513,0.997715870475075
1,0.0297682560169805,0.997749609003826
1,0.0297689029567962,0.997782849185916
1,0.0297695403407627,0.997815598382348
1,0.0297701683100275,0.997847863845395
1,0.0297707870036545,0.997879652720209
1,0.0297713965586526,0.997910972046403
1,0.0297719971100063,0.997941828759607
1,0.0297725887907083,0.997972229693009
1,0.0297731717317844,0.998002181578861
1,0.0297737460623266,0.998031691049977
1,0.0297743119095202,0.998060764641197
1,0.0297748693986712,0.998089408790837
1,0.0297754186532349,0.998117629842112
1,0.0297759597948433,0.998145434044544
1,0.0297764929433313,0.998172827555344
1,0.0297770182167647,0.998199816440774
1,0.0297775357314645,0.998226406677495
1,0.0297780456020331,0.998252604153886
1,0.0297785479413817,0.99827841467135
1,0.0297790428607523,0.998303843945598
1,0.0297795304697448,0.998328897607915
1,0.0297800108763386,0.998353581206409
1,0.0297804841869203,0.998377900207235
1,0.0297809505063036,0.99840185999581
0.999999999999645,0.0297814099376934,0.998425465878004
0,-0.140318137416985,0.998448723081292
0,-0.133340889478676,0.940994846755971
0,-0.113182359063854,0.806995340666977
0,-0.0872068318471433,0.641004075701789
0,-0.0606643160674618,0.474411911141846
0,-0.0368786876854366,0.32676945533219
0,-0.0175897866285941,0.207993114757394
0,-0.00335101388244796,0.120861113184985
0,0.00608515165771828,0.0633974056183528
0,0.0114342367385986,0.0309071186306301
0,0.0136184460018858,0.0175576230665314
0,0.0135803292902369,0.0174926928317449
0,0.0121647833472386,0.0255265929085781
0,0.010057260035999,0.0374963098462354
0,0.00776407977393667,0.0503604520831137
0,0.00562117421004915,0.0621293897553937
0,0.00381944614596552,0.0716988534400998
0,0.00243747326436805,0.0786430985427756
0,0.00147494235993384,0.0830071798391574
0,0.000882625102134882,0.0851229773362137
0,0.000586700740713986,0.0854614842432062
0,0.000506725425169496,0.0845248773041328
0,0.000567556923481649,0.082775899321982
0,0.000706133545236187,0.0805986557014295
0,0.000874267018555197,0.078283489862023
0,0.0010386352957118,0.0760285689403871
0,0.00117903877826264,0.0739516525642319
0,0.00128578302583959,0.07210680321234
0,0.00135682567275341,0.0705022077043548
0,0.00139511084242327,0.0691166030527265
0,0.00140633177085947,0.0679129145343019
0,0.00139722089899974,0.0668485683330305
0,0.00137436731100171,0.0658825342158379
0,0.00134349974380776,0.0649795152351777
0,0.00130914236635371,0.0641118769917651
0,0.00127454213244049,0.0632599485869223
0,0.00124177314237828,0.0624112780050229
0,0.00121193862696412,0.0615593258415903
0,0.00118540987351734,0.0607019633553484
0,0.00116206012019404,0.0598400248246505
0,0.00114146796288717,0.0589760629657318
0,0.00112307804662426,0.0581133759578466
0,0.00110631645166415,0.057255316829559
0,0.00109066446796935,0.0564048588435034
0,0.00107569791843998,0.0555643705705326
0,0.00106110050458919,0.0547355473856601
0,0.0010466594718469,0.053919448032706
0,0.00103225081139036,0.0531165921006951
0,0.00101781970074566,0.0523270838864846
0,0.00100336027840642,0.0515507381337334
0,0.000988897371462572,0.0507871922205611
0,0.000974471572802282,0.0500359968087018
0,0.00096012814255475,0.0492966825181853
0,0.000945909580871707,0.048568803921078
0,0.000931851347635848,0.0478519643105955
0,0.000917980035518462,0.0471458256395058
0,0.00090431327899454,0.0464501080894379
0,0.000890860751070366,0.0457645832527166
0,0.00087762571824257,0.0450890641446635
0,0.000864606759829689,0.0444233944139631
0,0.000851799388066676,0.0437674383140443
0,0.000839197417003723,0.0431210723162999
0,0.000826794015308885,0.0424841787196461
0,0.000814582439692568,0.0418566412428759
0,0.000802556484279737,0.0412383423594704
0,0.000790710701088881,0.0406291620219296
0,0.000779040452620006,0.0400289773941079
0,0.000767541854050313,0.0394376632369426
0,0.000756211653630601,0.0388550926511477
0,0.000745047088664241,0.0382811379512248
0,0.000734045743123635,0.0377156715154645
0,0.000723205422878404,0.037158566518415
0,0.00071252405638933,0.0366096975015871
0,0.000701999622760907,0.0360689407739208
0,0.000691630105129681,0.0355361746567207
0,0.000681413465166536,0.0350112796004263
0,0.000671347633607045,0.0344941382052371
0,0.000661430511777417,0.0339846351767538
0,0.000651659979709285,0.0334826572436159
0,0.000642033907337969,0.0329880930583668
0,0.000632550166250023,0.0325008330967236
0,0.00062320664034321,0.0320207695648955
0,0.000614001234511941,0.0315477963200369
0,0.00060493188104016,0.0310818088054905
0,0.000595996543771626,0.0306227040001592
0,0.000587193220363491,0.0301703803799812
0,0.000578519943036981,0.0297247378888732
0,0.000569974778259374,0.0292856779164382
0,0.000561555825750959,0.0288531032800029
0,0.000553261217143053,0.0284269182090086
0,0.000545089114528829,0.0280070283302844
0,0.000537037709071542,0.0275933406532268
0,0.000529105219765902,0.0271857635543239
0,0.000521289892394527,0.0267842067607863
0,0.000513589998683617,0.0263885813332772
0,0.000506003835637481,0.0259987996478743
0,0.000498529725019348,0.0256147753774692
0,0.000491166012941469,0.0252364234728306
0,0.000483911069529497,0.0248636601435424
0,0.000476763288631277,0.0244964028389937
0,0.000469721087547448,0.0241345702295561
0,0.000462782906766435,0.0237780821880408
0,0.000455947209695218,0.0234268597714896
0,0.000449212482379835,0.0230808252033254
0,0.000442577233213948,0.0227399018558626
0,0.000436039992637693,0.022404014233169
0,0.000429599312828155,0.0220730879542548
0,0.000423253767384418,0.0217470497365699
0,0.00041700195101127,0.0214258273797842
0,0.0004108424792027,0.0211093497498322
0,0.000404773987928569,0.0207975467632043
0,0.000398795133324997,0.0204903493714737
0,0.000392904591390048,0.0201876895460464
0,0.000387101057684941,0.0198895002631313
0,0.000381383247041095,0.0195957154889228
0,0.000375749893272187,0.0193062701649951
0,0.000370199748892658,0.0190211001939048
0,0.000364731584840239,0.0187401424250012
0,0.000359344190203836,0.0184633346404414
0,0.000354036371955746,0.0181906155414106
0,0.000348806954687864,0.0179219247345436
0,0.000343654780352171,0.0176572027185472
0,0.000338578708004633,0.0173963908710196
0,0.00033357761355346,0.017139431435466
0,0.000328650389510216,0.0168862675085052
0,0.000323795944744909,0.0166368430272676
0,0.000319013204244711,0.0163911027569787
0,0.000314301108875842,0.0161489922787267
0,0.000309658615149089,0.0159104579774117
0,0.000305084694988661,0.0156754470298728
0,0.000300578335504703,0.0154439073931905
0,0.000296138538768587,0.0152157877931623
0,0.000291764321592031,0.0149910377129486
0,0.000287454715309582,0.0147696073818857
0,0.000283208765563647,0.0145514477644646
0,0.000279025532093302,0.0143365105494725
0,0.000274904088526151,0.0141247481392939
0,0.000270843522173075,0.0139161136393707
0,0.000266842933826089,0.0137105608478173
0,0.000262901437559249,0.0135080442451891
0,0.000259018160532476,0.0133085189844027
0,0.000255192242798324,0.0131119408808039
0,0.000251422837111381,0.0129182664023835
0,0.000247709108740835,0.012727452660137
0,0.000244050235285509,0.0125394573985668
0,0.000240445406491874,0.012354238986325
0,0.000236893824074436,0.0121717564069937
0,0.000233394701539047,0.0119919692500025
0,0.000229947264008795,0.0118148377016793
0,0.000226550748052418,0.0116403225364335
0,0.000223204401515048,0.0114683851080699
0,0.00021990748335185,0.0112989873412303
0,0.00021665926346387,0.0111320917229618
0,0.000213459022536347,0.0109676612944095
0,0.000210306051879314,0.0108056596426322
0,0.000207199653270845,0.0106460508925388
0,0.000204139138802295,0.0104887996989434
0,0.000201123830726083,0.0103338712387388
0,0.000198153061305426,0.0101812312031842
0,0.000195226172666693,0.0100308457903085
0,0.00019234251665351,0.0098826816974238
0,0.000189501454683355,0.00973670611375155
0,0.00018670235760615,0.00959288671315601
0,0.000183944605564867,0.00945119164698587
0,0.000181227587858254,0.00931158953702144
0,0.000178550702805688,0.0091740494685259
0,0.000175913357613855,0.00903854098339929
0,0.000173314968245492,0.00890503407343361
0,0.000170754959290087,0.00877349917366751
0,0.000168232763836415,0.00864390715583918
0,0.000165747823347009,0.00851622932193591
0,0.000163299587534485,0.00839043739783897
0,0.000160887514239663,0.00826650352706232
0,0.000158511069311459,0.00814440026458384
0,0.00015616972648877,0.00802410057076763
0,0.000153862967283702,0.00790557780537612
0,0.000151590280866976,0.00778880572167062
0,0.000149351163954564,0.00767375846059905
0,0.000147145120696482,0.00756041054506941
0,0.000144971662566801,0.00744873687430795
0,0.000142830308255584,0.00733871271830062
0,0.000140720583562223,0.00723031371231661
0,0.00013864202129045,0.00712351585151288
0,0.000136594161144907,0.00701829548561823
0,0.000134576549629131,0.00691462931369602
0,0.000132588739945275,0.00681249437898419
0,0.000130630291894987,0.00671186806381151
0,0.000128700771782078,0.00661272808458891
0,0.000126799752316387,0.00651505248687483
0,0.00012492681251923,0.0064188196405134
0,0.000123081537630063,0.00632400823484451
0,0.000121263519014786,0.00623059727398454
0,0.000119472354075126,0.00613856607217685
0,0.000117707646159509,0.00604789424921099
0,0.000115969004475303,0.00595856172590947
0,0.000114256044002198,0.00587054871968125
0,0.00011256838540688,0.00578383574014096
0,0.00011090565495922,0.00569840358479271
0,0.000109267484449338,0.00561423333477777
0,0.000107653511106157,0.00553130635068497
0,0.000106063377516979,0.00544960426842303
0,0.000104496731548484,0.0053691089951539
0,0.000102953226268569,0.00528980270528604
0,0.000101432519869681,0.00521166783652703
0,9.99342755930166e-05,0.00513468708599437
0,9.84581616539845e-05,0.00505884340638381
0,9.70038511687518e-05,0.00498412000219424
0,9.5571022081839e-05,0.00491050032600831
0,9.41593570947738e-05,0.00483796807482807
0,9.27685435958697e-05,0.00476650718646465
0,9.13982735909827e-05,0.00469610183598133
0,9.00482436352879e-05,0.00462673643218911
0,8.87181547661181e-05,0.00455839561419407
0,8.74077124367115e-05,0.00449106424799571
0,8.6116626451041e-05,0.00442472742313553
0,8.48446108994982e-05,0.00435937044939516
0,8.35913840956173e-05,0.00429497885354319
0,8.23566685136598e-05,0.00423153837613012
0,8.11401907271914e-05,0.00416903496833057
0,7.99416813485401e-05,0.00410745478883225
0,7.87608749690666e-05,0.00404678420077076
0,7.75975101004883e-05,0.00398700976870976
0,7.64513291168917e-05,0.00392811825566567
0,7.53220781977634e-05,0.00387009662017639
0,7.42095072716678e-05,0.00381293201341327
0,7.31133699610059e-05,0.00375661177633574
0,7.20334235273234e-05,0.003701123436888
0,7.0969428817666e-05,0.00364645470723705
0,6.99211502115452e-05,0.00359259348105163
0,6.88883555687789e-05,0.00353952783082125
0,6.78708161781297e-05,0.00348724600521484
0,6.68683067065953e-05,0.00343573642647846
0,6.58806051495112e-05,0.00338498768787141
0,6.49074927814505e-05,0.0033349885511402
0,6.39487541077219e-05,0.0032857279440299
0,6.30041768166778e-05,0.00323719495783212
0,6.2073551732697e-05,0.00318937884496939
0,6.11566727698604e-05,0.00314226901661504
0,6.02533368863067e-05,0.00309585504034833
0,5.9363344039276e-05,0.00305012663784424
0,5.84864971408111e-05,0.00300507368259731
0,5.76226020141124e-05,0.00296068619767916
0,5.67714673505512e-05,0.00291695435352907
0,5.59329046672455e-05,0.00287386846577729
0,5.51067282654055e-05,0.0028314189931004
0,5.42927551891587e-05,0.00278959653510842
0,5.34908051850469e-05,0.0027483918302631
0,5.27007006620971e-05,0.00270779575382696
0,5.19222666525224e-05,0.0026677993158426
0,5.11553307729409e-05,0.00262839365914193
0,5.03997231862431e-05,0.00258957005738476
0,4.96552765639272e-05,0.00255131991312629
0,4.8921826049108e-05,0.0025136347559133
0,4.81992092199422e-05,0.00247650624040834
0,4.74872660537196e-05,0.00243992614454166
0,4.67858388913944e-05,0.00240388636769045
0,4.60947724026731e-05,0.00236837892888496
0,4.54139135516382e-05,0.00233339596504113
0,4.47431115628144e-05,0.0022989297292193
0,4.40822178878301e-05,0.00226497258890872
0,4.34310861724928e-05,0.00223151702433723
0,4.27895722243908e-05,0.00219855562680612
0,4.21575339809507e-05,0.00216608109704942
0,4.15348314779761e-05,0.00213408624361752
0,4.09213268186791e-05,0.00210256398128459
0,4.0316884143108e-05,0.00207150732947961
0,3.97213695980878e-05,0.00204090941074051
0,3.91346513075597e-05,0.00201076344919115
0,3.8556599343393e-05,0.00198106276904084
1,0.170137987085697,0.00195180079310595
1,0.163160624005249,0.0593997610413535
1,0.143001980149034,0.193393438438762
1,0.117026341166553,0.35937896080709
1,0.0904837152719755,0.525965467593201
1,0.0666979784015439,0.673602349199143
1,0.0474089704587604,0.792373197905938
1,0.0331700924054692,0.879499788729892
1,0.0237338231136343,0.936958165469406
1,0.0183846358135854,0.969443200370843
1,0.0162003258409933,0.98278752142642
1,0.0162383433309,0.982847353584558
1,0.0176537915177453,0.974808430733988
1,0.0197612185167733,0.962833765213218
1,0.0220543038892372,0.949964747487991
1,0.0241971159651262,0.938191006342457
1,0.0259987519221082,0.928616810135868
1,0.027380634057104,0.921667902414667
1,0.0283430755553408,0.917299227370588
1,0.0289353047275475,0.915178903979381
1,0.029231142304475,0.914835938029529
1,0.0293110321174066,0.915768151789586
1,0.0292501163794274,0.917512801483697
1,0.0291114567622973,0.919685780748693
1,0.0289432415195146,0.921996745220688
1,0.0287787926806988,0.924247526832669
1,0.0286383098264524,0.926320365040281
1,0.0285314873795673,0.928161196461635
1,0.0284603676884155,0.929761833387321
1,0.0284220066125164,0.931143537928266
1,0.0284107108990499,0.932343383943947
1,0.0284197480905179,0.933403944399496
1,0.0284425290864461,0.93436624868964
1,0.0284733251338165,0.935265592935957
1,0.0285076120478551,0.936129610723967
1,0.0285421428591575,0.936977972150602
1,0.0285748434520396,0.937823128441584
1,0.0286046105805582,0.938671618223155
1,0.0286310729424706,0.939525569469849
1,0.0286543572849187,0.940384147147898
1,0.0286748849975251,0.941244797796809
1,0.0286932114209899,0.942104222504064
1,0.0287099104609945,0.942959067518667
1,0.0287255008137233,0.943806358866221
1,0.0287404066426284,0.944643727274625
1,0.0287549442327497,0.945469476677973
1,0.0287693263254103,0.946282547651761
1,0.0287836769163796,0.947082419936333
1,0.0287980508152728,0.947868988574105
1,0.0288124538709265,0.948642438170453
1,0.0288268612437685,0.949403130705907
1,0.0288412323286127,0.950151514886855
1,0.0288555218532136,0.950888059470723
1,0.0288696873054821,0.951613209272095
1,0.0288836932137746,0.952327360393469
1,0.0288975129738323,0.953030850286712
1,0.0289111289397643,0.953723958183627
1,0.0289245314273161,0.954406911913984
1,0.0289377171589107,0.955079897893093
1,0.0289506875443113,0.95574307191131
1,0.0289634470605267,0.956396569162534
1,0.0289760018829088,0.957040512630863
1,0.0289883588323487,0.957675019480913
1,0.0290005246418497,0.958300205465349
1,0.0290125055071511,0.958916187589955
1,0.0290243068662497,0.959523085389188
1,0.029035933346808,0.960121021193726
1,0.0290473888239564,0.960710119744634
1,0.0290586765398946,0.961290507450553
1,0.029069799247911,0.961862311513587
1,0.0290807593547642,0.962425659079187
1,0.0290915590454528,0.962980676503584
1,0.0291022003825177,0.963527488782977
1,0.0291126853779906,0.964066219152964
1,0.0291230160400016,0.964596988843503
1,0.0291331943982749,0.965119916962051
1,0.0291432225135975,0.96563512047283
1,0.029153102476291,0.966142714241099
1,0.0291628363980954,0.966642811115414
1,0.0291724264009667,0.967135522026673
1,0.0291818746053323,0.967620956088753
1,0.029191183119424,0.968099220691103
1,0.0292003540305945,0.968570421578196
1,0.0292093893989207,0.969034662914203
1,0.029218291253033,0.969492047333531
1,0.0292270615878598,0.969942675979265
1,0.0292357023638745,0.970386648532138
1,0.0292442155074115,0.970824063232742
1,0.0292526029116607,0.971255016899404
1,0.0292608664380036,0.971679604943723
1,0.0292690079174642,0.972097921385209
1,0.0292770291520983,0.97251005886603
1,0.0292849319162289,0.972916108666408
1,0.0292927179574916,0.973316160720915
1,0.0293003889976742,0.973710303635664
1,0.0293079467333828,0.974098624706277
1,0.0293153928365597,0.97448120993641
1,0.0293227289548901,0.97485814405662
1,0.0293299567121377,0.975229510543357
1,0.0293370777084339,0.975595391637904
1,0.0293440935205467,0.975955868365127
1,0.0293510057021447,0.976311020551958
1,0.0293578157840628,0.97666092684553
1,0.0293645252745822,0.977005664730967
1,0.0293711356597215,0.977345310548805
1,0.0293776484035337,0.977679939512069
1,0.0293840649484169,0.97800962572302
1,0.0293903867154277,0.978334442189597
1,0.0293966151045957,0.978654460841573
1,0.0294027514952386,0.978969752546456
1,0.0294087972462758,0.979280387125133
1,0.0294147536965348,0.979586433367288
1,0.0294206221650564,0.979887959046595
1,0.029426403951391,0.980185030935689
1,0.0294321003358915,0.98047771482093
1,0.0294377125799992,0.980766075516953
1,0.0294432419265254,0.981050176881012
1,0.0294486895999264,0.981330081827116
1,0.0294540568065758,0.981605852339961
1,0.02945934473503,0.981877549488659
1,0.0294645545562933,0.982145233440266
1,0.0294696874240741,0.982408963473108
1,0.0294747444750412,0.982668797989913
1,0.0294797268290734,0.982924794530747
1,0.0294846355895098,0.983177009785759
1,0.0294894718433911,0.983425499607737
1,0.0294942366617024,0.983670319024475
1,0.0294989310996081,0.983911522250963
1,0.0295035561966877,0.984149162701392
1,0.0295081129771637,0.98438329300098
1,0.0295126024501313,0.984613964997628
1,0.029517025609779,0.9848412297734
1,0.0295213834356109,0.985065137655837
1,0.0295256768926631,0.985285738229098
1,0.0295299069317163,0.985503080344942
1,0.0295340744895085,0.985717212133549
1,0.0295381804889407,0.985928181014172
1,0.0295422258392815,0.986136033705644
1,0.02954621143637,0.98634081623672
1,0.0295501381628116,0.98654257395627
1,0.0295540068881759,0.986741351543325
1,0.029557818469188,0.986937193016967
1,0.0295615737499186,0.987130141746079
1,0.0295652735619703,0.987320240458949
1,0.0295689187246626,0.987507531252733
1,0.0295725100452129,0.987692055602775
1,0.0295760483189151,0.987873854371794
1,0.0295795343293159,0.98805296781893
1,0.0295829688483893,0.988229435608664
1,0.0295863526367055,0.988403296819597
1,0.0295896864436005,0.988574589953107
1,0.0295929710073424,0.988743352941875
1,0.0295962070552944,0.988909623158281
1,0.0295993953040761,0.989073437422686
1,0.0296025364597212,0.989234832011583
1,0.0296056312178352,0.98939384266563
1,0.0296086802637496,0.989550504597563
1,0.0296116842726717,0.989704852500001
1,0.0296146439098364,0.989856920553118
1,0.0296175598306523,0.990006742432221
1,0.0296204326808467,0.990154351315205
1,0.0296232630966089,0.990299779889897
1,0.0296260517047318,0.990443060361299
1,0.0296287991227493,0.990584224458716
1,0.0296315059590746,0.990723303442786
1,0.0296341728131335,0.9908603281124
1,0.0296368002754979,0.990995328811523
1,0.0296393889280167,0.991128335435915
1,0.029641939343944,0.99125937743975
1,0.0296444520880665,0.991388483842137
1,0.029646927716829,0.991515683233551
1,0.0296493667784568,0.991641003782159
1,0.0296517698130776,0.991764473240062
1,0.0296541373528403,0.99188611894944
1,0.0296564699220343,0.992005967848602
1,0.0296587680372047,0.992124046477958
1,0.0296610322072666,0.992240380985894
1,0.0296632629336178,0.99235499713456
1,0.0296654607102504,0.992467920305581
1,0.0296676260238598,0.992579175505669
1,0.0296697593539521,0.99268878737217
1,0.0296718611729514,0.992796780178513
1,0.0296739319463024,0.992903177839589
1,0.0296759721325763,0.993008003917045
1,0.02967798218357,0.993111281624502
1,0.0296799625444069,0.993213033832699
1,0.0296819136536364,0.993313283074551
1,0.0296838359433289,0.993412051550146
1,0.0296857298391739,0.993509361131656
1,0.029687595760572,0.993605233368182
1,0.0296894341207299,0.993699689490529
1,0.0296912453267504,0.993792750415903
1,0.0296930297797229,0.993884436752545
1,0.0296947878748131,0.993974768804296
1,0.0296965200013486,0.994063766575092
1,0.0296982265429073,0.994151449773392
1,0.0296999078774014,0.994237837816547
1,0.0297015643771599,0.994322949835096
1,0.0297031964090129,0.994406804677004
1,0.0297048043343728,0.994489420911834
1,0.0297063885093123,0.994570816834864
1,0.0297079492846457,0.994651010471132
1,0.0297094870060044,0.994730019579432
1,0.0297110020139155,0.994807861656248
1,0.0297124946438763,0.994884553939622
1,0.0297139652264276,0.994960113412978
1,0.029715414087228,0.995034556808881
1,0.0297168415471269,0.99510790061274
1,0.0297182479222331,0.995180161066461
1,0.0297196335239873,0.995251354172045
1,0.0297209986592293,0.995321495695127
1,0.0297223436302667,0.995390601168472
1,0.0297236687349425,0.995458685895413
1,0.0297249742666992,0.995525764953238
1,0.0297262605146456,0.995591853196535
1,0.0297275277636195,0.995656965260471
1,0.0297287762942524,0.995721115564045
1,0.0297300063830295,0.995784318313271
1,0.0297312183023535,0.99584658750433
1,0.0297324123206015,0.995907936926668
1,0.0297335887021886,0.995968380166048
1,0.0297347477076222,0.99602793060756
1,0.0297358895935635,0.996086601438585
1,0.0297370146128819,0.996144405651716
1,0.0297381230147118,0.996201356047633
1,0.0297392150445071,0.996257465237941
1,0.0297402909440967,0.996312745647959
1,0.0297413509517379,0.996367209519473
1,0.0297423953021678,0.996420868913451
1,0.029743424226657,0.996473735712706
1,0.0297444379530594,0.996525821624534
1,0.0297454367058638,0.996577138183305
1,0.0297464207062428,0.996627696753015
1,0.0297473901721024,0.996677508529805
1,0.0297483453181293,0.996726584544439
1,0.0297492863558406,0.996774935664748
1,0.0297502134936269,0.996822572598036
1,0.0297511269368029,0.996869505893449
1,0.0297520268876488,0.996915745944315
1,0.0297529135454584,0.996961302990445
1,0.0297537871065801,0.997006187120396
1,0.0297546477644641,0.997050408273711
1,0.0297554957097019,0.997093976243116
1,0.0297563311300701,0.997136900676692
1,0.0297571542105712,0.997179191080009
1,0.0297579651334756,0.997220856818229
1,0.0297587640783616,0.997261907118188
1,0.0297595512221549,0.997302351070428
1,0.0297603267391668,0.997342197631219
1,0.0297610908011356,0.99738145562454
1,0.0297618435772615,0.99742013374403
1,0.0297625852342462,0.997458240554918
1,0.0297633159363286,0.997495784495916
1,0.0297640358453224,0.997532773881089
1,0.02976474512065,0.997569216901697
1,0.0297654439193797,0.997605121628007
1,0.0297661323962606,0.997640496011082
1,0.0297668107037539,0.997675347884541
1,0.0297674789920708,0.997709684966295
1,0.0297681374092031,0.997743514860253
1,0.0297687861009561,0.997776845058008
1,0.0297694252109826,0.997809682940496
1,0.029770054880812,0.997842035779632
1,0.0297706752498845,0.997873910739917
1,0.0297712864555806,0.997905314880026
1,0.0297718886332496,0.997936255154373
1,0.029772481916245,0.997966738414647
1,0.0297730664359477,0.997996771411334
1,0.0297736423217987,0.998026360795209
1,0.0297742097013278,0.998055513118809
1,0.0297747687001801,0.998084234837885
1,0.029775319442146,0.998112532312829
1,0.0297758620491864,0.998140411810089
1,0.0297763966414608,0.998167879503547
1,0.0297769233373542,0.998194941475896
0,-0.140322557746497,0.998221603719979
0,-0.133345244516179,0.940771082140123
0,-0.113186649773765,0.806774881244144
0,-0.0872110591796331,0.640786872651458
0,-0.0606684809586679,0.47419791636463
0,-0.0368827910576683,0.326558621439173
0,-0.0175938293905391,0.207785395059637
0,-0.00335499692937136,0.120656461683183
0,0.00608122744377471,0.0631957769926549
0,0.0114303704886214,0.0307084682305959
0,0.0136146368596982,0.0173619069012458
0,0.0135765764123078,0.0172998675600758
0,0.0121610859024971,0.0253366158295783
0,0.0100536172056499,0.0373091388896866
0,0.00776049075127871,0.05017604580021
0,0.00561763820029726,0.0619477073095628
0,0.00381596236607418,0.07151985459796
0,0.00243404094285782,0.078466743665226
0,0.00147156073672083,0.0828334298726005
0,0.000879293428362349,0.0849517938039064
0,0.000583418278586545,0.0852928292367396
0,0.000503491447789273,0.0843587134750373
0,0.000564370714688067,0.0826121898734566
0,0.000702994399446433,0.0804373643801932
0,0.000871174240609007,0.0781245809502865
0,0.00103558820071692,0.0758720072479431
0,0.00117603669144306,0.0737974034206622
0,0.00128282528238655,0.071954832459338
0,0.00135391161767751,0.0703524816881611
0,0.00139223983041037,0.0689690886166762
0,0.00140350316612714,0.067767579011482
0,0.00139443407515638,0.066705379539046
0,0.00137162165090809,0.0657414604416849
0,0.00134079463944048,0.0648405252402209
0,0.00130647721867039,0.0639749399968197
0,0.00127191635124702,0.0631250342674384
0,0.00123918614619811,0.0622783564843699
0,0.00120938984290986,0.0614283676844406
0,0.0011828987371636,0.0605729395611592
0,0.00115958607545241,0.0597129068212415
0,0.00113903046188291,0.0588508226029583
0,0.00112067654957559,0.0579899855013653
0,0.00110395042676192,0.0571337489546862
0,0.00108833339126002,0.0562850866291643
0,0.00107340127370903,0.0554463674932994
0,0.00105883778324711,0.0546192873138785
0,0.00104443017281663,0.0538049052207083
0,0.00103005444099602,0.053003741183099
0,0.00101565577260321,0.052215899872576
0,0.0010012283133165,0.0514411964019321
0,0.000986796897303854,0.0506792685129688
0,0.000972402124426841,0.0499296672257297
0,0.000958089261685613,0.0491919235132619
0,0.000943900816000931,0.0484655922954346
0,0.00092987225392438,0.0477502772081288
0,0.000916030174698323,0.0470456405417164
0,0.00090239221927102,0.0463514028104441
0,0.000888968067026874,0.0456673359343405
0,0.000875760990746488,0.0449932532515913
0,0.000862769575938893,0.0443289987289757
0,0.000849989340938995,0.043674436933319
0,0.000837414105805956,0.0430294446447812
0,0.000825037045128818,0.0423939044664848
0,0.000812851421450933,0.041767700416936
0,0.000800851034644501,0.0411507152649019
0,0.000789030442390037,0.0405428292538069
0,0.000777385012765974,0.0399439198341324
0,0.000765910866445896,0.0393538620492093
0,0.000754604757095212,0.0387725292779739
0,0.000743463927352472,0.0381997941090404
0,0.000732485966446039,0.0376355291907634
0,0.000721668685424171,0.0370796079637658
0,0.000711010017849567,0.0365319052317028
