Setpoint,ControllerOutput,PlantOutput
0,0,0
0,0,0
0,0,0
0,0,0
0,0,0
0,0,0
0,0,0
0,0,0
0,0,0
0,0,0
0,0,0
0,0,0
0,0,0
0,0,0
0,0,0
0,0,0
0,0,0
0,0,0
0,0,0
0,0,0
0,0,0
0,0,0
0,0,0
0,0,0
0,0,0
0,0,0
0,0,0
0,0,0
0,0,0
0,0,0
0,0,0
0,0,0
0,0,0
0,0,0
0,0,0
0,0,0
0,0,0
0,0,0
0,0,0
0,0,0
0,0,0
0,0,0
0,0,0
0,0,0
0,0,0
0,0,0
0,0,0
0,0,0
0,0,0
0,0,0
0,0,0
0,0,0
0,0,0
0,0,0
0,0,0
0,0,0
0,0,0
0,0,0
0,0,0
0,0,0
0,0,0
0,0,0
0,0,0
0,0,0
0,0,0
0,0,0
0,0,0
0,0,0
0,0,0
0,0,0
0,0,0
0,0,0
0,0,0
0,0,0
0,0,0
0,0,0
0,0,0
0,0,0
0,0,0
0,0,0
0,0,0
0,0,0
0,0,0
0,0,0
0,0,0
0,0,0
0,0,0
0,0,0
0,0,0
0,0,0
0,0,0
0,0,0
0,0,0
0,0,0
0,0,0
0,0,0
0,0,0
0,0,0
0,0,0
0,0,0
0,0,0
0,0,0
0,0,0
0,0,0
0,0,0
0,0,0
0,0,0
0,0,0
0,0,0
0,0,0
0,0,0
0,0,0
0,0,0
0,0,0
0,0,0
0,0,0
0,0,0
0,0,0
0,0,0
0,0,0
0,0,0
0,0,0
0,0,0
0,0,0
0,0,0
0,0,0
0,0,0
0,0,0
0,0,0
0,0,0
0,0,0
0,0,0
0,0,0
0,0,0
0,0,0
0,0,0
0,0,0
0,0,0
0,0,0
0,0,0
0,0,0
0,0,0
0,0,0
0,0,0
0,0,0
0,0,0
0,0,0
0,0,0
0,0,0
0,0,0
0,0,0
0,0,0
0,0,0
0,0,0
0,0,0
0,0,0
0,0,0
0,0,0
0,0,0
0,0,0
0,0,0
0,0,0
0,0,0
0,0,0
0,0,0
0,0,0
0,0,0
0,0,0
0,0,0
0,0,0
0,0,0
0,0,0
0,0,0
0,0,0
0,0,0
0,0,0
0,0,0
0,0,0
0,0,0
0,0,0
0,0,0
0,0,0
0,0,0
0,0,0
0,0,0
0,0,0
0,0,0
0,0,0
0,0,0
0,0,0
0,0,0
0,0,0
0,0,0
0,0,0
0,0,0
0,0,0
0,0,0
0,0,0
0,0,0
0,0,0
0,0,0
0,0,0
0,0,0
0,0,0
0,0,0
0,0,0
0,0,0
0,0,0
0,0,0
0,0,0
0,0,0
0,0,0
0,0,0
0,0,0
0,0,0
0,0,0
0,0,0
0,0,0
0,0,0
0,0,0
0,0,0
0,0,0
0,0,0
0,0,0
0,0,0
0,0,0
0,0,0
0,0,0
0,0,0
0,0,0
0,0,0
0,0,0
0,0,0
0,0,0
0,0,0
0,0,0
0,0,0
0,0,0
0,0,0
0,0,0
0,0,0
0,0,0
0,0,0
0,0,0
0,0,0
0,0,0
0,0,0
0,0,0
0,0,0
0,0,0
0,0,0
0,0,0
0,0,0
0,0,0
0,0,0
1,0.1701,0
1,0.163123198021,0.05747679
1,0.142965106978289,0.191498871309296
1,0.116990012643787,0.357512378039662
1,0.0904479233522777,0.524126455835069
1,0.0666627151588314,0.671790501203135
1,0.0473742280840264,0.790588112440268
1,0.0331358632050521,0.877741070489306
1,0.0237000995075146,0.935225424987645
1,0.0183514103337071,0.967736053934395
1,0.0161675911296097,0.981105590989546
1,0.0162060921389443,0.981190266685576
1,0.0176220167032256,0.973175820412789
1,0.0197299130431912,0.961225269930006
1,0.0220234608240295,0.94838001104322
1,0.0241667284781294,0.936629677797948
1,0.025968813284046,0.927078543737096
1,0.027351137638097,0.920152357514198
1,0.0283140148234391,0.915806068352635
1,0.0289066732472834,0.913707800185489
1,0.0292029337354378,0.913386563685349
1,0.0292832402128392,0.91434018593273
1,0.0292227349848425,0.916105927892666
1,0.0290844798141147,0.918299687872844
1,0.0289166630437181,0.920631126111249
1,0.0287526067915135,0.92290207907476
1,0.0286125107250415,0.924994790685945
1,0.0285060693527475,0.92685520196386
1,0.028435325107392,0.928475129535034
1,0.0283973339316368,0.929875839782284
1,0.0283864026545756,0.931094410773882
1,0.0283957988994141,0.932173419621586
1,0.0284189336451903,0.933153899805498
1,0.0284500782172241,0.934071151472229
1,0.0284847085079212,0.934952812172879
1,0.0285195776239175,0.935818555911382
1,0.0285526115244472,0.936680837762755
1,0.0285827070373765,0.937546200145677
1,0.0286094929331839,0.938416774771102
1,0.0286330960306571,0.939291730286491
1,0.0286539377900061,0.940168516858206
1,0.0286725736214777,0.941043839147011
1,0.0286895774992701,0.941914346922411
1,0.0287054681870749,0.942777069678512
1,0.0287206699148521,0.943629641560481
1,0.0287354990331687,0.944470369869206
1,0.0287501683479054,0.945298198497244
1,0.0287648019184379,0.946112610453007
1,0.0287794546170461,0.946913503998706
1,0.0287941323543068,0.947701066911951
1,0.0288088103514756,0.94847566429865
1,0.0288234480632963,0.949237747944408
1,0.0288380002765669,0.94998778964038
1,0.0288524245373709,0.950726237190074
1,0.0288666854313777,0.951453489640756
1,0.0288807564107945,0.952169887345572
1,0.0288946198853628,0.952875712394743
1,0.0289082662256388,0.953571195434241
1,0.0289216922080457,0.954256525653977
1,0.0289348992955512,0.954931861577926
1,0.0289478920175803,0.955597341093228
1,0.0289606766011286,0.95625308983744
1,0.0289732599179677,0.956899227589444
1,0.0289856487512294,0.957535872677557
1,0.0289978493460417,0.958163144645167
1,0.0290098671890602,0.958781165526855
1,0.0290217069558873,0.959390060116494
1,0.0290333725688856,0.95998995558196
1,0.0290448673167889,0.96058098072286
1,0.029056193998733,0.961163265096944
1,0.0290673550666465,0.961736938170519
1,0.0290783527500296,0.962302128586388
1,0.0290891891552703,0.962858963593547
1,0.0290998663375961,0.963407568647117
1,0.0291103863476969,0.963948067163796
1,0.0291207512572285,0.964480580405477
1,0.029130963168289,0.965005227458999
1,0.0291410242119017,0.965522125280881
1,0.0291509365399061,0.966031388780052
1,0.0291607023137677,0.966533130917349
1,0.0291703236928365,0.967027462806606
1,0.0291798028236949,0.967514493807684
1,0.0291891418314774,0.967994331606367
1,0.0291983428134863,0.96846708227946
1,0.0292074078350271,0.968932850345756
1,0.0292163389271605,0.969391738804886
1,0.0292251380859603,0.969843849166713
1,0.0292338072728353,0.970289281473934
1,0.0292423484155291,0.97072813432037
1,0.0292507634094705,0.971160504866884
1,0.0292590541192244,0.971586488856412
1,0.0292672223798933,0.972006180629093
1,0.0292752699983603,0.972419673138038
1,0.0292831987543378,0.972827057965999
1,0.0292910104012181,0.973228425342924
1,0.0292987066667443,0.973623864164284
1,0.0293062892535358,0.974013462009955
1,0.0293137598395021,0.974397305163428
1,0.0293211200781849,0.974775478631152
1,0.0293283715990531,0.975148066161808
1,0.0293355160077795,0.975515150265396
1,0.0293425548865098,0.975876812232043
1,0.0293494897941362,0.976233132150467
1,0.0293563222665829,0.976584188926081
1,0.0293630538171015,0.976930060298734
1,0.0293696859365782,0.977270822860092
1,0.0293762200938463,0.977606552070695
1,0.0293826577360072,0.977937322276698
1,0.0293890002887514,0.978263206726324
1,0.0293952491566771,0.978584277586054
1,0.0294014057236125,0.978900605956564
1,0.0294074713529251,0.979212261888422
1,0.0294134473878331,0.97951931439756
1,0.0294193351517074,0.979821831480526
1,0.0294251359483699,0.98011988012951
1,0.0294308510623833,0.980413526347169
1,0.0294364817593393,0.980702835161231
1,0.0294420292861386,0.980987870638888
1,0.0294474948712664,0.981268695900988
1,0.0294528797250666,0.981545373136011
1,0.0294581850400057,0.981817963613846
1,0.02946341199094,0.982086527699367
1,0.0294685617353723,0.982351124865796
1,0.0294736354137091,0.982611813707882
1,0.0294786341495124,0.982868651954881
1,0.0294835590497486,0.983121696483336
1,0.0294884112050324,0.983371003329678
1,0.02949319168987,0.983616627702631
1,0.0294979015628949,0.983858623995445
1,0.0295025418671042,0.984097045797934
1,0.0295071136300886,0.984331945908349
1,0.0295116178642598,0.984563376345065
1,0.0295160555670759,0.984791388358102
1,0.0295204277212615,0.985016032440477
1,0.0295247352950248,0.98523735833938
1,0.0295289792422733,0.985455415067193
1,0.0295331605028251,0.985670250912345
1,0.029537280002615,0.985881913450002
1,0.0295413386539021,0.986090449552605
1,0.0295453373554702,0.986295905400251
1,0.0295492769928276,0.986498326490916
1,0.0295531584384023,0.986697757650531
1,0.0295569825517366,0.986894243042913
1,0.0295607501796762,0.98708782617954
1,0.0295644621565583,0.987278549929189
1,0.0295681193043964,0.987466456527428
1,0.0295717224330612,0.987651587585971
1,0.0295752723404621,0.987833984101892
1,0.0295787698127226,0.988013686466702
1,0.0295822156243537,0.988190734475297
1,0.0295856105384273,0.988365167334767
1,0.0295889553067428,0.988537023673081
1,0.0295922506699957,0.988706341547639
1,0.0295954973579409,0.988873158453703
1,0.0295986960895536,0.989037511332697
1,0.0296018475731901,0.989199436580388
1,0.0296049525067421,0.989358970054948
1,0.0296080115777946,0.989516147084894
1,0.0296110254637749,0.989671002476909
1,0.0296139948321055,0.989823570523554
1,0.0296169203403491,0.989973885010857
1,0.029619802636357,0.990121979225799
1,0.0296226423584103,0.990267885963686
1,0.0296254401353624,0.990411637535406
1,0.029628196586778,0.990553265774591
1,0.02963091232307,0.990692802044661
1,0.0296335879456358,0.990830277245773
1,0.029636224046989,0.990965721821663
1,0.0296388212108909,0.991099165766385
1,0.0296413800124813,0.991230638630958
1,0.0296439010184038,0.991360169529905
1,0.0296463847869319,0.991487787147706
1,0.0296488318680945,0.991613519745142
1,0.0296512428037945,0.991737395165564
1,0.0296536181279308,0.991859440841048
1,0.0296559583665168,0.991979683798479
1,0.0296582640377958,0.99209815066553
1,0.0296605356523563,0.99221486767656
1,0.0296627737132444,0.992329860678427
1,0.0296649787160765,0.992443155136206
1,0.029667151149148,0.992554776138834
1,0.0296692914935421,0.99266474840466
1,0.0296714002232359,0.992773096286925
1,0.0296734778052052,0.992879843779149
1,0.0296755246995279,0.992985014520452
1,0.0296775413594872,0.993088631800779
1,0.0296795282316695,0.993190718566066
1,0.0296814857560659,0.993291297423318
1,0.0296834143661684,0.993390390645613
1,0.029685314489065,0.993488020177039
1,0.0296871865455361,0.993584207637551
1,0.0296890309501472,0.993678974327757
1,0.0296908481113387,0.99377234123364
1,0.0296926384315195,0.9938643290312
1,0.0296944023071539,0.993954958091036
1,0.0296961401288509,0.994044248482855
1,0.0296978522814486,0.994132219979918
1,0.0296995391441013,0.994218892063419
1,0.0297012010903628,0.994304283926797
1,0.02970283848827,0.994388414479989
1,0.0297044517004226,0.994471302353614
1,0.0297060410840644,0.994552965903103
1,0.0297076069911628,0.994633423212761
1,0.0297091497684863,0.994712692099772
1,0.0297106697576814,0.994790790118146
1,0.0297121672953482,0.994867734562605
1,0.0297136427131148,0.994943542472413
1,0.0297150963377102,0.995018230635151
1,0.0297165284910386,0.995091815590431
1,0.0297179394902487,0.995164313633563
1,0.0297193296478047,0.995235740819159
1,0.0297206992715555,0.995306112964695
1,0.0297220486648029,0.995375445654004
1,0.0297233781263684,0.995443754240736
1,0.0297246879506601,0.995511053851755
1,0.0297259784277371,0.995577359390487
1,0.0297272498433736,0.995642685540221
1,0.0297285024791241,0.995707046767364
1,0.0297297366123828,0.99577045732464
1,0.0297309525164473,0.995832931254248
1,0.0297321504605785,0.995894482390973
1,0.02973333071006,0.995955124365247
1,0.0297344935262562,0.996014870606171
1,0.0297356391666717,0.996073734344484
1,0.0297367678850078,0.996131728615499
1,0.0297378799312171,0.996188866261984
1,0.0297389755515614,0.996245159937011
1,0.0297400549886651,0.996300622106751
1,0.0297411184815679,0.996355265053243
1,0.0297421662657791,0.996409100877109
1,0.0297431985733299,0.996462141500233
1,0.0297442156328234,0.996514398668405
1,0.0297452176694859,0.996565883953918
1,0.029746204905218,0.996616608758134
1,0.0297471775586415,0.996666584314005
1,0.0297481358451497,0.996715821688565
1,0.029749079976954,0.996764331785376
1,0.0297500101631314,0.996812125346949
1,0.0297509266096709,0.996859212957114
1,0.0297518295195185,0.996905605043372
1,0.0297527190926221,0.996951311879202
1,0.0297535955259773,0.996996343586333
1,0.0297544590136694,0.997040710136988
1,0.0297553097469163,0.997084421356091
1,0.0297561479141122,0.997127486923446
1,0.0297569737008685,0.997169916375875
1,0.0297577872900543,0.997211719109335
1,0.0297585888618386,0.997252904380997
1,0.0297593785937282,0.997293481311294
1,0.0297601566606085,0.997333458885945
1,0.0297609232347817,0.997372845957939
1,0.0297616784860046,0.997411651249501
1,0.0297624225815269,0.997449883354023
1,0.029763155686128,0.99748755073796
1,0.0297638779621527,0.997524661742716
1,0.0297645895695486,0.997561224586482
1,0.0297652906659001,0.99759724736606
1,0.0297659814064646,0.997632738058658
1,0.029766661944205,0.997667704523649
1,0.0297673324298267,0.997702154504321
1,0.0297679930118075,0.997736095629583
1,0.0297686438364326,0.997769535415662
1,0.0297692850478262,0.997802481267763
1,0.0297699167879846,0.997834940481708
1,0.0297705391968051,0.997866920245556
1,0.02977115241212,0.997898427641191
1,0.0297717565697253,0.997929469645892
1,0.0297723518034103,0.997960053133876
1,0.0297729382449896,0.997990184877826
1,0.0297735160243302,0.998019871550382
1,0.02977408526938,0.998049119725627
1,0.0297746461061978,0.998077935880538
1,0.0297751986589805,0.998106326396421
1,0.0297757430500905,0.998134297560325
1,0.0297762794000827,0.998161855566433
1,0.0297768078277305,0.998189006517438
1,0.0297773284500547,0.998215756425888
1,0.0297778413823453,0.998242111215521
1,0.0297783467381918,0.998268076722577
1,0.0297788446295038,0.998293658697089
1,0.0297793351665396,0.998318862804159
1,0.0297798184579272,0.998343694625208
1,0.029780294610692,0.998368159659217
1,0.0297807637302765,0.998392263323941
1,0.0297812259205676,0.99841601095711
1,0.0297816812839162,0.998439407817613
1,0.029782129921162,0.998462459086658
1,0.0297825719316556,0.998485169868926
1,0.0297830074132799,0.998507545193692
1,0.0297834364624716,0.99852959001595
1,0.029783859174243,0.998551309217502
1,0.0297842756422033,0.998572707608041
1,0.0297846859585789,0.998593789926218
1,0.029785090214234,0.998614560840689
1,0.0297854884986901,0.998635024951152
1,0.0297858809001479,0.998655186789361
1,0.029786267505503,0.998675050820134
1,0.0297866484003697,0.998694621442338
1,0.0297870236690965,0.998713902989868
1,0.0297873933947856,0.998732899732601
1,0.0297877576593133,0.998751615877346
1,0.0297881165433453,0.99877005556877
1,0.0297884701263564,0.998788222890326
0,-0.140311181513354,0.998806121865147
0,-0.13333403631964,0.941346966456941
0,-0.113175607131788,0.807342259261574
0,-0.0872001796468356,0.641345870014751
0,-0.0606577621257893,0.474748656863149
0,-0.0368722305510349,0.327101227033807
0,-0.0175834248715381,0.208319985909811
0,-0.00334474609393287,0.121183156173465
0,0.00609132686568636,0.0637146917589726
0,0.011440320733513,0.0312197181860648
0,0.0136244401310406,0.0178656052616177
0,0.0135862348810244,0.0177961258688098
0,0.0121706017074461,0.0258255439825422
0,0.0100629924540956,0.0377908451594929
0,0.00776972751935989,0.0506506368601932
0,0.00562673853348616,0.0624152882574016
0,0.00382492827962988,0.0719805289789515
0,0.0024428744222722,0.0789206134952155
0,0.00148026373815835,0.0832805956605726
0,0.00088786787909334,0.085392354574243
0,0.000591866077413905,0.0857268825511485
0,0.000511814465468996,0.0847863554541571
0,0.000572570794343252,0.083033515218143
0,0.000711073356976066,0.0808524663924897
0,0.000879133865089643,0.0785335515540863
0,0.00104343025479858,0.0762749370093458
0,0.00118376291174038,0.0741943815680293
0,0.00129043737986245,0.0723459469030526
0,0.00136141127802281,0.0707378190400952
0,0.00139962871441679,0.0693487342093711
0,0.00141078291005514,0.0681416169170451
0,0.00140160629109731,0.0670738925877685
0,0.00137868792714169,0.0661045302403842
0,0.00134775654078578,0.0651982321903125
0,0.00131333628683306,0.0643273633121225
0,0.00127867410516036,0.0634722519917158
0,0.00124584408235928,0.0626204455086127
0,0.00121594943571168,0.0617654037638947
0,0.00118936143922099,0.0609049973321012
0,0.00116595331792346,0.060040059817507
0,0.00114530365478693,0.0591731432722257
0,0.00112685708210414,0.0583075452211995
0,0.00111003966758738,0.057446618048345
0,0.0010943326888383,0.0565933343811713
0,0.00107931195657796,0.0557500621647871
0,0.00106466116032133,0.0549184961577047
0,0.00105016753367626,0.054099694496349
0,0.00103570705617362,0.0532941761713217
0,0.00102122489386447,0.0525020448898958
0,0.00100671517393713,0.0517231148148548
0,0.000992202712343349,0.050957022752023
0,0.000977728090997165,0.0502033187992924
0,0.00096333655921621,0.0494615330211792
0,0.00094907060650018,0.0487312194424414
0,0.000934965682236943,0.0480119808170707
0,0.000921048368758282,0.0473034785665756
0,0.000907336290352001,0.0466054323491733
0,0.000893839109988304,0.0459176132415073
0,0.000880560084275395,0.0452398337508357
0,0.000867497782789384,0.0445719370252835
0,0.000854647708167455,0.0439137868251142
0,0.000842003665002755,0.0432652591358394
0,0.000829558812646902,0.0426262357776709
0,0.000817306398630868,0.0419965999977685
0,0.000805240208036129,0.0413762338049464
0,0.000793354783971079,0.040765016693901
0,0.0007816454801573,0.0401628253774453
0,0.000770108403123249,0.0395695341721377
0,0.000758740292598703,0.0389850157408769
0,0.000747538377491974,0.0384091419668164
0,0.000736500233504134,0.0378417848032698
0,0.000725623658355989,0.0372828170060858
0,0.000714906572479523,0.0367321127042599
0,0.000704346947069501,0.0361895478003103
0,0.000693942757468924,0.0356550002151229
0,0.000683691957670929,0.0351283500046331
0,0.000673592470846196,0.0346094793803634
0,0.00066364219086823,0.0340982726649785
0,0.000653838990425593,0.0335946162098383
0,0.000644180732219501,0.0330983982957794
0,0.000634665280708713,0.0326095090323023
0,0.000625290512768883,0.0321278402648091
0,0.000616054326375903,0.0316532854949765
0,0.000606954646997448,0.0311857398159202
0,0.000597989431761592,0.0307250998614894
0,0.000589156671708946,0.0302712637676649
0,0.000580454392542229,0.029824131143428
0,0.000571880654306023,0.0293836030483932
0,0.000563433550393289,0.0289495819747731
0,0.00055511120620122,0.028521971831697
0,0.000546911777680792,0.0281006779304132
0,0.000538833449944098,0.0276856069693991
0,0.000530874436024009,0.027276667018816
0,0.000523032975829174,0.0268737675040724
0,0.000515307335298809,0.0264768191884874
0,0.000507695805735509,0.0260857341551866
0,0.000500196703285216,0.0257004257884364
0,0.000492808368525666,0.0253208087546441
0,0.000485529166129817,0.0249467989832319
0,0.000478357484573644,0.0245783136475655
0,0.000471291735864743,0.0242152711460706
0,0.000464330355277098,0.023857591083629
0,0.000457471801080023,0.0235051942533109
0,0.000450714554257881,0.0231580026184661
0,0.000444057118217378,0.0228159392951784
0,0.000437498018485527,0.0224789285350688
0,0.000431035802398672,0.02214689570843
0,0.000424669038786601,0.0218197672876681
0,0.000418396317655473,0.0214974708310288
0,0.000412216249869951,0.0211799349665882
0,0.000406127466838824,0.0208670893764921
0,0.000400128620204748,0.0205588647814299
0,0.000394218381538552,0.0202551929253347
0,0.000388395442039641,0.0199560065603022
0,0.000382658512241868,0.0196612394317243
0,0.000377006321725271,0.0193708262636336
0,0.000371437618832737,0.0190847027442589
0,0.000365951170392259,0.0188028055117871
0,0.000360545761443787,0.0185250721403321
0,0.000355220194970168,0.0182514411261089
0,0.000349973291633165,0.0179818518738098
0,0.000344803889512357,0.0177162446831816
0,0.000339710843848789,0.0174545607358018
0,0.00033469302679176,0.0171967420820496
0,0.000329749327149714,0.0169427316282714
0,0.000324878650144161,0.0166924731241348
0,0.000320079917167676,0.0164459111501719
0,0.000315352065544949,0.0162029911055055
0,0.000310694048297561,0.0159636591957581
0,0.000306104833912135,0.0157278624211392
0,0.000301583406111749,0.0154955485647088
0,0.000297128763630972,0.0152666661808144
0,0.000292739919994123,0.0150411645836986
0,0.000288415903296507,0.0148189938362751
0,0.000284155755989446,0.0146001047390705
0,0.000279958534667973,0.0143844488193295
0,0.000275823309862144,0.0141719783202802
0,0.00027174916583092,0.013962646190559
0,0.000267735200359637,0.0137564060737909
0,0.000263780524559942,0.013553212298324
0,0.000259884262673177,0.0133530198671154
0,0.000256045551876444,0.013155784447767
0,0.000252263542091263,0.0129614623627077
0,0.000248537395795723,0.0127700105795211
0,0.000244866287838708,0.0125813867014162
0,0.000241249405257299,0.0123955489578386
0,0.000237685947096722,0.0122124561952202
0,0.000234175124233044,0.0120320678678662
0,0.000230716159198285,0.0118543440289758
0,0.000227308286008338,0.0116792453217966
0,0.000223950749993373,0.0115067329709084
0,0.000220642807630705,0.0113367687736371
0,0.000217383726379972,0.0111693150915944
0,0.00021417278452121,0.0110043348423428
0,0.00021100927099478,0.0108417914911838
0,0.000207892485244027,0.0106816490430676
0,0.000204821737060115,0.0105238720346216
0,0.000201796346429167,0.0103684255262972
0,0.000198815643381658,0.0102152750946327
0,0.000195878967844149,0.01006438682463
0,0.000192985669492982,0.00991572730224427
0,0.000190135107610373,0.00976926360698457
0,0.000187326650942468,0.00962496330462336
0,0.000184559677559523,0.00948279444001419
0,0.000181833574718335,0.00934272553001519
0,0.000179147738726293,0.00920472555651717
0,0.000176501574807961,0.00906876395957472
0,0.000173894496973165,0.0089348106306387
0,0.000171325927887336,0.00880283590588877
0,0.00016879529874364,0.00867281055966434
0,0.000166302049136924,0.00854470579799261
0,0.000163845626939815,0.00841849325221215
0,0.000161425488180211,0.00829414497269071
0,0.000159041096921025,0.00817163342263578
0,0.000156691925141353,0.00805093147199661
0,0.000154377452619661,0.00793201239145631
0,0.000152097166818521,0.00781484984651262
0,0.000149850562771073,0.00769941789164623
0,0.00014763714296924,0.00758569096457514
0,0.000145456417253637,0.00747364388059388
0,0.000143307902704906,0.00736325182699645
0,0.000141191123536805,0.00725449035758153
0,0.000139105610990842,0.00714733538723894
0,0.00013705090323253,0.00704176318661595
0,0.000135026545249078,0.00693775037686249
0,0.000133032088748555,0.00683527392445393
0,0.000131067092060747,0.00673431113609031
0,0.000129131120039219,0.00663483965367094
0,0.00012722374396508,0.00653683744934324
0,0.000125344541451966,0.00644028282062466
0,0.000123493096352456,0.00634515438559673
0,0.000121668998666072,0.00625143107817
0,0.000119871844448338,0.00615909214341905
0,0.000118101235721368,0.00606811713298628
0,0.00011635678038581,0.00597848590055367
0,0.000114638092133856,0.00589017859738137
0,0.000112944790363889,0.00580317566791226
0,0.000111276500096041,0.00571745784544136
0,0.000109632851889224,0.00563300614784925
0,0.000108013481759303,0.00554980187339852
0,0.000106418031098544,0.00546782659659223
0,0.000104846146596081,0.00538706216409367
0,0.000103297480159817,0.0053074906907063
0,0.000101771688839215,0.00522909455541309
0,0.000100268434749438,0.00515185639747434
0,9.8787384996489e-05,0.00507575911258323
0,9.73282116034993e-05,0.00500078584907801
0,9.58905914380873e-05,0.00492692000421026
0,9.44742061408099e-05,0.00485414522046826
0,9.30787420546711e-05,0.00478244538195454
0,9.17038901556699e-05,0.00471180461081713
0,9.03493459843349e-05,0.00464220726373339
0,8.90148095783055e-05,0.0045736379284458
0,8.76999854059202e-05,0.00450608142034895
0,8.640458230081e-05,0.00443952277912694
0,8.51283133973396e-05,0.00437394726544037
0,8.38708960671439e-05,0.00430934035766241
0,8.26320518564905e-05,0.00424568774866295
0,8.14115064246904e-05,0.00418297534264031
0,8.02089894832506e-05,0.00412118925199977
0,7.90242347361025e-05,0.00406031579427813
0,7.785697982058e-05,0.00400034148911378
0,7.67069662493472e-05,0.00394125305526146
0,7.55739393531185e-05,0.00388303740765117
0,7.44576482243353e-05,0.00382568165449048
0,7.33578456615092e-05,0.00376917309440966
0,7.22742881145502e-05,0.00371349921364897
0,7.12067356308105e-05,0.00365864768328751
0,7.01549518019526e-05,0.00360460635651299
0,6.9118703711582e-05,0.00355136326593182
0,6.80977618836565e-05,0.00349890662091897
0,6.70919002317139e-05,0.00344722480500694
0,6.61008960087944e-05,0.00339630637331328
0,6.51245297580497e-05,0.00334614005000617
0,6.41625852642533e-05,0.00329671472580736
0,6.32148495058188e-05,0.00324801945553207
0,6.22811126076844e-05,0.00320004345566518
0,6.13611677948295e-05,0.0031527761019732
0,6.04548113464637e-05,0.0031062069271516
0,5.95618425509176e-05,0.00306032561850681
0,5.86820636612265e-05,0.00301512201567245
0,5.78152798512907e-05,0.0029705861083594
0,5.6961299172778e-05,0.00292670803413897
0,5.61199325125813e-05,0.00288347807625891
0,5.52909935509771e-05,0.00284088666149162
0,5.44742987203112e-05,0.0027989243580142
0,5.36696671643924e-05,0.00275758187331977
0,5.28769206984345e-05,0.00271685005215964
0,5.20958837695873e-05,0.00267671987451591
0,5.1326383418062e-05,0.00263718245360398
0,5.05682492388318e-05,0.0025982290339046
0,4.98213133439118e-05,0.00255985098922496
0,4.90854103251323e-05,0.0025220398207884
0,4.83603772175878e-05,0.00248478715535243
0,4.76460534634612e-05,0.00244808474335443
0,4.69422808765281e-05,0.00241192445708482
0,4.62489036071115e-05,0.00237629828888715
0,4.55657681075645e-05,0.00234119834938489
0,4.48927230982631e-05,0.00230661686573424
0,4.42296195341148e-05,0.00227254617990292
0,4.35763105715511e-05,0.00223897874697426
0,4.29326515360047e-05,0.00220590713347642
0,4.22984998898791e-05,0.00217332401573623
0,4.16737152009738e-05,0.00214122217825736
0,4.10581591113908e-05,0.00210959451212251
0,4.04516953068992e-05,0.00207843401341909
0,3.98541894867446e-05,0.00204773378168824
0,3.92655093339016e-05,0.00201748701839673
0,3.86855244857917e-05,0.00198768702543141
0,3.81141065053901e-05,0.00195832720361597
0,3.75511288528071e-05,0.00192940105124948
0,3.69964668572378e-05,0.0019009021626667
0,3.64499976893903e-05,0.00187282422681944
0,3.59116003342541e-05,0.00184516102587907
0,3.53811555643124e-05,0.00181790643385955
0,3.48585459131433e-05,0.00179105441526086
0,3.43436556494055e-05,0.0017645990237324
0,3.38363707511995e-05,0.00173853440075623
0,3.33365788808375e-05,0.00171285477434968
0,3.28441693599434e-05,0.00168755445778715
0,3.23590331449616e-05,0.00166262784834081
0,3.18810628029999e-05,0.00163806942603985
0,3.14101524880456e-05,0.00161387375244811
0,3.09461979175057e-05,0.00159003546945976
0,3.04890963491525e-05,0.00156654929811272
0,3.00387465583321e-05,0.00154341003741964
0,2.9595048815563e-05,0.00152061256321618
0,2.9157904864463e-05,0.00149815182702626
0,2.87272178999751e-05,0.00147602285494403
0,2.830289254694e-05,0.00145422074653248
0,2.78848348389538e-05,0.0014327406737382
0,2.74729521975992e-05,0.0014115778798222
0,2.70671534119034e-05,0.00139072767830659
0,2.66673486181614e-05,0.00137018545193671
0,2.62734492800336e-05,0.00134994665165866
0,2.58853681689378e-05,0.00133000679561193
0,2.55030193447303e-05,0.00131036146813688
0,2.51263181366753e-05,0.00129100631879692
0,2.47551811246947e-05,0.00127193706141508
0,2.43895261208965e-05,0.00125314947312487
0,2.40292721513796e-05,0.00123463939343509
0,2.36743394382843e-05,0.00121640272330856
0,2.33246493821469e-05,0.00119843542425431
0,2.29801245444812e-05,0.00118073351743335
0,2.26406886306325e-05,0.00116329308277747
0,2.23062664728817e-05,0.00114611025812122
0,2.19767840138069e-05,0.0011291812383466
0,2.16521682898704e-05,0.00111250227454041
0,2.13323474152673e-05,0.00109606967316409
0,2.10172505660123e-05,0.00107987979523579
0,2.07068079642481e-05,0.00106392905552446
0,2.0400950862795e-05,0.00104821392175601
0,2.00996115299265e-05,0.00103273091383098
0,1.98027232343693e-05,0.00101747660305396
0,1.95102202305356e-05,0.00100244761137427
0,1.92220377439444e-05,0.000987640610637881
0,1.89381119569017e-05,0.000973052321850448
0,1.86583799943428e-05,0.000958679514451136
0,1.83827799099291e-05,0.000944519005597234
0,1.81112506723174e-05,0.000930567659459318
0,1.78437321516484e-05,0.000916822386526818
0,1.75801651062391e-05,0.000903280142923855
0,1.73204911694449e-05,0.000889937929735177
0,1.70646528367593e-05,0.00087679279234205
0,1.68125934530521e-05,0.000863841819767964
0,1.65642572000496e-05,0.000851082144033998
0,1.63195890839542e-05,0.000838510939523709
0,1.60785349232768e-05,0.000826125422357406
1,0.170115841041337,0.000813922849775658
1,0.163138805076732,0.0582786905195319
1,0.142980483504581,0.19228892707859
1,0.117005162045756,0.358290764015717
1,0.090462848984741,0.524893344390621
1,0.0666774203270546,0.672546062164828
1,0.0473887160444532,0.791332513126262
1,0.0331501371660258,0.878474475746331
1,0.0237141626299882,0.935947997227506
1,0.0183652657319441,0.968447953169935
1,0.016181241871873,0.981806974870084
1,0.016219541248176,0.981881290531816
1,0.0176352671577168,0.973856637251217
1,0.0197429677772407,0.961896030526777
1,0.022036322728594,0.949040863937546
1,0.0241794004014636,0.93728076933499
1,0.0259812980323338,0.927720018100374
1,0.0273634379760727,0.920784356757517
1,0.0283261334749991,0.916428732431548
1,0.0289186128960898,0.914321266988284
1,0.0292146970255133,0.913990969063589
1,0.0292948297491517,0.914935663731335
1,0.0292341533338822,0.916692609979552
1,0.0290957295044626,0.918877704168129
1,0.028927746566606,0.921200604616017
1,0.0287635266013756,0.923463145899412
1,0.0286232692400581,0.925547570078126
1,0.0285166689553801,0.92739981633597
1,0.0284457681449113,0.929011699491338
1,0.0284076227166419,0.930404484145621
1,0.028396539465507,0.931615246611977
1,0.0284057859810578,0.932686562272974
1,0.0284287732091748,0.933659462905066
1,0.02845977244251,0.934569246976381
1,0.0284942595412843,0.935443550384327
1,0.0285289875804242,0.936302045503574
1,0.0285618824879217,0.937157185803942
1,0.0285918410608641,0.938015512122618
1,0.0286184920394039,0.938879154612429
1,0.0286419622124519,0.939747280385721
1,0.0286626730107824,0.940617338096418
1,0.0286811798156401,0.941486030915184
1,0.028698056572652,0.942350007143437
1,0.0287138220173571,0.943206294828876
1,0.0287289003519819,0.94405252669163
1,0.0287436078997672,0.944887008628598
1,0.0287581574396722,0.945708683149084
1,0.028772673004549,0.946517031898677
1,0.0287872094405452,0.947311951796899
1,0.028801772632491,0.948093629298503
1,0.0288163377762765,0.948862428206079
1,0.0288308643016537,0.949618799021164
1,0.028845306970799,0.950363212269813
1,0.0288596233055374,0.951096114509121
1,0.0288737778676376,0.951817903558352
1,0.0288877440857602,0.952528918560786
1,0.0289015043464476,0.953229440414651
1,0.0289150489973993,0.953919698591531
1,0.0289283747925193,0.954599881124298
1,0.0289414831725887,0.955270145396977
1,0.0289543786451743,0.955930628173595
1,0.0289670674157363,0.956581453985188
1,0.0289795563348281,0.95722274152046
1,0.0289918521646768,0.957854608033652
1,0.0290039611298154,0.958477172009943
1,0.0290158886966083,0.959090554441333
1,0.0290276395206659,0.959694879094516
1,0.0290392175046545,0.960290272125361
1,0.0290506259179037,0.960876861336413
1,0.0290618675404295,0.961454775303094
1,0.029072944805324,0.962024142523886
1,0.0290838599235297,0.962585090688067
1,0.0290946149831504,0.963137746105191
1,0.0291052120214004,0.963682233304812
1,0.0291156530712213,0.964218674791734
1,0.0291259401867834,0.964747190929426
1,0.029136075452957,0.965267899919571
1,0.029146060983793,0.96578091784661
1,0.0291558989144087,0.966286358760272
1,0.0291655913897935,0.966784334774889
1,0.0291751405530662,0.96727495617029
1,0.0291845485348168,0.96775833148465
1,0.029193817444424,0.968234567594206
1,0.0292029493636674,0.968703769778174
1,0.0292119463425582,0.969166041769534
1,0.0292208103970895,0.96962148579372
1,0.0292295435084893,0.970070202597823
1,0.0292381476235397,0.970512291473046
1,0.0292466246555758,0.970947850272808
1,0.0292549764858274,0.971376975428508
1,0.0292632049648731,0.971799761964395
1,0.0292713119140344,0.972216303512534
1,0.0292792991266164,0.972626692328424
1,0.0292871683689548,0.973031019307506
1,0.0292949213812634,0.973429374002571
1,0.0293025598783001,0.973821844641936
1,0.0293100855498918,0.974208518148175
1,0.0293175000613433,0.974589480157188
1,0.0293248050537798,0.974964815037397
1,0.0293320021444359,0.975334605908881
1,0.0293390929269302,0.975698934662323
1,0.0293460789715334,0.97605788197768
1,0.0293529618254378,0.976411527342514
1,0.0293597430130399,0.976759949069962
1,0.0293664240362346,0.977103224316343
1,0.0293730063747182,0.977441429098415
1,0.029379491486301,0.9777746383103
1,0.0293858808072234,0.9781029257401
1,0.029392175752474,0.978426364086232
1,0.02939837771611,0.97874502497349
1,0.0294044880715711,0.979058978968864
1,0.0294105081719924,0.979368295597118
1,0.0294164393505092,0.979673043356149
1,0.0294222829205593,0.97997328973212
1,0.0294280401761777,0.980269101214376
1,0.0294337123922852,0.980560543310156
1,0.029439300824974,0.980847680559086
1,0.0294448067117845,0.981130576547468
1,0.0294502312719818,0.981409293922363
1,0.0294555757068247,0.981683894405461
1,0.0294608411998285,0.981954438806758
1,0.0294660289170312,0.982220987038025
1,0.0294711400072474,0.982483598126075
1,0.0294761756023234,0.982742330225844
1,0.0294811368173884,0.982997240633268
1,0.0294860247510993,0.983248385797971
1,0.0294908404858845,0.983495821335773
1,0.0294955850881855,0.983739602041001
1,0.0295002596086893,0.983979781898623
1,0.0295048650825636,0.984216414096208
1,0.0295094025296867,0.9844495510357
1,0.0295138729548714,0.984679244345021
1,0.029518277348088,0.984905544889508
1,0.0295226166846849,0.985128502783173
1,0.0295268919256033,0.985348167399802
1,0.029531104017591,0.985564587383888
1,0.0295352538934106,0.985777810661405
1,0.0295393424720474,0.985987884450418
1,0.029543370658913,0.986194855271541
1,0.0295473393460453,0.98639876895824
1,0.0295512494123054,0.986599670666982
1,0.0295551017235731,0.986797604887233
1,0.0295588971329386,0.986992615451314
1,0.0295626364808914,0.987184745544104
1,0.0295663205955059,0.987374037712604
1,0.0295699502926257,0.987560533875362
1,0.0295735263760428,0.987744275331751
1,0.0295770496376775,0.987925302771119
1,0.029580520857752,0.988103656281798
1,0.0295839408049638,0.98827937535998
1,0.0295873102366577,0.988452498918465
1,0.0295906298989901,0.988623065295279
1,0.0295939005270964,0.988791112262162
1,0.0295971228452541,0.988956677032935
1,0.0296002975670415,0.989119796271736
1,0.029603425395498,0.989280506101147
1,0.0296065070232774,0.989438842110184
1,0.0296095431328034,0.989594839362187
1,0.0296125343964184,0.98974853240258
1,0.029615481476535,0.98989995526652
1,0.029618385025781,0.990049141486437
1,0.0296212456871436,0.990196124099459
1,0.0296240640941139,0.990340935654728
1,0.0296268408708251,0.990483608220606
1,0.0296295766321906,0.990624173391779
1,0.0296322719840425,0.990762662296254
1,0.0296349275232635,0.990899105602247
1,0.0296375438379197,0.991033533524984
1,0.0296401215073909,0.991165975833382
1,0.0296426611025005,0.991296461856648
1,0.0296451631856371,0.991425020490771
1,0.0296476283108862,0.991551680204922
1,0.029650057024146,0.991676469047758
1,0.0296524498632529,0.991799414653633
1,0.0296548073580982,0.991920544248721
1,0.0296571300307467,0.992039884657039
1,0.0296594183955519,0.992157462306392
1,0.02966167295927,0.992273303234224
1,0.0296638942211713,0.992387433093383
1,0.0296660826731516,0.992499877157804
1,0.0296682387998417,0.992610660328104
1,0.0296703630787136,0.992719807137096
1,0.0296724559801862,0.992827341755223
1,0.0296745179677307,0.992933287995912
1,0.0296765494979716,0.993037669320842
1,0.0296785510207891,0.993140508845145
1,0.0296805229794184,0.993241829342525
1,0.0296824658105479,0.993341653250294
1,0.0296843799444149,0.993440002674351
1,0.0296862658049026,0.99353689939407
1,0.0296881238096329,0.993632364867123
1,0.0296899543700586,0.993726420234239
1,0.0296917578915554,0.993819086323876
1,0.0296935347735114,0.99391038365684
1,0.0296952854094152,0.994000332450826
1,0.0296970101869429,0.994088952624899
1,0.0296987094880454,0.9941762638039
1,0.0297003836890302,0.994262285322796
1,0.0297020331606477,0.99434703623096
1,0.0297036582681716,0.994430535296388
1,0.0297052593714802,0.99451280100986
1,0.0297068368251359,0.994593851589028
1,0.0297083909784646,0.994673704982456
1,0.0297099221756316,0.994752378873592
1,0.0297114307557187,0.994829890684685
1,0.0297129170527994,0.994906257580641
1,0.0297143813960128,0.994981496472827
1,0.0297158241096358,0.995055624022815
1,0.0297172455131562,0.995128656646071
1,0.0297186459213419,0.99520061051559
1,0.029720025644312,0.99527150156548
1,0.0297213849876046,0.995341345494487
1,0.0297227242522446,0.995410157769474
1,0.0297240437348112,0.995477953628844
1,0.0297253437275022,0.995544748085919
1,0.0297266245181991,0.995610555932259
1,0.0297278863905324,0.995675391740939
1,0.0297291296239417,0.995739269869781
1,0.02973035449374,0.995802204464526
1,0.0297315612711735,0.995864209461974
1,0.0297327502234817,0.995925298593064
1,0.0297339216139567,0.995985485385918
1,0.0297350757020018,0.996044783168837
1,0.0297362127431882,0.996103205073251
1,0.0297373329893125,0.996160764036628
1,0.0297384366884523,0.996217472805338
1,0.0297395240850207,0.996273343937476
1,0.0297405954198202,0.996328389805645
1,0.0297416509300967,0.996382622599693
1,0.0297426908495924,0.996436054329414
1,0.0297437154085953,0.996488696827206
1,0.0297447248339939,0.996540561750694
1,0.0297457193493238,0.99659166058531
1,0.0297466991748194,0.996642004646836
1,0.0297476645274621,0.996691605083909
1,0.0297486156210283,0.996740472880493
1,0.0297495526661362,0.996788618858309
1,0.029750475870294,0.996836053679232
1,0.0297513854379441,0.996882787847652
1,0.0297522815705091,0.996928831712799
1,0.0297531644664368,0.996974195471039
1,0.029754034321243,0.997018889168126
1,0.0297548913275572,0.997062922701432
1,0.0297557356751614,0.997106305822134
1,0.0297565675510365,0.99714904813738
1,0.0297573871393995,0.997191159112407
1,0.029758194621748,0.997232648072647
1,0.0297589901768978,0.997273524205785
1,0.0297597739810238,0.997313796563796
1,0.0297605462076989,0.997353474064951
1,0.0297613070279314,0.997392565495789
1,0.0297620566102046,0.997431079513066
1,0.0297627951205119,0.99746902464567
1,0.0297635227223962,0.997506409296508
1,0.0297642395769846,0.997543241744373
1,0.0297649458430227,0.997579530145769
1,0.029765641676913,0.997615282536724
1,0.0297663272327471,0.997650506834567
1,0.0297670026623404,0.99768521083968
1,0.0297676681152665,0.997719402237228
1,0.029768323738889,0.997753088598859
1,0.0297689696783947,0.997786277384381
1,0.0297696060768269,0.997818975943416
1,0.0297702330751146,0.997851191517023
1,0.0297708508121062,0.997882931239308
1,0.029771459424599,0.997914202138998
1,0.0297720590473698,0.997945011140998
1,0.0297726498132038,0.99797536506793
1,0.0297732318529256,0.998005270641637
1,0.0297738052954279,0.998034734484678
1,0.0297743702676985,0.998063763121787
1,0.0297749268948502,0.998092362981327
1,0.0297754753001462,0.998120540396705
1,0.0297760156050317,0.998148301607779
1,0.0297765479291565,0.998175652762239
1,0.0297770723904023,0.99820259991697
1,0.0297775891049115,0.998229149039389
1,0.0297780981871094,0.998255306008771
1,0.0297785997497317,0.998281076617548
1,0.0297790939038491,0.998306466572595
1,0.0297795807588916,0.998331481496489
1,0.0297800604226719,0.998356126928759
1,0.0297805330014125,0.998380408327109
1,0.0297809985997641,0.998404331068628
1,0.0297814573208337,0.998427900450982
1,0.0297819092662039,0.998451121693584
1,0.0297823545359586,0.998473999938755
1,0.0297827932287014,0.998496540252856
1,0.0297832254415806,0.998518747627417
1,0.0297836512703094,0.998540626980236
1,0.029784070809187,0.998562183156472
1,0.0297844841511197,0.998583420929718
1,0.029784891387642,0.998604345003055
1,0.0297852926089357,0.998624960010096
1,0.0297856879038507,0.998645270516015
1,0.029786077359925,0.998665281018548
1,0.0297864610634027,0.998684995949002
1,0.0297868390992553,0.998704419673225
1,0.0297872115511977,0.99872355649258
1,0.0297875785017092,0.998742410644897
1,0.0297879400320511,0.998760986305406
1,0.0297882962222831,0.998779287587668
1,0.0297886471512838,0.998797318544481
1,0.0297889928967661,0.998815083168781
1,0.0297893335352941,0.998832585394527
1,0.0297896691423025,0.998849829097566
1,0.0297899997921107,0.998866818096498
1,0.0297903255579415,0.998883556153519
1,0.0297906465119346,0.998900046975254
1,0.0297909627251651,0.998916294213576
1,0.0297912742676585,0.99893230146642
1,0.0297915812084049,0.998948072278574
1,0.0297918836153765,0.998963610142467
1,0.0297921815555411,0.998978918498943
1,0.029792475094877,0.998994000738021
1,0.029792764298388,0.999008860199646
1,0.0297930492301184,0.999023500174431
1,0.0297933299531652,0.999037923904381
1,0.0297936065296949,0.999052134583617
1,0.0297938790209549,0.999066135359079
1,0.0297941474872878,0.999079929331221
1,0.0297944119881459,0.999093519554706
1,0.0297946725821019,0.999106909039073
1,0.0297949293268642,0.999120100749409
1,0.029795182279289,0.999133097607004
1,0.0297954314953917,0.999145902489999
1,0.0297956770303618,0.99915851823402
1,0.0297959189385726,0.99917094763281
1,0.0297961572735936,0.999183193438848
1,0.0297963920882045,0.999195258363952
1,0.0297966234344045,0.999207145079889
1,0.0297968513634255,0.999218856218957
1,0.0297970759257415,0.999230394374577
1,0.0297972971710818,0.999241762101861
1,0.0297975151484406,0.999252961918179
1,0.0297977299060894,0.999263996303719
1,0.0297979414915857,0.999274867702034
1,0.029798149951785,0.999285578520582
1,0.0297983553328505,0.999296131131264
1,0.0297985576802633,0.999306527870943
1,0.0297987570388336,0.999316771041967
1,0.0297989534527088,0.999326862912674
1,0.0297991469653847,0.999336805717899
1,0.0297993376197141,0.999346601659465
0,-0.140300474542082,0.999356252906672
0,-0.133323487499408,0.941888971596779
0,-0.11316521412657,0.807876258526179
0,-0.0871899401551122,0.641871981657683
0,-0.0606476738800363,0.475266997391266
0,-0.036862291317221,0.327611911233061
0,-0.0175736324486304,0.208823126870667
0,-0.00333509831341039,0.121678865315946
0,0.00610083214031509,0.0642030788573343
0,0.01144968560718,0.0317008913931038
0,0.0136336666775871,0.0183396711326223
0,0.0135953251436598,0.0182631893851562
0,0.0121795576991988,0.0262857085749428
0,0.0100718161582604,0.0382442127309007
0,0.00777842088993663,0.0510973078083684
0,0.00563530349561248,0.0628553614971444
0,0.00383336673000723,0.0724141019640066
0,0.00245118822958634,0.0793477822398533
0,0.00148845474349302,0.0837014547608513
0,0.000895937896337906,0.0858069972289569
0,0.00059981689366484,0.0861354005824666
0,0.000519647841425996,0.0851888393279574
0,0.000580288464699041,0.0834300540640455
0,0.000718677030800419,0.0812431480235945
0,0.00088662522620786,0.0789184624864197
0,0.00105081096216464,0.0766541624810188
0,0.00119103459980374,0.0745680055581141
0,0.00129760165893089,0.072714052150179
0,0.00136846973461824,0.0711004870607735
0,0.00140658291162654,0.0697060453160439
0,0.0014176343878789,0.0684936502358718
0,0.00140835656678739,0.0674207260761481
0,0.00138533849553935,0.0664462407042191
0,0.00135430887465227,0.0655348953010168
0,0.00131979183717557,0.0646590536233792
0,0.00128503430155358,0.0637990429559868
0,0.001252110333262,0.062942409493405
0,0.00122212312877823,0.0620826120677858
0,0.00119544394160898,0.0612175202005282
0,0.00117194597659664,0.0603479664583223
0,0.0011512077968131,0.0594765018710231
0,0.00113267401494921,0.0586064229564137
0,0.00111577067940483,0.0577410811061285
0,0.00109997904875447,0.0568834479700509
0,0.00108487491497322,0.0560358905301045
0,0.0010701419491066,0.0552001025958434
0,0.00105556736656676,0.0543771413687512
0,0.00104102712895626,0.0535675249182983
0,0.00102646638466364,0.0527713560442323
0,0.00101187924347546,0.0519884480152161
0,0.000997290504198167,0.0512184367561605
0,0.00098274073185467,0.0504608714970556
0,0.000968275159120346,0.0497152814473354
0,0.000953936259098564,0.0489812197893062
0,0.000939759465023116,0.0482582884469513
0,0.000925771343310289,0.0475461480240315
0,0.000911989502567323,0.0468445173730942
0,0.000898423590315889,0.0461531667770142
0,0.000885076847943478,0.0454719079610051
0,0.000871947830030417,0.0448005833026992
0,0.000859032024439543,0.0441390558032479
0,0.00084632322120809,0.0434872007002636
0,0.00083381456534648,0.042844899077106
0,0.000821499290256489,0.0422120334549664
0,0.000809371167099227,0.041588485127414
0,0.000797424725268114,0.0409741328844649
0,0.000785655304972377,0.0403688527446607
0,0.000774058999427729,0.039772518340543
0,0.000762632535247831,0.0391850016610975
0,0.00075137312841872,0.0386061739255189
0,0.000740278341910039,0.038035906432969
0,0.000729345960899019,0.0374740712948075
0,0.000718573893459529,0.0369205420050603
0,0.000707960098610683,0.036375193840655
0,0.000697502539699968,0.0358379041061275
0,0.000687199158901697,0.0353085522501671
0,0.000677047867742642,0.0347870198860199
0,0.000667046548624206,0.0342731907469111
0,0.000657193062932548,0.0337669506034677
0,0.000647485262233072,0.0332681871643714
0,0.000637921000013697,0.0327767899754188
0,0.000628498142340728,0.0322926503266348
0,0.000619214576540794,0.031815661172522
0,0.000610068217589188,0.0313457170671045
0,0.00060105701227714,0.0308827141131022
0,0.00059217894146063,0.0304265499232126
0,0.000583432020808461,0.0299771235908623
0,0.000574814300479343,0.0295343356677266
0,0.000566323864126583,0.0290980881455818
0,0.000557958827551275,0.0286682844405124
0,0.000549717337250344,0.0282448293780049
0,0.000541597569021279,0.0278276291779499
0,0.000533597726720014,0.0274165914389908
0,0.00052571604121382,0.0270116251219835
0,0.000517950769533815,0.0266126405325557
0,0.000510300194206781,0.0262195493029022
0,0.000502762622731689,0.0258322643730197
0,0.000495336387167422,0.0254506999716075
0,0.00048801984379393,0.0250747715968454
0,0.000480811372817969,0.0247043959972266
0,0.000473709378100151,0.0243394911525797
0,0.000466712286887827,0.0239799762553727
0,0.000459818549542301,0.0236257716923535
0,0.000453026639256615,0.0232767990265517
0,0.000446335051761393,0.0229329809796434
0,0.000439742305020696,0.0225942414146681
0,0.000433246938919718,0.0222605053190766
0,0.000426847514947509,0.0219316987880879
0,0.000420542615877373,0.0216077490083319
0,0.000414330845448202,0.0212885842417582
0,0.000408210828048455,0.0209741338097938
0,0.000402181208403768,0.0206643280777377
0,0.000396240651270419,0.0203590984393821
0,0.000390387841133766,0.0200583773018533
0,0.000384621481912956,0.0197620980706694
0,0.000378940296670821,0.0194701951350097
0,0.000373343027329359,0.0191826038531954
0,0.000367828434390677,0.018899260538379
0,0.000362395296662071,0.0186201024444412
0,0.000357042410985942,0.0183450677520936
0,0.000351768591974166,0.0180740955551855
0,0.000346572671745871,0.0178071258472122
0,0.000341453499669742,0.0175440995080231
0,0.000336409942109483,0.0172849582907264
0,0.000331440882173184,0.0170296448087878
0,0.000326545219466456,0.0167781025233211
0,0.000321721869848801,0.0165302757305662
0,0.00031696976519352,0.0162861095495532
0,0.000312287853151405,0.0160455499099492
0,0.000307675096917592,0.0158085435400841
0,0.000303130475001939,0.0155750379551543
0,0.000298652981002623,0.0153449814456004
0,0.000294241623383457,0.015118323065656
0,0.000289895425254177,0.0148950126220667
0,0.00028561342415398,0.0146750006629745
0,0.000281394671838464,0.0144582384669674
0,0.000277238234069555,0.0142446780322901
0,0.000273143190408748,0.0140342720662137
0,0.000269108634013082,0.0138269739745633
0,0.000265133671434409,0.0136227378513998
0,0.000261217422421606,0.0134215184688534
0,0.000257359019725595,0.0132232712671087
0,0.000253557608907218,0.0130279523445365
0,0.000249812348148165,0.0128355184479719
0,0.000246122408064486,0.0126459269631359
0,0.000242486971522821,0.0124591359051985
0,0.000238905233459763,0.0122751039094814
0,0.000235376400703202,0.0120937902222974
0,0.000231899691796933,0.011915154691926
0,0.000228474336827544,0.0117391577597215
0,0.000225099577253834,0.0115657604513528
0,0.000221774665738944,0.011394924368173
0,0.000218498865984795,0.0112266116787155
0,0.000215271452569027,0.0110607851103165
0,0.000212091710784484,0.0108974079408613
0,0.000208958936480722,0.0107364439906516
0,0.000205872435908291,0.0105778576143942
0,0.000202831525564939,0.0104216136933069
0,0.000199835532044348,0.0102676776273417
0,0.000196883791886995,0.0101160153275228
0,0.000193975651433198,0.00996659320839717
0,0.000191110466678385,0.00981937818059767
0,0.000188287603130485,0.00967433764351499
0,0.000185506435669378,0.0095314394780785
0,0.000182766348408581,0.00939065203964344
0,0.000180066734558657,0.00925194415098328
0,0.000177406996293081,0.00911528509538555
0,0.000174786544615654,0.00898064460984965
0,0.000172204799230191,0.00884799287838513
0,0.000169661188411954,0.00871730052540901
0,0.000167155148881049,0.00858853860924056
0,0.000164686125677771,0.00846167861569219
0,0.000162253572039528,0.00833669245175504
0,0.000159856949279974,0.00821355243937779
0,0.000157495726669621,0.00809223130933739
0,0.000155169381318182,0.00797270219520033
0,0.000152877398059026,0.0078549386273731
0,0.000150619269334934,0.0077389145272405
0,0.000148394495085746,0.00762460420139056
0,0.000146202582637547,0.00751198233592482
0,0.000144043046593781,0.00740102399085253
0,0.000141915408727419,0.00729170459456773
0,0.000139819197875424,0.00718399993840792
0,0.000137753949834118,0.00707788617129306
0,0.000135719207256565,0.00697333979444377
0,0.000133714519551201,0.00687033765617756
0,0.000131739442782108,0.0067688569467819
0,0.000129793539570655,0.00666887519346305
0,0.000127876378998665,0.00657037025536948
0,0.000125987536513023,0.00647332031868878
0,0.000124126593831569,0.00637770389181706
0,0.000122293138850579,0.00628349980059962
0,0.000120486765553388,0.006190687183642
0,0.000118707073920601,0.00609924548769017
0,0.000116953669841408,0.0060091544630791
0,0.000115226165026378,0.00592039415924846
0,0.000113524176921412,0.00583294492032464
0,0.000111847328623127,0.00574678738076788
0,0.000110195248795228,0.00566190246108392
0,0.000108567571586407,0.00557827136359875
0,0.000106963936549333,0.00549587556829596
0,0.000105383988560748,0.00541469682871547
0,0.000103827377742872,0.00533471716791286
0,0.000102293759385898,0.00525591887447844
0,0.000100782793871719,0.00517828449861505
0,9.92941465986566e-05,0.0051017968482738
0,9.78274879073412e-05,0.00502643898534694
0,9.63824930078142e-05,0.00495219422191695
0,9.49588419074943e-05,0.00487904611656097
0,9.35562193404016e-05,0.00480697847070989
0,9.21743146972478e-05,0.00473597532506119
0,9.08128219567692e-05,0.00466602095604478
0,8.94714396178567e-05,0.00459709987234103
0,8.81498706328324e-05,0.00452919681145021
0,8.6847822341668e-05,0.00446229673631268
0,8.55650064071692e-05,0.00439638483197887
0,8.43011387511375e-05,0.0043314465023286
0,8.30559394914415e-05,0.00426746736683875
0,8.18291328800527e-05,0.00420443325739869
0,8.06204472419483e-05,0.00414233021517283
0,7.94296149150137e-05,0.00408114448750938
0,7.82563721907215e-05,0.00402086252489489
0,7.71004592557065e-05,0.00396147097795368
0,7.59616201343252e-05,0.00390295669449171
0,7.48396026318543e-05,0.00384530671658393
0,7.37341582787501e-05,0.00378850827770488
0,7.26450422755404e-05,0.00373254879990147
0,7.15720134386519e-05,0.00367741589100763
0,7.0514834147023e-05,0.00362309734190011
0,6.94732702894232e-05,0.00356958112379474
0,6.84470912126686e-05,0.00351685538558268
0,6.74360696705095e-05,0.00346490845120603
0,6.6439981773303e-05,0.00341372881707214
0,6.54586069384691e-05,0.0033633051495062
0,6.44917278415993e-05,0.00331362628224134
0,6.35391303683772e-05,0.00326468121394596
0,6.26006035670951e-05,0.00321645910578741
0,6.16759396020183e-05,0.00316894927903181
0,6.07649337072969e-05,0.00312214121267923
0,5.9867384141675e-05,0.0030760245411338
0,5.89830921437565e-05,0.00303058905190831
0,5.81118618880327e-05,0.00298582468336263
0,5.72535004415009e-05,0.00294172152247559
0,5.64078177209548e-05,0.00289826980264972
0,5.55746264508522e-05,0.00285545990154851
0,5.47537421218894e-05,0.00281328233896547
0,5.39449829501173e-05,0.00277172777472484
0,5.31481698366927e-05,0.00273078700661312
0,5.23631263282011e-05,0.00269045096834136
0,5.1589678577612e-05,0.00265071072753732
0,5.08276553057539e-05,0.00261155748376752
0,5.00768877633902e-05,0.00257298256658831
0,4.93372096938526e-05,0.00253497743362585
0,4.86084572962411e-05,0.0024975336686844
0,4.78904691891234e-05,0.00246064297988255
0,4.7183086374792e-05,0.00242429719781704
0,4.64861522041018e-05,0.00238848827375358
0,4.57995123417203e-05,0.00235320827784453
0,4.51230147319945e-05,0.00231844939737281
0,4.44565095652598e-05,0.00228420393502181
0,4.37998492446544e-05,0.00225046430717077
0,4.31528883534753e-05,0.00221722304221549
0,4.2515483622909e-05,0.00218447277891364
1,0.1701418874939,0.00215220626475471
1,0.163164466801118,0.0595972063543539
1,0.143005766183552,0.193587967317166
1,0.117030071278132,0.359570616329108
1,0.0904873902866458,0.526154292200742
1,0.0667015991331331,0.673788384707213
1,0.0474125377090757,0.792556485511899
1,0.0331736069644745,0.879680369022587
1,0.0237372857596245,0.937136078438146
1,0.0183880473133601,0.969618485414264
1,0.0162036869500255,0.982960217361205
1,0.0162416547935035,0.983017498654037
1,0.0176570540672397,0.974976062616602
1,0.0197644328756468,0.962998921030867
1,0.0220574707693061,0.950127463814254
1,0.0242002360676928,0.938351319210689
1,0.0260018259381157,0.92877475504718
1,0.02738366266729,0.921823514345791
1,0.0283460594303877,0.917452540781617
1,0.0289382445282315,0.915329952821404
1,0.0292340386818113,0.914984755752151
1,0.0293138857127954,0.91591477134833
1,0.0292529278247941,0.917657255347307
1,0.0291142266802333,0.91982810090632
1,0.0289459705234155,0.922136963188979
1,0.0287814813748991,0.924385673662742
1,0.0286409588063611,0.926456471324603
1,0.0285340972317978,0.928295292340795
1,0.0284629389909168,0.929893948556708
1,0.0284245399347005,0.931273701644641
1,0.0284132068019185,0.932471625031925
1,0.0284222071267861,0.933530291257928
1,0.0284449518006646,0.934490729297901
1,0.028475712062493,0.935388234860143
1,0.0285099637195727,0.936250441123001
1,0.0285444597946904,0.937097017782245
1,0.0285771261644716,0.937940415668363
1,0.028606859575393,0.9387871730182
1,0.0286332887177461,0.939639417422645
1,0.0286565403313157,0.940496313469952
1,0.0286770357984765,0.941355307327232
1,0.0286953304527886,0.942213099715073
1,0.0287119981928976,0.943066336521002
1,0.028727557708057,0.943912043414487
1,0.0287424331548898,0.944747850772552
1,0.0287569408117077,0.945572062183597
1,0.0287712934132049,0.946383617882532
1,0.0287856149486205,0.947181997274144
1,0.0287999602211351,0.947967095070251
1,0.0288143350732459,0.948739095550512
1,0.0288287146591357,0.949498360374551
1,0.0288430583674646,0.950245337932591
1,0.0288573209199239,0.950980496670563
1,0.0288714597984525,0.951704281096159
1,0.0288854395255216,0.952417087009514
1,0.0288992334910747,0.9531192515646
1,0.028912824043509,0.953811053699726
1,0.0289262014929423,0.954492720955502
1,0.0289393625562522,0.955164439462349
1,0.0289523086377397,0.955826364729944
1,0.0289650442090312,0.95647863167565
1,0.0289775754401767,0.957121363011117
1,0.0289899091468422,0.957754675632535
1,0.0290020520568841,0.958378685028108
1,0.0290140103609711,0.958993507943066
1,0.0290257894921035,0.959599263655158
1,0.0290373940730215,0.960196074242152
1,0.0290488279740055,0.960784064195931
1,0.0290600944324779,0.961363359679641
1,0.0290711961970194,0.961934087653513
1,0.0290821356697506,0.9624963750247
1,0.0290929150311001,0.963050347914654
1,0.0291035363391083,0.963596131088263
1,0.0291140016013705,0.964133847553229
1,0.0291243128216467,0.964663618314986
1,0.0291344720253561,0.965185562259775
1,0.0291444812690442,0.965699796133877
1,0.0291543426388527,0.966206434587823
1,0.0291640582424046,0.966705590258618
1,0.0291736301976007,0.96719737386873
1,0.0291830606208696,0.967681894326687
1,0.0291923516165069,0.968159258819621
1,0.029201505267985,0.968629572892677
1,0.0292105236315594,0.969092940513641
1,0.0292194087320947,0.969549464123439
1,0.0292281625608086,0.96999924467453
1,0.0292367870745194,0.970442381659835
1,0.0292452841959614,0.970878973134911
1,0.0292536558147751,0.971309115735786
1,0.0292619037888469,0.971732904694446
1,0.0292700299457567,0.972150433853445
1,0.029278036084166,0.97256179568061
1,0.0292859239750569,0.972967081284393
1,0.0292936953627696,0.973366380430135
1,0.0293013519658485,0.97375978155722
1,0.0293088954777014,0.974147371797001
1,0.0293163275671204,0.974529236991294
1,0.0293236498786886,0.974905461711203
1,0.0293308640331107,0.975276129276084
1,0.0293379716275073,0.975641321772441
1,0.0293449742356784,0.976001120072654
1,0.0293518734083673,0.976355603853416
1,0.0293586706735292,0.976704851613843
1,0.029365367536607,0.977048940693229
1,0.0293719654808218,0.977387947288431
1,0.0293784659674732,0.977721946470918
1,0.0293848704362443,0.978051012203489
1,0.0293911803055174,0.978375217356676
1,0.0293973969726873,0.97869463372488
1,0.0294035218144757,0.979009332042233
1,0.0294095561872449,0.979319381998216
1,0.0294155014273025,0.97962485225305
1,0.0294213588512069,0.979925810452857
1,0.0294271297560627,0.980222323244603
1,0.0294328154198136,0.980514456290838
1,0.0294384171015258,0.980802274284214
1,0.0294439360416721,0.981085840961804
1,0.0294493734624037,0.981365219119212
1,0.0294547305678248,0.981640470624476
1,0.0294600085442545,0.981911656431775
1,0.0294652085604932,0.982178836594928
1,0.0294703317680778,0.982442070280699
1,0.0294753793015374,0.9827014157819
1,0.0294803522786447,0.982956930530304
1,0.029485251800661,0.983208671109369
1,0.0294900789525816,0.983456693266765
1,0.0294948348033757,0.983701051926725
1,0.0294995204062218,0.983941801202203
1,0.029504136798743,0.984178994406863
1,0.0295086850032347,0.98441268406688
1,0.0295131660268926,0.984642921932577
1,0.029517580862034,0.984869758989881
1,0.0295219304863195,0.985093245471613
1,0.029526215862969,0.985313430868615
1,0.0295304379409744,0.985530363940707
1,0.0295345976553096,0.985744092727483
1,0.0295386959271391,0.985954664558954
1,0.029542733664021,0.986162126066027
1,0.0295467117601078,0.986366523190828
1,0.0295506310963438,0.98656790119688
1,0.0295544925406623,0.986766304679128
1,0.0295582969481754,0.986961777573808
1,0.0295620451613658,0.987154363168182
1,0.0295657380102712,0.987344104110122
1,0.0295693763126683,0.987531042417555
1,0.0295729608742561,0.987715219487768
1,0.0295764924888313,0.987896676106575
1,0.0295799719384662,0.988075452457348
1,0.0295833999936816,0.988251588129918
1,0.0295867774136163,0.988425122129339
1,0.0295901049461966,0.988596092884529
1,0.0295933833283004,0.988764538256776
1,0.0295966132859224,0.988930495548128
1,0.0295997955343332,0.989094001509647
1,0.0296029307782379,0.989255092349553
1,0.0296060197119339,0.989413803741238
1,0.0296090630194612,0.989570170831169
1,0.029612061374757,0.98972422824667
1,0.0296150154418049,0.989876010103589
1,0.0296179258747784,0.990025550013854
1,0.0296207933181909,0.99017288109292
1,0.0296236184070335,0.990318035967092
1,0.0296264017669201,0.990461046780763
1,0.0296291440142229,0.990601945203523
1,0.0296318457562086,0.990740762437174
1,0.0296345075911759,0.990877529222645
1,0.0296371301085849,0.991012275846793
1,0.0296397138891897,0.991145032149112
1,0.0296422595051651,0.991275827528343
1,0.0296447675202351,0.991404690948981
1,0.0296472384897972,0.991531650947692
1,0.0296496729610447,0.991656735639631
1,0.029652071473089,0.991779972724668
1,0.0296544345570779,0.991901389493522
1,0.0296567627363133,0.992021012833807
1,0.029659056526369,0.992138869235982
1,0.0296613164352013,0.99225498479922
1,0.0296635429632655,0.992369385237188
1,0.0296657366036226,0.99248209588374
1,0.029667897842053,0.992593141698526
1,0.0296700271571602,0.992702547272524
1,0.029672125020479,0.992810336833478
1,0.0296741918965784,0.992916534251271
1,0.0296762282431666,0.993021163043208
1,0.0296782345111897,0.99312424637922
1,0.0296802111449341,0.993225807087003
1,0.029682158582123,0.993325867657064
1,0.0296840772540146,0.993424450247711
1,0.0296859675854957,0.99352157668995
1,0.0296878299951795,0.993617268492328
1,0.0296896648954936,0.993711546845693
1,0.0296914726927751,0.993804432627882
1,0.0296932537873589,0.993895946408354
1,0.0296950085736665,0.993986108452735
1,0.029696737440293,0.994074938727313
1,0.029698440770094,0.994162456903458
1,0.029700118940271,0.994248682361974
1,0.0297017723224522,0.994333634197397
1,0.029703401282777,0.994417331222219
1,0.0297050061819779,0.994499791971056
1,0.0297065873754572,0.994581034704752
1,0.0297081452133687,0.994661077414423
1,0.0297096800406944,0.99473993782544
1,0.0297111921973199,0.994817633401356
1,0.0297126820181102,0.994894181347774
1,0.0297141498329854,0.994969598616153
1,0.0297155959669906,0.995043901907567
1,0.029717020740371,0.995117107676399
1,0.0297184244686413,0.995189232133988
1,0.0297198074626552,0.995260291252216
1,0.0297211700286759,0.99533030076705
1,0.0297225124684419,0.995399276182021
1,0.0297238350792346,0.99546723277166
1,0.029725138153945,0.995534185584881
1,0.0297264219811377,0.995600149448312
1,0.0297276868451148,0.995665138969579
1,0.0297289330259791,0.995729168540543
1,0.0297301607996958,0.995792252340482
1,0.0297313704381545,0.995854404339236
1,0.0297325622092279,0.995915638300298
1,0.0297337363768326,0.995975967783863
1,0.0297348932009871,0.99603540614983
1,0.0297360329378682,0.99609396656076
1,0.0297371558398696,0.996151661984795
1,0.029738262155657,0.996208505198524
1,0.0297393521302227,0.996264508789814
1,0.0297404260049403,0.996319685160601
1,0.0297414840176184,0.996374046529633
1,0.0297425264025524,0.996427604935177
1,0.0297435533905777,0.996480372237682
1,0.0297445652091197,0.996532360122413
1,0.029745562082244,0.996583580102029
1,0.0297465442307077,0.996634043519141
1,0.0297475118720063,0.996683761548817
1,0.0297484652204225,0.996732745201061
1,0.0297494044870752,0.996781005323251
1,0.0297503298799633,0.996828552602538
1,0.0297512416040142,0.996875397568217
1,0.0297521398611285,0.996921550594054
1,0.0297530248502238,0.996967021900588
1,0.0297538967672799,0.997011821557389
1,0.0297547558053823,0.997055959485295
1,0.0297556021547642,0.997099445458602
1,0.0297564360028484,0.99714228910723
1,0.0297572575342899,0.997184499918861
1,0.0297580669310156,0.997226087241033
1,0.0297588643722657,0.997267060283214
1,0.0297596500346329,0.997307428118839
1,0.0297604240921012,0.997347199687323
1,0.0297611867160845,0.997386383796036
1,0.0297619380754655,0.997424989122257
1,0.0297626783366316,0.997463024215094
1,0.0297634076635129,0.997500497497377
1,0.029764126217618,0.997537417267525
1,0.0297648341580701,0.99757379170138
1,0.0297655316416421,0.997609628854022
1,0.0297662188227903,0.997644936661549
1,0.0297668958536905,0.997679722942839
1,0.0297675628842708,0.997713995401274
1,0.0297682200622444,0.997747761626454
1,0.029768867533142,0.997781029095873
1,0.0297695054403457,0.997813805176576
1,0.02977013392512,0.997846097126792
1,0.0297707531266409,0.997877912097537
1,0.0297713631820309,0.997909257134204
1,0.0297719642263856,0.997940139178116
1,0.0297725563928062,0.997970565068068
1,0.0297731398124266,0.998000541541841
1,0.029773714614445,0.998030075237693
1,0.0297742809261505,0.998059172695829
1,0.0297748388729522,0.998087840359851
1,0.0297753885784069,0.99811608457818
1,0.0297759301642462,0.99814391160547
1,0.0297764637504032,0.998171327603984
1,0.029776989455041,0.998198338644967
1,0.0297775073945752,0.998224950709985
1,0.0297780176837041,0.99825116969225
1,0.0297785204354299,0.998277001397929
1,0.0297790157610867,0.998302451547423
1,0.0297795037703639,0.998327525776642
1,0.0297799845713302,0.998352229638246
1,0.0297804582704593,0.99837656860288
1,0.0297809249726504,0.998400548060379
1,0.0297813847812549,0.998424173320971
1,0.0297818377980963,0.998447449616442
1,0.0297822841234956,0.998470382101303
1,0.02978272385629,0.99849297585393
1,0.0297831570938587,0.998515235877683
1,0.029783583932141,0.998537167102021
1,0.0297840044656605,0.998558774383591
1,0.0297844187875433,0.998580062507301
1,0.0297848269895411,0.998601036187383
1,0.0297852291620491,0.998621700068436
1,0.0297856253941284,0.998642058726455
1,0.0297860157735244,0.998662116669842
1,0.0297864003866859,0.998681878340407
1,0.0297867793187847,0.998701348114351
1,0.0297871526537352,0.998720530303234
1,0.0297875204742124,0.998739429154932
1,0.0297878828616698,0.998758048854575
1,0.0297882398963567,0.998776393525475
1,0.0297885916573388,0.998794467230039
1,0.0297889382225134,0.998812273970671
1,0.0297892796686265,0.998829817690654
1,0.0297896160712909,0.998847102275025
1,0.0297899475050032,0.998864131551437
1,0.0297902740431588,0.998880909291005
0,-0.140309404241931,0.998897439209142
0,-0.133332285300023,0.941436934966379
0,-0.113173881976214,0.807430898859885
0,-0.0871984799732715,0.641433200331077
0,-0.0606560875578444,0.474834697236696
0,-0.0368705807178777,0.327185996518122
0,-0.0175817994078145,0.208403503277005
0,-0.0033431446396861,0.12126543991837
0,0.00609290466509682,0.0637957601032342
0,0.0114418752274892,0.0312995890821808
0,0.0136259716638233,0.0179442963969121
0,0.0135877437917702,0.0178736546693498
0,0.0121720883303014,0.0259019276169971
0,0.0100644571182715,0.0378661005429362
0,0.00777117054920473,0.0507247806578486
0,0.00562816024855728,0.0624883368883332
0,0.00382632899476443,0.0720524986196999
0,0.00244425444765717,0.07899152008338
0,0.00148162337939894,0.0833504548983406
0,0.000889207437280715,0.0854611819318675
0,0.000593185849191546,0.0857946932703737
0,0.000513114743099119,0.0848531645515938
0,0.000573851865770858,0.0830993374885937
0,0.000712335505893003,0.0809173164122252
0,0.000880377370997443,0.0785974436840737
0,0.0010446553930703,0.0763378853984284
0,0.00118496995368145,0.07425640015606
0,0.00129162659277127,0.0724070494239808
0,0.00136258292524938,0.0707980190250082
0,0.00140078305542068,0.069408044989491
0,0.00141192020046443,0.0682000516266801
0,0.00140272678276354,0.0671314641672221
0,0.00137979186819626,0.0661612514388207
0,0.00134884417569547,0.0652541155685804
0,0.00131440785645343,0.0643824212455356
0,0.00127972984678926,0.0635264966727939
0,0.00124688422978969,0.0626738889497822
0,0.00121697421928313,0.0618180578001479
0,0.0011903710858705,0.0609568736236177
0,0.00116694805123652,0.0600911698522356
0,0.00114628369504577,0.0592234983684286
0,0.00112782264633793,0.0583571565299584
0,0.00111099096961909,0.0574954965560307
0,0.00109526993933284,0.0566414909118767
0,0.00108023536308843,0.0557975073827239
0,0.00106557092733517,0.0549652405695654
0,0.00105106386266041,0.0541457484536333
0,0.00103659014561908,0.0533395498726288
0,0.00102209493933048,0.0525467483831831
0,0.00100757236809446,0.0517671579996626
0,0.000993047245016365,0.0510004153816673
0,0.000978560149206831,0.0502460704830243
0,0.000964156327221022,0.0495036532263128
0,0.000949878265836812,0.0487727174964508
0,0.000935761411760772,0.0480528659096551
0,0.000921832344682683,0.0473437597516948
0,0.000908108686287656,0.0466451185470523
0,0.000894600096981502,0.0459567132406118
0,0.000881309830845667,0.0452783562098185
0,0.000868236454967475,0.0446098904749016
0,0.000855375469531516,0.043951179670118
0,0.000842720676714759,0.0433020996568342
0,0.000830265233488281,0.0426625321329504
0,0.000818002385037708,0.0420323602251215
0,0.000805925914134031,0.0414114658234366
0,0.0007940303616088,0.0407997283056209
0,0.000782311078940778,0.0401970242692441
0,0.000770764170448635,0.039603227917323
0,0.000759386373685,0.0390182118008924
0,0.000748174915413014,0.0384418476928937
0,0.000737127369220769,0.0378740074380567
0,0.00072624153074663,0.03731456368525
0,0.000715515318371329,0.0367633904580694
0,0.000704946701268527,0.03622036355519
0,0.000694533652790263,0.0356853607951885
0,0.000684274124967577,0.0351582621332024
0,0.000674166039038582,0.0346389496814449
0,0.000664207286972196,0.0341273076647386
0,0.000654395739581259,0.0336232223380465
0,0.000644729257718302,0.0331265818872319
0,0.000635205704021202,0.0326372763282249
0,0.000625822953571054,0.0321551974142398
0,0.000616578902576215,0.0316802385561265
0,0.000607471474762755,0.0312122947575159
0,0.000598498625542787,0.030751262564094
0,0.000589658344266442,0.0302970400249808
0,0.000580948654970881,0.0298495266635795
0,0.000572367616059721,0.0294086234551908
0,0.000563913319309217,0.028974232808959
0,0.00055558388852367,0.0285462585521717
0,0.00054737747808481,0.0281246059154449
0,0.000539292271558522,0.0277091815178142
0,0.000531326480454397,0.0272998933511729
0,0.000523478343180228,0.0268966507638174
0,0.000515746124196637,0.0264993644430938
0,0.000508128113349493,0.0261079463972766
0,0.000500622625349334,0.0257223099368873
0,0.000493227999359969,0.0253423696556768
0,0.000485942598661138,0.0249680414114847
0,0.00047876481035608,0.0245992423071513
0,0.000471693045100197,0.0242358906716185
0,0.000464725736835037,0.0238779060413107
0,0.000457861342517296,0.0235252091418519
0,0.000451098341837985,0.023177721870142
0,0.000444435236929719,0.0228353672767961
0,0.000437870552064012,0.0224980695489338
0,0.000431402833340422,0.0221657539932993
0,0.000425030648370406,0.0218383470196886
0,0.000418752585959276,0.021515776124662
0,0.000412567255788976,0.0211979698755217
0,0.000406473288103032,0.0208848578945371
0,0.000400469333395825,0.0205763708434055
0,0.000394554062107033,0.0202724404079396
0,0.000388726164321618,0.0199729992829729
0,0.000382984349475507,0.0196779811574807
0,0.000377327346066852,0.019387320699913
0,0.000371753901372757,0.0191009535437364
0,0.000366262781171134,0.0188188162731847
0,0.000360852769467346,0.0185408464092157
0,0.000355522668225083,0.0182669823956733
0,0.000350271297101745,0.0179971635856524
0,0.000345097493187591,0.0177313302280646
0,0.000340000110748945,0.0174694234544027
0,0.000334978020974652,0.0172113852657015
0,0.000330030111726998,0.0169571585196915
0,0.00032515528729532,0.0167066869181427
0,0.000320352468153706,0.0164599149943968
0,0.000315620590721932,0.0162167881010837
0,0.000310958607130124,0.0159772523980195
0,0.000306365484986526,0.0157412548402838
0,0.000301840207148879,0.0155087431664733
0,0.000297381771499183,0.0152796658871292
0,0.00029298919072171,0.0150539722733346
0,0.000288661492084202,0.0148316123454814
0,0.000284397717222606,0.0146125368622024
0,0.000280196921928683,0.0143966973094672
0,0.00027605817594098,0.0141840458898387
0,0.000271980562738777,0.0139745355118886
0,0.000267963179339026,0.0137681197797689
0,0.00026400513609659,0.013564752982938
0,0.000260105556507156,0.0133643900860377
0,0.000256263577012916,0.0131669867189202
0,0.000252478346811719,0.0129724991668226
0,0.000248749027668416,0.0127808843606862
0,0.000245074793729289,0.0125920998676186
0,0.000241454831339194,0.0124061038814974
0,0.00023788833886132,0.0122228552137119
0,0.000234374526499742,0.0120423132840422
0,0.000230912616124512,0.0118644381116725
0,0.000227501841099265,0.0116891903063377
0,0.000224141446111603,0.0115165310596
0,0.000220830687005624,0.0113464221362555
0,0.000217568830617326,0.0111788258658662
0,0.000214355154612128,0.0110137051344187
0,0.000211188947324914,0.010851023376105
0,0.000208069507602493,0.0106907445652251
0,0.00020499614464832,0.0105328332082088
0,0.000201968177869508,0.0103772543357564
0,0.000198984936726002,0.0102239734950943
0,0.000196045760582325,0.0100729567423454
0,0.000193149998561085,0.00992417063501253
0,0.000190297009398877,0.00977758222457261
0,0.000187486161304345,0.00963315904918008
0,0.000184716831818199,0.00949086912647839
0,0.000181988407675415,0.00935068094651749
0,0.000179300284669393,0.00921256346477599
0,0.000176651867518182,0.00907648609528639
0,0.000174042569732719,0.00894241870386185
0,0.000171471813486757,0.00881033160142301
0,0.000168939029489085,0.00868019553742338
0,0.000166443656857487,0.00855198169337181
0,0.000163985142994302,0.0084256616764507
0,0.00016156294346438,0.00830120751322842
0,0.000159176521874138,0.00817859164346464
0,0.00015682534975317,0.00805778691400713
0,0.000154508906436909,0.00793876657277874
0,0.000152226678951456,0.00782150426285315
0,0.000149978161900044,0.00770597401661819
0,0.00014776285735095,0.00759215025002532
0,0.0001455802747274,0.00748000775692409
0,0.00014342993069881,0.00736952170348024
0,0.000141311349073817,0.0072606676226763
0,0.000139224060694804,0.00715342140889337
0,0.000137167603333987,0.00704775931257298
0,0.000135141521591137,0.00694365793495776
0,0.000133145366792611,0.00684109422290981
0,0.000131178696892095,0.00674004546380563
0,0.000129241076372633,0.0066404892805064
0,0.000127332076150274,0.00654240362640261
0,0.000125451273478946,0.00644576678053186
0,0.000123598251856968,0.00635055734276875
0,0.000121772600934683,0.0062567542290859
0,0.000119973916423641,0.00616433666688486
0,0.000118201800007101,0.00607328419039607
0,0.000116455859251796,0.00598357663614674
0,0.000114735707521046,0.00589519413849563
0,0.000113040963889074,0.00580811712523389
0,0.000111371253056755,0.00572232631325075
0,0.000109726205268418,0.00563780270426335
0,0.000108105456229982,0.00555452758060957
0,0.000106508647028339,0.00547248250110301
0,0.000104935424051808,0.00539164929694922
0,0.000103385438911863,0.00531201006772224
0,0.00010185834836595,0.00523354717740059
0,0.000100353814241526,0.00515624325046175
0,9.88715033611171e-05,0.00508008116803441
0,9.74110874686074e-05,0.00500504406410748
0,9.59722431564183e-05,0.00493111532179516
0,9.45546517940737e-05,0.00485827856965713
0,9.31579994574855e-05,0.00478651767807311
0,9.17819768594674e-05,0.004715816755671
0,9.04262792813387e-05,0.00464616014580771
0,8.90906065053043e-05,0.00457753242310205
0,8.77746627480913e-05,0.00450991839001878
0,8.64781565953487e-05,0.00444330307350313
0,8.52008009371991e-05,0.00437767172166504
0,8.39423129046085e-05,0.00431300980051238
0,8.27024138067428e-05,0.00424930299073239
0,8.1480829069315e-05,0.00418653718452069
0,8.02772881736621e-05,0.00412469848245712
0,7.90915245969734e-05,0.00406377319042776
0,7.79232757531778e-05,0.00400374781659234
0,7.6772282934838e-05,0.00394460906839649
0,7.56382912558209e-05,0.00388634384962816
0,7.45210495948986e-05,0.00382893925751745
0,7.34203105400982e-05,0.00377238257987929
0,7.23358303339472e-05,0.00371666129229836
0,7.12673688194818e-05,0.00366176305535557
0,7.02146893870464e-05,0.0036076757118955
0,6.91775589219124e-05,0.00355438728433423
0,6.81557477526518e-05,0.00350188597200691
0,6.714902960029e-05,0.00345016014855448
0,6.61571815281717e-05,0.00339919835934909
0,6.51799838926187e-05,0.00334898931895744
0,6.42172202942534e-05,0.00329952190864163
0,6.32686775301275e-05,0.00325078517389695
0,6.23341455464679e-05,0.00320276832202602
0,6.14134173921588e-05,0.00315546071974873
0,6.05062891729513e-05,0.00310885189084754
0,5.96125600062919e-05,0.0030629315138475
0,5.8732031976802e-05,0.00301768941973061
0,5.78645100925007e-05,0.00297311558968389
0,5.70098022416032e-05,0.00292920015288071
0,5.61677191499854e-05,0.0028859333842949
0,5.53380743392451e-05,0.00284330570254719
0,5.45206840854365e-05,0.00280130766778338
0,5.37153673783666e-05,0.00275992997958394
0,5.29219458815164e-05,0.00271916347490441
0,5.21402438925615e-05,0.00267899912604624
0,5.13700883044248e-05,0.00263942803865768
0,5.06113085669939e-05,0.00260044144976405
0,4.98637366493013e-05,0.00256203072582726
0,4.91272070023557e-05,0.00252418736083389
0,4.84015565224635e-05,0.00248690297441153
0,4.76866245151079e-05,0.002450169309973
0,4.69822526593597e-05,0.00241397823288788
0,4.6288284972839e-05,0.00237832172868115
0,4.56045677771494e-05,0.00234319190125838
0,4.49309496638461e-05,0.00230858097115714
0,4.42672814609281e-05,0.00227448127382426
0,4.36134161997878e-05,0.00224088525791851
0,4.29692090826682e-05,0.00220778548363837
0,4.23345174505943e-05,0.00217517462107449
0,4.17092007517911e-05,0.0021430454485865
0,4.10931205105519e-05,0.00211139085120377
0,4.04861402965653e-05,0.00208020381904982
0,3.98881256947307e-05,0.00204947744578999
0,3.92989442753386e-05,0.00201920492710204
0,3.8718465564809e-05,0.00198937955916931
0,3.81465610167532e-05,0.00195999473719623
0,3.75831039835309e-05,0.00193104395394563
0,3.70279696881894e-05,0.00190252079829776
0,3.64810351968295e-05,0.00187441895383053
0,3.59421793914017e-05,0.00184673219742077
0,3.54112829428731e-05,0.00181945439786611
0,3.48882282847941e-05,0.00179257951452723
0,3.43728995872705e-05,0.00176610159599017
0,3.38651827313172e-05,0.00174001477874841
0,3.33649652835936e-05,0.00171431328590438
0,3.28721364714762e-05,0.00168899142589018
0,3.23865871585602e-05,0.0016640435912072
0,3.19082098204672e-05,0.00163946425718434
0,3.14368985210554e-05,0.00161524798075456
0,3.09725488889488e-05,0.00159138939924955
0,3.0515058094413e-05,0.00156788322921213
0,3.00643248266098e-05,0.00154472426522629
0,2.96202492711464e-05,0.0015219073787644
0,2.91827330879645e-05,0.00149942751705154
0,2.87516793895728e-05,0.00147727970194657
0,2.83269927196031e-05,0.00145545902883969
0,2.79085790316456e-05,0.00143396066556636
0,2.74963456684402e-05,0.00141277985133719
0,2.70902013413572e-05,0.00139191189568371
0,2.66900561101627e-05,0.00137135217741961
0,2.62958213631363e-05,0.00135109614361744
0,2.59074097974168e-05,0.00133113930860035
0,2.55247353996759e-05,0.00131147725294873
1,0.170125147713427,0.00129210562252153
1,0.163147974281388,0.0587498101274921
1,0.142989517272315,0.192753087850694
1,0.117014062377084,0.358748068739868
1,0.0904716178506332,0.525343894336456
1,0.0666860596693666,0.672989957106148
1,0.0473972277763578,0.791769851363124
1,0.0331585231724368,0.878905354126816
1,0.0237224247679779,0.936372511169167
1,0.0183734058311541,0.968866196680926
1,0.0161892617349193,0.98221904056998
1,0.016227442651049,0.982287269672123
1,0.0176430518501732,0.974256619735578
1,0.0197506374831926,0.962290104930881
1,0.0220438791464894,0.949429117528746
1,0.024186845204663,0.937663288091625
1,0.0259886328694809,0.928096886730811
1,0.0273706644714593,0.921155658718909
1,0.0283332532289248,0.916794549948313
1,0.0289256274852163,0.914681681070318
1,0.0292216080032139,0.914346059524202
1,0.0293016386458549,0.915285509204926
1,0.029240861657411,0.917037287939025
1,0.0291023387403679,0.919217290942045
1,0.0289342581784962,0.921535175405502
1,0.0287699420312401,0.923792774794807
1,0.0286295899085866,0.925872330075394
1,0.0285228962622779,0.927719779352864
1,0.0284519034692089,0.929326936383322
1,0.0284136674170005,0.930715064721566
1,0.0284024948805186,0.931921239649616
1,0.0284116534295431,0.932988035534135
1,0.0284345539904733,0.933956483150679
1,0.0284654678367697,0.934861879981259
1,0.0284998708097446,0.935731860951733
1,0.0285345159656942,0.936586097479573
1,0.0285673292142561,0.937437042091537
1,0.0285972073344347,0.938291234695683
1,0.0286237790485664,0.939150804529431
1,0.0286471711280087,0.940014917803241
1,0.0286678049862423,0.940881022282474
1,0.0286862359874736,0.941745820262355
1,0.0287030380605424,0.942605959181794
1,0.02871872992445,0.943458466238722
1,0.0287337357651274,0.944300973316053
1,0.028748371889763,0.945131785485833
1,0.0287628510614988,0.945949844444703
1,0.0287772972976035,0.94675463103759
1,0.0287917654288723,0.94754604139518
1,0.0288062613250097,0.94832426119504
1,0.0288207601670027,0.949089653474057
1,0.0288352213699212,0.949842667979373
1,0.0288495996814759,0.950583774493794
1,0.0288638526092393,0.95131341884214
1,0.02887794470094,0.952031998122219
1,0.0288918493714039,0.952739850766511
1,0.0289055489935433,0.953437256972944
1,0.0289190339016296,0.954124445523146
1,0.0289323008363376,0.954801603770221
1,0.0289453512254128,0.955468888428471
1,0.0289581895635802,0.956126435602091
1,0.0289708220436478,0.95677436917203
1,0.0289832555037033,0.957412807186508
1,0.0289954966936925,0.958041866268744
1,0.0290075518260493,0.958661664282212
1,0.0290194263552157,0.959272321606394
1,0.0290311249250581,0.959873961404512
1,0.0290426514266702,0.960466709237875
1,0.0290540091179807,0.961050692323256
1,0.0290652007677745,0.961626038658949
1,0.0290762287980764,0.96219287617484
1,0.0290870954089264,0.962751332000004
1,0.0290978026776856,0.963301531892071
1,0.0291083526309859,0.96384359983682
1,0.0291187472913419,0.964377657803317
1,0.0291289887026505,0.964903825627198
1,0.0291390789396613,0.965422220990119
1,0.0291490201064535,0.965932959464167
1,0.0291588143283195,0.966436154594292
1,0.0291684637405702,0.966931917997498
1,0.0291779704767878,0.967420359463632
1,0.0291873366581668,0.967901587048129
1,0.0291965643848295,0.968375707151612
1,0.0292056557294351,0.968842824584708
1,0.0292146127330102,0.969303042618735
1,0.0292234374026952,0.969756463024277
1,0.0292321317109958,0.9702031861003
1,0.0292406975961019,0.970643310696495
1,0.0292491369628824,0.971076934231296
1,0.0292574516842254,0.971504152707538
1,0.0292656436024938,0.971925060727238
1,0.0292737145309105,0.972339751506466
1,0.0292816662548054,0.972748316890871
1,0.0292895005326543,0.973150847372096
1,0.0292972190969285,0.9735474321051
1,0.0293048236547582,0.973938158926242
1,0.029312315888453,0.974323114371931
1,0.0293196974559142,0.974702383697606
1,0.0293269699909702,0.975076050896845
1,0.0293341351036691,0.975444198720418
1,0.0293411943805484,0.97580690869516
1,0.029348149384901,0.976164261142551
1,0.0293550016570454,0.97651633519697
1,0.0293617527146057,0.976863208823589
1,0.0293684040528053,0.977204958835902
1,0.0293749571447666,0.977541660912906
1,0.0293814134418224,0.97787338961595
1,0.0293877743738324,0.97820021840528
1,0.0293940413494995,0.978522219656298
1,0.0294002157566868,0.978839464675555
1,0.0294062989627308,0.979152023716496
1,0.0294122923147553,0.979459965994978
1,0.0294181971399714,0.979763359704547
1,0.0294240147459817,0.980062272031514
1,0.0294297464210704,0.980356769169801
1,0.0294353934344949,0.980646916335586
1,0.0294409570367655,0.980932777781734
1,0.0294464384599249,0.981214416812023
1,0.0294518389178193,0.98149189579516
1,0.0294571596063704,0.981765276178597
1,0.0294624017038361,0.982034618502138
1,0.0294675663710722,0.982299982411356
1,0.029472654751789,0.982561426670798
1,0.0294776679728048,0.982819009177006
1,0.0294826071442931,0.98307278697134
1,0.0294874733600292,0.98332281625261
1,0.0294922676976335,0.983569152389521
1,0.029496991218807,0.983811849932941
1,0.0295016449695698,0.984050962627974
1,0.02950622998049,0.984286543425865
1,0.0295107472669145,0.984518644495726
1,0.0295151978291903,0.98474731723609
1,0.0295195826528905,0.984972612286288
1,0.0295239027090295,0.985194579537667
1,0.0295281589542788,0.985413268144635
1,0.0295323523311788,0.985628726535552
1,0.0295364837683485,0.985841002423444
1,0.0295405541806906,0.986050142816581
1,0.0295445644695929,0.986256194028876
1,0.0295485155231292,0.986459201690148
1,0.0295524082162573,0.986659210756227
1,0.0295562434110082,0.986856265518904
1,0.0295600219566827,0.987050409615744
1,0.0295637446900359,0.987241686039748
1,0.0295674124354621,0.987430137148874
1,0.0295710260051805,0.987615804675416
1,0.0295745861994114,0.98779872973525
1,0.0295780938065568,0.987978952836931
1,0.0295815496033722,0.988156513890672
1,0.0295849543551399,0.988331452217177
1,0.0295883088158386,0.988503806556349
1,0.0295916137283099,0.988673615075871
1,0.0295948698244233,0.988840915379657
1,0.029598077825238,0.989005744516179
1,0.0296012384411624,0.98916813898667
1,0.0296043523721106,0.989328134753213
1,0.0296074203076602,0.989485767246696
1,0.0296104429272015,0.989641071374667
1,0.0296134209000911,0.989794081529056
1,0.0296163548857971,0.989944831593798
1,0.029619245534048,0.990093354952331
1,0.0296220934849742,0.990239684494994
1,0.0296248993692521,0.990383852626306
1,0.0296276638082416,0.990525891272145
1,0.0296303874141244,0.990665831886814
1,0.0296330707900399,0.990803705460014
1,0.0296357145302191,0.990939542523698
1,0.0296383192201155,0.991073373158837
1,0.0296408854365351,0.991205227002081
1,0.0296434137477632,0.991335133252321
1,0.0296459047136921,0.991463120677158
1,0.0296483588859433,0.991589217619268
1,0.0296507768079903,0.991713452002683
1,0.0296531590152795,0.991835851338974
1,0.0296555060353485,0.991956442733342
1,0.0296578183879423,0.99207525289062
1,0.0296600965851281,0.992192308121191
1,0.0296623411314114,0.992307634346808
1,0.0296645525238441,0.992421257106341
1,0.0296667312521359,0.992533201561427
1,0.0296688777987653,0.992643492502044
1,0.029670992639081,0.992752154352004
1,0.0296730762414139,0.992859211174355
1,0.0296751290671742,0.992964686676715
1,0.0296771515709582,0.993068604216521
1,0.0296791442006477,0.9931709868062
1,0.0296811073975076,0.993271857118266
1,0.0296830415962865,0.993371237490341
1,0.0296849472253107,0.993469149930102
1,0.0296868247065785,0.993565616120152
1,0.0296886744558575,0.993660657422826
1,0.0296904968827718,0.993754294884918
1,0.029692292390896,0.993846549242342
1,0.0296940613778442,0.993937440924726
1,0.0296958042353557,0.994026990059936
1,0.0296975213493846,0.994115216478531
1,0.0296992131001845,0.994202139718157
1,0.029700879862391,0.994287779027871
1,0.0297025220051075,0.994372153372406
1,0.0297041398919848,0.99445528143637
1,0.0297057338813014,0.994537181628383
1,0.0297073043260452,0.994617872085155
1,0.0297088515739889,0.994697370675499
1,0.0297103759677695,0.994775695004294
1,0.0297118778449625,0.994852862416377
1,0.0297133575381563,0.994928890000388
1,0.0297148153750275,0.995003794592555
1,0.0297162516784129,0.995077592780418
1,0.0297176667663799,0.995150300906507
1,0.0297190609522984,0.995221935071958
1,0.0297204345449098,0.995292511140079
1,0.0297217878483937,0.995362044739865
1,0.0297231211624389,0.995430551269455
1,0.0297244347823056,0.995498045899549
1,0.0297257289988935,0.995564543576758
1,0.0297270040988058,0.995630059026922
1,0.0297282603644116,0.995694606758366
1,0.02972949807391,0.995758201065117
1,0.0297307175013899,0.995820856030065
1,0.0297319189168928,0.995882585528084
1,0.0297331025864704,0.995943403229106
1,0.0297342687722455,0.996003322601143
1,0.0297354177324678,0.996062356913278
1,0.0297365497215747,0.996120519238593
1,0.029737664990243,0.996177822457075
1,0.029738763785448,0.996234279258458
1,0.0297398463505165,0.996289902145041
1,0.0297409129251813,0.996344703434452
1,0.0297419637456346,0.996398695262378
1,0.0297429990445799,0.996451889585249
1,0.0297440190512817,0.996504298182894
1,0.0297450239916202,0.996555932661138
1,0.029746014088138,0.996606804454381
1,0.0297469895600919,0.996656924828127
1,0.0297479506234981,0.996706304881478
1,0.0297488974911833,0.996754955549595
1,0.0297498303728303,0.996802887606115
1,0.0297507494750249,0.996850111665541
1,0.0297516550013013,0.996896638185589
1,0.0297525471521869,0.996942477469507
1,0.0297534261252483,0.996987639668357
1,0.0297542921151326,0.997032134783256
1,0.029755145313612,0.997075972667602
1,0.0297559859096272,0.997119163029245
1,0.0297568140893267,0.997161715432646
1,0.0297576300361106,0.997203639300988
1,0.0297584339306685,0.997244943918266
1,0.0297592259510229,0.997285638431344
1,0.0297600062725654,0.997325731851978
1,0.0297607750680975,0.997365233058812
1,0.0297615325078679,0.997404150799345
0,-0.140337721240389,0.997442493691871
0,-0.133360184032416,0.940003480227381
0,-0.113201368620687,0.806018617462152
0,-0.0872255606167129,0.640041779526416
0,-0.0606827681972326,0.473463828896468
0,-0.0368968672616121,0.325835377065012
0,-0.0176076976770216,0.207072833617789
0,-0.00336866036950978,0.119954425377686
0,0.00606776582422597,0.0625041103583253
0,0.0114171077086014,0.0300270180986027
0,0.0136015699821787,0.0166905223651918
0,0.0135637025436425,0.016638399942579
0,0.0121484021917819,0.0246849186493476
0,0.0100411208440907,0.0366670678290837
0,0.00774817897156965,0.0495434586732904
0,0.00560550827600792,0.061324464030589
0,0.00380401161104593,0.0709058171503794
0,0.00242226671060908,0.0778617760711075
0,0.0014599604198603,0.0822373981625221
0,0.000867864458012568,0.0843645659872883
0,0.00057215812381417,0.0847142752726147
0,0.000492397615045159,0.0837887052432535
0,0.00055344074725483,0.0820506011463054
0,0.00069222587689477,0.079884070794456
0,0.00086056477826113,0.0775794599796949
0,0.00102513544911886,0.0753349381760455
0,0.00116573833584421,0.0732682673140914
0,0.00127267904222705,0.0714335121414736
0,0.00134391524608368,0.0698388617131802
0,0.00138239111369609,0.0684630552439889
0,0.00139379992330513,0.0672690201805432
0,0.00138487415745381,0.0662141848445399
0,0.00136220294129163,0.0652575211090757
0,0.00133151505214668,0.0643637341016649
0,0.00129733469874493,0.0635051914674332
0,0.00126290887408853,0.0626622243219157
0,0.00123031171711074,0.0618223826339473
0,0.00120064649666063,0.0609791289542003
0,0.00117428453754786,0.0601303364676685
0,0.001151099114865,0.0592768413505223
0,0.00113066886089552,0.058421198188782
0,0.00111243845652076,0.0575667070038682
0,0.00109583401732283,0.0567167226393012
0,0.00108033686806652,0.0558742201458631
0,0.00106552286593975,0.055041569856142
0,0.0010510757462372,0.0542204688808645
0,0.00103678278767116,0.0534119776739255
0,0.00102252001420977,0.0526166175091656
0,0.00100823263568572,0.0518344943433716
0,0.000993914822421949,0.0510654245556132
0,0.00097959143286741,0.0503090471352649
0,0.000965303090806446,0.0495649143315158
0,0.000951095086807796,0.0488325583284025
0,0.000937009951013201,0.0481115352388967
0,0.000923083172852168,0.0474014498743588
0,0.00090934137410692,0.0467019656832773
0,0.000895802217932617,0.0460128043209087
0,0.000882475405593053,0.0453337388314381
0,0.000869364231424141,0.0446645836606031
0,0.000856467302172592,0.0440051838663749
0,0.000843780157097018,0.0433554050906532
0,0.000831296636871315,0.0427151251727926
0,0.000819009936394444,0.0420842277594652
0,0.000806913338220139,0.0414625978973122
0,0.000795000661935275,0.0408501193680496
0,0.000783266484643552,0.0402466734130886
0,0.000771706193560096,0.0396521384661564
0,0.000760315928212074,0.0390663905393061
0,0.000749092460840595,0.0384893039658874
0,0.000738033052384846,0.0379207522748305
0,0.000727135310104154,0.0373606090409166
0,0.000716397062810792,0.0368087486175112
0,0.000705816261569514,0.0362650467075301
0,0.000695390907755056,0.0357293807641636
0,0.000685119006445023,0.0352016302360651
0,0.00067499854092723,0.0346816766843709
0,0.000665027463234991,0.0341694038035713
0,0.000655203695677675,0.0336646973773942
0,0.000645525138960212,0.0331674451966816
0,0.000635989683385685,0.0326775369604897
0,0.000626595220607762,0.0321948641755904
0,0.000617339654294502,0.0317193200640184
0,0.000608220908819124,0.0312507994837488
0,0.000599236935656278,0.030789198864162
0,0.000590385717557207,0.0303344161556341
0,0.000581665270807108,0.029886350791227
0,0.000573073645980193,0.0294449036578437
0,0.000564608927625498,0.0290099770741442
0,0.000556269233278228,0.0285814747727902
0,0.000548052712121272,0.0281593018850369
0,0.000539957543540137,0.027743364926207
0,0.000531981935735004,0.0273335717810672
0,0.000524124124485992,0.0269298316885452
0,0.000516382372113044,0.0265320552255527
0,0.000508754966635605,0.0261401542899029
0,0.0005012402211102,0.0257540420824581
0,0.000493836473115572,0.0253736330887121
0,0.000486542084345509,0.0249988430600325
0,0.00047935544027744,0.024629588994777
0,0.000472274949883944,0.0242657891194573
0,0.000465299045366963,0.0239073628700891
0,0.000458426181896399,0.0235542308738182
0,0.000451654837343607,0.0232063149308792
0,0.000444983512005392,0.0228635379969097
0,0.000438410728315686,0.0225258241656241
0,0.00043193503054767,0.0221930986518338
0,0.000425554984506915,0.0218652877747946
0,0.00041926917721985,0.0215423189418589
0,0.000413076216620151,0.0212241206324086
0,0.00040697473123541,0.0209106223820501
0,0.000400963369876411,0.0206017547670544
0,0.000395040801330737,0.0202974493890294
0,0.000389205714060897,0.0199976388598144
0,0.000383456815908595,0.0197022567865919
0,0.000377792833803986,0.0194112377572099
0,0.000372212513481324,0.0191245173257138
0,0.00036671461919896,0.0188420319980848
0,0.000361297933465593,0.0185637192181833
0,0.000355961256769871,0.0182895173538967
0,0.000350703407315411,0.0180193656834882
0,0.000345523220759758,0.0177532043821471
0,0.000340419549956922,0.0174909745087364
0,0.000335391264704055,0.0172326179927365
0,0.000330437251491539,0.0169780776213832
0,0.000325556413257239,0.0167272970269944
0,0.000320747669143168,0.0164802206744871
0,0.000316009954256846,0.0162367938490771
0,0.000311342219435323,0.0159969626441626
0,0.000306743431013112,0.0157606739493865
0,0.000302212570592875,0.0155278754388748
0,0.000297748634820183,0.0152985155596499
0,0.000293350635161199,0.0150725435202142
0,0.000289017597683544,0.0148499092793032
0,0.000284748562840886,0.0146305635348034
0,0.000280542585260224,0.0144144577128354
0,0.000276398733532385,0.014201543956997
0,0.000272316090006025,0.0139917751177657
0,0.000268293750584264,0.0137851047420574
0,0.000264330824524428,0.0135814870629398
0,0.000260426434240818,0.0133808769894969
0,0.000256579715110505,0.0131832300968439
0,0.000252789815281651,0.0129885026162894
0,0.000249055895485073,0.0127966514256426
0,0.000245377128848201,0.0126076340396642
0,0.000241752700712139,0.0124214086006578
0,0.000238181808451171,0.0122379338692006
0,0.000234663661295043,0.0120571692150111
0,0.00023119748015385,0.0118790746079515
0,0.000227782497445483,0.0117036106091631
0,0.000224417956925738,0.0115307383623323
0,0.000221103113520721,0.0113604195850865
0,0.000217837233161933,0.0111926165605159
0,0.000214619592623699,0.0110272921288216
0,0.000211449479362941,0.0108644096790864
0,0.00020832619136156,0.0107039331411672
0,0.000205249036970764,0.0105458269777077
0,0.000202217334758018,0.0103900561762684
0,0.000199230413356122,0.010236586241573
0,0.000196287611314586,0.0100853831878701
0,0.000193388276953088,0.00993641353140612
0,0.000190531768217095,0.00978964428301131
0,0.000187717452535888,0.00964504294079375
0,0.000184944706682247,0.00950257748294202
0,0.000182212916634589,0.00936221636063401
0,0.000179521477440978,0.00922392849105042
0,0.000176869793085108,0.00908768325049155
0,0.000174257276354325,0.00895345046759569
0,0.000171683348709609,0.00882120041665772
0,0.000169147440157447,0.00869090381104638
0,0.000166648989123649,0.00856253179671876
0,0.000164187442328892,0.00843605594583061
0,0.000161762254666339,0.00831144825044106
0,0.000159372889080772,0.00818868111631021
0,0.000157018816449736,0.00806772735678853
0,0.000154699515466386,0.0079485601867963
0,0.000152414472524079,0.00783115321689215
0,0.00015016318160245,0.00771548044742909
0,0.000147945144155559,0.007601516262797
0,0.000145759869001422,0.00748923542574998
0,0.000143606872213223,0.00737861307181767
0,0.000141485677012096,0.00726962470379898
0,0.000139395813661694,0.00716224618633727
0,0.000137336819364009,0.00705645374057555
0,0.000135308238157009,0.0069522239388907
0,0.00013330962081351,0.00684953369970547
0,0.00013134052474191,0.00674836028237704
0,0.000129400513887976,0.00664868128216118
0,0.000127489158638402,0.0065504746252507
0,0.000125606035725617,0.00645371856388726
0,0.000123750728134087,0.00635839167154533
0,0.000121922825007961,0.00626447283818732
0,0.000120121921560051,0.00617194126558878
0,0.000118347618982217,0.00608077646273267
0,0.000116599524357081,0.00599095824127165
0,0.000114877250570994,0.00590246671105735
0,0.000113180416228237,0.00581528227573577
0,0.000111508645566666,0.00572938562840767
0,0.000109861568374531,0.00564475774735304
0,0.000108238819908305,0.00556137989181883
0,0.000106640040812109,0.00547923359786877
0,0.000105064877038055,0.00539830067429458
0,0.000103512979767795,0.00531856319858755
0,0.000101984005335364,0.00524000351296962
0,0.000100477615151015,0.00516260422048306
0,9.89934756262592e-05,0.00508634818113796
0,9.75312581000046e-05,0.00501121850811656
0,9.60906387657695e-05,0.00493719856403375
0,9.46712985999409e-05,0.00486427195725265
0,9.32729232911711e-05,0.0047924225382548
0,9.18952031707526e-05,0.00472163439606377
0,9.05378331440485e-05,0.00465189185472176
0,8.92005126229278e-05,0.00458317946981815
0,8.78829454592084e-05,0.00451548202506934
0,8.65848398790628e-05,0.00444878452894914
0,8.53059084184038e-05,0.0043830722113689
0,8.40458678592407e-05,0.00431833052040671
0,8.28044391669516e-05,0.00425454511908487
0,8.1581347428486e-05,0.004191701882195
0,8.03763217914824e-05,0.00412978689317
0,7.91890954043376e-05,0.00406878644100228
0,7.80194053570382e-05,0.00400868701720743
0,7.68669926229787e-05,0.00394947531283281
0,7.57316020016038e-05,0.00389113821551031
0,7.46129820618849e-05,0.00383366280655257
0,7.35108850866348e-05,0.00377703635809222
0,7.2425067017684e-05,0.00372124633026327
0,7.1355287401785e-05,0.00366628036842418
0,7.03013093373769e-05,0.00361212630042192
0,6.92628994221692e-05,0.0035587721338965
0,6.82398277014051e-05,0.00350620605362523
0,6.72318676169445e-05,0.00345441641890629
0,6.62387959571228e-05,0.00340339176098087
0,6.52603928072912e-05,0.00335312078049345
0,6.42964415011119e-05,0.00330359234498958
0,6.33467285726247e-05,0.00325479548645059
0,6.24110437089168e-05,0.00320671939886474
0,6.14891797035763e-05,0.00315935343583423
0,6.05809324108336e-05,0.0031126871082176
0,5.96861007002916e-05,0.00306671008180687
0,5.88044864124268e-05,0.0030214121750391
0,5.79358943147146e-05,0.00297678335674165
0,5.70801320583653e-05,0.0029328137439108
0,5.62370101357609e-05,0.00288949359952316
0,5.54063418384335e-05,0.00284681333037945
0,5.45879432158128e-05,0.00280476348498005
0,5.37816330343915e-05,0.00276333475143202
0,5.29872327376425e-05,0.00272251795538695
0,5.22045664064878e-05,0.00268230405800933
0,5.14334607203161e-05,0.00264268415397494
0,5.06737449185932e-05,0.0026036494694987
0,4.99252507630797e-05,0.00256519136039182
0,4.91878125005452e-05,0.00252730131014748
0,4.84612668260817e-05,0.00248997092805487
0,4.77454528469388e-05,0.00245319194734111
0,4.70402120468817e-05,0.00241695622334055
0,4.63453882510907e-05,0.00238125573169115
0,4.56608275915885e-05,0.00234608256655753
0,4.49863784731455e-05,0.00231142893888015
0,4.43218915397448e-05,0.00227728717465052
0,4.36672196414585e-05,0.00224364971321173
0,4.30222178019087e-05,0.00221050910558419
0,4.23867431861326e-05,0.00217785801281606
0,4.17606550689627e-05,0.00214568920435802
0,4.11438148038498e-05,0.00211399555646211
0,4.05360857921935e-05,0.00208277005060417
0,3.99373334530571e-05,0.00205200577192955
0,3.93474251933687e-05,0.0020216959077219
0,3.87662303786007e-05,0.00199183374589446
0,3.8193620303769e-05,0.00196241267350367
0,3.76294681649972e-05,0.00193342617528474
0,3.70736490314036e-05,0.0019048678322089
0,3.65260398174326e-05,0.00187673132006182
0,3.59865192556229e-05,0.00184901040804323
0,3.54549678697226e-05,0.00182169895738702
0,3.49312679482523e-05,0.00179479092000188
0,3.44153035184286e-05,0.00176828033713192
0,3.39069603204796e-05,0.00174216133803714
0,3.34061257823599e-05,0.00171642813869333
0,3.29126889947913e-05,0.00169107504051123
0,3.2426540686737e-05,0.00166609642907456
0,3.19475732011749e-05,0.00164148677289674
0,3.14756804712761e-05,0.00161724062219592
0,3.10107579968959e-05,0.00159335260768817
3.5527136788005e-13,3.05527028818878e-05,0.00156981743939841
1,0.170130101413507,0.0015466299055094
1,0.163152854811115,0.0590005748711531
1,0.142994325712479,0.193000148586595
1,0.117018799792513,0.358991480179331
1,0.0904762852904214,0.525583710382675
1,0.0666906581671152,0.673226230866125
1,0.0474017583503995,0.792002635159426
1,0.0331629868260622,0.879134699509167
1,0.0237268224896581,0.936598468925854
1,0.0183777385947592,0.969088816850055
1,0.0161935304999351,0.982438372450548
1,0.0162316483627883,0.982503361834941
1,0.0176471954399864,0.974469520034024
1,0.0197547198686727,0.962499860511499
1,0.0220479012316763,0.949635774841682
1,0.0241908078802433,0.93786689290092
1,0.0259925370129847,0.92829748412453
1,0.0273745109474548,0.921353293119128
1,0.0283370428892099,0.916989265120958
1,0.0289293611690076,0.914873520134854
1,0.0292252865373314,0.914535064963183
1,0.029305262844906,0.915471722873402
1,0.0292444323239708,0.917220751073812
1,0.0291058566651567,0.919398044170858
1,0.0289377241405546,0.921713258755947
1,0.0287733567981014,0.923968227703251
1,0.0286329542364478,0.926045191395695
1,0.0285262108961655,0.927890087364973
1,0.0284551691431452,0.929494728801766
1,0.0284168848541653,0.930880378703794
1,0.0284056647934101,0.932084111804233
1,0.0284147765201346,0.933148501929004
1,0.0284376309503704,0.934114579320909
1,0.0284684993473614,0.935017640937077
1,0.0285028575423558,0.935885321186236
1,0.0285374585817337,0.936737290976364
1,0.028570228365363,0.937586002332253
1,0.0286000636626227,0.938437994667409
1,0.0286265931863663,0.939295396732004
1,0.0286499436986087,0.94015737425645
1,0.0286705366036246,0.941021374533145
1,0.0286889272565523,0.941884099391343
1,0.0287056895772964,0.942742195810862
1,0.0287213422760544,0.943592690537326
1,0.028736309530085,0.944433215008019
1,0.0287509076380308,0.945262073855942
1,0.0287653493546161,0.946078208345174
1,0.0287797586888143,0.946881098894469
1,0.0287941904632489,0.947670641214638
1,0.0288086505395735,0.948447020569573
1,0.0288231140908428,0.949210599588597
1,0.0288375405243111,0.949961827617306
1,0.0288518845799903,0.950701174042894
1,0.0288661037578666,0.951429084300411
1,0.028880162598194,0.952145955103652
1,0.0288940345084359,0.952852124506756
1,0.0289077018542496,0.953547872334901
1,0.0289211549627588,0.954233427002466
1,0.0289343905675963,0.954908975500737
1,0.0289474100895699,0.955574674187536
1,0.0289602180165687,0.956230658815848
1,0.0289728205346667,0.956877052920596
1,0.0289852244753162,0.95751397420909
1,0.0289974365819266,0.958141538968668
1,0.02900946306049,0.958759864731891
1,0.0290213093591041,0.959369071552212
1,0.0290329801153832,0.95996928227164
1,0.0290444792142621,0.960560622135017
1,0.0290558099076013,0.961143218047321
1,0.0290669749582062,0.961717197699658
1,0.029077976782212,0.962282688719265
1,0.0290888175738548,0.962839817937037
1,0.0290994994047791,0.963388710816827
1,0.0291100242959823,0.963929491054979
1,0.0291203942644296,0.964462280335396
1,0.0291306113485497,0.964987198212766
1,0.0291406776177057,0.965504362091945
1,0.0291505951706679,0.96601388727231
1,0.0291603661275006,0.966515887030128
1,0.0291699926183626,0.967010472717687
1,0.0291794767717595,0.967497753864034
1,0.0291888207038853,0.967977838267649
1,0.029198026509935,0.968450832076001
1,0.029207096257714,0.9689168398503
1,0.0292160319834653,0.96937596461613
1,0.0292248356896183,0.969828307901973
1,0.0292335093440363,0.970273969768268
1,0.0292420548803349,0.970713048829703
1,0.0292504741988771,0.971145642273176
1,0.0292587691681119,0.971571845873414
1,0.0292669416260263,0.971991754007688
1,0.0292749933815353,0.972405459670646
1,0.0292829262157224,0.972813054489783
1,0.0292907418828809,0.97321462874181
1,0.0292984421113605,0.973610271369933
1,0.0293060286042301,0.974000070001881
1,0.0293135030398004,0.974384110968517
1,0.0293208670720304,0.974762479322769
1,0.029328122330865,0.975135258858696
1,0.0293352704225271,0.975502532130498
1,0.0293423129297852,0.975864380471338
1,0.0293492514122171,0.97622088401189
1,0.0293560874064844,0.976572121698544
1,0.0293628224266054,0.97691817131126
1,0.0293694579642518,0.977259109481053
1,0.0293759954890478,0.977595011707138
1,0.0293824364488791,0.97792595237374
1,0.0293887822702081,0.978252004766593
1,0.0293950343583915,0.978573241089169
1,0.0294011940979955,0.978889732478623
1,0.0294072628531099,0.979201549021514
1,0.0294132419676563,0.97950875976927
1,0.0294191327656945,0.979811432753444
1,0.0294249365517201,0.980109635000739
1,0.0294306546109573,0.980403432547833
1,0.0294362882096473,0.98069289045598
1,0.0294418385953306,0.98097807282541
1,0.0294473069971226,0.98125904280952
1,0.0294526946259865,0.981535862628856
1,0.0294580026750029,0.9818085935849
1,0.02946323231963,0.982077296073642
1,0.0294683847179666,0.982342029598962
1,0.0294734610110068,0.98260285278581
1,0.0294784623228908,0.982859823393192
1,0.0294833897611553,0.983112998326965
1,0.0294882444169775,0.983362433652434
1,0.029493027365417,0.983608184606777
1,0.0294977396656537,0.983850305611271
1,0.0295023823612222,0.984088850283346
1,0.0295069564802428,0.98432387144846
1,0.0295114630356499,0.984555421151795
1,0.0295159030254148,0.984783550669784
1,0.0295202774327694,0.98500831052146
1,0.0295245872264205,0.985229750479654
1,0.0295288333607675,0.985447919582004
1,0.0295330167761125,0.985662866141825
1,0.0295371383988678,0.985874637758801
1,0.0295411991417622,0.986083281329529
1,0.029545199904043,0.986288843057905
1,0.0295491415716744,0.98649136846535
1,0.0295530250175342,0.9866909024009
1,0.029556851101608,0.986887489051128
1,0.0295606206711776,0.987081171949937
1,0.0295643345610097,0.987271993988196
1,0.0295679935935422,0.987459997423239
1,0.029571598579063,0.987645223888224
1,0.0295751503158928,0.987827714401354
1,0.0295786495905594,0.988007509374954
1,0.0295820971779739,0.988184648624429
1,0.0295854938416005,0.988359171377073
1,0.0295888403336273,0.988531116280763
1,0.0295921373951304,0.988700521412512
1,0.0295953857562412,0.988867424286904
1,0.0295985861363059,0.989031861864401
1,0.0296017392440446,0.989193870559526
1,0.0296048457777101,0.989353486248932
1,0.0296079064252408,0.98951074427934
1,0.0296109218644134,0.989665679475372
1,0.0296138927629943,0.98981832614726
1,0.0296168197788858,0.989968718098445
1,0.0296197035602714,0.990116888633062
1,0.0296225447457625,0.990262870563318
1,0.029625343964536,0.990406696216752
1,0.0296281018364759,0.990548397443401
1,0.0296308189723107,0.990688005622848
1,0.0296334959737461,0.990825551671175
1,0.0296361334336019,0.990961066047807
1,0.0296387319359406,0.991094578762255
1,0.0296412920561973,0.991226119380766
1,0.0296438143613085,0.991355717032868
1,0.0296462994098359,0.991483400417823
1,0.0296487477520904,0.991609197810977
1,0.0296511599302549,0.991733137070029
1,0.0296535364785036,0.991855245641193
1,0.0296558779231211,0.991975550565281
1,0.0296581847826172,0.992094078483688
1,0.0296604575678436,0.992210855644295
1,0.0296626967821059,0.992325907907279
1,0.0296649029212765,0.992439260750837
1,0.0296670764739015,0.992550939276837
1,0.0296692179213125,0.992660968216366
1,0.0296713277377303,0.992769371935216
1,0.0296734063903716,0.992876174439272
1,0.0296754543395521,0.992981399379834
1,0.0296774720387876,0.993085070058852
1,0.0296794599348957,0.993187209434086
1,0.0296814184680936,0.99328784012419
1,0.0296833480720962,0.993386984413723
1,0.0296852491742121,0.993484664258081
1,0.0296871221954396,0.99358090128836
1,0.0296889675505556,0.993675716816146
1,0.0296907856482129,0.993769131838235
1,0.0296925768910272,0.993861167041285
1,0.029694341675667,0.993951842806391
1,0.029696080392942,0.994041179213604
1,0.0296977934278897,0.994129196046376
1,0.0296994811598594,0.994215912795938
1,0.0297011439625976,0.994301348665621
1,0.0297027822043301,0.994385522575107
1,0.029704396247844,0.994468453164618
1,0.0297059864505673,0.994550158799043
1,0.0297075531646489,0.994630657572006
1,0.0297090967370361,0.994709967309875
1,0.0297106175095507,0.994788105575705
1,0.0297121158189666,0.994865089673131
1,0.0297135919970826,0.994940936650199
1,0.0297150463707969,0.995015663303139
1,0.0297164792621789,0.995089286180089
1,0.0297178909885407,0.995161821584755
1,0.0297192818625083,0.995233285580024
1,0.0297206521920885,0.995303693991522
1,0.0297220022807394,0.995373062411115
1,0.0297233324274369,0.995441406200365
1,0.0297246429267404,0.99550874049393
1,0.0297259340688587,0.995575080202918
1,0.0297272061397138,0.995640440018184
1,0.0297284594210043,0.99570483441359
1,0.0297296941902683,0.995768277649206
1,0.0297309107209434,0.995830783774467
1,0.0297321092824294,0.995892366631288
1,0.029733290140147,0.995953039857126
1,0.029734453555595,0.996012816888001
1,0.0297355997864113,0.996071710961472
1,0.029736729086427,0.996129735119569
1,0.0297378417057239,0.996186902211679
1,0.0297389378906914,0.996243224897392
1,0.0297400178840781,0.996298715649307
1,0.0297410819250472,0.996353386755791
1,0.0297421302492293,0.996407250323702
1,0.029743163088775,0.996460318281069
1,0.029744180672405,0.996512602379733
1,0.0297451832254629,0.996564114197952
1,0.0297461709699622,0.996614865142962
1,0.0297471441246382,0.996664866453507
1,0.0297481029049953,0.996714129202321
1,0.0297490475233537,0.996762664298589
1,0.0297499781888984,0.996810482490353
1,0.0297508951077243,0.996857594366903
1,0.0297517984828819,0.996904010361111
1,0.0297526885144235,0.99694974075175
1,0.0297535653994445,0.996994795665765
1,0.0297544293321306,0.997039185080518
1,0.0297552805037991,0.997082918825998
1,0.029756119102941,0.997126006586996
1,0.0297569453152622,0.997168457905249
1,0.0297577593237277,0.997210282181557
1,0.029758561308598,0.997251488677861
1,0.0297593514474723,0.997292086519293
1,0.0297601299153256,0.997332084696203
1,0.0297608968845497,0.997371492066144
1,0.0297616525249877,0.997410317355836
1,0.0297623970039766,0.997448569163096
1,0.0297631304863795,0.997486255958747
1,0.0297638531346263,0.997523386088489
1,0.0297645651087457,0.997559967774749
1,0.0297652665664034,0.997596009118502
1,0.0297659576629381,0.997631518101065
1,0.0297666385513906,0.997666502585864
1,0.0297673093825437,0.997700970320175
1,0.0297679703049525,0.997734928936841
1,0.0297686214649773,0.997768385955961
1,0.029769263006816,0.997801348786555
1,0.0297698950725389,0.997833824728208
1,0.029770517802115,0.99786582097268
1,0.0297711313334479,0.997897344605507
1,0.0297717358024026,0.997928402607563
0,-0.140327668657161,0.997959001856608
0,-0.133350279934362,0.940512359128813
0,-0.113191610814554,0.806519979790965
0,-0.0872159469416454,0.640535736308756
0,-0.0606732965242931,0.473950489518533
0,-0.0368875354933083,0.326314849297273
0,-0.0175985037468438,0.207545223638855
0,-0.00335960224147236,0.120419837797818
0,0.00607669015603607,0.0629626482426015
0,0.011425900220468,0.0304787829897438
0,0.0136102326211937,0.0171356143060461
0,0.0135722372281383,0.0170769174982772
0,0.012156810811755,0.0251169589291298
0,0.0100494052616208,0.0370927265078043
0,0.00775634102123246,0.0499628300126051
0,0.00561354976528028,0.0617376408998289
0,0.00381193432070714,0.071312891047117
0,0.00243007239513438,0.0782628371414187
0,0.00146765080781042,0.0826325352209487
0,0.000875441252415454,0.084753866536506
0,0.000579623002542884,0.0850978255228107
0,0.000499752231188921,0.0841665901312174
0,0.000560686729485615,0.0824229043542385
0,0.000699364829827576,0.0802508747685024
0,0.000867598282809245,0.0779408459481994
0,0.00103206506284426,0.0756909861675416
0,0.00117256559330259,0.0736190561750231
0,0.00127940545530691,0.0717791195536561
0,0.00135054230434206,0.0701793642110027
0,0.00138892028468807,0.0687985282313625
0,0.00140023265290823,0.0675995379475994
0,0.00139121187018931,0.066539820584082
0,0.00136844704063921,0.0655783469327872
0,0.00133766692085546,0.0646798210560787
0,0.0013033956991394,0.0638166095496649
0,0.00126888034837103,0.0629690424951639
0,0.00123619498765748,0.0621246688427659
0,0.00120644286631577,0.0612769501395445
0,0.00117999528991097,0.0604237585817189
0,0.00115672551457624,0.0595659293712899
0,0.00113621215391513,0.0587060161344974
0,0.00111789987040478,0.0578473179471587
0,0.00110121476149549,0.0569931887211578
0,0.00108563813408802,0.0561466025894017
0,0.00107074582776934,0.0553099289801613
0,0.00105622156049456,0.0544848641132033
0,0.00104185259389111,0.0536724675646229
0,0.00102751493509556,0.0528732597434273
0,0.00101315377735711,0.0520873457543437
0,0.000998763274660419,0.0513145411369684
0,0.000984368269357661,0.0505544840536017
0,0.000970009369373526,0.0498067259385752
0,0.000955731849652031,0.0490707981731043
0,0.000941578224940898,0.0483462560791978
0,0.000927583969502654,0.0476327036889363
0,0.000913775690176699,0.0469298036830392
0,0.000900171035396302,0.0462372769603345
0,0.000886779691920414,0.0455548958197521
0,0.000873604939794714,0.0448824739727819
0,0.000860645371686841,0.0442198557539934
0,0.000847896512983837,0.0435669060925695
0,0.000835352190693306,0.0429235021256757
0,0.000823005586249703,0.0422895268081667
0,0.000810849968940985,0.0416648645050852
0,0.000798879145284259,0.0410493983266166
0,0.000787087679506693,0.0404430088525602
0,0.000775470946136836,0.0398455738648041
0,0.000764025072202912,0.0392569687331904
0,0.000752746817631378,0.038677067158344
0,0.000741633431228961,0.0381057420458161
0,0.00073068250830155,0.0375428663562166
0,0.000719891865884836,0.0369883138378116
0,0.000709259443440524,0.0364419595973556
0,0.000698783230911937,0.035903680500683
0,0.000688461222114078,0.0353733554177671
0,0.000678291389238472,0.0348508653396119
0,0.000668271673386234,0.0343360933989968
0,0.000658399986095737,0.0338289248262355
0,0.000648674217460066,0.0333292468669303
0,0.0006390922473275,0.0328369486829513
0,0.000629651957050836,0.032351921251819
0,0.000620351240149863,0.0318740572741343
0,0.000611188010999297,0.0314032510941404
0,0.000602160211222835,0.0309393986350742
0,0.000593265813866373,0.0304823973486444
0,0.000584502825653033,0.030032146176611
0,0.000575869287736397,0.0295885455218323
0,0.000567363275383814,0.0291514972260736
0,0.000558982896985971,0.0287209045521455
0,0.000550726292716353,0.0282966721683924
0,0.000542591633084177,0.0278787061340641
0,0.000534577117544233,0.0274669138845903
0,0.000526680973260696,0.0270612042161996
0,0.00051890145406458,0.026661487269643
0,0.000511236839611851,0.0262676745130159
0,0.000503685434719348,0.0258796787238098
0,0.000496245568847531,0.0254974139704012
0,0.000488915595691919,0.025120795593202
0,0.000481693892849855,0.0247497401856838
0,0.000474578861530128,0.0243841655754532
0,0.000467568926285744,0.0240239908055126
0,0.000460662534750411,0.0236691361158001
0,0.000453858157370812,0.0233195229250614
