Setpoint,ControllerOutput,PlantOutput
0,0,0
0,0,0
0,0,0
0,0,0
0,0,0
0,0,0
0,0,0
0,0,0
0,0,0
0,0,0
0,0,0
0,0,0
0,0,0
0,0,0
0,0,0
0,0,0
0,0,0
0,0,0
0,0,0
0,0,0
0,0,0
0,0,0
0,0,0
0,0,0
0,0,0
0,0,0
0,0,0
0,0,0
0,0,0
0,0,0
0,0,0
0,0,0
0,0,0
0,0,0
0,0,0
0,0,0
0,0,0
0,0,0
0,0,0
0,0,0
0,0,0
0,0,0
0,0,0
0,0,0
0,0,0
0,0,0
0,0,0
0,0,0
0,0,0
0,0,0
0,0,0
0,0,0
0,0,0
0,0,0
0,0,0
0,0,0
0,0,0
0,0,0
0,0,0
0,0,0
0,0,0
0,0,0
0,0,0
0,0,0
0,0,0
0,0,0
0,0,0
0,0,0
0,0,0
0,0,0
0,0,0
0,0,0
0,0,0
0,0,0
0,0,0
0,0,0
0,0,0
0,0,0
0,0,0
0,0,0
0,0,0
0,0,0
0,0,0
0,0,0
0,0,0
0,0,0
0,0,0
0,0,0
0,0,0
0,0,0
0,0,0
0,0,0
0,0,0
0,0,0
0,0,0
0,0,0
0,0,0
0,0,0
0,0,0
0,0,0
0,0,0
0,0,0
0,0,0
0,0,0
0,0,0
0,0,0
0,0,0
0,0,0
0,0,0
0,0,0
0,0,0
0,0,0
0,0,0
0,0,0
0,0,0
0,0,0
0,0,0
0,0,0
0,0,0
0,0,0
0,0,0
0,0,0
0,0,0
0,0,0
0,0,0
0,0,0
0,0,0
0,0,0
0,0,0
0,0,0
0,0,0
0,0,0
0,0,0
0,0,0
0,0,0
0,0,0
0,0,0
0,0,0
0,0,0
0,0,0
0,0,0
0,0,0
0,0,0
0,0,0
0,0,0
0,0,0
0,0,0
0,0,0
0,0,0
0,0,0
0,0,0
0,0,0
0,0,0
0,0,0
0,0,0
0,0,0
0,0,0
0,0,0
0,0,0
0,0,0
0,0,0
0,0,0
0,0,0
0,0,0
0,0,0
0,0,0
0,0,0
0,0,0
0,0,0
0,0,0
0,0,0
0,0,0
0,0,0
0,0,0
0,0,0
0,0,0
0,0,0
0,0,0
0,0,0
0,0,0
0,0,0
0,0,0
0,0,0
0,0,0
0,0,0
0,0,0
0,0,0
0,0,0
0,0,0
0,0,0
0,0,0
0,0,0
0,0,0
0,0,0
0,0,0
0,0,0
0,0,0
0,0,0
0,0,0
0,0,0
0,0,0
0,0,0
0,0,0
0,0,0
0,0,0
0,0,0
0,0,0
0,0,0
0,0,0
0,0,0
0,0,0
0,0,0
0,0,0
0,0,0
0,0,0
0,0,0
0,0,0
0,0,0
0,0,0
0,0,0
0,0,0
0,0,0
0,0,0
0,0,0
0,0,0
0,0,0
0,0,0
0,0,0
0,0,0
0,0,0
0,0,0
0,0,0
0,0,0
0,0,0
0,0,0
0,0,0
0,0,0
0,0,0
0,0,0
0,0,0
0,0,0
0,0,0
0,0,0
0,0,0
0,0,0
0,0,0
0,0,0
0,0,0
0,0,0
0,0,0
0,0,0
0,0,0
0,0,0
0,0,0
0,0,0
0,0,0
0,0,0
0,0,0
0,0,0
0,0,0
0,0,0
0,0,0
0,0,0
0,0,0
0,0,0
0,0,0
0,0,0
0,0,0
0,0,0
0,0,0
0,0,0
0,0,0
0,0,0
0,0,0
0,0,0
0,0,0
0,0,0
0,0,0
0,0,0
0,0,0
0,0,0
0,0,0
0,0,0
0,0,0
0,0,0
0,0,0
0,0,0
0,0,0
0,0,0
0,0,0
0,0,0
0,0,0
0,0,0
0,0,0
0,0,0
0,0,0
0,0,0
0,0,0
0,0,0
0,0,0
0,0,0
0,0,0
0,0,0
1,0.1701,0
1,0.163123198021,0.05747679
1,0.142965106978289,0.191498871309296
1,0.116990012643787,0.357512378039662
1,0.0904479233522777,0.524126455835069
1,0.0666627151588314,0.671790501203135
1,0.0473742280840264,0.790588112440268
1,0.0331358632050521,0.877741070489306
1,0.0237000995075146,0.935225424987645
1,0.0183514103337071,0.967736053934395
1,0.0161675911296097,0.981105590989546
1,0.0162060921389443,0.981190266685576
1,0.0176220167032256,0.973175820412789
1,0.0197299130431912,0.961225269930006
1,0.0220234608240295,0.94838001104322
1,0.0241667284781294,0.936629677797948
1,0.025968813284046,0.927078543737096
1,0.027351137638097,0.920152357514198
1,0.0283140148234391,0.915806068352635
1,0.0289066732472834,0.913707800185489
1,0.0292029337354378,0.913386563685349
1,0.0292832402128392,0.91434018593273
1,0.0292227349848425,0.916105927892666
1,0.0290844798141147,0.918299687872844
1,0.0289166630437181,0.920631126111249
1,0.0287526067915135,0.92290207907476
1,0.0286125107250415,0.924994790685945
1,0.0285060693527475,0.92685520196386
1,0.028435325107392,0.928475129535034
1,0.0283973339316368,0.929875839782284
1,0.0283864026545756,0.931094410773882
1,0.0283957988994141,0.932173419621586
1,0.0284189336451903,0.933153899805498
1,0.0284500782172241,0.934071151472229
1,0.0284847085079212,0.934952812172879
1,0.0285195776239175,0.935818555911382
1,0.0285526115244472,0.936680837762755
1,0.0285827070373765,0.937546200145677
1,0.0286094929331839,0.938416774771102
1,0.0286330960306571,0.939291730286491
1,0.0286539377900061,0.940168516858206
1,0.0286725736214777,0.941043839147011
1,0.0286895774992701,0.941914346922411
1,0.0287054681870749,0.942777069678512
1,0.0287206699148521,0.943629641560481
1,0.0287354990331687,0.944470369869206
1,0.0287501683479054,0.945298198497244
1,0.0287648019184379,0.946112610453007
1,0.0287794546170461,0.946913503998706
1,0.0287941323543068,0.947701066911951
1,0.0288088103514756,0.94847566429865
1,0.0288234480632963,0.949237747944408
1,0.0288380002765669,0.94998778964038
1,0.0288524245373709,0.950726237190074
1,0.0288666854313777,0.951453489640756
1,0.0288807564107945,0.952169887345572
1,0.0288946198853628,0.952875712394743
1,0.0289082662256388,0.953571195434241
1,0.0289216922080457,0.954256525653977
1,0.0289348992955512,0.954931861577926
1,0.0289478920175803,0.955597341093228
1,0.0289606766011286,0.95625308983744
1,0.0289732599179677,0.956899227589444
1,0.0289856487512294,0.957535872677557
1,0.0289978493460417,0.958163144645167
1,0.0290098671890602,0.958781165526855
1,0.0290217069558873,0.959390060116494
1,0.0290333725688856,0.95998995558196
1,0.0290448673167889,0.96058098072286
1,0.029056193998733,0.961163265096944
1,0.0290673550666465,0.961736938170519
1,0.0290783527500296,0.962302128586388
1,0.0290891891552703,0.962858963593547
1,0.0290998663375961,0.963407568647117
1,0.0291103863476969,0.963948067163796
1,0.0291207512572285,0.964480580405477
1,0.029130963168289,0.965005227458999
1,0.0291410242119017,0.965522125280881
1,0.0291509365399061,0.966031388780052
1,0.0291607023137677,0.966533130917349
1,0.0291703236928365,0.967027462806606
1,0.0291798028236949,0.967514493807684
1,0.0291891418314774,0.967994331606367
1,0.0291983428134863,0.96846708227946
1,0.0292074078350271,0.968932850345756
1,0.0292163389271605,0.969391738804886
1,0.0292251380859603,0.969843849166713
1,0.0292338072728353,0.970289281473934
1,0.0292423484155291,0.97072813432037
1,0.0292507634094705,0.971160504866884
1,0.0292590541192244,0.971586488856412
1,0.0292672223798933,0.972006180629093
1,0.0292752699983603,0.972419673138038
1,0.0292831987543378,0.972827057965999
1,0.0292910104012181,0.973228425342924
1,0.0292987066667443,0.973623864164284
1,0.0293062892535358,0.974013462009955
1,0.0293137598395021,0.974397305163428
1,0.0293211200781849,0.974775478631152
1,0.0293283715990531,0.975148066161808
1,0.0293355160077795,0.975515150265396
1,0.0293425548865098,0.975876812232043
1,0.0293494897941362,0.976233132150467
1,0.0293563222665829,0.976584188926081
1,0.0293630538171015,0.976930060298734
1,0.0293696859365782,0.977270822860092
1,0.0293762200938463,0.977606552070695
1,0.0293826577360072,0.977937322276698
1,0.0293890002887514,0.978263206726324
1,0.0293952491566771,0.978584277586054
1,0.0294014057236125,0.978900605956564
1,0.0294074713529251,0.979212261888422
1,0.0294134473878331,0.97951931439756
1,0.0294193351517074,0.979821831480526
1,0.0294251359483699,0.98011988012951
1,0.0294308510623833,0.980413526347169
1,0.0294364817593393,0.980702835161231
1,0.0294420292861386,0.980987870638888
1,0.0294474948712664,0.981268695900988
1,0.0294528797250666,0.981545373136011
1,0.0294581850400057,0.981817963613846
1,0.02946341199094,0.982086527699367
1,0.0294685617353723,0.982351124865796
1,0.0294736354137091,0.982611813707882
1,0.0294786341495124,0.982868651954881
1,0.0294835590497486,0.983121696483336
1,0.0294884112050324,0.983371003329678
1,0.02949319168987,0.983616627702631
1,0.0294979015628949,0.983858623995445
1,0.0295025418671042,0.984097045797934
1,0.0295071136300886,0.984331945908349
1,0.0295116178642598,0.984563376345065
1,0.0295160555670759,0.984791388358102
1,0.0295204277212615,0.985016032440477
1,0.0295247352950248,0.98523735833938
1,0.0295289792422733,0.985455415067193
1,0.0295331605028251,0.985670250912345
1,0.029537280002615,0.985881913450002
1,0.0295413386539021,0.986090449552605
1,0.0295453373554702,0.986295905400251
1,0.0295492769928276,0.986498326490916
1,0.0295531584384023,0.986697757650531
1,0.0295569825517366,0.986894243042913
1,0.0295607501796762,0.98708782617954
1,0.0295644621565583,0.987278549929189
1,0.0295681193043964,0.987466456527428
1,0.0295717224330612,0.987651587585971
1,0.0295752723404621,0.987833984101892
1,0.0295787698127226,0.988013686466702
1,0.0295822156243537,0.988190734475297
1,0.0295856105384273,0.988365167334767
1,0.0295889553067428,0.988537023673081
1,0.0295922506699957,0.988706341547639
1,0.0295954973579409,0.988873158453703
1,0.0295986960895536,0.989037511332697
1,0.0296018475731901,0.989199436580388
1,0.0296049525067421,0.989358970054948
1,0.0296080115777946,0.989516147084894
1,0.0296110254637749,0.989671002476909
1,0.0296139948321055,0.989823570523554
1,0.0296169203403491,0.989973885010857
1,0.029619802636357,0.990121979225799
1,0.0296226423584103,0.990267885963686
1,0.0296254401353624,0.990411637535406
1,0.029628196586778,0.990553265774591
1,0.02963091232307,0.990692802044661
1,0.0296335879456358,0.990830277245773
1,0.029636224046989,0.990965721821663
1,0.0296388212108909,0.991099165766385
1,0.0296413800124813,0.991230638630958
1,0.0296439010184038,0.991360169529905
1,0.0296463847869319,0.991487787147706
1,0.0296488318680945,0.991613519745142
1,0.0296512428037945,0.991737395165564
1,0.0296536181279308,0.991859440841048
1,0.0296559583665168,0.991979683798479
1,0.0296582640377958,0.99209815066553
1,0.0296605356523563,0.99221486767656
1,0.0296627737132444,0.992329860678427
1,0.0296649787160765,0.992443155136206
1,0.029667151149148,0.992554776138834
1,0.0296692914935421,0.99266474840466
1,0.0296714002232359,0.992773096286925
1,0.0296734778052052,0.992879843779149
1,0.0296755246995279,0.992985014520452
1,0.0296775413594872,0.993088631800779
1,0.0296795282316695,0.993190718566066
1,0.0296814857560659,0.993291297423318
1,0.0296834143661684,0.993390390645613
1,0.029685314489065,0.993488020177039
1,0.0296871865455361,0.993584207637551
1,0.0296890309501472,0.993678974327757
1,0.0296908481113387,0.99377234123364
1,0.0296926384315195,0.9938643290312
1,0.0296944023071539,0.993954958091036
1,0.0296961401288509,0.994044248482855
1,0.0296978522814486,0.994132219979918
1,0.0296995391441013,0.994218892063419
1,0.0297012010903628,0.994304283926797
1,0.02970283848827,0.994388414479989
1,0.0297044517004226,0.994471302353614
1,0.0297060410840644,0.994552965903103
1,0.0297076069911628,0.994633423212761
1,0.0297091497684863,0.994712692099772
1,0.0297106697576814,0.994790790118146
1,0.0297121672953482,0.994867734562605
1,0.0297136427131148,0.994943542472413
1,0.0297150963377102,0.995018230635151
1,0.0297165284910386,0.995091815590431
1,0.0297179394902487,0.995164313633563
1,0.0297193296478047,0.995235740819159
1,0.0297206992715555,0.995306112964695
1,0.0297220486648029,0.995375445654004
1,0.0297233781263684,0.995443754240736
1,0.0297246879506601,0.995511053851755
1,0.0297259784277371,0.995577359390487
1,0.0297272498433736,0.995642685540221
1,0.0297285024791241,0.995707046767364
1,0.0297297366123828,0.99577045732464
1,0.0297309525164473,0.995832931254248
1,0.0297321504605785,0.995894482390973
1,0.02973333071006,0.995955124365247
1,0.0297344935262562,0.996014870606171
1,0.0297356391666717,0.996073734344484
1,0.0297367678850078,0.996131728615499
1,0.0297378799312171,0.996188866261984
1,0.0297389755515614,0.996245159937011
1,0.0297400549886651,0.996300622106751
1,0.0297411184815679,0.996355265053243
1,0.0297421662657791,0.996409100877109
1,0.0297431985733299,0.996462141500233
1,0.0297442156328234,0.996514398668405
1,0.0297452176694859,0.996565883953918
1,0.029746204905218,0.996616608758134
1,0.0297471775586415,0.996666584314005
1,0.0297481358451497,0.996715821688565
1,0.029749079976954,0.996764331785376
1,0.0297500101631314,0.996812125346949
1,0.0297509266096709,0.996859212957114
1,0.0297518295195185,0.996905605043372
1,0.0297527190926221,0.996951311879202
1,0.0297535955259773,0.996996343586333
1,0.0297544590136694,0.997040710136988
1,0.0297553097469163,0.997084421356091
1,0.0297561479141122,0.997127486923446
1,0.0297569737008685,0.997169916375875
1,0.0297577872900543,0.997211719109335
1,0.0297585888618386,0.997252904380997
1,0.0297593785937282,0.997293481311294
1,0.0297601566606085,0.997333458885945
1,0.0297609232347817,0.997372845957939
1,0.0297616784860046,0.997411651249501
1,0.0297624225815269,0.997449883354023
1,0.029763155686128,0.99748755073796
1,0.0297638779621527,0.997524661742716
1,0.0297645895695486,0.997561224586482
1,0.0297652906659001,0.99759724736606
1,0.0297659814064646,0.997632738058658
1,0.029766661944205,0.997667704523649
1,0.0297673324298267,0.997702154504321
1,0.0297679930118075,0.997736095629583
1,0.0297686438364326,0.997769535415662
1,0.0297692850478262,0.997802481267763
1,0.0297699167879846,0.997834940481708
1,0.0297705391968051,0.997866920245556
1,0.02977115241212,0.997898427641191
0,-0.140328243430275,0.997929469645892
0,-0.13335084621759,0.940483263133876
0,-0.113192168733299,0.80649131356853
0,-0.0872164966194573,0.64050749351072
0,-0.0606738380828977,0.473922663890558
0,-0.0368880690526336,0.326287434677403
0,-0.0175990294250459,0.207518213956153
0,-0.00336012015496157,0.120393227071018
0,0.00607617989256815,0.0629364305787876
0,0.0114253974940235,0.0304529525830426
0,0.0136097373204449,0.0171101654363418
0,0.0135717492434012,0.017051844529945
0,0.0121563300349662,0.0250922563097878
0,0.0100489315863127,0.0370683887670841
0,0.00775587434250991,0.0499388517609403
0,0.00561308997979793,0.0617140168272615
0,0.00381148132664599,0.0712896159221215
0,0.00242962609217945,0.0782399058097437
0,0.00146721109712822,0.0826099426044756
0,0.000875008036632763,0.0847316076321242
0,0.00057919618572444,0.0850758954013096
0,0.000499331718816554,0.0841449839361955
0,0.00056027242843748,0.0824016173010269
0,0.000698956648356952,0.0802299021431064
0,0.000867196130524883,0.0779201831062536
0,0.00103166885068973,0.075670628533282
0,0.0011721752335373,0.0735989992402735
0,0.00127902086148646,0.0717593588768297
0,0.00135016339129801,0.070159895416119
0,0.00138854696851087,0.0687793470070779
0,0.00139986485092758,0.0675806400462524
0,0.00139084950095536,0.0665212018207528
0,0.00136809002390592,0.0655600031843707
0,0.00133731517756186,0.0646617482603717
0,0.00130304915139257,0.063798803704466
0,0.0012685389194278,0.0629514996573881
0,0.00123585860190911,0.0621073851275706
0,0.00120611144926996,0.0612599217194696
0,0.00117966876817599,0.0604069816858391
0,0.00115640381584392,0.0595494002843796
0,0.00113589520694568,0.0586897311962082
0,0.00111758760501068,0.0578312735512086
0,0.00110090710852584,0.0569773813145326
0,0.00108533502541341,0.0561310286715683
0,0.00107044719626692,0.0552945851022923
0,0.00105592734003235,0.0544697468774134
0,0.00104156271931444,0.0536575736232167
0,0.00102722934221189,0.0528585857981575
0,0.00101287240292236,0.0520728885556808
0,0.000998486056364656,0.0513002974833812
0,0.000984095145810993,0.0505404507908485
0,0.000969740280093112,0.0497928999590051
0,0.000955466735048538,0.0490571764149691
0,0.000941317026304733,0.0483328355259738
0,0.000927326628991643,0.0476194813686566
0,0.000913522150803092,0.0469167766676352
0,0.000899921241014012,0.0462244423649878
0,0.000886533587212912,0.0455422508022552
0,0.000873362470262373,0.0448700157329093
0,0.000860406483634946,0.0442075815328814
0,0.000847661153510926,0.0435548131721051
0,0.000835120307679293,0.0429115878278946
0,0.000822777128344276,0.0422777884946606
0,0.000810624885552391,0.0416532995764173
0,0.000798657386568091,0.0410380042217457
0,0.000786869196354678,0.0404317830482742
0,0.000775255690166121,0.0398345138751606
0,0.000763812995745294,0.0392460721089668
0,0.000752537873722703,0.0386663314864944
0,0.000741427573598907,0.0380951649489376
0,0.00073047969136314,0.0375324454920224
0,0.000719692044724496,0.0369780468986127
0,0.000709062573808095,0.0364318443095492
0,0.000698589269210736,0.0358937146242496
0,0.000688270125391521,0.0353635367457741
0,0.000678103115176576,0.034841191697725
0,0.000668086180291794,0.0343265626449983
0,0.000658217232891445,0.0338195348495503
0,0.000648494163675517,0.0333199955881581
0,0.000638914853089922,0.0328278340534065
0,0.000629477183076488,0.0323429412530768
0,0.000620179047735314,0.0318652099175835
0,0.00061101836201255,0.0313945344205435
0,0.000601993068095441,0.0309308107141333
0,0.000593101139584551,0.0304739362785735
0,0.000584340583749843,0.0300238100837154
0,0.000575709442283634,0.0295803325600932
0,0.000567205790983849,0.0291434055767394
0,0.000558827738764089,0.0287129324233291
0,0.000550573426312873,0.0282888177946745
0,0.000542441024647011,0.0278709677761021
0,0.000534428733721337,0.0274592898287332
0,0.000526534781192578,0.0270536927741084
0,0.000518757421377247,0.026654086777917
0,0.000511094934409373,0.0262603833328241
0,0.000503545625576973,0.0258724952405283
0,0.000496107824804637,0.0254903365932553
0,0.000488779886245294,0.0251138227549143
0,0.000481560187946761,0.0247428703421267
0,0.000474447131561806,0.0243773972053073
0,0.000467439142080639,0.0240173224099296
0,0.000460534667567958,0.0236625662180709
0,0.00045373217889505,0.0233130500702894
0,0.000447030169461682,0.0229686965678589
0,0.000440427154906942,0.0226294294553646
0,0.000433921672809368,0.0222951736036453
0,0.000427512282378834,0.0219658549930653
0,0.000421197564143494,0.0216414006970909
0,0.000414976119634702,0.0213217388661497
0,0.000408846571072402,0.0210067987117531
0,0.000402807561052709,0.0206965104908638
0,0.00039685775224052,0.0203908054904981
0,0.000390995827066004,0.0200896160125505
0,0.000385220487427562,0.0197928753588367
0,0.000379530454400062,0.0195005178163487
0,0.000373924467948594,0.0192124786427194
0,0.000368401286648057,0.018928694051896
0,0.000362959687407072,0.0186491012000187
0,0.000357598465197395,0.0183736381715041
0,0.00035231643278702,0.018102243965332
0,0.000347112420478218,0.0178348584815335
0,0.00034198527584875,0.0175714225078777
0,0.000336933863497618,0.0173118777067555
0,0.00033195706479372,0.0170561666022581
0,0.000327053777628927,0.0168042325674459
0,0.00032222291617412,0.0165560198118077
0,0.000317463410639013,0.0163114733689041
0,0.000312774207035044,0.0160705390841952
0,0.000308154266942445,0.015833163603048
0,0.000303602567279904,0.0155992943589209
0,0.000299118100078211,0.0153688795617236
0,0.000294699872256776,0.0151418681863479
0,0.00029034690540386,0.0149182099613694
0,0.000286058235559661,0.0146978553579147
0,0.000281832913003044,0.0144807555786934
0,0.000277670002040986,0.0142668625471926
0,0.000273568580801437,0.0140561288970304
0,0.000269527741029202,0.0138485079614662
0,0.000265546587884746,0.0136439537630674
0,0.000261624239746044,0.0134424210035266
0,0.000257759828013376,0.0132438650536314
0,0.000253952496916843,0.0130482419433806
0,0.000250201403327183,0.0128555083522471
0,0.000246505716568729,0.0126656215995849
0,0.000242864618235639,0.0124785396351773
0,0.000239277302010538,0.012294221029925
0,0.000235742973486192,0.0121126249666715
0,0.000232260849989258,0.0119337112311644
0,0.000228830160407312,0.0117574402031497
0,0.000225450145017791,0.0115837728475982
0,0.000222120055319935,0.0114126707060614
0,0.000218839153868972,0.0112440958881542
0,0.000215606714112804,0.011078011063165
0,0.000212422020231154,0.0109143794517881
0,0.000209284366976939,0.0107531648179797
0,0.000206193059520299,0.0105943314609327
0,0.00020314741329451,0.0104378442071713
0,0.000200146753844457,0.010283668402762
0,0.000197190416677373,0.0101317699056388
0,0.00019427774711557,0.00998211507804337
0,0.000191408100151502,0.00983467077907533
0,0.000188580840304972,0.00968940435735355
0,0.000185795341482303,0.0095462836437855
0,0.000183050986837796,0.00940527694444337
0,0.000180347168637088,0.00926635303354555
0,0.00017768328812251,0.00912948114654167
0,0.000175058755380625,0.00899463097329984
0,0.000172472989211483,0.00886177265139452
0,0.00016992541699995,0.00873087675949349
0,0.000167415474588886,0.00860191431084253
0,0.000164942606154281,0.00847485674684637
0,0.000162506264082055,0.00834967593074437
0,0.000160105908846908,0.00822634414137971
0,0.000157741008892737,0.00810483406706052
0,0.000155411040515002,0.00798511879951179
0,0.000153115487744729,0.00786717182791652
0,0.000150853842234233,0.00775096703304495
0,0.00014862560314452,0.00763647868147048
0,0.000146430277034454,0.00752368141987104
0,0.000144267377751472,0.00741255026941457
0,0.000142136426323811,0.00730306062022757
0,0.0001400369508546,0.0071951882259452
0,0.000137968486417256,0.00708890919834199
0,0.000135930574952564,0.00698420000204181
0,0.000133922765167216,0.00688103744930597
0,0.00013194461243389,0.00677939869489834
0,0.000129995678692818,0.00667926123102627
0,0.000128075532354707,0.00658060288235631
0,0.000126183748205222,0.00648340180110345
0,0.000124319907310794,0.006387636462193
0,0.00012248359692589,0.00629328565849384
0,0.000120674410401519,0.00620032849612218
0,0.000118891947095315,0.00610874438981456
0,0.000117135812282648,0.00601851305836934
0,0.000115405617069422,0.0059296145201554
0,0.000113700978305709,0.00584202908868726
0,0.000112021518501135,0.00575573736826548
0,0.000110366865741118,0.00567072024968158
0,0.000108736653604571,0.00558695890598626
0,0.000107130521082799,0.00550443478832022
0,0.000105548112499493,0.00542312962180651
0,0.000103989077431955,0.00534302540150364
0,0.00010245307063355,0.00526410438841833
0,0.000100939751957241,0.00518634910557729
0,9.94487862802304e-05,0.00510974233415692
0,9.79798434297754e-05,0.00503426710967024
0,9.65325981100718e-05,0.00495990671821012
0,9.510672983018e-05,0.004886644692748
0,9.37019228331448e-05,0.00481446480948728
0,9.23178660259261e-05,0.00474335108427061
0,9.09542529106758e-05,0.00467328776904015
0,8.96107815167163e-05,0.00460425934835025
0,8.82871543337535e-05,0.00453625053593154
0,8.69830782459849e-05,0.00446924627130579
0,8.56982644671656e-05,0.0044032317164508
0,8.44324284766593e-05,0.00433819225251454
0,8.31852899564542e-05,0.0042741134765778
0,8.19565727290805e-05,0.0042109811984647
0,8.07460046964165e-05,0.00414878143760029
0,7.95533177794794e-05,0.00408750041991455
0,7.83782478590359e-05,0.00402712457479215
0,7.72205347171276e-05,0.00396764053206724
0,7.60799219794162e-05,0.00390903511906267
0,7.49561570584437e-05,0.00385129535767287
0,7.38489910976775e-05,0.00379440846148991
0,7.27581789164156e-05,0.00373836183297193
0,7.16834789554685e-05,0.00368314306065343
0,7.06246532236957e-05,0.00362873991639679
0,6.95814672452763e-05,0.00357514035268434
0,6.85536900077929e-05,0.00352233249995045
0,6.75410939110915e-05,0.00347030466395305
0,6.65434547168497e-05,0.00341904532318392
0,6.55605514989568e-05,0.00336854312631727
0,6.4592166594539e-05,0.00331878688969604
0,6.36380855558102e-05,0.00326976559485524
0,6.26980971025551e-05,0.00322146838608195
0,6.17719930753324e-05,0.00317388456801133
0,6.08595683894153e-05,0.00312700360325815
0,5.99606209893411e-05,0.00308081511008328
0,5.90749518041694e-05,0.00303530886009468
0,5.82023647034136e-05,0.00299047477598232
0,5.73426664536025e-05,0.0029463029292866
0,5.64956666754893e-05,0.00290278353819965
0,5.56611778018828e-05,0.00285990696539923
0,5.48390150361261e-05,0.00281766371591449
0,5.40289963111493e-05,0.00277604443502335
0,5.32309422491793e-05,0.00273503990618091
0,5.24446761220147e-05,0.00269464104897844
0,5.16700238118589e-05,0.00265483891713255
0,5.09068137727955e-05,0.00261562469650402
0,5.01548769927945e-05,0.00257698970314596
0,4.94140469562525e-05,0.00253892538138073
0,4.8684159607161e-05,0.00250142330190527
0,4.7965053312754e-05,0.00246447515992452
0,4.72565688277131e-05,0.00242807277331223
0,4.65585492589217e-05,0.00239220808079912
0,4.58708400306908e-05,0.00235687314018769
0,4.51932888505466e-05,0.00232206012659341
0,4.45257456755284e-05,0.00228776133071193
0,4.38680626789027e-05,0.00225396915711187
0,4.32200942174915e-05,0.00222067612255279
0,4.25816967993715e-05,0.00218787485432807
0,4.19527290521152e-05,0.00215555808863221
0,4.13330516915028e-05,0.00212371866895227
0,4.07225274906484e-05,0.00209234954448307
0,4.01210212496242e-05,0.00206144376856579
0,3.95283997655163e-05,0.00203099449714968
0,3.8944531802948e-05,0.00200099498727637
0,3.83692880649815e-05,0.00197143859558674
0,3.78025411645125e-05,0.0019423187768497
0,3.72441655960426e-05,0.00191362908251277
0,3.669403770791e-05,0.00188536315927406
0,3.61520356748912e-05,0.00185751474767532
0,3.56180394712122e-05,0.00183007768071581
0,3.50919308439931e-05,0.00180304588248662
0,3.4573593287044e-05,0.00177641336682516
0,3.40629120150759e-05,0.00175017423598953
0,3.35597739382666e-05,0.0017243226793525
0,3.30640676372285e-05,0.00169885297211469
0,3.25756833383407e-05,0.0016737594740369
0,3.20945128894218e-05,0.001649036628191
0,3.16204497358002e-05,0.00162467895972942
0,3.11533888967021e-05,0.00160068107467274
0,3.06932269420052e-05,0.00157703765871516
0,3.02398619693306e-05,0.0015537434760477
0,2.97931935815121e-05,0.00153079336819872
0,2.93531228643049e-05,0.00150818225289156
0,2.89195523645244e-05,0.00148590512291909
0,2.84923860684495e-05,0.0014639570450349
0,2.80715293805717e-05,0.00144233315886078
0,2.76568891026223e-05,0.00142102867581045
0,2.72483734129643e-05,0.00140003887802909
0,2.68458918462316e-05,0.0013793591173486
0,2.64493552733225e-05,0.00135898481425827
0,2.60586758816343e-05,0.00133891145689062
0,2.56737671556415e-05,0.0013191346000223
0,2.52945438577196e-05,0.00129964986408967
0,2.49209220092791e-05,0.00128045293421895
0,2.45528188721599e-05,0.00126153955927071
0,2.4190152930325e-05,0.00124290555089845
0,2.38328438717898e-05,0.00122454678262109
0,2.3480812570845e-05,0.00120645918890918
0,2.31339810705441e-05,0.00118863876428459
0,2.27922725654205e-05,0.00117108156243348
0,2.24556113844945e-05,0.00115378369533243
0,2.21239229745134e-05,0.0011367413323874
0,2.17971338834361e-05,0.00111995069958549
0,2.14751717441657e-05,0.00110340807865915
0,2.11579652585354e-05,0.00108710980626281
0,2.08454441815182e-05,0.0010710522731616
1,0.170120537539306,0.00105523192343213
1,0.163143432203446,0.058516435253675
1,0.142985042284712,0.192523160121535
1,0.117009653488841,0.358521537238119
1,0.0904672740854054,0.525120708896961
1,0.0666817800652324,0.672770068304731
1,0.0473930113856034,0.791553210505646
1,0.0331543690613471,0.878691913238394
1,0.0237183320166294,0.936162222983545
1,0.0183693735332112,0.968659014630013
1,0.0161852889974343,0.982014918773534
1,0.0162235285942633,0.982086162927591
1,0.0176391956073232,0.97405848350809
1,0.0197468382003173,0.962094895343383
1,0.0220401359822419,0.949236791352283
1,0.0241831573301236,0.937473802735775
1,0.0259849994679736,0.927910200234245
1,0.0273670847383712,0.920971729740103
1,0.0283297263715281,0.916613337756393
1,0.0289221527224923,0.914503145536039
1,0.02921818456568,0.914170161111062
1,0.0292982657753946,0.915112208960412
1,0.0292375386071058,0.916866547485983
1,0.0290990647743318,0.919049072470188
1,0.028931032571713,0.921369441663029
1,0.0287667640694025,0.923629489080161
1,0.0286264588879385,0.925711456229129
1,0.0285198114894581,0.927561281749638
1,0.0284488642610981,0.929170779924014
1,0.0284106731005689,0.930561214825495
1,0.0283995447926784,0.931769662246889
1,0.028408746917,0.932838697058101
1,0.0284316904095836,0.933809350530491
1,0.0284626465533966,0.934716920634558
1,0.0284970911991176,0.935589042777428
1,0.0285317774122715,0.936445388850733
1,0.0285646311115884,0.937298411848387
1,0.0285945490850299,0.938154652138706
1,0.0286211600637578,0.939016239412566
1,0.0286445908278254,0.939882340327189
1,0.0286652627992794,0.940750403088094
1,0.0286837313507662,0.941617130424169
1,0.0287005704194416,0.942479170201575
1,0.0287162987324994,0.943333550039188
1,0.0287313404839422,0.944177902234645
1,0.0287460119889109,0.945010532268593
1,0.0287605260183823,0.945830382240237
1,0.0287750065973442,0.94663693339112
1,0.0287895085641972,0.947430082242689
1,0.0288040377961383,0.9482100148575
1,0.0288185694815373,0.94897709465174
1,0.0288330630427365,0.949731771746249
1,0.0288474732346125,0.950474516292011
1,0.0288617575717987,0.951205774476588
1,0.0288758806089775,0.951925943755169
1,0.0288898157678286,0.952635362912337
1,0.0289035454280162,0.953334312492924
1,0.0289170599304636,0.954023021620335
1,0.0289303560223984,0.954701677984406
1,0.0289434351380233,0.955370438631194
1,0.0289563017784251,0.95602943999175
1,0.0289689621426792,0.956678806269052
1,0.0289814230750483,0.957318655828591
1,0.028993691331562,0.95794910560617
1,0.0290057731306472,0.958570273773234
1,0.0290176739326522,0.959182281012681
1,0.0290293983872607,0.959785250786673
1,0.0290409503912994,0.960379308951039
1,0.0290523332083439,0.960964583012723
1,0.0290635496127432,0.961541201255905
1,0.0290746020320041,0.962109291892133
1,0.0290854926715678,0.962668982327986
1,0.0290962236141161,0.963220398594495
1,0.0291067968915235,0.963763664946806
1,0.0291172145314695,0.964298903619368
1,0.0291274785829403,0.964826234709286
1,0.0291375911256992,0.965345776155818
1,0.0291475542687645,0.965857643784852
1,0.0291573701422951,0.966361951391386
1,0.0291670408863973,0.966858810838781
1,0.029176568639377,0.967348332159604
1,0.0291859555270824,0.96783062364842
1,0.0291952036542216,0.968305791941454
1,0.0292043150979717,0.968773942081454
1,0.0292132919038091,0.969235177568428
1,0.0292221360832605,0.969689600398275
1,0.0292308496131521,0.970137311091946
1,0.0292394344359299,0.97057840871784
1,0.029247892460657,0.971012990909865
1,0.0292562255643529,0.971441153883152
1,0.0292644355934504,0.971862992448877
1,0.0292725243651846,0.972278600029176
1,0.0292804936688356,0.972688068672723
1,0.0292883452667732,0.973091489071187
1,0.0292960808953033,0.973488950576598
1,0.0293037022653351,0.973880541219477
1,0.0293112110629019,0.974266347727523
1,0.0293186089495732,0.974646455544642
1,0.0293258975627904,0.975020948850096
1,0.0293330785161623,0.975389910577596
1,0.0293401533997344,0.975753422434213
1,0.0293471237802558,0.976111564919004
1,0.0293539912014498,0.976464417341302
1,0.0293607571842958,0.976812057838647
1,0.0293674232273216,0.977154563394355
1,0.0293739908069064,0.977492009854737
1,0.0293804613775916,0.977824471945987
1,0.0293868363723973,0.978152023290757
1,0.0293931172031403,0.978474736424459
1,0.0293993052607522,0.978792682811289
1,0.0294054019155932,0.97910593286001
1,0.0294114085177637,0.979414555939501
1,0.0294173263974107,0.979718620394073
1,0.0294231568650263,0.980018193558569
1,0.0294289012117439,0.980313341773255
1,0.0294345607096265,0.980604130398489
1,0.029440136611949,0.980890623829187
1,0.029445630153478,0.981172885509078
1,0.0294510425507439,0.981450977944755
1,0.0294563750023114,0.981724962719518
1,0.0294616286890439,0.981994900507013
1,0.0294668047743634,0.982260851084678
1,0.0294719044045093,0.982522873346976
1,0.0294769287087904,0.982781025318449
1,0.0294818787998345,0.983035364166563
1,0.0294867557738356,0.983285946214373
1,0.0294915607107957,0.983532826952994
1,0.0294962946747643,0.983776061053895
1,0.0295009587140727,0.984015702381
1,0.0295055538615685,0.98425180400262
1,0.0295100811348421,0.984484418203203
1,0.0295145415364535,0.984713596494912
1,0.0295189360541535,0.984939389629034
1,0.0295232656611037,0.985161847607214
1,0.0295275313160905,0.985381019692534
1,0.0295317339637386,0.985596954420417
1,0.0295358745347196,0.985809699609375
1,0.0295399539459587,0.986019302371602
1,0.0295439731008365,0.986225809123405
1,0.0295479328893908,0.986429265595481
1,0.0295518341885124,0.986629716843047
1,0.0295556778621398,0.986827207255816
1,0.0295594647614508,0.987021780567827
1,0.0295631957250491,0.98721347986713
1,0.0295668715791537,0.987402347605328
1,0.029570493137778,0.987588425606979
1,0.0295740612029121,0.987771755078856
1,0.0295775765647006,0.987952376619072
1,0.0295810400016165,0.988130330226073
1,0.0295844522806339,0.988305655307493
1,0.0295878141573984,0.988478390688883
1,0.0295911263763946,0.988648574622306
1,0.0295943896711091,0.988816244794811
1,0.0295976047641948,0.988981438336778
1,0.0296007723676315,0.989144191830138
1,0.0296038931828806,0.989304541316476
1,0.029606967901044,0.989462522305015
1,0.0296099972030146,0.989618169780473
1,0.029612981759628,0.989771518210816
1,0.0296159222318109,0.989922601554889
1,0.0296188192707276,0.990071453269936
1,0.0296216735179247,0.990218106319008
1,0.0296244856054719,0.990362593178265
1,0.0296272561561028,0.990504945844167
1,0.0296299857833531,0.990645195840558
1,0.0296326750916955,0.990783374225649
1,0.029635324676675,0.990919511598893
1,0.0296379351250384,0.991053638107767
1,0.0296405070148678,0.991185783454439
1,0.0296430409157047,0.991315976902356
1,0.0296455373886786,0.991444247282716
1,0.0296479969866317,0.991570623000856
1,0.0296504202542385,0.991695132042543
1,0.0296528077281286,0.99181780198017
1,0.029655159937007,0.991938659978863
1,0.0296574774017662,0.992057732802494
1,0.029659760635607,0.992175046819614
1,0.0296620101441496,0.992290628009283
1,0.0296642264255444,0.992404501966833
1,0.0296664099705846,0.992516693909529
1,0.0296685612628143,0.992627228682154
1,0.0296706807786347,0.992736130762517
1,0.0296727689874101,0.992843424266864
1,0.0296748263515725,0.992949132955226
1,0.0296768533267227,0.99305328023668
1,0.029678850361732,0.993155889174527
1,0.0296808178988419,0.993256982491408
1,0.0296827563737616,0.993356582574327
1,0.0296846662157635,0.993454711479617
1,0.029686547847781,0.993551390937816
1,0.0296884016864987,0.993646642358488
1,0.0296902281424478,0.993740486834956
1,0.0296920276200947,0.993832945148979
1,0.0296938005179317,0.993924037775351
1,0.0296955472285652,0.994013784886436
1,0.0296972681388021,0.994102206356634
1,0.0296989636297369,0.994189321766786
1,0.0297006340768338,0.994275150408504
1,0.0297022798500111,0.994359711288449
1,0.0297039013137239,0.994443023132538
1,0.0297054988270438,0.994525104390086
1,0.0297070727437383,0.994605973237902
1,0.0297086234123494,0.994685647584304
1,0.0297101511762705,0.99476414507309
1,0.0297116563738242,0.994841483087446
1,0.0297131393383341,0.994917678753789
1,0.0297146003982018,0.994992748945569
1,0.0297160398769771,0.995066710286999
1,0.0297174580934307,0.995139579156738
1,0.0297188553616254,0.995211371691519
1,0.0297202319909855,0.99528210378972
1,0.0297215882863628,0.99535179111489
1,0.0297229245481079,0.995420449099211
1,0.0297242410721348,0.995488092946921
1,0.0297255381499864,0.995554737637674
1,0.0297268160688988,0.995620397929868
1,0.0297280751118656,0.995685088363904
1,0.029729315557701,0.995748823265407
1,0.0297305376811001,0.995811616748403
1,0.029731741752701,0.995873482718442
1,0.0297329280391441,0.995934434875675
1,0.0297340968031308,0.995994486717893
1,0.0297352483034832,0.996053651543511
1,0.0297363827951995,0.996111942454516
1,0.0297375005295115,0.996169372359367
1,0.0297386017539407,0.996225953975855
1,0.0297396867123521,0.996281699833917
1,0.0297407556450078,0.996336622278415
1,0.0297418087886228,0.996390733471863
1,0.029742846376414,0.996444045397128
1,0.0297438686381544,0.996496569860078
1,0.0297448758002223,0.996548318492199
1,0.029745868085653,0.99659930275317
1,0.0297468457141867,0.9966495339334
1,0.0297478089023189,0.99669902315653
1,0.0297487578633462,0.996747781381895
1,0.0297496928074148,0.996795819406951
1,0.0297506139415671,0.996843147869668
1,0.0297515214697872,0.996889777250883
1,0.0297524155930471,0.996935717876621
1,0.0297532965093481,0.996980979920385
1,0.0297541644137691,0.997025573405406
1,0.0297550194985061,0.997069508206863
1,0.029755861952917,0.99711279405407
1,0.0297566919635621,0.997155440532632
1,0.0297575097142466,0.997197457086566
1,0.0297583153860608,0.99723885302039
1,0.0297591091574192,0.997279637501191
1,0.0297598912041026,0.997319819560649
1,0.0297606616992931,0.997359408097035
1,0.029761420813617,0.997398411877191
1,0.0297621687151788,0.99743683953846
1,0.0297629055696009,0.997474699590607
1,0.0297636315400587,0.9975120004177
1,0.0297643467873179,0.997548750279966
1,0.0297650514697685,0.997584957315623
1,0.0297657457434624,0.99762062954268
1,0.0297664297621454,0.997655774860714
1,0.0297671036772931,0.997690401052616
1,0.0297677676381425,0.997724515786321
1,0.0297684217917276,0.997758126616499
1,0.0297690662829098,0.997791240986231
1,0.0297697012544109,0.99782386622866
1,0.0297703268468452,0.997856009568611
1,0.029770943198749,0.99788767812419
1,0.0297715504466127,0.997918878908366
1,0.0297721487249112,0.99794961883052
1,0.0297727381661321,0.997979904697972
1,0.0297733189008067,0.998009743217497
1,0.0297738910575378,0.998039140996802
1,0.0297744547630292,0.998068104545994
1,0.0297750101421128,0.99809664027902
1,0.0297755573177769,0.998124754515086
1,0.0297760964111924,0.99815245348006
1,0.0297766275417417,0.998179743307848
1,0.0297771508270421,0.998206630041754
0,-0.140322333617025,0.998233119635815
0,-0.133345023697289,0.940782427956123
0,-0.113186432216558,0.806786059472828
0,-0.0872108448359299,0.640797885768231
0,-0.0606682697810026,0.474208766808335
0,-0.0368825829992763,0.326569311612629
0,-0.0175936244053456,0.207795927330171
0,-0.00335479497198277,0.120666838383156
0,0.00608142641808129,0.0632060004199752
0,0.0114305665239092,0.0307185406492307
0,0.0136148299993787,0.0173718305417216
0,0.0135767666991513,0.0173096446199721
0,0.0121612733786427,0.0253462484740146
0,0.010053801912614,0.0373186292518014
0,0.00776067272996439,0.0501853959816339
0,0.00561781749100354,0.0619569193808833
0,0.00381613900850475,0.0715289305991804
0,0.00243421497613006,0.078475685606217
0,0.00147173219937413,0.0828422397335453
0,0.000879462358367,0.0849604735357392
0,0.000583584713351737,0.0853013807615777
0,0.000503655424171967,0.0843671386866066
0,0.000564532269000551,0.0826204906375111
0,0.000703153567464865,0.0804455425349282
0,0.000871331057581082,0.0781326383067454
0,0.0010357427013693,0.0758799455904189
0,0.00117618890998994,0.0738052245070923
0,0.0012829752525364,0.0719625380216937
0,0.00135405937264133,0.0703600734328307
0,0.00139238540290809,0.0689765682248435
0,0.00140364658839554,0.0677749481394982
0,0.00139457537895626,0.0667126398187965
0,0.00137176086753132,0.0657486134809507
0,0.00134093179971617,0.0648475726230348
0,0.00130661235297269,0.0639818832838172
0,0.0012720494895011,0.063131874996203
0,0.00123931731788729,0.0622850961697735
0,0.00120951907708211,0.0614350078189794
0,0.0011830260624377,0.0605794816152838
0,0.00115971152002425,0.0597193522436827
0,0.00113915405353204,0.0588571728210481
0,0.00112079831567136,0.0579962419213525
0,0.00110407039426907,0.0571399129620484
0,0.00108845158674553,0.0562911595889141
0,0.00107351772334696,0.0554523507502871
0,0.0010589525128254,0.05462518219309
0,0.00104454320774172,0.0538107130275582
0,0.00103016580629944,0.0530094632037199
0,0.00101576549294691,0.0522215373741032
0,0.00100133641299771,0.0514467506327843
0,0.000986903400261085,0.0506847407031244
0,0.00097250705424512,0.0499350585869995
0,0.000958192641601574,0.0491972352395569
0,0.000944002668907817,0.0484708255630308
0,0.000929972602377704,0.0477554331759276
0,0.000916129040919866,0.0470507203515015
0,0.000902489625154712,0.0463564075871338
0,0.000889064034143128,0.0456722667862373
0,0.000875855540347081,0.044998111270627
0,0.000862862728961744,0.0443337849909533
0,0.000850081118012769,0.0436791524981512
0,0.000837504527254562,0.0430340905567246
0,0.000825126130975962,0.0423984817543717
0,0.000812939191424666,0.0417722100944018
0,0.000800937508181332,0.0411551583306098
0,0.000789115638639482,0.040547206691669
0,0.000777468950594662,0.0399482326135276
0,0.000765993564441625,0.0393581111251981
0,0.000754686233571444,0.0387767155915095
0,0.000743544200352053,0.0382039185871774
0,0.000732565053745526,0.037639592746863
0,0.000721746604537221,0.0370836114976981
0,0.000711086786031268,0.0365358496300462
0,0.000700583582104064,0.0359961836980243
0,0.000690234980593396,0.0354644922644926
0,0.000680038947801886,0.0349406560178781
0,0.00066999341902868,0.0344245577928526
0,0.000660096300095947,0.0339160825260256
0,0.000650345475465053,0.0334151171736333
0,0.000640738819435382,0.0329215506124542
0,0.000631274207893384,0.0324352735391279
0,0.000621949528972654,0.0319561783775234
0,0.000612762691741764,0.0314841591992396
0,0.00060371163259626,0.0310191116588961
0,0.00059479431943138,0.0305609329435523
0,0.000586008753895473,0.0301095217342278
0,0.000577352972142509,0.0296647781768918
0,0.000568825044513943,0.0292266038602151
0,0.000560423074547289,0.0287949017976522
0,0.000552145197634579,0.0283695764118746
0,0.0005439895795743,0.0279505335200878
0,0.000535954415180062,0.0275376803192529
0,0.000528037927043201,0.0271309253706517
0,0.000520238364489833,0.0267301785835592
0,0.000512554002737198,0.0263353511980135
0,0.000504983142229076,0.0259463557668179
0,0.000497524108117597,0.0255631061369791
0,0.000490175249853564,0.0251855174308093
0,0.000482934940851998,0.0248135060269016
0,0.000475801578201651,0.0244469895411584
0,0.000468773582395776,0.0240858868080047
0,0.000461849397068836,0.0237301178618821
0,0.000455027488727,0.0233796039190754
0,0.00044830634646964,0.0230342673598979
0,0.000441684481699067,0.0226940317112377
0,0.00043516042781927,0.0223588216294525
0,0.00042873273992744,0.0220285628835933
0,0.000422399994499834,0.0217031823389345
0,0.00041616078907572,0.0213826079407869
0,0.0004100137419418,0.0210667686985749
0,0.000403957491819262,0.0207555946701591
0,0.000397990697555167,0.0204490169463947
0,0.000392112037818249,0.0201469676359127
0,0.000386320210801067,0.0198493798501197
0,0.000380613933927382,0.0195561876884111
0,0.000374991943565134,0.0192673262235945
0,0.000369452994745112,0.0189827314875214
0,0.000363995860884259,0.0187023404569263
0,0.000358619333514193,0.01842609103947
0,0.000353322222013702,0.0181539220599873
0,0.000348103353345647,0.0178857732469366
0,0.000342961571798001,0.0176215852190484
0,0.000337895738728333,0.0173612994721722
0,0.000332904732312123,0.0171048583663175
0,0.000327987447294981,0.0168522051128867
0,0.000323142794748016,0.0166032837620984
0,0.000318369701826776,0.0163580391905955
0,0.000313667111533994,0.0161164170892384
0,0.000309033982485218,0.0158783639510777
0,0.00030446928867861,0.0156438270595056
0,0.000299972019267375,0.0154127544765817
0,0.000295541178335856,0.0151850950315321
0,0.000291175784679187,0.014960798309418
0,0.000286874871585685,0.0147398146399714
0,0.000282637486622911,0.0145220950865961
0,0.000278462691426673,0.0143075914355308
0,0.000274349561493137,0.0140962561851724
0,0.000270297185974266,0.0138880425355569
0,0.000266304667475875,0.0136829043779954
0,0.000262371121859173,0.0134807962848638
0,0.000258495678044729,0.0132816734995425
0,0.000254677477819681,0.013085491926505
0,0.000250915675647723,0.0128922081215536
0,0.000247209438481777,0.0127017792821978
0,0.000243557945579675,0.0125141632381765
0,0.000239960388322136,0.0123293184421189
0,0.000236415970034098,0.0121472039603443
0,0.000232923905807841,0.0119677794637969
0,0.000229483422329507,0.0117910052191154
0,0.000226093757707824,0.0116168420798337
0,0.000222754161305072,0.0114452514777125
0,0.000219463893571359,0.0112761954141977
0,0.000216222225880386,0.0111096364520063
0,0.000213028440368274,0.0109455377068356
0,0.000209881829774786,0.0107838628391952
0,0.000206781697286301,0.0106245760463601
0,0.000203727356381855,0.0104676420544414
0,0.000200718130680913,0.0103130261105759
0,0.000197753353793753,0.0101606939752294
0,0.000194832369173698,0.0100106119146147
0,0.000191954529971811,0.00986274669322103
0,0.000189119198893764,0.00971706556645462
0,0.000186325748058519,0.00957353627338686
0,0.000183573558859396,0.00943212702961049
0,0.000180862021827072,0.00929280652020086
0,0.000178190536494566,0.00915554389278128
0,0.00017555851126437,0.00902030875069082
0,0.000172965363277322,0.008887071146253
0,0.000170410518283565,0.0087558015741439
0,0.000167893410515457,0.00862647096485823
0,0.000165413482562174,0.00849905067827192
0,0.000162970185246372,0.00837351249729981
0,0.000160562977502471,0.00824982862164701
0,0.000158191326256926,0.00812797166165253
0,0.000155854706310105,0.00800791463222389
0,0.000153552600220055,0.00788963094686131
0,0.000151284498187867,0.00777309441177011
0,0.000149049897944759,0.0076582792200602
0,0.000146848304640929,0.00754515994603108
0,0.000144679230735953,0.00743371153954141
0,0.000142542195890688,0.00732390932046166
0,0.000140436726861121,0.00721572897320876
0,0.000138362357393382,0.00710914654136137
0,0.00013631862812058,0.00700413842235482
0,0.00013430508646109,0.00690068136225431
0,0.000132321286518258,0.00679875245060536
0,0.000130366788981748,0.00669832911536033
0,0.000128441161030168,0.00659938911787984
0,0.000126543976235294,0.00650191054800806
0,0.000124674814467596,0.00640587181922073
0,0.000122833261803207,0.00631125166384487
0,0.000121018910432286,0.00621802912834901
0,0.000119231358568672,0.00612618356870313
0,0.000117470210360932,0.00603569464580703
0,0.000115735075804702,0.00594654232098622
0,0.000114025570656276,0.00585870685155447
0,0.000112341316347603,0.00577216878644171
0,0.00011068193990238,0.00568690896188667
0,0.00010904707385348,0.00560290849719308
0,0.000107436356161561,0.00552014879054855
0,0.000105849430134967,0.00543861151490522
0,0.000104285944350593,0.00535827861392127
0,0.000102745552576229,0.00527913229796235
0,0.000101227913693769,0.00520115504016206
0,9.9732691623701e-05,0.0051243295725407
0,9.82595552507307e-05,0.00504863888218125
0,9.68081783503938e-05,0.00497406620746189
0,9.53782395168232e-05,0.00490059503434417
0,9.39694220916179e-05,0.00482820909271597
0,9.25814140936704e-05,0.00475689235278852
0,9.12139081501173e-05,0.00468662902154661
0,8.98666014282137e-05,0.00461740353925126
0,8.85391955683726e-05,0.00454920057599401
0,8.72313966179747e-05,0.00448200502830212
0,8.59429149663651e-05,0.00441580201579399
0,8.46734652806616e-05,0.00435057687788382
0,8.34227664426035e-05,0.00428631517053512
0,8.21905414862822e-05,0.00422300266306204
0,8.09765175367946e-05,0.00416062533497803
0,7.97804257498605e-05,0.004099169372891
0,7.86020012522384e-05,0.00403862116744438
0,7.74409830830922e-05,0.00397896731030331
0,7.62971141361826e-05,0.0039201945911854
0,7.51701411030106e-05,0.00386228999493535
0,7.40598144165702e-05,0.0038052406986427
0,7.29658881962192e-05,0.00374903406880227
0,7.18881201931948e-05,0.00369365765851646
0,7.08262717369137e-05,0.00363909920473887
0,6.9780107682188e-05,0.00358534662555871
0,6.87493963571206e-05,0.00353238801752524
0,6.77339095117926e-05,0.00348021165301179
0,6.67334222677271e-05,0.00342880597761865
0,6.57477130681164e-05,0.00337815960761441
0,6.47765636287156e-05,0.00332826132741501
0,6.38197588895273e-05,0.00327910008710006
0,6.28770869671794e-05,0.00323066499996587
0,6.194833910797e-05,0.00318294534011459
0,6.10333096417101e-05,0.00313593054007896
0,6.01317959360997e-05,0.00308961018848218
0,5.92435983519032e-05,0.00304397402773231
0,5.83685201987205e-05,0.00299901195175072
0,5.75063676914456e-05,0.00295471400373413
0,5.66569499073216e-05,0.0029110703739497
0,5.58200787436972e-05,0.00286807139756264
0,5.49955688763648e-05,0.00282570755249596
0,5.4183237718497e-05,0.00278396945732183
0,5.33829053802302e-05,0.00274284786918404
0,5.2594394628843e-05,0.00270233368175122
0,5.18175308494642e-05,0.00266241792320021
0,5.1052142006458e-05,0.00262309175422929
0,5.02980586052845e-05,0.00258434646610073
0,4.95551136549845e-05,0.00254617347871222
0,4.88231426312088e-05,0.00250856433869684
0,4.8101983439755e-05,0.00247151071755106
0,4.7391476380703e-05,0.0024350044097904
0,4.66914641130169e-05,0.00239903733113235
0,4.60017916197597e-05,0.0023636015167061
0,4.53223061736702e-05,0.00232868911928873
0,4.46528573034531e-05,0.00229429240756745
0,4.39932967603689e-05,0.00226040376442752
0,4.33434784854435e-05,0.00222701568526543
0,4.27032585771196e-05,0.00219412077632703
0,4.20724952593932e-05,0.00216171175307019
0,4.14510488504043e-05,0.00212978143855162
0,4.08387817315177e-05,0.00209832276183759
0,4.02355583168368e-05,0.00206732875643803
0,3.96412450231892e-05,0.00203679255876386
0,3.90557102405327e-05,0.00200670740660699
0,3.8478824302822e-05,0.00197706663764291
0,3.79104594592887e-05,0.00194786368795526
0,3.73504898461552e-05,0.00191909209058231
0,3.67987914587503e-05,0.00189074547408482
0,3.62552421240524e-05,0.00186281756113512
0,3.57197214736586e-05,0.00183530216712698
0,3.51921109170948e-05,0.00180819319880605
0,3.46722936155723e-05,0.0017814846529205
0,3.4160154456106e-05,0.00175517061489162
0,3.36555800260346e-05,0.00172924525750406
0,3.31584585878883e-05,0.00170370283961536
0,3.26686800546719e-05,0.00167853770488459
0,3.21861359654438e-05,0.0016537442805198
0,3.17107194613454e-05,0.00162931707604386
0,3.1242325261898e-05,0.00160525068207868
0,3.07808496417192e-05,0.00158153976914724
0,3.03261904075168e-05,0.00155817908649342
0,2.98782468755067e-05,0.00153516346091923
0,2.94369198490692e-05,0.00151248779563918
0,2.90021115968118e-05,0.00149014706915164
0,2.85737258309132e-05,0.00146813633412679
0,2.81516676858135e-05,0.00144645071631108
0,2.7735843697186e-05,0.00142508541344781
0,2.73261617812527e-05,0.0014040356942137
0,2.69225312143975e-05,0.0013832968971711
0,2.6524862613073e-05,0.00136286442973575
0,2.61330679139915e-05,0.00134273376715975
0,2.57470603546393e-05,0.00132290045152957
0,2.53667544540537e-05,0.00130336009077884
0,2.4992065993908e-05,0.00128410835771572
0,2.46229119998474e-05,0.00126514098906467
0,2.42592107231165e-05,0.00124645378452235
0,2.39008816224576e-05,0.00122804260582744
0,2.35478453462813e-05,0.00120990337584426
0,2.32000237150778e-05,0.00119203207765989
0,2.28573397041288e-05,0.00117442475369459
0,2.25197174264224e-05,0.00115707750482545
0,2.21870821158782e-05,0.00113998648952289
0,2.1859360110758e-05,0.001123147923
0,2.15364788373768e-05,0.00110655807637437
0,2.12183667940256e-05,0.00109021327584233
0,2.09049535351401e-05,0.00107410990186543
0,2.05961696556883e-05,0.00105824438836884
0,2.02919467758092e-05,0.0010426132219517
0,1.99922175256814e-05,0.00102721294110905
0,1.9696915530578e-05,0.0010120401354653
0,1.94059753961962e-05,0.000997091445018976
0,1.91193326941497e-05,0.0009823635593987
1,0.170118836923948,0.000967853217130066
1,0.163141756707618,0.0584303472049134
1,0.142983391537378,0.192438343666208
1,0.117008027124444,0.358437973593715
1,0.0904656717437883,0.525038379558399
1,0.0666802013915587,0.672688955040269
1,0.0473914560302777,0.79147329535284
1,0.0331528366799377,0.878613178500118
1,0.023716822269792,0.936084651224077
1,0.0183678860866141,0.96858258867117
1,0.016183823521684,0.981939621690869
1,0.0162220847648317,0.982011978046648
1,0.0176377731044758,0.973985394400705
1,0.0197454367090425,0.962022885824053
1,0.0220387551921807,0.949165845474578
1,0.0241817969355018,0.937403904788805
1,0.0259836591675333,0.927841334739187
1,0.0273657642353042,0.920903881446766
1,0.0283284253734106,0.916546491639846
1,0.0289208709412194,0.914437286793282
1,0.0292169217174026,0.914105275157747
1,0.0292970215804564,0.915048281427615
1,0.0292363127899812,0.916803564217021
1,0.029097857063565,0.918987019517483
1,0.0289298426998577,0.921308305285022
1,0.0287655917729628,0.923569255738266
1,0.0286253039073108,0.925652112584738
1,0.0285186735688733,0.927502814661165
1,0.0284477431485642,0.929113176443985
1,0.0284095685478174,0.930504462197681
1,0.028398456555107,0.931713747903483
1,0.0284076747536197,0.93278360861693
1,0.0284306340829654,0.933755075792281
1,0.0284616058296177,0.934663447580226
1,0.0284960658477109,0.935536359565424
1,0.0285307672061739,0.936393483814416
1,0.0285636358270911,0.937247273493444
1,0.0285935685017276,0.938104269140602
1,0.0286201939645021,0.938966600614041
1,0.0286436389986744,0.939833434735784
1,0.0286643250294514,0.940702219873719
1,0.0286828074325935,0.941569658916702
1,0.0286996601483234,0.942432399888503
1,0.0287154019068567,0.943287470563275
1,0.0287304569051747,0.944132503391641
1,0.02874514146135,0.944965804004973
1,0.0287596683492515,0.945786314650975
1,0.0287741615967132,0.946593516717497
1,0.0287886760449418,0.947387306870129
1,0.0288032175738977,0.948167871313442
1,0.0288177613746741,0.948935573603542
1,0.0288322668722967,0.949690863999119
1,0.0288466888242849,0.950434212786973
1,0.028860984747876,0.951166066288474
1,0.0288751192003194,0.951886822090644
1,0.0288890656058216,0.952596819107951
1,0.0289028063465377,0.953296338013192
1,0.0289163317658445,0.95398560805585
1,0.0289296386133879,0.954664817049974
1,0.0289427283257522,0.955334122164
1,0.0289556054063702,0.955993659949553
1,0.0289682760566299,0.956643554728399
1,0.0289807471230712,0.957283924983068
1,0.0289930253639685,0.957914887764668
1,0.0290051169999594,0.958536561358248
1,0.0290170274935706,0.959149066558634
1,0.0290287614966322,0.95975252693826
1,0.0290403229080849,0.960347068461599
1,0.0290517149935885,0.960932818742634
1,0.0290629405295433,0.961509906171004
1,0.0290740019454794,0.962078459062157
1,0.0290849014488297,0.962638604925037
1,0.0290956411242387,0.96319046989153
1,0.0291062230055152,0.963734178316147
1,0.0291166491222443,0.964269852531232
1,0.0291269215252881,0.964797612730341
1,0.0291370422962607,0.965317576947758
1,0.0291470135460015,0.965829861102992
1,0.0291568374064661,0.966334579083281
1,0.029166516019528,0.966831842842864
1,0.0291760515252357,0.96732176250384
1,0.0291854460511554,0.967804446448988
1,0.029194701703686,0.96828000140144
1,0.0292038205616707,0.968748532489572
1,0.0292128046722289,0.969210143297751
1,0.0292216560485037,0.969664935904991
1,0.029230376668915,0.970113010914129
1,0.0292389684774803,0.970554467474243
1,0.0292474333848081,0.970989403298725
1,0.0292557732694436,0.971417914681018
1,0.0292639899793201,0.971840096509452
1,0.0292720853331527,0.97225604228218
1,0.0292800611216786,0.972665844122766
1,0.0292879191087043,0.973069592796668
1,0.0292956610319501,0.97346737772861
1,0.0293032886037197,0.973859287020735
1,0.0293108035114191,0.974245407471308
1,0.029318207417971,0.974625824593756
1,0.0293255019621503,0.975000622635838
1,0.0293326887588794,0.975369884598747
1,0.0293397693994968,0.975733692256043
1,0.0293467454520269,0.976092126172286
1,0.0293536184614491,0.976445265721346
1,0.029360389949981,0.976793189104348
1,0.0293670614173689,0.977135973367251
1,0.0293736343411932,0.977473694418088
1,0.0293801101771791,0.977806427043859
1,0.0293864903595125,0.978134244927126
1,0.0293927763011594,0.978457220662324
1,0.0293989693941823,0.978775425771804
1,0.0294050710100571,0.979088930721624
1,0.0294110824999825,0.979397804937107
1,0.0294170051951883,0.97970211681818
1,0.029422840407233,0.980001933754478
1,0.0294285894283008,0.980297322140249
1,0.0294342535314891,0.980588347389038
1,0.0294398339710931,0.980875073948161
1,0.0294453319828838,0.981157565312973
1,0.0294507487843818,0.98143588404093
1,0.0294560855751276,0.981710091765443
1,0.0294613435369446,0.981980249209533
1,0.0294665238342025,0.982246416199277
1,0.0294716276140727,0.982508651677066
1,0.0294766560067827,0.982767013714655
1,0.0294816101258668,0.983021559526031
1,0.0294864910684103,0.98327234548008
1,0.0294912999152943,0.983519427113072
1,0.0294960377314328,0.983762859140964
1,0.0295007055660121,0.984002695471511
1,0.0295053044527191,0.984238989216207
1,0.0295098354099728,0.984471792702045
1,0.0295142994411488,0.984701157483105
1,0.0295186975348019,0.984927134351972
1,0.0295230306648848,0.985149773350981
1,0.0295272997909652,0.985369123783298
1,0.0295315058584353,0.985585234223841
1,0.0295356497987254,0.985798152530034
1,0.0295397325295053,0.986007925852409
1,0.0295437549548916,0.986214600645041
1,0.0295477179656467,0.986418222675841
1,0.0295516224393739,0.986618837036689
1,0.0295554692407158,0.986816488153418
1,0.0295592592215415,0.987011219795655
1,0.0295629932211388,0.987203075086513
1,0.0295666720663976,0.987392096512139
1,0.0295702965719939,0.987578325931124
1,0.0295738675405712,0.987761804583772
1,0.0295773857629169,0.987942573101233
1,0.0295808520181369,0.9881206715145
1,0.0295842670738296,0.988296139263275
1,0.0295876316862556,0.988469015204702
1,0.0295909466005051,0.988639337621971
1,0.0295942125506614,0.988807144232799
1,0.0295974302599669,0.988972472197779
1,0.0296006004409788,0.98913535812861
1,0.0296037237957303,0.989295838096206
1,0.0296068010158856,0.989453947638683
1,0.0296098327828915,0.989609721769229
1,0.0296128197681291,0.989763194983857
1,0.0296157626330642,0.989914401269046
1,0.0296186620293895,0.990063374109264
1,0.0296215185991744,0.990210146494386
1,0.0296243329750028,0.990354750926999
1,0.029627105780115,0.990497219429598
1,0.0296298376285455,0.990637583551681
1,0.0296325291252606,0.990775874376729
1,0.0296351808662876,0.990912122529098
1,0.0296377934388525,0.991046358180794
1,0.0296403674215071,0.991178611058157
1,0.029642903384256,0.991308910448446
1,0.029645401888686,0.991437285206318
1,0.0296478634880888,0.991563763760226
1,0.0296502887275822,0.99168837411871
1,0.0296526781442326,0.991811143876599
1,0.0296550322671747,0.991932100221124
1,0.0296573516177254,0.992051269937936
1,0.0296596367095034,0.992168679417042
1,0.0296618880485393,0.992284354658644
1,0.0296641061333898,0.992398321278899
1,0.0296662914552472,0.992510604515592
1,0.0296684444980488,0.992621229233727
1,0.0296705657385841,0.992730219931026
1,0.0296726556465987,0.992837600743362
1,0.0296747146849008,0.992943395450102
1,0.0296767433094622,0.993047627479368
1,0.0296787419695199,0.993150319913232
1,0.0296807111076747,0.993251495492821
1,0.0296826511599901,0.99335117662336
1,0.0296845625560889,0.993449385379126
1,0.0296864457192476,0.993546143508344
1,0.0296883010664901,0.993641472437996
1,0.029690129008682,0.993735393278571
1,0.0296919299506186,0.993827926828739
1,0.0296937042911165,0.993919093579953
1,0.0296954524231012,0.994008913720994
1,0.0296971747336958,0.994097407142434
1,0.0296988716043032,0.994184593441047
1,0.0297005434106934,0.994270491924143
1,0.0297021905230868,0.99435512161385
1,0.0297038133062337,0.994438501251322
1,0.0297054121194988,0.994520649300888
1,0.0297069873169373,0.994601583954147
1,0.0297085392473744,0.994681323133989
1,0.0297100682544835,0.994759884498572
1,0.0297115746768624,0.994837285445223
1,0.0297130588481058,0.994913543114299
1,0.0297145210968823,0.99498867439298
1,0.0297159617470051,0.995062695919004
1,0.0297173811175049,0.99513562408436
1,0.0297187795226994,0.995207475038911
1,0.0297201572722643,0.995278264693974
1,0.0297215146713006,0.995348008725841
1,0.0297228520204027,0.995416722579254
1,0.0297241696157253,0.99548442147082
1,0.0297254677490484,0.995551120392388
1,0.0297267467078424,0.995616834114361
1,0.0297280067753307,0.995681577188972
1,0.0297292482305549,0.995745363953504
1,0.0297304713484325,0.995808208533469
1,0.0297316763998234,0.995870124845731
1,0.0297328636515837,0.99593112660159
1,0.0297340333666294,0.99599122730982
1,0.0297351858039925,0.996050440279657
1,0.0297363212188793,0.99610877862375
1,0.0297374398627257,0.996166255261062
1,0.029738541983255,0.996222882919733
1,0.0297396278245297,0.996278674139897
1,0.0297406976270089,0.996333641276459
1,0.0297417516275986,0.996387796501833
1,0.0297427900597069,0.996441151808634
1,0.0297438131532926,0.996493719012339
1,0.0297448211349187,0.996545509753898
1,0.0297458142278024,0.996596535502313
1,0.0297467926518622,0.996646807557184
1,0.0297477566237698,0.996696337051201
1,0.0297487063569957,0.996745134952618
1,0.0297496420618566,0.996793212067677
1,0.0297505639455642,0.996840579043004
1,0.0297514722122678,0.996887246367966
1,0.0297523670631024,0.99693322437699
1,0.029753248696232,0.996978523251857
1,0.0297541173068931,0.997023153023954
1,0.0297549730874387,0.997067123576496
1,0.0297558162273801,0.997110444646714
1,0.0297566469134303,0.997153125828014
1,0.0297574653295436,0.997195176572095
1,0.0297582716569575,0.99723660619105
1,0.029759066074232,0.997277423859425
1,0.0297598487572903,0.997317638616247
1,0.0297606198794564,0.997357259367031
1,0.0297613796114946,0.99739629488575
1,0.0297621281216469,0.997434753816777
1,0.0297628655756699,0.997472644676801
1,0.029763592136872,0.997509975856713
1,0.0297643079661492,0.997546755623461
1,0.0297650132220215,0.997582992121885
1,0.0297657080606668,0.997618693376519
1,0.0297663926359566,0.997653867293368
1,0.0297670670994894,0.997688521661656
1,0.029767731600624,0.997722664155558
1,0.0297683862865141,0.997756302335891
1,0.0297690313021384,0.997789443651794
1,0.0297696667903353,0.997822095442376
1,0.0297702928918331,0.99785426493834
1,0.029770909745281,0.997885959263587
1,0.0297715174872812,0.997917185436791
1,0.0297721162524169,0.997947950372954
1,0.0297727061732842,0.997978260884939
1,0.0297732873805199,0.998008123684976
1,0.0297738600028326,0.998037545386149
1,0.0297744241670279,0.998066532503863
1,0.0297749799980407,0.998095091457283
1,0.029775527618958,0.998123228570758
1,0.0297760671510501,0.998150950075224
1,0.0297765987137961,0.998178262109575
1,0.0297771224249104,0.998205170722034
1,0.0297776384003672,0.998231681871484
1,0.0297781467544294,0.998257801428789
1,0.0297786475996715,0.998283535178099
1,0.0297791410470045,0.998308888818123
1,0.0297796272057025,0.998333867963398
1,0.0297801061834246,0.998358478145529
1,0.0297805780862397,0.998382724814414
1,0.02978104301865,0.998406613339452
1,0.0297815010836151,0.998430149010732
1,0.0297819523825722,0.998453337040201
1,0.0297823970154616,0.998476182562824
1,0.0297828350807461,0.998498690637718
1,0.0297832666754352,0.998520866249272
1,0.0297836918951051,0.998542714308251
1,0.0297841108339201,0.998564239652883
1,0.0297845235846537,0.998585447049934
1,0.0297849302387092,0.998606341195759
1,0.0297853308861395,0.998626926717343
1,0.0297857256156677,0.998647208173328
1,0.0297861145147065,0.998667190055021
1,0.0297864976693767,0.998686876787388
1,0.0297868751645278,0.998706272730035
1,0.0297872470837561,0.998725382178171
1,0.0297876135094215,0.998744209363564
1,0.0297879745226699,0.998762758455474
1,0.0297883302034461,0.998781033561578
1,0.0297886806305163,0.998799038728877
1,0.0297890258814815,0.998816777944596
1,0.029789366032797,0.998834255137067
1,0.0297897011597901,0.998851474176594
1,0.029790031336673,0.998868438876315
1,0.0297903566365636,0.998885152993044
1,0.0297906771314991,0.998901620228105
1,0.0297909928924529,0.998917844228149
1,0.02979130398935,0.998933828585963
1,0.029791610491082,0.998949576841267
1,0.0297919124655239,0.998965092481495
1,0.0297922099795471,0.998980378942567
1,0.0297925030990362,0.998995439609655
1,0.0297927918889025,0.999010277817928
1,0.0297930764130971,0.999024896853289
1,0.0297933567346285,0.99903929995311
1,0.0297936329155732,0.99905349030694
0,-0.140306094982909,0.999067471057219
0,-0.133329024921561,0.941604455299968
0,-0.113170669756305,0.807595944776183
0,-0.0871953152005727,0.641595808379326
0,-0.0606529695315199,0.474994903426271
0,-0.0368675087474446,0.327343836326512
0,-0.0175787728129879,0.208559011657665
0,-0.0033401627502303,0.121418651308464
0,0.00609584250951878,0.0639467084312583
0,0.0114447696774591,0.0314483077754801
0,0.0136288233603141,0.0180908183890809
0,0.0135905533662875,0.0180180124075253
0,0.0121748564050218,0.0260441530690448
0,0.0100671843061827,0.0380062252045292
0,0.0077738574542392,0.0508628355594421
0,0.00563080746572753,0.0626243526020365
0,0.00382893711029375,0.0721865052660461
0,0.00244682403911012,0.0791235473379967
0,0.00148415501580834,0.0834805319985212
0,0.000891701679274881,0.0855893376830456
0,0.000595643249117761,0.0859209560525023
0,0.000515535845145854,0.0849775623254299
0,0.000576237206088792,0.0832218978018903
0,0.00071468561271304,0.0810380664058317
0,0.000882692764748061,0.078716410097946
0,0.00104693658649313,0.0764550945775507
0,0.00118721745194439,0.0743718780562787
0,0.00129384089358009,0.0725208216177526
0,0.00136476451895862,0.0709101107070629
0,0.00140293242514211,0.0695184809824105
0,0.00141403782217342,0.0683088563863961
0,0.00140481312540541,0.0672386617884313
0,0.00138184739378944,0.0662668656603208
0,0.00135086933943351,0.0653581697785268
0,0.00131640310680703,0.0644849384866211
0,0.00128169562560421,0.0636274996473511
0,0.00124882097238577,0.0627734000248109
0,0.0012188823545497,0.0619160990122686
0,0.00119225103636211,0.0610534666839511
0,0.00116880023326615,0.0601863361512109
0,0.00114810851877734,0.0593172589805201
0,0.00112962051587651,0.0584495322183525
0,0.00111276228310109,0.0575865077772243
0,0.00109701508901361,0.0567311578202065
0,0.00108195473542938,0.0558858498348303
0,0.00106726490308962,0.0550522781287891
0,0.00105273281695739,0.0542315003943479
0,0.00103823444804674,0.0534240351845092
0,0.00102371495401787,0.0526299857754106
0,0.00100916845379195,0.051849165905068
0,0.000994619755175563,0.0510812119608128
0,0.000980109432058507,0.0503256736282253
0,0.000965682725851957,0.0495820805656002
0,0.000951382118266508,0.0488499863974743
0,0.000937243051015502,0.0481289934835297
0,0.000923292098870099,0.0474187628567895
0,0.000909546878668732,0.0467190137927239
0,0.000896017046042252,0.046029516990883
0,0.000882705850368093,0.0453500845870012
0,0.000869611854098506,0.0446805593631677
0,0.000856730552851792,0.0440208047190167
0,0.000844055744306016,0.0433706962847575
0,0.000831580580999802,0.0427301155305477
0,0.00081929830375177,0.0420989453586633
0,0.000807202691030406,0.0414770674381289
0,0.00079528827942843,0.0408643609288707
0,0.00078355041624828,0.0402607022138759
0,0.000771985201693803,0.0396659652847492
0,0.000760589369263875,0.0390800224842354
0,0.000749360141727828,0.0385027453800627
0,0.000738295088738461,0.0379340056147788
0,0.000727392002057403,0.037373675638057
0,0.000716648796245944,0.0368216292772394
0,0.000706063436714477,0.0362777421376467
0,0.000695633893107228,0.0357418918473573
0,0.000685358113802659,0.0352139581738238
0,0.00067523401643993,0.0346938230443472
0,0.000665259489442405,0.0341813705015689
0,0.000655432400129274,0.0336764866209616
0,0.000645750605911488,0.03317905941155
0,0.000636211966035971,0.0326889787150373
0,0.000626814352243044,0.0322061361129842
0,0.000617555657449753,0.0317304248471229
0,0.000608433802139041,0.0312617397544642
0,0.000599446738528187,0.0307999772165355
0,0.000590592452819672,0.0303450351207229
0,0.000581868965949139,0.0298968128310844
0,0.000573274333264928,0.0294552111659293
0,0.000564806643532978,0.0290201323797295
0,0.000556464017591574,0.0285914801473847
0,0.000548244606900505,0.028169159549374
0,0.000540146592146851,0.0277530770568136
0,0.000532168182003523,0.0273431405158624
0,0.000524307612084218,0.0269392591312351
0,0.000516563144096149,0.0265413434488166
0,0.00050893306517269,0.0261493053375101
0,0.000501415687351958,0.0257630579705242
0,0.000494009347164759,0.0253825158063253
0,0.000486712405296685,0.0250075945694665
0,0.000479523246295244,0.0246382112314708
0,0.000472440278297792,0.0242742839919018
0,0.000465461932765088,0.0239157322597173
0,0.000458586664209559,0.023562476634957
0,0.000451812949914199,0.0232144388907919
0,0.000445139289639074,0.0228715419559354
0,0.000438564205318237,0.0225337098974063
0,0.000432086240748308,0.0222008679036217
0,0.000425703961271673,0.0218729422677985
0,0.000419415953458374,0.02154986037164
0,0.000413220824787952,0.0212315506692874
0,0.000407117203334001,0.0209179426715211
0,0.00040110373745314,0.020608966930196
0,0.000395179095478815,0.0203045550229049
0,0.000389341965420842,0.0200046395378599
0,0.000383591054670646,0.0197091540589897
0,0.0003779250897121,0.0194180331512495
0,0.000372342815837784,0.0191312123461396
0,0.000366842996870453,0.0188486281274338
0,0.000361424414889094,0.0185702179171137
0,0.000356085869959555,0.018295920061509
0,0.000350826179869312,0.0180256738176407
0,0.000345644179866433,0.0177594193397656
0,0.00034053872240225,0.01749709766612
0,0.0003355086768774,0.0172386507058596
0,0.00033055292939238,0.0169840212261925
0,0.000325670382500698,0.0167331528397041
0,0.00032085995496639,0.0164859899918684
0,0.000316120581524332,0.0162424779487456
0,0.00031145121264467,0.0160025627848608
0,0.000306850814300152,0.0157661913712623
0,0.000302318367737281,0.0155333113637571
0,0.000297852869250465,0.0153038711913189
0,0.000293453329959947,0.0150778200446689
0,0.000289118775592567,0.0148551078650234
0,0.000284848246266012,0.0146356853330098
0,0.000280640796276349,0.0144195038577437
0,0.00027649549388839,0.0142065155660699
0,0.000272411421129465,0.0139966732919601
0,0.000268387673586168,0.0137899305660683
0,0.000264423360203991,0.0135862416054403
0,0.000260517603090038,0.0133855613033752
0,0.000256669537318621,0.0131878452194363
0,0.000252878310739696,0.0129930495696097
0,0.000249143083790204,0.0128011312166089
0,0.000245463029308224,0.0126120476603213
0,0.000241837332349615,0.0124257570283973
0,0.000238265190007664,0.0122422180669772
0,0.000234745811235282,0.0120613901315558
0,0.000231278416669839,0.0118832331779819
0,0.00022786223846058,0.0117077077535899
0,0.000224496520098455,0.0115347749884639
0,0.000221180516248809,0.0113643965868293
0,0.000217913492586153,0.0111965348185727
0,0.000214694725631556,0.0110311525108864
0,0.000211523502592612,0.0108682130400367
0,0.000208399121205391,0.0107076803232532
0,0.000205320889579003,0.0105495188107388
0,0.000202288126042324,0.010393693477797
0,0.000199300158993193,0.0102401698170757
0,0.000196356326749483,0.0100889138309256
0,0.000193455977402765,0.00993989202387176
0,0.000190598468673767,0.00979307139519542
0,0.000187783167770281,0.00964841943162663
0,0.000185009451246915,0.00950590410014391
0,0.000182276704867201,0.0093654938408807
0,0.000179584323467347,0.00922715756013637
0,0.000176931710822392,0.00909086462349065
0,0.000174318279514168,0.00895658484901955
0,0.000171743450801065,0.00882428850061175
0,0.000169206654490092,0.00869394628138343
0,0.000166707328810439,0.00856552932719061
0,0.000164244920289061,0.00843900920023716
0,0.000161818883628317,0.00831435788277732
0,0.000159428681584986,0.00819154777091113
0,0.000157073784851372,0.00807055166847167
0,0.000154753671938193,0.00795134278100244
0,0.000152467829058867,0.00783389470982377
0,0.000150215750016003,0.00771818144618686
0,0.000147996936089093,0.00760417736551418
0,0.00014581089592422,0.00749185722172489
0,0.000143657145425108,0.0073811961416442
0,0.000141535207646051,0.00727216961949517
0,0.000139444612686224,0.00716475351147195
0,0.000137384897585607,0.00705892403039318
0,0.000135355606222506,0.0069546577404343
0,0.000133356289212544,0.00685193155193778
0,0.000131386503809131,0.00675072271629985
0,0.000129445813805404,0.00665100882093293
0,0.000127533789437667,0.00655276778430233
0,0.00012565000729016,0.00645597785103637
0,0.000123794050201353,0.00636061758710863
0,0.000121965507171598,0.0062666658750914
0,0.000120163973271942,0.00617410190947932
0,0.00011838904955469,0.00608290519208193
0,0.000116640342964908,0.00599305552748444
0,0.000114917466253361,0.00590453301857545
0,0.000113220037890896,0.00581731806214076
0,0.00011154768198382,0.00573139134452224
0,0.000109900028190696,0.00564673383734087
0,0.000108276711640404,0.00556332679328292
0,0.000106677372851222,0.00548115174194835
0,0.000105101657651305,0.00540019048576059
0,0.000103549217100214,0.00532042509593671
0,0.00010201970741168,0.00524183790851708
0,0.00010051278987739,0.00516441152045374
0,9.90281307921351e-05,0.00508812878575648
0,9.75654013797081e-05,0.00501297281169591
0,9.61242777203011e-05,0.00493892695506255
0,9.47044406785988e-05,0.00486597481848125
0,9.3305575833251e-05,0.00479410024677997
0,9.19273734071094e-05,0.00472328732341226
0,9.05695281987542e-05,0.00465352036693256
0,8.92317395148196e-05,0.00458478392752353
0,8.79137111034489e-05,0.00451706278357472
0,8.66151510886606e-05,0.0044503419383118
0,8.53357719057465e-05,0.00438460661647546
0,8.4075290237566e-05,0.00431984226104954
0,8.28334269518047e-05,0.00425603453003729
0,8.16099070391901e-05,0.00419316929328546
0,8.04044595525411e-05,0.00413123262935511
0,7.92168175468289e-05,0.00407021082243875
0,7.8046718019989e-05,0.004010090359323
0,7.68939018547452e-05,0.00395085792639608
0,7.57581137612109e-05,0.00389250040669956
0,7.46391022203377e-05,0.00383500487702358
0,7.3536619428223e-05,0.00377835860504504
0,7.2450421241238e-05,0.00372254904650807
0,7.13802671219593e-05,0.00366756384244606
0,7.03259200859202e-05,0.00361339081644483
0,6.92871466491038e-05,0.00356001797194615
0,6.82637167762484e-05,0.00350743348959112
0,6.72554038299092e-05,0.00345562572460278
0,6.62619845202758e-05,0.0034045832042074
0,6.52832388557123e-05,0.00335429462509385
0,6.43189500940389e-05,0.00330474885091047
0,6.33689046945565e-05,0.00325593490979896
0,6.24328922707307e-05,0.00320784199196465
0,6.15107055436312e-05,0.00316045944728272
0,6.0602140295983e-05,0.00311377678293971
0,5.9706995327001e-05,0.00306778366110991
0,5.88250724077935e-05,0.00302246989666604
0,5.79561762374808e-05,0.0029778254549238
0,5.71001143999522e-05,0.00293384044941967
0,5.62566973212192e-05,0.0028905051397216
0,5.54257382274839e-05,0.00284780992927193
0,5.46070531037557e-05,0.00280574536326233
0,5.38004606531056e-05,0.00276430212653998
0,5.30057822564697e-05,0.00272347104154476
0,5.22228419332048e-05,0.00268324306627692
0,5.14514663020119e-05,0.00264360929229466
0,5.06914845425921e-05,0.00260456094274145
0,4.99427283577984e-05,0.00256608937040235
0,4.92050319363772e-05,0.00252818605578915
0,4.84782319162547e-05,0.00249084260525364
0,4.77621673483503e-05,0.00245405074912896
0,4.70566796609423e-05,0.00241780233989821
0,4.63616126245361e-05,0.00238208935039023
0,4.56768123172843e-05,0.00234690387200198
0,4.50021270908992e-05,0.00231223811294718
0,4.43374075370651e-05,0.00227808439653084
0,4.36825064543539e-05,0.00224443515944927
0,4.30372788156226e-05,0.00221128295011518
0,4.24015817359139e-05,0.00217862042700753
0,4.17752744407869e-05,0.00214644035704578
0,4.11582182351655e-05,0.00211473561398812
0,4.05502764726229e-05,0.00208349917685336
0,3.99513145251072e-05,0.00205272412836615
0,3.93611997531428e-05,0.00202240365342517
0,3.87798014764469e-05,0.00199253103759392
0,3.82069909449986e-05,0.00196309966561382
0,3.76426413105264e-05,0.00193410301993924
0,3.70866275984129e-05,0.00190553467929426
0,3.65388266800083e-05,0.00187738831725062
0,3.59991172454027e-05,0.00184965770082678
0,3.54673797765166e-05,0.00182233668910762
0,3.49434965206639e-05,0.00179541923188452
0,3.44273514644583e-05,0.0017688993683156
0,3.39188303081391e-05,0.00174277122560564
0,3.34178204402409e-05,0.0017170290177056
0,3.29242109126694e-05,0.00169166704403128
0,3.24378924161234e-05,0.00166667968820093
0,3.19587572558989e-05,0.00164206141679153
0,3.14866993280302e-05,0.00161780677811341
0,3.10216140958011e-05,0.00159391040100297
0,3.05633985665764e-05,0.00157036699363326
0,3.01119512690351e-05,0.00154717134234207
0,2.96671722306574e-05,0.00152431831047742
0,2.92289629555964e-05,0.00150180283726003
0,2.87972264028866e-05,0.00147961993666263
0,2.83718669649297e-05,0.00145776469630578
0,2.7952790446345e-05,0.00143623227637005
0,2.75399040430765e-05,0.00141501790852425
0,2.71331163218848e-05,0.00139411689486949
0,2.67323372000628e-05,0.00137352460689881
0,2.63374779255077e-05,0.00135323648447223
0,2.59484510570576e-05,0.0013332480348069
0,2.55651704451337e-05,0.00131355483148218
0,2.51875512126548e-05,0.00129415251345942
0,2.48155097362507e-05,0.0012750367841162
0,2.44489636277347e-05,0.00125620341029485
0,2.40878317158723e-05,0.00123764822136504
0,2.37320340283828e-05,0.00121936710830017
0,2.33814917742579e-05,0.00120135602276745
0,2.3036127326289e-05,0.00118361097623141
0,2.26958642038956e-05,0.00116612803907061
0,2.23606270561699e-05,0.00114890333970745
0,2.20303416452131e-05,0.00113193306375082
0,2.17049348296711e-05,0.0011152134531514
0,2.13843345485618e-05,0.00109874080536943
0,2.1068469805291e-05,0.00108251147255482
0,2.07572706519572e-05,0.0010665218607393
0,2.04506681738409e-05,0.00105076842904058
0,2.0148594474155e-05,0.00103524768887816
0,1.98509826590011e-05,0.00101995620320087
0,1.95577668225689e-05,0.00100489058572569
0,1.92688820325245e-05,0.000990047500187849
0,1.89842643156368e-05,0.000975423659602064
0,1.87038506436286e-05,0.000961015825534589
0,1.84275789191935e-05,0.000946820807386096
0,1.8155387962248e-05,0.000932835461685113
0,1.78872174964057e-05,0.000919056691391907
0,1.76230081355994e-05,0.000905481445212643
0,1.7362701370956e-05,0.000892106716923683
0,1.71062395578226e-05,0.00087892954470586
0,1.6853565903004e-05,0.000865947010488585
1,0.170116604624452,0.000853156239303647
1,0.163139557381078,0.0583173443986486
1,0.142981224696754,0.192327010007155
1,0.117005892289892,0.358328284427155
1,0.0904635684425527,0.524930310593785
1,0.0666781291578648,0.672582482345844
1,0.0473894144052314,0.791368395350341
1,0.0331508252114237,0.878509827959552
1,0.0237148405123724,0.935982827258579
1,0.018365933601431,0.968482268731933
1,0.0161818998763618,0.98184078356215
1,0.0162201895333809,0.981914599840849
1,0.0176359058671998,0.973889454553528
1,0.0197435970524433,0.961928363089722
1,0.0220369427088687,0.949072718921136
1,0.0241800112241042,0.937312153793477
1,0.0259818998326062,0.927750938983813
1,0.0273640308872451,0.920814820913304
1,0.028326717628371,0.916458746605938
1,0.0289191884210214,0.914350837827883
1,0.0292152640494541,0.914020103116827
1,0.0292953883976682,0.914964367449917
1,0.0292347037306867,0.916720889719886
1,0.0290962717714399,0.918905566192732
1,0.0289282808238407,0.921228055094905
1,0.0287640529671781,0.923490190911465
1,0.0286237878309916,0.925574215612432
1,0.028517179886286,0.927426068293154
1,0.0284462715289345,0.929037563684867
1,0.0284081186652567,0.930429966303094
1,0.0283970280885404,0.93164035237639
1,0.0284062673867149,0.932711297203971
1,0.0284292475040622,0.933683832480171
1,0.0284602397316598,0.93459325659221
1,0.0284947199281775,0.935467205357783
1,0.0285294411670129,0.936325351073026
1,0.0285623293746522,0.937180147130382
1,0.0285922813466988,0.938038134290808
1,0.0286189258218439,0.938901442632024
1,0.0286423895875576,0.939769239192379
1,0.0286630940731956,0.940638972552892
1,0.0286815946586048,0.941507345812403
1,0.0286984652880347,0.94237100720156
1,0.0287142246956669,0.943226984698345
1,0.0287292970823918,0.944072910954194
1,0.0287439987701326,0.944907091798329
1,0.0287585425365513,0.945728469673378
1,0.028773052413221,0.946536526159239
1,0.0287875832450295,0.947331158110713
1,0.0288021409155663,0.948112551918786
1,0.0288167006194986,0.948881071323225
1,0.0288312217853739,0.94963716676367
1,0.0288456591741817,0.950381308705197
1,0.0288599703065775,0.951113943644819
1,0.0288741197431783,0.951835469342607
1,0.0288880809115097,0.952546224883521
1,0.0289018361969953,0.953246491108333
1,0.0289153759462331,0.953936497432018
1,0.0289286969120419,0.954616431831674
1,0.0289418005341329,0.955286451636379
1,0.0289546913190195,0.955946693556023
1,0.0289673754711239,0.956597282068303
1,0.0289798598399762,0.957238335809375
1,0.0289921511867968,0.957869971981704
1,0.0290042557351256,0.958492309019462
1,0.0290161789503482,0.959105467864393
1,0.029027925487112,0.95970957223368
1,0.0290394992471341,0.960304748234407
1,0.029050903498808,0.960891123621061
1,0.0290621410212286,0.96146882692171
1,0.0290732142465802,0.962037986588188
1,0.0290841253849103,0.962598730263807
1,0.0290948765234413,0.963151184212839
1,0.0291054696985193,0.963695472920222
1,0.0291159069422309,0.964231718846806
1,0.0291261903079025,0.96476004231275
1,0.0291363218795757,0.965280561477073
1,0.0291463037704816,0.965793392382178
1,0.0291561381149319,0.966298649036379
1,0.029165827057122,0.966796443513203
1,0.0291753727393889,0.967286886052277
1,0.0291847772915506,0.967770085152169
1,0.0291940428222275,0.968246147650095
1,0.0292031714124497,0.968715178786823
1,0.0292121651114918,0.969177282257456
1,0.0292210259346206,0.969632560250109
1,0.0292297558623484,0.970081113475107
1,0.0292383568407528,0.970523041187426
1,0.0292468307824731,0.970958441204797
1,0.0292551795680556,0.971387409923456
1,0.0292634050474048,0.97181004233301
1,0.0292715090411775,0.972226432031394
1,0.0292794933420242,0.972636671240477
1,0.0292873597156369,0.973040850822572
1,0.0292951099015923,0.973439060297828
1,0.0293027456140242,0.973831387862403
1,0.0293102685421418,0.974217920407188
1,0.029317680350643,0.974598743536868
1,0.0293249826800535,0.974973941589109
1,0.029332177147019,0.975343597653689
1,0.0293392653445772,0.97570779359144
1,0.0293462488424256,0.976066610052907
1,0.0293531291871927,0.976420126496674
1,0.0293599079027198,0.976768421207328
1,0.0293665864903543,0.97711157131306
1,0.0293731664292529,0.977449652802917
1,0.0293796491766949,0.977782740543716
1,0.0293860361683962,0.978110908296663
1,0.0293923288188307,0.97843422873367
1,0.029398528521547,0.978752773453421
1,0.029404636649484,0.97906661299718
1,0.0294106545552832,0.979375816864367
1,0.0294165835715947,0.979680453527907
1,0.0294224250113773,0.979980590449361
1,0.0294281801681937,0.980276294093837
1,0.0294338503165008,0.980567629944691
1,0.0294394367119317,0.980854662518024
1,0.0294449405915769,0.981137455376956
1,0.0294503631742566,0.981416071145709
1,0.0294557056607905,0.981690571523475
1,0.0294609692342642,0.981961017298081
1,0.0294661550602899,0.982227468359455
1,0.0294712642872634,0.982489983712895
1,0.0294762980466186,0.982748621492136
1,0.0294812574530774,0.983003438972225
1,0.0294861436048965,0.98325449258221
1,0.0294909575841111,0.983501837917633
1,0.0294957004567713,0.983745529752848
1,0.0295003732731836,0.983985622053143
1,0.0295049770681373,0.984222167986696
1,0.0295095128611387,0.984455219936349
1,0.0295139816566339,0.984684829511204
1,0.0295183844442335,0.984911047558053
1,0.0295227221989296,0.985133924172641
1,0.0295269958813131,0.985353508710753
1,0.0295312064377868,0.98556984979915
1,0.0295353548007733,0.985782995346334
1,0.0295394418889232,0.985992992553156
1,0.0295434686073173,0.986199887923273
1,0.0295474358476682,0.986403727273442
1,0.0295513444885174,0.986604555743667
1,0.0295551953954289,0.986802417807196
1,0.0295589894211816,0.986997357280371
1,0.0295627274059591,0.987189417332327
1,0.0295664101775333,0.987378640494556
1,0.0295700385514506,0.987565068670323
1,0.0295736133312099,0.987748743143948
1,0.0295771353084433,0.987929704589944
1,0.0295806052630876,0.988107993082028
1,0.0295840239635619,0.988283648101995
1,0.0295873921669323,0.988456708548459
1,0.0295907106190851,0.988627212745471
1,0.0295939800548874,0.988795198451
1,0.0295972011983519,0.9889607028653
1,0.029600374762798,0.989123762639146
1,0.0296035014510077,0.989284413881948
1,0.029606581955383,0.989442692169751
1,0.0296096169580982,0.989598632553112
1,0.029612607131251,0.98975226956486
1,0.0296155531370124,0.989903637227746
1,0.0296184556277721,0.990052769061976
1,0.0296213152462839,0.990199698092634
1,0.0296241326258067,0.990344456856995
1,0.0296269083902463,0.990487077411732
1,0.0296296431542931,0.990627591340012
1,0.029632337523557,0.990766029758494
1,0.0296349920947041,0.990902423324217
1,0.0296376074555851,0.991036802241388
1,0.02964018418537,0.991169196268075
1,0.0296427228546725,0.99129963472279
1,0.0296452240256777,0.991428146490991
1,0.0296476882522674,0.991554760031469
1,0.0296501160801423,0.991679503382657
1,0.0296525080469419,0.991802404168835
1,0.0296548646823649,0.991923489606251
1,0.0296571865082855,0.992042786509142
1,0.0296594740388694,0.992160321295681
1,0.0296617277806885,0.992276119993818
1,0.0296639482328307,0.992390208247051
1,0.0296661358870136,0.992502611320101
1,0.0296682912276898,0.992613354104506
1,0.029670414732158,0.992722461124138
1,0.0296725068706656,0.992829956540627
1,0.0296745681065143,0.99293586415872
1,0.0296765988961627,0.993040207431542
1,0.029678599689327,0.9931430094658
1,0.0296805709290806,0.993244293026894
1,0.0296825130519529,0.993344080543958
1,0.0296844264880245,0.99344239411483
1,0.0296863116610238,0.993539255510946
1,0.0296881689884201,0.993634686182157
1,0.0296899988815167,0.993728707261482
1,0.0296918017455416,0.993821339569787
1,0.0296935779797376,0.993912603620399
1,0.0296953279774488,0.994002519623642
1,0.0296970521262108,0.994091107491318
1,0.0296987508078341,0.994178386841116
1,0.0297004243984909,0.994264377000954
1,0.0297020732687954,0.994349097013258
1,0.029703697783888,0.994432565639186
1,0.0297052983035155,0.994514801362774
1,0.0297068751821126,0.994595822395034
1,0.029708428768876,0.994675646677988
1,0.0297099594078465,0.994754291888636
1,0.0297114674379824,0.994831775442875
1,0.0297129531932347,0.994908114499355
1,0.0297144170026233,0.994983325963279
1,0.0297158591903066,0.995057426490142
1,0.0297172800756555,0.995130432489428
1,0.029718679973324,0.995202360128236
1,0.0297200591933175,0.995273225334864
1,0.029721418041063,0.995343043802336
1,0.0297227568174756,0.995411830991877
1,0.029724075819026,0.995479602136335
1,0.0297253753378055,0.995546372243557
1,0.0297266556615916,0.995612156099712
1,0.0297279170739104,0.995676968272563
1,0.0297291598541005,0.995740823114696
1,0.029730384277374,0.995803734766698
1,0.0297315906148778,0.995865717160287
1,0.0297327791337545,0.995926784021395
1,0.0297339500972,0.995986948873214
1,0.029735103764523,0.996046225039186
1,0.0297362403912023,0.996104625645953
1,0.0297373602289424,0.996162163626267
1,0.0297384635257301,0.996218851721852
1,0.0297395505258891,0.996274702486224
1,0.0297406214701343,0.996329728287477
1,0.0297416765956258,0.996383941311014
1,0.0297427161360193,0.996437353562251
1,0.0297437403215208,0.996489976869273
1,0.0297447493789342,0.996541822885456
1,0.0297457435317148,0.996592903092042
1,0.0297467230000157,0.99664322880069
1,0.0297476880007401,0.996692811155973
1,0.0297486387475863,0.996741661137851
1,0.0297495754510952,0.996789789564099
1,0.0297504983186998,0.996837207092705
1,0.029751407554768,0.996883924224229
1,0.0297523033606488,0.996929951304131
1,0.0297531859347178,0.996975298525058
1,0.0297540554724196,0.997019975929102
1,0.0297549121663128,0.997063993410028
1,0.029755756206111,0.997107360715457
1,0.0297565877787265,0.997150087449035
1,0.0297574070683091,0.997192183072549
1,0.0297582142562909,0.99723365690803
1,0.0297590095214217,0.997274518139814
1,0.029759793039813,0.997314775816577
1,0.0297605649849733,0.997354438853339
1,0.0297613255278497,0.997393516033435
1,0.0297620748368632,0.997432016010466
1,0.0297628130779473,0.997469947310209
1,0.0297635404145853,0.997507318332511
1,0.0297642570078447,0.997544137353143
1,0.0297649630164145,0.997580412525639
1,0.0297656585966395,0.997616151883095
1,0.0297663439025544,0.997651363339956
1,0.0297670190859209,0.997686054693758
1,0.0297676842962569,0.997720233626866
1,0.0297683396808723,0.997753907708167
1,0.0297689853849015,0.997787084394751
1,0.029769621551335,0.997819771033559
1,0.0297702483210514,0.997851974863011
1,0.0297708658328475,0.997883703014611
1,0.0297714742234714,0.997914962514525
1,0.0297720736276501,0.997945760285135
1,0.0297726641781209,0.997976103146573
1,0.0297732460056608,0.998005997818234
1,0.0297738192391155,0.99803545092026
1,0.0297743840054256,0.998064468975009
1,0.0297749404296592,0.998093058408499
1,0.029775488635035,0.998121225551828
1,0.0297760287429529,0.99814897664258
1,0.0297765608730192,0.998176317826205
1,0.0297770851430736,0.998203255157377
1,0.0297776016692146,0.99822979460134
1,0.029778110565827,0.998255942035225
1,0.0297786119456054,0.998281703249353
1,0.0297791059195793,0.998307083948517
1,0.0297795925971389,0.998332089753245
1,0.029780072086059,0.998356726201048
1,0.0297805444925212,0.998380998747637
1,0.0297810099211393,0.998404912768145
1,0.0297814684749824,0.998428473558303
1,0.0297819202555969,0.998451686335625
1,0.0297823653630287,0.998474556240554
1,0.0297828038958468,0.998497088337606
1,0.0297832359511629,0.998519287616491
1,0.0297836616246563,0.998541158993214
1,0.0297840810105914,0.998562707311167
1,0.0297844942018408,0.998583937342204
1,0.0297849012899052,0.998604853787691
1,0.0297853023649342,0.998625461279552
1,0.0297856975157449,0.998645764381295
0,-0.140313913170157,0.99866576758902
0,-0.133336727627557,0.941208685332415
0,-0.113178258686806,0.807206020666443
0,-0.0872027920361396,0.641211643779125
0,-0.0606603359278894,0.474616413262772
0,-0.036874766335897,0.326970936783477
0,-0.0175859232007087,0.208191620156891
0,-0.00334720752066464,0.121056686491499
0,0.0060889017963135,0.0635900901413842
0,0.0114379314844698,0.0310969570399607
0,0.0136220861732305,0.0177446574016745
0,0.0135839156931663,0.0176769645112542
0,0.0121683167759576,0.02570814273922
0,0.0100607412729817,0.0376751780320253
0,0.00776750959009898,0.0505366782342194
0,0.00562455336491996,0.0623030128969068
0,0.00382277538785503,0.0718699120206781
0,0.00244075333053351,0.0788116304431573
0,0.0014781739767421,0.0831732223805501
0,0.000885808985224168,0.0852865672885592
0,0.000589837595151965,0.0856226578333229
0,0.00050981594560906,0.0846836702237383
0,0.000570601794315229,0.0829323467355973
0,0.000709133440747189,0.0807527922541657
0,0.000877222603067329,0.0784353496872534
0,0.00104154722373595,0.0761781856673064
0,0.00118190769464221,0.074099059325303
0,0.00128860956589305,0.0722520326506314
0,0.00135961046241484,0.070645291980769
0,0.00139785449838137,0.0692575738531225
0,0.00140903490069422,0.0680518030765113
0,0.00139988410131597,0.0669854053737713
0,0.00137699117556289,0.0660173500575255
0,0.00134608485166565,0.0651123397326349
0,0.00131168928997782,0.0642427395588337
0,0.00127705143584445,0.0633888782029767
0,0.00124424538124446,0.0625383032213878
0,0.00121437434876714,0.061684474787863
0,0.0011878096176452,0.0608252637456282
0,0.00116442441806752,0.0599615039636758
0,0.00114379733807735,0.0590957477549272
0,0.00112537301496907,0.0582312929012797
0,0.0011085775213816,0.0573714920398098
0,0.00109289213977093,0.0565193180474471
0,0.00107789268564107,0.0556771391150366
0,0.00106326285321889,0.0548466502431971
0,0.00104878988075485,0.0540289098068839
0,0.00103434975235328,0.0532244370317059
0,0.00101988763857175,0.052433335856472
0,0.00100539767103858,0.0516554206720816
0,0.000990904670078896,0.0508903285091054
0,0.000976449221916975,0.0501376096868623
0,0.000962076580116045,0.0493967944880244
0,0.000947829238359232,0.0486674371522834
0,0.000933742650155334,0.0479491406453901
0,0.000919843401897102,0.0472415665974842
0,0.000906149121872368,0.0465444348723322
0,0.00089266947699318,0.045857516749091
0,0.000879407727750858,0.0451806249345407
0,0.000866362447547342,0.0445136027733812
0,0.000853529142788911,0.0438563142195475
0,0.000840901621782852,0.0432086354493616
0,0.000828473047539191,0.0425704484710278
0,0.000816236671193904,0.041941636716921
0,0.000804186281380015,0.0413220823783351
0,0.000792316424704842,0.0407116651297509
0,0.000780622458337321,0.0401102618611101
0,0.000769100492202579,0.0395177470634833
0,0.000757747269376385,0.038933993571704
0,0.000746560022064191,0.0383588734383205
0,0.000735536329215136,0.0377922587835394
0,0.000724673991750246,0.0372340225276372
0,0.000713970933254315,0.0366840389616084
0,0.000703425128028456,0.0361421841475775
0,0.000693034554476391,0.035608336163679
0,0.000682797169606231,0.0350823752207741
0,0.000672710899559503,0.0345641836830229
0,0.000662773641136483,0.0340536460234732
0,0.000652983269909424,0.0335506487416465
0,0.000643337651420606,0.0330550802643527
0,0.000633834652927601,0.0325668308449092
0,0.000624472154064082,0.0320857924704111
0,0.00061524805552271,0.0316118587821348
0,0.000606160285447965,0.031144925010734
0,0.000597206803605366,0.030684887925564
0,0.000588385603633834,0.0302316457961104
0,0.000579694713795986,0.0297850983628874
0,0.000571132196658664,0.0293451468150991
0,0.000562696148099728,0.0289116937726342
0,0.000554384695964361,0.0284846432704118
0,0.000546195998615828,0.028063900743612
0,0.000538128243542546,0.0276493730128135
0,0.000530179646118567,0.0272409682684753
0,0.000522348448559473,0.026838596054527
0,0.000514632919076996,0.0264421672510576
0,0.000507031351212772,0.0260515940562381
0,0.000499542063318814,0.0256667899676812
0,0.000492163398146339,0.0252876697634658
0,0.000484893722509705,0.0249141494830366
0,0.000477731426994255,0.0245461464081567
0,0.00047067492568631,0.0241835790440478
0,0.000463722655907661,0.0238263671008103
0,0.000456873077945286,0.0234744314751789
0,0.000450124674771235,0.0231276942326368
0,0.000443475951750705,0.0227860785898924
0,0.000436925436340052,0.022449508897705
0,0.000430471677776656,0.0221179106240415
0,0.000424113246763336,0.0217912103375393
0,0.000417848735151438,0.0214693356912537
0,0.000411676755623508,0.0211522154066705
0,0.000405595941379622,0.0208397792579651
0,0.000399604945826998,0.0205319580564972
0,0.000393702442275157,0.0202286836355312
0,0.000387887123636382,0.0199298888351743
0,0.00038215770213218,0.0196355074875297
0,0.000376512909005339,0.0193454744020612
0,0.000370951494236799,0.0190597253511662
0,0.000365472226268593,0.0187781970559572
0,0.00036007389173065,0.018500827172249
0,0.000354755295172621,0.0182275542767507
0,0.000349515258799588,0.0179583178534593
0,0.000344352622211858,0.0176930582802554
0,0.000339266242148722,0.0174317168156959
0,0.000334254992235605,0.0171742355860026
0,0.000329317762735176,0.0169205575722439
0,0.000324453460301771,0.0166706265977061
0,0.000319661007739613,0.0164243873154521
0,0.000314939343764142,0.0161817851960647
0,0.000310287422767203,0.0159427665155706
0,0.000305704214585423,0.0157072783435434
0,0.000301188704271982,0.015475268531383
0,0.0002967398918719,0.015246685700767
0,0.000292356792200438,0.0150214792322738
0,0.000288038434625021,0.014799599254173
0,0.000283783862850107,0.0145809966313819
0,0.000279592134705492,0.0143656229545845
0,0.00027546232193762,0.0141534305295113
0,0.000271393510003937,0.0139443723663779
0,0.000267384797870612,0.013738402169479
0,0.000263435297812614,0.013535474326936
0,0.000259544135217477,0.0133355439005968
0,0.000255710448391483,0.0131385666160837
0,0.000251933388368791,0.0129444988529894
0,0.000248212118723529,0.0127532976352169
0,0.000244545815384523,0.0125649206214627
0,0.000240933666452836,0.01237932609584
0,0.000237374872021967,0.0121964729586413
0,0.00023386864400074,0.0120163207172364
0,0.000230414205938723,0.0118388294771057
0,0.000227010792854337,0.0116639599330052
0,0.000223657651065384,0.0114916733602629
0,0.00022035403802223,0.011321931606203
0,0.000217099222143358,0.011154697081697
0,0.000213892482653258,0.0109899327528394
0,0.000210733109422948,0.0108276021327474
0,0.000207620402812664,0.01066766927348
0,0.000204553673516836,0.0105100987580778
0,0.000201532242411581,0.01035485569272
0,0.00019855544040423,0.0102019056989971
0,0.000195622608285206,0.0100512149062977
0,0.000192733096581993,0.00990274994430821
0,0.000189886265415287,0.0097564779356228
0,0.00018708148435749,0.00961236648846273
0,0.000184318132292791,0.00947038368950333
0,0.000181595597279857,0.00933049809680677
0,0.000178913276416268,0.00919267873285929
0,0.000176270575704948,0.00905689507771125
0,0.000173666909922654,0.00892311706221855
0,0.000171101702490448,0.00879131506138381
0,0.000168574385345857,0.00866145988779597
0,0.000166084398817254,0.00853352278516678
0,0.000163631191499786,0.00840747542196271
0,0.000161214220133363,0.00828328988513102
0,0.000158832949482268,0.00816093867391839
0,0.000156486852216683,0.00804039469378095
0,0.000154175408795892,0.00792163125038419
0,0.000151898107353221,0.00780462204369157
0,0.000149654443582739,0.00768934116214034
0,0.000147443920627557,0.00757576307690349
0,0.000145266048969681,0.00746386263623645
0,0.000143120346321815,0.00735361505990722
0,0.000141006337520427,0.00724499593370882
0,0.000138923554420523,0.0071379812040528
0,0.00013687153579206,0.00703254717264259
0,0.000134849827217703,0.00692867049122554
0,0.00013285798099226,0.00682632815642252
0,0.000130895556023553,0.00672549750463375
0,0.000128962117734666,0.00662615620702004
0,0.000127057237967784,0.0065282822645581
0,0.000125180494889354,0.00643185400316882
0,0.000123331472896601,0.00633685006891765
0,0.000121509762525632,0.00624324942328571
0,0.000119714960360617,0.00615103133851089
0,0.000117946668944574,0.00606017539299769
0,0.00011620449669128,0.00597066146679487
0,0.000114488057798567,0.00588246973713993
0,0.000112796972162862,0.00579558067406939
0,0.000111130865295114,0.00570997503609386
0,0.000109489368237722,0.00562563386593705
0,0.000107872117482949,0.00554253848633773
0,0.000106278754892337,0.00546067049591363
0,0.000104708927617485,0.00538001176508647
0,0.000103162288021812,0.00530054443206725
0,0.000101638493603645,0.00522225089890069
0,0.000100137206920377,0.00514511382756824
0,9.86580955136748e-05,0.00506911613614858
0,9.72008318359113e-05,0.00499424099503484
0,9.57650931775952e-05,0.0049204718232077
0,9.43505615959919e-05,0.00484779228456356
0,9.29569238445754e-05,0.00477618628429689
0,9.15838713037645e-05,0.00470563796533612
0,9.02310999125744e-05,0.00463613170483201
0,8.88983101012264e-05,0.00456765211069808
0,8.75852067248536e-05,0.004500184018202
0,8.62914989981298e-05,0.00443371248660741
0,8.5016900430869e-05,0.00436822279586524
0,8.37611287646048e-05,0.00430370044335406
0,8.25239059100355e-05,0.00424013114066843
0,8.13049578855113e-05,0.00417750081045478
0,8.0104014756284e-05,0.00411579558329398
0,7.89208105748049e-05,0.00405500179462995
0,7.77550833217996e-05,0.0039951059817437
0,7.66065748481967e-05,0.00393609488077202
0,7.54750308180549e-05,0.00387795542377019
0,7.43602006521502e-05,0.00382067473581811
0,7.32618374725477e-05,0.00376424013216916
0,7.21796980478959e-05,0.00370863911544116
0,7.11135427396078e-05,0.00365385937284889
0,7.00631354487238e-05,0.00359988877347736
0,6.90282435636957e-05,0.00354671536559551
0,6.80086379088174e-05,0.00349432737400946
0,6.7004092693515e-05,0.00344271319745493
0,6.60143854623388e-05,0.00339186140602814
0,6.50392970456826e-05,0.00334176073865469
0,6.40786115112743e-05,0.00329240010059575
0,6.31321161163323e-05,0.00324376856099124
0,6.21996012604778e-05,0.00319585535043909
0,6.12808604392931e-05,0.00314864985861048
0,6.03756901986219e-05,0.00310214163190011
0,5.94838900894734e-05,0.00305632037111127
0,5.86052626237038e-05,0.00301117592917516
0,5.77396132301761e-05,0.00296669830890375
0,5.68867502117806e-05,0.00292287766077595
0,5.60464847029207e-05,0.00287970428075647
0,5.52186306277125e-05,0.00283716860814682
0,5.44030046587402e-05,0.00279526122346814
0,5.35994261765295e-05,0.00275397284637525
0,5.28077172294895e-05,0.00271329433360154
0,5.2027702494524e-05,0.00267321667693418
0,5.1259209238208e-05,0.0026337310012193
0,5.05020672785413e-05,0.00259482856239655
0,4.97561089472555e-05,0.00255650074556279
0,4.90211690526814e-05,0.00251873906306426
0,4.82970848431699e-05,0.00248153515261708
0,4.7583695971045e-05,0.00244488077545537
0,4.68808444571214e-05,0.0024087678145068
0,4.61883746556875e-05,0.00237318827259509
0,4.55061332200468e-05,0.00233813427066901
1,0.170144833969069,0.00230359804605763
1,0.163167369754351,0.0597463619507512
1,0.143008626257705,0.193734919759003
1,0.117032889106567,0.359715398158846
1,0.0904901664933666,0.52629693548016
1,0.066704334332928,0.673928921024512
1,0.0474152325076517,0.792694945988696
1,0.0331762619585916,0.879816784320804
1,0.0237399015372287,0.937270478766805
1,0.0183906244537123,0.969750900536172
1,0.0162062260238307,0.983090676599549
1,0.0162441563630368,0.983146030898874
1,0.0176595186864712,0.975102696331259
1,0.0197668610903636,0.963123684258244
1,0.022059863117234,0.950250384183033
1,0.0242025930786141,0.938472423941453
1,0.0260041481339882,0.928894070958441
1,0.0273859505623615,0.921941067859929
1,0.0283483135313103,0.917568357930731
1,0.028940465334173,0.915444059253078
1,0.0292362266845673,0.915097176735131
1,0.0293160413968964,0.916025531778121
1,0.0292550516676141,0.917766379751686
1,0.0291163191520952,0.91993561345077
1,0.0289480320876946,0.922242887682037
1,0.0287835124881268,0.924490033561272
1,0.0286429599183252,0.926559289738992
1,0.0285360687856424,0.928396592040072
1,0.0284648814232403,0.929993751973581
1,0.0284264536756527,0.931372030880469
1,0.028415092275295,0.932568501861611
1,0.0284240647501228,0.933625737134743
1,0.0284467819853305,0.93458476535823
1,0.0284775152137804,0.935480881928171
1,0.0285117402367872,0.936341719715321
1,0.0285462100712408,0.937186948112403
1,0.0285788505879536,0.938029017651335
1,0.028608558527679,0.938874466274798
1,0.0286349625750666,0.939725421283867
1,0.0286581894643454,0.94058104698126
1,0.0286786605724136,0.941438789252771
1,0.0286969312274379,0.942295348541826
1,0.0287135753227488,0.943147370462883
1,0.0287291115423638,0.943991880416375
1,0.0287439640377471,0.944826508514264
1,0.028758449082128,0.945649558083806
1,0.0287727794051931,0.946459969102621
1,0.0287870789912477,0.947257220722009
1,0.0288014026386119,0.948041207404044
1,0.0288157561849944,0.948812113182329
1,0.0288301147798591,0.949570299474067
1,0.0288444378072181,0.950316214430644
1,0.0288586799841835,0.951050326262677
1,0.0288727987881812,0.951773079246021
1,0.0288867587372372,0.952484868952399
1,0.0289005332169154,0.953186032310747
1,0.0289141045712977,0.953876848037659
1,0.0289274631062508,0.954557543455306
1,0.0289406055344628,0.955228304478898
1,0.0289535332561088,0.955889286406077
1,0.0289662507387491,0.956540623945305
1,0.0289787641484278,0.957182439602415
1,0.0289910802968651,0.957814850070821
1,0.0290032059080287,0.958437970638946
1,0.0290151471687565,0.95905191785519
1,0.0290269095082747,0.959656810803382
1,0.0290384975456046,0.960252771370228
1,0.0290499151473635,0.960839923859378
1,0.029061165547364,0.961418394248521
1,0.0290722514906308,0.961988309315172
1,0.0290831753757816,0.962549795786466
1,0.0290939393797918,0.963102979606498
1,0.0291045455573018,0.963647985365416
1,0.0291149959125556,0.964184935898765
1,0.029125292446013,0.964713952042364
1,0.0291354371798405,0.965235152515345
1,0.0291454321673787,0.965748653899347
1,0.0291552794916132,0.966254570682693
1,0.029164981257056,0.966753015342574
1,0.0291745395785432,0.967244098444006
1,0.0291839565694849,0.967727928740391
1,0.029193234331202,0.968204613266022
1,0.0292023749442358,0.96867425741547
1,0.0292113804619554,0.969136965008165
1,0.0292202529063794,0.969592838338871
1,0.0292289942659238,0.970041978216042
1,0.0292376064946451,0.970484483990725
1,0.0292460915125576,0.970920453578694
1,0.0292544512066208,0.971349983478262
1,0.0292626874320809,0.971773168785732
1,0.0292708020139161,0.972190103209981
1,0.0292787967482249,0.972600879087132
1,0.0292866734034629,0.973005587395879
1,0.0292944337214833,0.973404317773724
1,0.0293020794183776,0.973797158534095
1,0.0293096121851406,0.974184196684253
1,0.0293170336881834,0.974565517943754
1,0.0293243455697447,0.97494120676325
1,0.0293315494482207,0.97531134634342
1,0.0293386469184551,0.975676018653849
1,0.0293456395520064,0.97603530445172
1,0.0293525288974092,0.976389283300234
1,0.0293593164804424,0.97673803358669
1,0.029366003804405,0.977081632540217
1,0.0293725923504056,0.977420156249134
1,0.0293790835776617,0.977753679677977
1,0.0293854789238068,0.978082276684187
1,0.029391779805203,0.9784060200345
1,0.0293979876172543,0.978724981421049
1,0.0294041037347224,0.979039231477211
1,0.0294101295120364,0.979348839793201
1,0.0294160662836009,0.979653874931439
1,0.0294219153640991,0.979954404441691
1,0.0294276780487879,0.98025049487599
1,0.0294333556137902,0.980542211803356
1,0.02943894931638,0.980829619824291
1,0.0294444603952615,0.981112782585081
1,0.0294498900708464,0.981391762791881
1,0.029455239545523,0.981666622224605
1,0.0294605100039211,0.981937421750608
1,0.0294657026131753,0.982204221338168
1,0.0294708185231831,0.982467080069769
1,0.0294758588668576,0.98272605615519
1,0.0294808247603786,0.9829812069444
1,0.0294857173034391,0.983232588940256
1,0.0294905375794889,0.983480257811022
1,0.0294952866559752,0.983724268402693
1,0.0294999655845756,0.983964674751147
1,0.0295045754014351,0.984201530094104
1,0.0295091171273936,0.984434886882923
1,0.0295135917682112,0.984664796794212
1,0.0295180003147926,0.984891310741271
1,0.0295223437434056,0.985114478885372
1,0.0295266230158977,0.985334350646858
1,0.0295308390799089,0.985550974716097
1,0.0295349928690825,0.985764399064254
1,0.02953908530327,0.985974670953923
1,0.0295431172887364,0.986181836949587
1,0.0295470897183605,0.986385942927934
1,0.0295510034718327,0.986587034088013
1,0.0295548594158499,0.986785154961245
1,0.0295586584043062,0.986980349421283
1,0.029562401278483,0.987172660693731
1,0.0295660888672364,0.987362131365712
1,0.0295697219871789,0.987548803395303
1,0.029573301442861,0.987732718120824
1,0.0295768280269495,0.987913916269991
1,0.029580302520402,0.98809243796894
1,0.0295837256926421,0.98826832275111
1,0.0295870983017272,0.988441609565994
1,0.0295904210945184,0.988612336787772
1,0.0295936948068436,0.988780542223803
1,0.0295969201636634,0.988946263122999
1,0.0296000978792299,0.989109536184076
1,0.0296032286572447,0.989270397563676
1,0.0296063131910149,0.989428882884378
1,0.0296093521636072,0.989585027242587
1,0.0296123462479991,0.989738865216301
1,0.0296152961072274,0.989890430872774
1,0.0296182023945351,0.990039757776059
1,0.0296210657535161,0.990186878994435
1,0.0296238868182586,0.99033182710774
1,0.0296266662134841,0.990474634214576
1,0.0296294045546868,0.990615331939423
1,0.0296321024482693,0.990753951439642
1,0.0296347604916773,0.990890523412369
1,0.0296373792735316,0.991025078101323
1,0.0296399593737586,0.991157645303494
1,0.0296425013637187,0.991288254375746
1,0.0296450058063331,0.991416934241317
1,0.0296474732562073,0.991543713396225
1,0.0296499042597564,0.991668619915577
1,0.0296522993553225,0.991791681459787
1,0.0296546590732976,0.991912925280701
1,0.0296569839362384,0.992032378227633
1,0.0296592744589836,0.99215006675331
1,0.0296615311487665,0.992266016919728
1,0.0296637545053293,0.992380254403927
1,0.029665945021031,0.992492804503675
1,0.0296681031809594,0.99260369214307
1,0.0296702294630371,0.99271294187806
1,0.0296723243381267,0.992820577901881
1,0.0296743882701358,0.992926624050415
1,0.0296764217161201,0.993031103807468
1,0.0296784251263837,0.993134040309968
1,0.02968039894458,0.993235456353093
1,0.0296823436078091,0.993335374395318
1,0.0296842595467142,0.993433816563384
1,0.029686147185578,0.993530804657203
1,0.0296880069424161,0.993626360154685
1,0.0296898392290699,0.993720504216492
1,0.0296916444512969,0.993813257690724
1,0.0296934230088617,0.993904641117538
1,0.0296951752956238,0.993994674733697
1,0.0296969016996258,0.994083378477046
1,0.0296986026031776,0.994170771990935
1,0.0297002783829428,0.994256874628562
1,0.02970192941002,0.994341705457265
1,0.0297035560500287,0.994425283262739
1,0.029705158663186,0.994507626553199
1,0.0297067376043887,0.994588753563477
1,0.0297082932232919,0.994668682259063
1,0.0297098258643853,0.99474743034008
1,0.0297113358670713,0.994825015245206
1,0.0297128235657378,0.994901454155535
1,0.0297142892898343,0.99497676399838
1,0.0297157333639437,0.995050961451026
1,0.0297171561078549,0.995124062944419
1,0.0297185578366324,0.995196084666804
1,0.0297199388606884,0.995267042567316
1,0.0297212994858487,0.995336952359505
1,0.0297226400134223,0.995405829524818
1,0.0297239607402677,0.99547368931603
1,0.0297252619588582,0.995540546760619
1,0.0297265439573473,0.995606416664093
1,0.0297278070196327,0.995671313613272
1,0.0297290514254174,0.995735251979516
1,0.0297302774502743,0.995798245921906
1,0.0297314853657051,0.995860309390383
1,0.0297326754392013,0.995921456128835
1,0.0297338479343032,0.995981699678143
1,0.0297350031106589,0.996041053379174
1,0.0297361412240811,0.996099530375742
1,0.0297372625266035,0.996157143617515
1,0.0297383672665374,0.996213905862882
1,0.0297394556885264,0.996269829681784
1,0.0297405280335998,0.996324927458487
1,0.0297415845392279,0.996379211394337
1,0.0297426254393729,0.996432693510451
1,0.0297436509645406,0.996485385650388
1,0.0297446613418322,0.996537299482764
1,0.0297456567949952,0.996588446503842
1,0.029746637544471,0.996638838040075
1,0.0297476038074465,0.996688485250614
1,0.0297485557978985,0.99673739912978
1,0.0297494937266449,0.996785590509498
1,0.029750417801389,0.9968330700617
1,0.0297513282267661,0.996879848300678
1,0.0297522252043885,0.996925935585426
1,0.0297531089328915,0.996971342121921
1,0.0297539796079755,0.997016077965393
1,0.0297548374224508,0.997060153022545
1,0.0297556825662795,0.997103577053752
1,0.0297565152266175,0.997146359675219
1,0.0297573355878564,0.997188510361111
1,0.0297581438316648,0.997230038445652
1,0.0297589401370275,0.997270953125192
1,0.029759724680285,0.997311263460242
1,0.0297604976351735,0.997350978377483
1,0.0297612591728633,0.99739010667174
1,0.0297620094619961,0.997428657007932
1,0.0297627486687226,0.99746663792299
1,0.0297634769567394,0.997504057827745
1,0.029764194487325,0.997540925008796
1,0.0297649014193757,0.99757724763034
1,0.0297655979094409,0.997613033735982
1,0.0297662841117581,0.997648291250518
1,0.0297669601782846,0.997683027981684
1,0.0297676262587365,0.997717251621895
1,0.0297682825006151,0.997750969749936
1,0.0297689290492451,0.997784189832653
1,0.0297695660478043,0.997816919226596
1,0.0297701936373544,0.997849165179654
1,0.0297708119568756,0.997880934832659
1,0.0297714211432929,0.997912235220966
1,0.0297720213315109,0.997943073276012
1,0.0297726126544402,0.997973455826852
1,0.0297731952430289,0.998003389601668
1,0.0297737692262898,0.998032881229263
1,0.0297743347313324,0.998061937240526
1,0.0297748918833858,0.99809056406988
1,0.0297754408058313,0.998118768056704
0.999999999999645,0.0297759816201668,0.998146555446742
0,-0.140323485553661,0.99817393239346
0,-0.133346158618841,0.940724114959468
0,-0.113187550374354,0.806728607808538
0,-0.0872119464775878,0.640741282713709
0,-0.0606693551504807,0.474152999828902
0,-0.0368836523369289,0.326514368358751
0,-0.0175946779479765,0.207741795634725
0,-0.00335583295289799,0.120613506258735
0,0.00608040376902252,0.0631534560562369
0,0.0114295589802426,0.0306667724102798
0,0.0136138373379848,0.0173208269635353
0,0.0135757887002071,0.0172593944078611
0,0.0121603098255716,0.0252967405001219
0,0.0100528525920381,0.0372698525526387
0,0.00775973743165792,0.0501373397556529
0,0.00561689600784576,0.0619095729860842
0,0.00381523113643434,0.0714822835507549
0,0.00243332051409972,0.0784297275742265
0,0.00147085094930621,0.0827969605406332
0,0.000878594125109378,0.0849158631548775
0,0.000582729304635321,0.0852574293138457
0,0.000502812650567064,0.0843238364390037
0,0.000563701943876005,0.0825778280008015
0,0.000702335506946095,0.0804035100615169
0,0.000870525080509332,0.0780912266885865
0,0.00103494862926201,0.0758391456569542
0,0.00117540656700055,0.0737650272232205
0,0.00128220446541605,0.0719229344857696
0,0.00135329997069977,0.070321054874694
0,0.00139163721797664,0.0689381260038765
0,0.00140290945478982,0.0677370737427124
0,0.00139384913343854,0.0666753248589475
0,0.00137104534927535,0.065711849694681
0,0.00134022685027102,0.0648113518690435
0,0.00130591781622835,0.0639461975410573
0,0.00127136521165305,0.0630967163621051
0,0.00123864314740296,0.0622504568584961
0,0.00120885486466715,0.0614008801596843
0,0.00118237166100288,0.0605458580504377
0,0.00115906678465327,0.0596862253273834
0,0.00113851884144889,0.0588245352173755
0,0.00112017248620899,0.0579640864027446
0,0.00110345380883836,0.0571082324077002
0,0.00108784410880403,0.0562599469832011
0,0.00107291921836961,0.0554215991812115
0,0.00105836284827365,0.0545948848507499
0,0.00104396225303516,0.0537808632026398
0,0.00102959343278619,0.0529800542860116
0,0.00101520157387536,0.052192562851032
0,0.00100078082348876,0.0514182040879731
0,0.000986356017280032,0.0506566158149717
0,0.00097196775657471,0.0499073491272789
0,0.000957661309814561,0.0491699350720385
0,0.000943479185341767,0.048443928642122
0,0.000929456851107346,0.0477289335453342
0,0.000915620907733006,0.0470246121429088
0,0.000901988997525582,0.0463306850189072
0,0.00088857080120841,0.0456469241621417
0,0.000875369592880704,0.0449731429785657
0,0.000862383959351343,0.044309185501725
