Setpoint,ControllerOutput,PlantOutput
1,0.1701,0
1,0.163123198021,0.05747679
1,0.142965106978289,0.191498871309296
1,0.116990012643787,0.357512378039662
1,0.0904479233522777,0.524126455835069
1,0.0666627151588314,0.671790501203135
1,0.0473742280840264,0.790588112440268
1,0.0331358632050521,0.877741070489306
1,0.0237000995075146,0.935225424987645
1,0.0183514103337071,0.967736053934395
1,0.0161675911296097,0.981105590989546
1,0.0162060921389443,0.981190266685576
1,0.0176220167032256,0.973175820412789
1,0.0197299130431912,0.961225269930006
1,0.0220234608240295,0.94838001104322
1,0.0241667284781294,0.936629677797948
1,0.025968813284046,0.927078543737096
1,0.027351137638097,0.920152357514198
1,0.0283140148234391,0.915806068352635
1,0.0289066732472834,0.913707800185489
1,0.0292029337354378,0.913386563685349
1,0.0292832402128392,0.91434018593273
1,0.0292227349848425,0.916105927892666
1,0.0290844798141147,0.918299687872844
1,0.0289166630437181,0.920631126111249
1,0.0287526067915135,0.92290207907476
1,0.0286125107250415,0.924994790685945
1,0.0285060693527475,0.92685520196386
1,0.028435325107392,0.928475129535034
1,0.0283973339316368,0.929875839782284
1,0.0283864026545756,0.931094410773882
1,0.0283957988994141,0.932173419621586
1,0.0284189336451903,0.933153899805498
1,0.0284500782172241,0.934071151472229
1,0.0284847085079212,0.934952812172879
1,0.0285195776239175,0.935818555911382
1,0.0285526115244472,0.936680837762755
1,0.0285827070373765,0.937546200145677
1,0.0286094929331839,0.938416774771102
1,0.0286330960306571,0.939291730286491
1,0.0286539377900061,0.940168516858206
1,0.0286725736214777,0.941043839147011
1,0.0286895774992701,0.941914346922411
1,0.0287054681870749,0.942777069678512
1,0.0287206699148521,0.943629641560481
1,0.0287354990331687,0.944470369869206
1,0.0287501683479054,0.945298198497244
1,0.0287648019184379,0.946112610453007
1,0.0287794546170461,0.946913503998706
1,0.0287941323543068,0.947701066911951
1,0.0288088103514756,0.94847566429865
1,0.0288234480632963,0.949237747944408
1,0.0288380002765669,0.94998778964038
1,0.0288524245373709,0.950726237190074
1,0.0288666854313777,0.951453489640756
1,0.0288807564107945,0.952169887345572
1,0.0288946198853628,0.952875712394743
1,0.0289082662256388,0.953571195434241
1,0.0289216922080457,0.954256525653977
1,0.0289348992955512,0.954931861577926
1,0.0289478920175803,0.955597341093228
1,0.0289606766011286,0.95625308983744
1,0.0289732599179677,0.956899227589444
1,0.0289856487512294,0.957535872677557
1,0.0289978493460417,0.958163144645167
1,0.0290098671890602,0.958781165526855
1,0.0290217069558873,0.959390060116494
1,0.0290333725688856,0.95998995558196
1,0.0290448673167889,0.96058098072286
1,0.029056193998733,0.961163265096944
1,0.0290673550666465,0.961736938170519
1,0.0290783527500296,0.962302128586388
1,0.0290891891552703,0.962858963593547
1,0.0290998663375961,0.963407568647117
1,0.0291103863476969,0.963948067163796
1,0.0291207512572285,0.964480580405477
1,0.029130963168289,0.965005227458999
1,0.0291410242119017,0.965522125280881
1,0.0291509365399061,0.966031388780052
1,0.0291607023137677,0.966533130917349
1,0.0291703236928365,0.967027462806606
1,0.0291798028236949,0.967514493807684
1,0.0291891418314774,0.967994331606367
1,0.0291983428134863,0.96846708227946
1,0.0292074078350271,0.968932850345756
1,0.0292163389271605,0.969391738804886
1,0.0292251380859603,0.969843849166713
1,0.0292338072728353,0.970289281473934
1,0.0292423484155291,0.97072813432037
1,0.0292507634094705,0.971160504866884
1,0.0292590541192244,0.971586488856412
1,0.0292672223798933,0.972006180629093
1,0.0292752699983603,0.972419673138038
1,0.0292831987543378,0.972827057965999
1,0.0292910104012181,0.973228425342924
1,0.0292987066667443,0.973623864164284
1,0.0293062892535358,0.974013462009955
1,0.0293137598395021,0.974397305163428
1,0.0293211200781849,0.974775478631152
1,0.0293283715990531,0.975148066161808
1,0.0293355160077795,0.975515150265396
1,0.0293425548865098,0.975876812232043
1,0.0293494897941362,0.976233132150467
1,0.0293563222665829,0.976584188926081
1,0.0293630538171015,0.976930060298734
1,0.0293696859365782,0.977270822860092
1,0.0293762200938463,0.977606552070695
1,0.0293826577360072,0.977937322276698
1,0.0293890002887514,0.978263206726324
1,0.0293952491566771,0.978584277586054
1,0.0294014057236125,0.978900605956564
1,0.0294074713529251,0.979212261888422
1,0.0294134473878331,0.97951931439756
1,0.0294193351517074,0.979821831480526
1,0.0294251359483699,0.98011988012951
1,0.0294308510623833,0.980413526347169
1,0.0294364817593393,0.980702835161231
1,0.0294420292861386,0.980987870638888
1,0.0294474948712664,0.981268695900988
1,0.0294528797250666,0.981545373136011
1,0.0294581850400057,0.981817963613846
1,0.02946341199094,0.982086527699367
1,0.0294685617353723,0.982351124865796
1,0.0294736354137091,0.982611813707882
1,0.0294786341495124,0.982868651954881
1,0.0294835590497486,0.983121696483336
1,0.0294884112050324,0.983371003329678
1,0.02949319168987,0.983616627702631
1,0.0294979015628949,0.983858623995445
1,0.0295025418671042,0.984097045797934
1,0.0295071136300886,0.984331945908349
1,0.0295116178642598,0.984563376345065
1,0.0295160555670759,0.984791388358102
1,0.0295204277212615,0.985016032440477
1,0.0295247352950248,0.98523735833938
1,0.0295289792422733,0.985455415067193
1,0.0295331605028251,0.985670250912345
1,0.029537280002615,0.985881913450002
1,0.0295413386539021,0.986090449552605
1,0.0295453373554702,0.986295905400251
1,0.0295492769928276,0.986498326490916
1,0.0295531584384023,0.986697757650531
1,0.0295569825517366,0.986894243042913
1,0.0295607501796762,0.98708782617954
1,0.0295644621565583,0.987278549929189
1,0.0295681193043964,0.987466456527428
1,0.0295717224330612,0.987651587585971
1,0.0295752723404621,0.987833984101892
1,0.0295787698127226,0.988013686466702
1,0.0295822156243537,0.988190734475297
1,0.0295856105384273,0.988365167334767
1,0.0295889553067428,0.988537023673081
1,0.0295922506699957,0.988706341547639
1,0.0295954973579409,0.988873158453703
1,0.0295986960895536,0.989037511332697
1,0.0296018475731901,0.989199436580388
1,0.0296049525067421,0.989358970054948
1,0.0296080115777946,0.989516147084894
1,0.0296110254637749,0.989671002476909
1,0.0296139948321055,0.989823570523554
1,0.0296169203403491,0.989973885010857
1,0.029619802636357,0.990121979225799
1,0.0296226423584103,0.990267885963686
1,0.0296254401353624,0.990411637535406
1,0.029628196586778,0.990553265774591
1,0.02963091232307,0.990692802044661
1,0.0296335879456358,0.990830277245773
1,0.029636224046989,0.990965721821663
1,0.0296388212108909,0.991099165766385
1,0.0296413800124813,0.991230638630958
1,0.0296439010184038,0.991360169529905
1,0.0296463847869319,0.991487787147706
1,0.0296488318680945,0.991613519745142
1,0.0296512428037945,0.991737395165564
1,0.0296536181279308,0.991859440841048
1,0.0296559583665168,0.991979683798479
1,0.0296582640377958,0.99209815066553
1,0.0296605356523563,0.99221486767656
1,0.0296627737132444,0.992329860678427
1,0.0296649787160765,0.992443155136206
1,0.029667151149148,0.992554776138834
1,0.0296692914935421,0.99266474840466
1,0.0296714002232359,0.992773096286925
1,0.0296734778052052,0.992879843779149
1,0.0296755246995279,0.992985014520452
1,0.0296775413594872,0.993088631800779
1,0.0296795282316695,0.993190718566066
1,0.0296814857560659,0.993291297423318
1,0.0296834143661684,0.993390390645613
1,0.029685314489065,0.993488020177039
1,0.0296871865455361,0.993584207637551
1,0.0296890309501472,0.993678974327757
1,0.0296908481113387,0.99377234123364
1,0.0296926384315195,0.9938643290312
1,0.0296944023071539,0.993954958091036
1,0.0296961401288509,0.994044248482855
1,0.0296978522814486,0.994132219979918
1,0.0296995391441013,0.994218892063419
1,0.0297012010903628,0.994304283926797
1,0.02970283848827,0.994388414479989
1,0.0297044517004226,0.994471302353614
1,0.0297060410840644,0.994552965903103
1,0.0297076069911628,0.994633423212761
1,0.0297091497684863,0.994712692099772
1,0.0297106697576814,0.994790790118146
1,0.0297121672953482,0.994867734562605
1,0.0297136427131148,0.994943542472413
1,0.0297150963377102,0.995018230635151
1,0.0297165284910386,0.995091815590431
1,0.0297179394902487,0.995164313633563
1,0.0297193296478047,0.995235740819159
1,0.0297206992715555,0.995306112964695
1,0.0297220486648029,0.995375445654004
1,0.0297233781263684,0.995443754240736
1,0.0297246879506601,0.995511053851755
1,0.0297259784277371,0.995577359390487
1,0.0297272498433736,0.995642685540221
1,0.0297285024791241,0.995707046767364
1,0.0297297366123828,0.99577045732464
1,0.0297309525164473,0.995832931254248
1,0.0297321504605785,0.995894482390973
1,0.02973333071006,0.995955124365247
1,0.0297344935262562,0.996014870606171
1,0.0297356391666717,0.996073734344484
1,0.0297367678850078,0.996131728615499
1,0.0297378799312171,0.996188866261984
1,0.0297389755515614,0.996245159937011
1,0.0297400549886651,0.996300622106751
1,0.0297411184815679,0.996355265053243
1,0.0297421662657791,0.996409100877109
1,0.0297431985733299,0.996462141500233
1,0.0297442156328234,0.996514398668405
1,0.0297452176694859,0.996565883953918
1,0.029746204905218,0.996616608758134
1,0.0297471775586415,0.996666584314005
1,0.0297481358451497,0.996715821688565
1,0.029749079976954,0.996764331785376
1,0.0297500101631314,0.996812125346949
1,0.0297509266096709,0.996859212957114
1,0.0297518295195185,0.996905605043372
1,0.0297527190926221,0.996951311879202
1,0.0297535955259773,0.996996343586333
1,0.0297544590136694,0.997040710136988
1,0.0297553097469163,0.997084421356091
1,0.0297561479141122,0.997127486923446
1,0.0297569737008685,0.997169916375875
1,0.0297577872900543,0.997211719109335
1,0.0297585888618386,0.997252904380997
1,0.0297593785937282,0.997293481311294
1,0.0297601566606085,0.997333458885945
1,0.0297609232347817,0.997372845957939
1,0.0297616784860046,0.997411651249501
1,0.0297624225815269,0.997449883354023
1,0.029763155686128,0.99748755073796
1,0.0297638779621527,0.997524661742716
1,0.0297645895695486,0.997561224586482
1,0.0297652906659001,0.99759724736606
1,0.0297659814064646,0.997632738058658
1,0.029766661944205,0.997667704523649
1,0.0297673324298267,0.997702154504321
1,0.0297679930118075,0.997736095629583
1,0.0297686438364326,0.997769535415662
1,0.0297692850478262,0.997802481267763
1,0.0297699167879846,0.997834940481708
1,0.0297705391968051,0.997866920245556
1,0.02977115241212,0.997898427641191
1,0.0297717565697253,0.997929469645892
1,0.0297723518034103,0.997960053133876
1,0.0297729382449896,0.997990184877826
1,0.0297735160243302,0.998019871550382
1,0.02977408526938,0.998049119725627
1,0.0297746461061978,0.998077935880538
1,0.0297751986589805,0.998106326396421
1,0.0297757430500905,0.998134297560325
1,0.0297762794000827,0.998161855566433
1,0.0297768078277305,0.998189006517438
1,0.0297773284500547,0.998215756425888
1,0.0297778413823453,0.998242111215521
1,0.0297783467381918,0.998268076722577
1,0.0297788446295038,0.998293658697089
1,0.0297793351665396,0.998318862804159
1,0.0297798184579272,0.998343694625208
1,0.029780294610692,0.998368159659217
1,0.0297807637302765,0.998392263323941
1,0.0297812259205676,0.99841601095711
1,0.0297816812839162,0.998439407817613
1,0.029782129921162,0.998462459086658
1,0.0297825719316556,0.998485169868926
1,0.0297830074132799,0.998507545193692
1,0.0297834364624716,0.99852959001595
1,0.029783859174243,0.998551309217502
1,0.0297842756422033,0.998572707608041
1,0.0297846859585789,0.998593789926218
1,0.029785090214234,0.998614560840689
1,0.0297854884986901,0.998635024951152
1,0.0297858809001479,0.998655186789361
1,0.029786267505503,0.998675050820134
1,0.0297866484003697,0.998694621442338
1,0.0297870236690965,0.998713902989868
1,0.0297873933947856,0.998732899732601
1,0.0297877576593133,0.998751615877346
1,0.0297881165433453,0.99877005556877
1,0.0297884701263564,0.998788222890326
1,0.0297888184866464,0.998806121865147
1,0.0297891617013599,0.998823756456941
1,0.0297894998465009,0.998841130570871
1,0.0297898329969519,0.998858248054414
1,0.0297901612264884,0.998875112698219
1,0.0297904846077963,0.998891728236943
1,0.0297908032124883,0.99890809835008
1,0.0297911171111189,0.998924226662773
1,0.0297914263732011,0.998940116746619
1,0.0297917310672198,0.998955772120462
1,0.0297920312606497,0.998971196251165
1,0.0297923270199687,0.998986392554387
1,0.0297926184106716,0.999001364395332
1,0.029792905497287,0.999016115089499
1,0.0297931883433895,0.999030647903412
1,0.0297934670116153,0.999044966055349
1,0.0297937415636758,0.999059072716047
1,0.0297940120603692,0.999072971009413
1,0.0297942785615977,0.999086664013207
1,0.0297945411263769,0.999100154759732
1,0.029794799812852,0.999113446236497
1,0.0297950546783081,0.999126541386887
1,0.029795305779186,0.999139443110809
1,0.0297955531710905,0.999152154265334
1,0.0297957969088074,0.999164677665335
1,0.029796037046312,0.999177016084105
1,0.0297962736367818,0.999189172253974
1,0.0297965067326098,0.999201148866912
1,0.029796736385415,0.999212948575128
1,0.0297969626460535,0.999224573991654
1,0.0297971855646306,0.999236027690926
1,0.0297974051905117,0.999247312209353
1,0.0297976215723323,0.999258430045881
1,0.0297978347580097,0.999269383662541
1,0.0297980447947541,0.999280175485001
1,0.029798251729078,0.999290807903097
1,0.0297984556068065,0.999301283271367
1,0.0297986564730883,0.999311603909571
1,0.0297988543724048,0.999321772103202
1,0.0297990493485811,0.999331790103997
1,0.0297992414447934,0.99934166013043
0,-0.140300569296418,0.999351384368209
0,-0.133323580854142,0.941884174970755
0,-0.113165306102376,0.807871532750386
0,-0.0871900307723572,0.641867325685604
0,-0.0606477631587876,0.47526241019184
0,-0.0368623792772496,0.327607391790458
0,-0.0175737191094147,0.208818674184061
0,-0.00333518369414132,0.121674478399295
0,0.00610074802072957,0.0641987567391597
0,0.0114496027301121,0.0316966331162775
0,0.013633585024684,0.0183354757541533
0,0.0135952446968391,0.0182590559759826
0,0.0121794784406457,0.0262816362197256
0,0.0100717380704233,0.0382402005278213
0,0.00777834395552313,0.0510933548689286
0,0.0056352276975854,0.0628514669459699
0,0.00383329205158112,0.0724102649386534
0,0.00245111465422398,0.0793440018906161
0,0.00148838225490122,0.0836977302505758
0,0.000895866478463958,0.0858033277328543
0,0.00059974653069339,0.0861317852879311
0,0.000519578517775288,0.0851852774343859
0,0.000580220165017686,0.0834265447826604
0,0.000718609739963183,0.0812396905772694
0,0.000886558929313108,0.0789150561095068
0,0.00105074564453111,0.0766508064191798
0,0.00119097024696724,0.0745646990681525
0,0.00129753825664014,0.0727107944998762
0,0.00136840726883314,0.0710972775287264
0,0.00140652136851405,0.0697028831915049
0,0.00141757375381035,0.068490534818592
0,0.00140829682833554,0.0674176566762218
0,0.00138527963947499,0.0664432166419309
0,0.00135425088794172,0.0655319159066914
0,0.00131973470697788,0.0646561182372329
0,0.00128497801521732,0.0637961509279816
0,0.00125205487832258,0.0629395601831042
0,0.00122206849295536,0.0620798048442128
0,0.00119539011280356,0.0612147544420262
0,0.00117189294288833,0.0603452415524172
0,0.00115115554645739,0.0594738172142875
0,0.00113262253637558,0.0586037779543332
0,0.00111571996121329,0.0577384751729702
0,0.00109992907971368,0.0568808805287336
0,0.00108482568401747,0.0560333610120711
0,0.00107009344533404,0.0551976104409349
0,0.00105551957923589,0.0543746860250826
0,0.00104098004748476,0.0535651058421365
0,0.00102641999862529,0.0527689726998755
0,0.00101183354259815,0.0519860998748752
0,0.000997245478361553,0.0512161232998423
0,0.000982696371087943,0.0504585922124477
0,0.00096823145359981,0.0497130358296926
0,0.000953893199145406,0.048979007341339
0,0.000939717041102073,0.0482561086787156
0,0.000925729546026544,0.0475440004528197
0,0.000911948322664946,0.0468424015233292
0,0.000898383018675619,0.0461510821801433
0,0.000885036875580503,0.0454698541553968
0,0.000871908448093262,0.0447985598335403
0,0.00085899322420685,0.0441370622224434
0,0.000846284994087732,0.043485236566337
0,0.000833776902873118,0.042842963955102
0,0.000821462184089794,0.0422101269163543
0,0.00080933460902205,0.0415866067499929
0,0.000797388707184765,0.0409722822522702
0,0.000785619818906513,0.0403670294478718
0,0.000774024037521193,0.0397707219753928
0,0.00076259808975826,0.0391832318297829
0,0.000751339191718159,0.0386044302361126
0,0.000740244906483389,0.0380341884993329
0,0.000729313019341926,0.037472378736507
0,0.00071854143847716,0.0369188744472802
0,0.0007079281230159,0.0363735509141164
0,0.000697471036411823,0.0358362854470062
0,0.000687168120943826,0.0353069575000127
0,0.000677017288241766,0.0347854486916767
0,0.000667016420808464,0.0342716427604398
0,0.000657163380130166,0.0337654254820685
0,0.000647456017870862,0.0332666845703078
0,0.000637892187615452,0.032775309575943
0,0.00062846975552594,0.0322911917939138
0,0.000619186609023326,0.0318142241835654
0,0.000610040663175659,0.0313443013036924
0,0.000601029864865654,0.0308813192617155
0,0.000592152195039497,0.0304251756749628
0,0.000583405669454584,0.0299757696414237
0,0.00057478833835739,0.0295330017172686
0,0.000566298285487099,0.0290967738987025
0,0.000557933626730012,0.0286669896061733
0,0.000549692508666544,0.0282435536694663
0,0.000541573107176674,0.0278263723127075
0,0.000533573626197548,0.0274153531387132
0,0.000525692296676483,0.0270104051124503
0,0.000517927375723537,0.0266114385435972
0,0.000510277145942817,0.0262183650683392
0,0.000502739914910122,0.0258310976306048
0,0.000495314014759662,0.0254495504629668
0,0.000487997801845552,0.0250736390674215
0,0.000480789656447878,0.024703280196222
0,0.000473687982499305,0.0243383918329015
0,0.000466691207318071,0.0239788931735778
0,0.000459797781335702,0.0236247046085946
0,0.000453006177814019,0.0232757477045242
0,0.000446314892551591,0.0229319451865333
0,0.000439722443579482,0.0225932209211
0,0.000433227370848888,0.0222594998990633
0,0.000426828235913668,0.0219307082189802
0,0.000420523621611157,0.0216067730707694
0,0.000414312131743449,0.0212876227196205
0,0.000408192390760898,0.0209731864901529
0,0.000402163043450587,0.0206633947508107
0,0.000396222754628972,0.0203581788984847
0,0.000390370208840946,0.0200574713433542
0,0.000384604110064024,0.019761205493945
0,0.0003789231814188,0.0194693157423999
0,0.000373326164884197,0.0191817374499597
0,0.000367811821018083,0.0188984069326533
0,0.000362378928683016,0.0186192614471955
0,0.000357026284775852,0.01834423917709
0,0.000351752703961844,0.0180732792189368
0,0.000346557018412991,0.0178063215689418
0,0.000341438077549855,0.0175433071096243
0,0.00033639474778735,0.0172841775967234
0,0.00033142591228405,0.0170288756462969
0,0.00032653047069528,0.016777344722012
0,0.000321707338929444,0.0165295291226246
0,0.000316955448908168,0.0162853739696436
0,0.000312273748329733,0.0160448251951782
0,0.000307661200436127,0.0158078295299644
0,0.000303116783783197,0.0155743344915692
0,0.000298639492014807,0.0153442883727686
0,0.000294228333639457,0.0151176402300972
0,0.000289882331810959,0.0148943398725677
0,0.000285600524112029,0.0146743378505557
0,0.000281381962341037,0.0144575854448498
0,0.000277225712302182,0.0142440346558625
0,0.00027313085359848,0.0140336381930012
0,0.000269096479427966,0.0138263494641954
0,0.000265121696382847,0.0136221225655792
0,0.000261205624251692,0.0134209122713258
0,0.000257347395824642,0.0132226740236324
0,0.000253546156701145,0.0130273639228524
0,0.000249801065100863,0.0128349387177748
0,0.000246111291677287,0.0126453557960451
0,0.000242476019334137,0.0124585731747297
0,0.000238894443044174,0.0122745494910184
0,0.000235365769671203,0.012093243993065
0,0.000231889217794295,0.0119146165309622
0,0.000228464017534791,0.0117386275478511
0,0.000225089410385793,0.0115652380711611
0,0.000221764649044137,0.0113944097039794
0,0.000218488997245081,0.0112261046165481
0,0.000215261729598987,0.0110602855378871
0,0.000212082131430938,0.01089691574754
0,0.000208949498622352,0.0107359590674428
0,0.000205863137455076,0.0105773798539122
0,0.000202822364457761,0.0104211429897521
0,0.000199826506254483,0.0102672138764773
0,0.000196874899415694,0.0101155584266516
0,0.000193966890311231,0.00996614305633912
0,0.00019110183496561,0.009818934677667
0,0.000188279098915417,0.00967390069149845
0,0.000185498057068786,0.00953100898021353
0,0.000182758093566993,0.00939022790059676
0,0.000180058601648075,0.00925152627682975
0,0.000177398983512503,0.00911487339358737
0,0.000174778650190638,0.0089802389892359
0,0.000172197021412523,0.00884759324913157
0,0.000169653525479249,0.00871690679901819
0,0.000167147599136372,0.00858815069852219
0,0.000164678687449196,0.00846129643474388
0,0.000162246243679914,0.00833631591594323
0,0.000159849729166439,0.00821318146531903
0,0.000157488613203235,0.00809186581487988
0,0.000155162372923748,0.0079723420994057
0,0.000152870493184507,0.00785458385049851
0,0.000150612466451275,0.00773856499072099
0,0.00014838779268643,0.00762425982782165
0,0.000146195979238373,0.00751164304904535
0,0.000144036540732403,0.00740068971552779
0,0.000141908998963131,0.00729137525677282
0,0.000139812882788776,0.00718367546521134
0,0.00013774772802666,0.00707756649084057
0,0.000135713077350469,0.00697302483594248
0,0.00013370848018901,0.00687002734988025
0,0.000131733492626407,0.00676855122397157
0,0.000129787677303803,0.00666857398643771
0,0.000127870603322477,0.00657007349742714
0,0.000125981846148454,0.00647302794411274
0,0.000124120987518517,0.00637741583586128
0,0.000122287615347508,0.00628321599947443
0,0.00012048132363715,0.00619040757449993
0,0.000118701712386052,0.00609897000861208
0,0.000116948387501287,0.00600888305306044
0,0.000115220960710899,0.00592012675818578
0,0.000113519049478095,0.00583268146900225
0,0.000111842276916463,0.00574652782084479
0,0.000110190271706542,0.00566164673508085
0,0.000108562668013568,0.00557801941488546
0,0.000106959105406416,0.00549562734107866
0,0.000105379228777909,0.00541445226802452
0,0.000103822688266059,0.00533447621959057
0,0.000102289139176634,0.00525568148516706
0,0.000100778241906872,0.00517805061574497
0,9.92896618701652e-05,0.00510156642005192
0,9.78230694220969e-05,0.00502621196074518
0,9.63781397873426e-05,0.00495197055066095
0,9.49545529877888e-05,0.00487882574911897
0,9.35519937716664e-05,0.00480676135828176
0,9.21701515437523e-05,0.00473576141956762
0,9.08087202965702e-05,0.00466581021011663
0,8.94673985426531e-05,0.00459689223930884
0,8.81458892477288e-05,0.00452899224533387
0,8.68438997649879e-05,0.00446209519181123
0,8.55611417702878e-05,0.0043961862644605
0,8.42973311982118e-05,0.00433125086782075
0,8.30521881792987e-05,0.00426727462201836
0,8.18254369779614e-05,0.00420424335958264
0,8.06168059314799e-05,0.00414214312230844
0,7.94260273897784e-05,0.00408096015816515
0,7.82528376562786e-05,0.00402068091825127
0,7.70969769293417e-05,0.0039612920537941
0,7.59581892448569e-05,0.00390278041319359
0,7.48362224195359e-05,0.00384513303910998
0,7.37308279950277e-05,0.0037883371655944
0,7.26417611829275e-05,0.00373238021526187
0,7.15687808105631e-05,0.00367724979650602
0,7.05116492675933e-05,0.00362293370075504
0,6.94701324533628e-05,0.00356941989976806
0,6.84439997251096e-05,0.0035166965429715
0,6.74330238468329e-05,0.00346475195483483
0,6.64369809390275e-05,0.00341357463228497
0,6.54556504290568e-05,0.003363153242159
0,6.44888150023448e-05,0.00331347661869439
0,6.35362605542131e-05,0.00326453376105643
0,6.25977761425228e-05,0.00321631383090202
0,6.16731539408999e-05,0.00316880614997959
0,6.07621891927645e-05,0.00312200019776441
0,5.98646801659442e-05,0.00307588560912877
0,5.89804281080422e-05,0.00303045217204674
0,5.81092372023764e-05,0.00298568982533262
0,5.725091452468e-05,0.00294158865641296
0,5.64052700003093e-05,0.00289813889913144
0,5.55721163622014e-05,0.00285533093158612
0,5.47512691093724e-05,0.00281315527399872
0,5.39425464660959e-05,0.00277160258661532
0,5.31457693416053e-05,0.00273066366763808
0,5.23607612904591e-05,0.00269032945118749
0,5.15873484734815e-05,0.00265059100529479
0,5.0825359619238e-05,0.00261143952992397
0,5.00746259861039e-05,0.00257286635502299
0,4.93349813249395e-05,0.00253486293860382
0,4.86062618422246e-05,0.00249742086485087
0,4.78883061638194e-05,0.00246053184225724
0,4.71809552992156e-05,0.00242418770178863
0,4.64840526063111e-05,0.00238838039507431
0,4.57974437567642e-05,0.00235310199262477
0,4.5120976701795e-05,0.00231834468207583
0,4.44545016384905e-05,0.00228410076645849
0,4.37978709766709e-05,0.00225036266249457
0,4.31509393061802e-05,0.00221712289891729
0,4.25135633647031e-05,0.00218437411481682
0,4.18856020060164e-05,0.00215210905801021
0,4.12669161687605e-05,0.00212032058343541
0,4.06573688456272e-05,0.00208900165156897
0,4.00568250530052e-05,0.00205814532686718
0,3.94651518011331e-05,0.00202774477623019
0,3.88822180645981e-05,0.00199779326748881
0,3.83078947533526e-05,0.00196828416791372
0,3.77420546841152e-05,0.00193921094274662
0,3.71845725522235e-05,0.0019105671537531
0,3.66353249038505e-05,0.00188234645779698
0,3.60941901087035e-05,0.00185454260543553
0,3.55610483330597e-05,0.00182714943953562
0,3.50357815132457e-05,0.00180016089391018
0,3.45182733294952e-05,0.00177357099197486
0,3.40084091801779e-05,0.00174737384542452
0,3.3506076156424e-05,0.0017215636529293
0,3.30111630171305e-05,0.00169613469884988
0,3.25235601643173e-05,0.00167108135197178
0,3.20431596188553e-05,0.00164639806425833
0,3.15698549965618e-05,0.00162207936962207
0,3.1103541484636e-05,0.00159811988271428
0,3.06441158184519e-05,0.00157451429773239
0,3.0191476258698e-05,0.00155125738724506
0,2.97455225688262e-05,0.0015283440010345
0,2.93061559928746e-05,0.00150576906495605
0,2.88732792335863e-05,0.00148352757981443
0,2.84467964308671e-05,0.00146161462025673
0,2.80266131405735e-05,0.00144002533368166
0,2.76126363135537e-05,0.00141875493916497
0,2.72047742750879e-05,0.00139779872640072
0,2.68029367045709e-05,0.00137715205465818
0,2.64070346155075e-05,0.00135681035175414
0,2.60169803357989e-05,0.00133676911304041
0,2.56326874883538e-05,0.00131702390040627
0,2.52540709719303e-05,0.00129757034129567
0,2.48810469423103e-05,0.00127840412773889
0,2.45135327937226e-05,0.00125952101539861
0,2.41514471405607e-05,0.00124091682262993
0,2.37947097993397e-05,0.00122258742955443
0,2.34432417709624e-05,0.00120452877714776
0,2.30969652232123e-05,0.00118673686634079
0,2.27558034735214e-05,0.00116920775713407
0,2.24196809719916e-05,0.00115193756772523
0,2.20885232846517e-05,0.00113492247364944
0,2.17622570769915e-05,0.00111815870693246
0,2.14408100977087e-05,0.00110164255525622
0,2.11241111627188e-05,0.00108537036113672
0,2.08120901393841e-05,0.0010693385211141
0,2.05046779309815e-05,0.00105354348495468
0,2.0201806461409e-05,0.00103798175486472
0,1.99034086601126e-05,0.00102264988471584
0,1.96094184472147e-05,0.00100754447928194
0,1.93197707189004e-05,0.000992662193487256
0,1.9034401332994e-05,0.000977999731665634
0,1.87532470947525e-05,0.000963553846830707
1,0.170118476245743,0.000949321339956844
1,0.163141401356936,0.0584120890592707
1,0.142983041435526,0.192420355208849
1,0.117007682193893,0.358420250841115
1,0.0904653319081545,0.525020918585875
1,0.0666798665755851,0.672671751981106
1,0.0473911261598199,0.791456346397439
1,0.0331525116819461,0.878596479895152
1,0.0237165020722961,0.936068199271657
1,0.0183675706187065,0.968566379728029
1,0.0161835127135048,0.981923652167555
1,0.0162217785475527,0.981996244406726
1,0.0176374714102856,0.973969893159978
1,0.019745139471131,0.962007613549787
1,0.0220384623447253,0.949150798784746
1,0.0241815084136514,0.937389080351333
1,0.0259833749073952,0.927826729271219
1,0.0273654841739295,0.920889491713937
1,0.0283281494487793,0.916532314455566
1,0.0289205990922289,0.914423319018029
1,0.029216653883852,0.914091513698371
1,0.0292967577030343,0.915034723236656
1,0.0292360528102522,0.916790206292032
1,0.029097600923957,0.918973858900366
1,0.0289295903436486,0.921295339061373
1,0.0287653431442689,0.923556481036729
1,0.0286250589510734,0.925639526576368
1,0.0285184322308468,0.927490414558805
1,0.0284475053753052,0.929100959501646
1,0.0284093342866707,0.930492425709934
1,0.0283982257541959,0.931701889204859
1,0.0284074473618339,0.932771925081335
1,0.0284304100499491,0.933743564832407
1,0.0284613851057587,0.934652106646984
1,0.0284958483841302,0.935525186147376
1,0.0285305529547148,0.936382475437222
1,0.0285634247403075,0.93723642771931
1,0.0285933605328748,0.938093583567744
1,0.0286199890675254,0.938956072876149
1,0.0286434371281994,0.939823062501503
1,0.0286641261407747,0.940692000846128
1,0.0286826114816709,0.941559590832809
1,0.0286994670917622,0.94242248051874
1,0.0287152117019047,0.943277697711009
1,0.0287302695097109,0.944122874892685
1,0.0287449568338762,0.944956317727107
1,0.0287594864488816,0.945776968493472
1,0.0287739823831661,0.94658430861066
1,0.0287884994785306,0.947378234774833
1,0.0288030436155222,0.948158933220682
1,0.0288175899858112,0.948926767533986
1,0.0288320980149923,0.949682188002673
1,0.0288465224611461,0.950425664942348
1,0.028860820842062,0.951157644702758
1,0.0288749577155329,0.951878524898885
1,0.0288889065063023,0.952588644472746
1,0.028902649597053,0.953288284124277
1,0.0289161773316831,0.953977673129699
1,0.0289294864603495,0.954656999329407
1,0.0289425784201427,0.955326419917792
1,0.0289554577149937,0.955986071472049
1,0.0289681305467802,0.956636078339139
1,0.0289806037625251,0.957276559026413
1,0.0289928841209792,0.957907630609434
1,0.0290049778432488,0.958529411397347
1,0.0290168903923227,0.959142022208715
1,0.0290286264204858,0.959745586639358
1,0.0290401898271277,0.960340230676793
1,0.0290515838783501,0.960926081957704
1,0.0290628113509883,0.961503268894095
1,0.0290738746750012,0.962071919823453
1,0.0290847760582438,0.962632162276431
1,0.0290955175857783,0.963184122406304
1,0.0291061012918228,0.963727924588657
1,0.0291165292063655,0.964263691176597
1,0.0291268033806689,0.964791542384136
1,0.0291369258967373,0.96531159626571
1,0.0291468988657981,0.965823968760686
1,0.0291567244201865,0.966328773775865
1,0.0291664047021511,0.966826123284757
1,0.0291759418521111,0.967316127428453
1,0.0291853379979961,0.967798894608439
1,0.0291945952465635,0.968274531566282
1,0.0292037156770097,0.968743143448514
1,0.0292127013368031,0.969204833857397
1,0.0292215542394298,0.96965970488957
1,0.0292302763636476,0.97010785716524
1,0.0292388696538064,0.970549389850592
1,0.0292473360208434,0.970984400675879
1,0.0292556773436274,0.971412985951151
1,0.0292638954704094,0.971835240581102
1,0.0292719922202187,0.972251258080006
1,0.0292799693841019,0.972661130587313
1,0.0292878287261693,0.973064948884127
1,0.0292955719844421,0.973462802410593
1,0.0293032008715186,0.973854779284042
1,0.0293107170750968,0.974240966317706
1,0.0293181222583865,0.974621449039758
1,0.0293254180604454,0.974996311712479
1,0.0293326060964729,0.97536563735138
1,0.0293396879580845,0.975729507744119
1,0.0293466652135732,0.976088003469149
1,0.0293535394081856,0.976441203914028
1,0.0293603120644013,0.976789187293365
1,0.0293669846822251,0.977132030666409
1,0.0293735587394925,0.977469809954278
1,0.0293800356921796,0.977802599956871
1,0.0293864169747196,0.978130474369456
1,0.0293927040003219,0.978453505798987
1,0.0293988981612894,0.978771765780147
1,0.0294050008293343,0.979085324791144
1,0.0294110133558889,0.979394252269277
1,0.0294169370724113,0.979698616626264
1,0.0294227732906873,0.979998485263363
1,0.0294285233031233,0.980293924586271
1,0.0294341883830365,0.980585000019812
1,0.029439769784938,0.980871776022415
1,0.0294452687448126,0.981154316100385
1,0.0294506864803905,0.981432682821965
1,0.0294560241914192,0.981706937831195
1,0.0294612830599257,0.981977141861566
1,0.0294664642504803,0.982243354749473
1,0.0294715689104526,0.98250563544747
1,0.0294765981702652,0.982764042037326
1,0.0294815531436436,0.983018631742895
1,0.0294864349278625,0.983269460942782
1,0.0294912446039897,0.983516585182835
1,0.0294959832371233,0.983760059188445
1,0.0295006518766296,0.983999936876664
1,0.0295052515563745,0.984236271368143
1,0.029509783294952,0.9844691149989
1,0.0295142480959107,0.984698519331906
1,0.0295186469479765,0.984924535168502
1,0.0295229808252697,0.985147212559653
1,0.0295272506875235,0.985366600817028
1,0.0295314574802932,0.98558274852392
1,0.0295356021351691,0.985795703546008
1,0.0295396855699801,0.986005513041952
1,0.0295437086889989,0.986212223473839
1,0.0295476723831403,0.986415880617472
1,0.0295515775301598,0.986616529572506
1,0.0295554249948489,0.986814214772436
1,0.0295592156292235,0.987008979994437
1,0.0295629502727164,0.987200868369057
1,0.0295666297523596,0.98738992238977
1,0.0295702548829708,0.987576183922384
1,0.0295738264673302,0.987759694214317
1,0.0295773452963621,0.987940493903723
1,0.0295808121493073,0.9881186230285
1,0.0295842277938962,0.988294121035149
1,0.0295875929865204,0.988467026787516
1,0.0295909084723975,0.988637378575392
1,0.0295941749857387,0.988805214122998
1,0.0295973932499096,0.988970570597335
1,0.0296005639775914,0.989133484616416
1,0.0296036878709383,0.989293992257375
1,0.0296067656217329,0.989452129064457
1,0.0296097979115406,0.989607930056885
1,0.029612785411858,0.989761429736623
1,0.0296157287842636,0.98991266209601
1,0.0296186286805646,0.990061660625287
1,0.02962148574294,0.99020845832002
1,0.0296243006040824,0.990353087688399
1,0.0296270738873408,0.990495580758441
1,0.029629806206855,0.990635969085085
1,0.0296324981676945,0.990774283757172
1,0.0296351503659917,0.99091055540434
1,0.0296377633890716,0.991044814203797
1,0.0296403378155867,0.991177089887009
1,0.0296428742156403,0.991307411746284
1,0.0296453731509156,0.991435808641257
1,0.0296478351747993,0.991562309005283
1,0.029650260832504,0.99168694085173
1,0.0296526506611887,0.991809731780187
1,0.0296550051900786,0.991930708982573
1,0.0296573249405812,0.992049899249158
1,0.0296596104264026,0.992167328974499
1,0.0296618621536624,0.992283024163281
1,0.029664080621002,0.99239701043608
1,0.0296662663196992,0.992509313035033
1,0.0296684197337742,0.99261995682943
1,0.0296705413400986,0.992728966321219
1,0.0296726316084994,0.992836365650435
1,0.0296746910018646,0.992942178600543
1,0.0296767199762449,0.993046428603709
1,0.0296787189809538,0.993149138745982
1,0.0296806884586693,0.993250331772412
1,0.0296826288455299,0.993350030092087
1,0.029684540571232,0.993448255783092
1,0.0296864240591255,0.993545030597401
1,0.0296882797263067,0.99364037596569
1,0.0296901079837109,0.993734313002091
1,0.0296919092362042,0.993826862508858
1,0.0296936838826714,0.993918044980979
1,0.0296954323161065,0.994007880610715
1,0.0296971549236982,0.99409638929207
1,0.0296988520869157,0.994183590625194
1,0.0297005241815946,0.994269503920731
1,0.0297021715780179,0.994354148204086
1,0.0297037946410001,0.994437542219644
1,0.0297053937299663,0.994519704434921
1,0.0297069691990335,0.994600653044651
1,0.0297085213970876,0.994680405974816
1,0.0297100506678605,0.994758980886617
1,0.0297115573500084,0.994836395180382
1,0.0297130417771843,0.994912665999425
1,0.0297145042781126,0.994987810233835
1,0.0297159451766631,0.995061844524222
1,0.0297173647919209,0.995134785265401
1,0.0297187634382583,0.995206648610019
1,0.029720141425404,0.995277450472136
1,0.0297214990585117,0.99534720653075
1,0.0297228366382281,0.995415932233264
1,0.0297241544607583,0.995483642798911
1,0.0297254528179329,0.995550353222123
1,0.029726731997272,0.995616078275851
1,0.0297279922820484,0.995680832514837
1,0.0297292339513502,0.995744630278837
1,0.0297304572801442,0.995807485695799
1,0.0297316625393351,0.995869412684985
1,0.0297328499958269,0.995930424960062
1,0.0297340199125795,0.995990536032132
1,0.0297351725486708,0.996049759212726
1,0.0297363081593498,0.996108107616755
1,0.0297374269960966,0.996165594165409
1,0.0297385293066768,0.996222231589023
1,0.0297396153351952,0.996278032429894
1,0.0297406853221527,0.996333009045056
1,0.0297417395044957,0.996387173609023
1,0.0297427781156721,0.996440538116479
1,0.0297438013856812,0.996493114384937
1,0.0297448095411252,0.996544914057355
1,0.0297458028052586,0.996595948604713
1,0.0297467813980399,0.996646229328558
1,0.0297477455361759,0.996695767363502
1,0.0297486954331747,0.996744573679689
1,0.0297496312993897,0.996792659085226
1,0.0297505533420677,0.996840034228573
1,0.0297514617653938,0.996886709600905
1,0.0297523567705378,0.996932695538434
1,0.0297532385556971,0.996978002224695
1,0.0297541073161425,0.997022639692804
1,0.0297549632442597,0.997066617827682
1,0.0297558065295938,0.997109946368239
1,0.0297566373588887,0.997152634909533
1,0.0297574559161307,0.997194692904896
1,0.0297582623825885,0.997236129668027
1,0.0297590569368531,0.99727695437505
1,0.0297598397548779,0.997317176066555
1,0.0297606110100177,0.99735680364959
1,0.0297613708730646,0.997395845899642
1,0.0297621195122908,0.997434311462574
1,0.0297628570934816,0.997472208856545
1,0.029763583779973,0.99750954647389
1,0.0297642997326883,0.997546332582986
1,0.0297650051101761,0.997582575330077
1,0.0297657000686402,0.997618282741079
1,0.0297663847619793,0.997653462723361
1,0.0297670593418173,0.997688123067491
1,0.0297677239575393,0.997722271448966
1,0.0297683787563241,0.997755915429908
1,0.0297690238831758,0.99778906246074
1,0.0297696594809569,0.997821719881837
1,0.0297702856904207,0.997853894925149
1,0.0297709026502397,0.997885594715804
1,0.0297715104970395,0.997916826273688
1,0.0297721093654266,0.997947596514995
1,0.0297726993880207,0.997977912253762
1,0.0297732806954805,0.998007780203376
1,0.0297738534165368,0.998037206978064
1,0.0297744176780177,0.998066199094352
1,0.0297749736048785,0.998094762972513
1,0.0297755213202282,0.998122904937987
1,0.0297760609453583,0.998150631222782
1,0.0297765925997675,0.998177947966855
1,0.0297771164011909,0.998204861219468
1,0.0297776324656234,0.998231376940533
1,0.0297781409073465,0.998257501001927
1,0.0297786418389547,0.998283239188796
1,0.0297791353713788,0.998308597200833
1,0.0297796216139103,0.998333580653542
1,0.0297801006742275,0.998358195079484
1,0.0297805726584188,0.998382445929494
1,0.0297810376710028,0.998406338573899
1,0.0297814958149569,0.998429878303698
1,0.0297819471917367,0.998453070331739
1,0.0297823919012992,0.998475919793873
1,0.0297828300421241,0.998498431750088
1,0.0297832617112379,0.998520611185631
1,0.029783687004233,0.998542463012116
1,0.0297841060152901,0.998563992068605
1,0.029784518837199,0.998585203122685
1,0.0297849255613785,0.998606100871521
1,0.0297853262778971,0.998626689942898
1,0.0297857210754933,0.998646974896243
1,0.0297861100415941,0.998666960223636
1,0.029786493262336,0.998686650350807
1,0.0297868708225832,0.998706049638113
1,0.0297872428059449,0.998725162381507
1,0.0297876092947975,0.998743992813483
1,0.0297879703702995,0.998762545104022
1,0.0297883261124099,0.998780823361507
1,0.0297886765999078,0.998798831633639
1,0.0297890219104084,0.998816573908331
1,0.0297893621203806,0.998834054114591
1,0.029789697305163,0.99885127612339
1,0.0297900275389822,0.998868243748524
1,0.0297903528949679,0.998884960747457
1,0.0297906734451701,0.998901430822148
1,0.0297909892605739,0.998917657619879
1,0.0297913004111168,0.998933644734056
1,0.0297916069657025,0.998949395705008
1,0.0297919089922172,0.998964914020772
1,0.0297922065575442,0.998980203117861
1,0.0297924997275791,0.998995266382029
1,0.029792788567244,0.99901010714902
1,0.0297930731405027,0.999024728705306
1,0.0297933535103729,0.999039134288814
1,0.0297936297389427,0.999053327089646
1,0.0297939018873825,0.999067310250782
1,0.0297941700159592,0.999081086868779
1,0.0297944341840493,0.999094659994453
1,0.0297946944501533,0.999108032633558
1,0.0297949508719058,0.999121207747451
1,0.0297952035060922,0.999134188253747
1,0.0297954524086572,0.999146977026965
0,-0.140304302365279,0.999159576899164
0,-0.133327258782413,0.941695200660573
0,-0.113168929704528,0.807685349750911
0,-0.0871936008508356,0.64168389276681
0,-0.0606512805041814,0.475081686732706
0,-0.0368658446684715,0.327429337769968
0,-0.0175771333138715,0.208643250172344
0,-0.00333854746790507,0.121501645548893
0,0.0060974339327553,0.0640284767764236
0,0.0114463375940257,0.0315288683328933
0,0.0136303681174245,0.0181701889987907
0,0.0135920753060259,0.0180962106460678
0,0.0121763558644207,0.0261211962533355
0,0.0100686616172955,0.0380821303956983
0,0.00777531294421496,0.0509376195666123
0,0.0056322414568829,0.0626980319860456
0,0.00383034992018449,0.0722590963431143
0,0.00244821598060141,0.0791950661833397
0,0.00148552639714439,0.0835509944499103
0,0.000893052804146532,0.0856587593443148
0,0.000596974416730123,0.0859893522970037
0,0.000516847350284344,0.0850449482994382
0,0.000577529339184979,0.0832882884279569
0,0.000715958659908256,0.0811034763860892
0,0.000883947007957575,0.078780853917364
0,0.00104817230346743,0.0765185865071435
0,0.00118843491633169,0.0744344321562657
0,0.00129504037498662,0.0725824517406718
0,0.00136594628300823,0.0709708305008386
0,0.00140409673353548,0.0695783038933755
0,0.00141518493274517,0.0683677956622696
0,0.0014059432921818,0.0672967304812525
0,0.0013829608670447,0.0663240766293392
0,0.00135196636574553,0.0654145356930498
0,0.00131748392911046,0.0645404718288198
0,0.00128276048324627,0.0636822127150244
0,0.00124987010117794,0.0628273049341085
0,0.0012199159868207,0.0619692077003745
0,0.00119326940100861,0.0611057909117271
0,0.00116980355580376,0.0602378875058009
0,0.00114909702139077,0.059368048877916
0,0.00113059441746877,0.0584995719059224
0,0.00111372179934133,0.057635808336203
0,0.00109796043238597,0.0567797301681498
0,0.00108288611527896,0.0559337047280322
0,0.00106818252566943,0.0550994261646642
0,0.00105363688547411,0.054277952013778
0,0.00103912516270543,0.0534698006741552
0,0.0010245925120661,0.0526750752699909
0,0.00101003304956426,0.0518935893896026
0,0.000995471580135576,0.0511249792728345
0,0.000980948674841775,0.0503687944599583
0,0.000966509572308261,0.049624564466106
0,0.000952196751499823,0.0488918427747669
0,0.000938045651425856,0.0481702316066586
0,0.00092408284419232,0.0474593918578929
0,0.000910325944012191,0.0467590426690504
0,0.000896784603930501,0.046068954606784
0,0.00088346207077572,0.0453889396758943
0,0.000870356904489999,0.0447188405294704
0,0.000857464598217506,0.044058520440052
0,0.000844778947199643,0.0434078549126312
0,0.000832293101573789,0.0427667252939979
0,0.000820000299793122,0.0421350143648827
0,0.000807894317995272,0.04151260367456
0,0.000795969690476961,0.0408993722649747
0,0.000784221762278103,0.0402951964028756
0,0.000772646631373886,0.0396999499653455
0,0.000761241029067217,0.0391135051822992
0,0.000750002175963549,0.0385357335103014
0,0.00073892763958433,0.0379665064823785
0,0.000728015209591315,0.0374056964402996
0,0.000717262798476448,0.0368531771050972
0,0.000706668369611585,0.0363088239773522
0,0.000696229890632893,0.0357725145819503
0,0.000685945307939806,0.0352441285846758
0,0.000675812537222042,0.0347235478126633
0,0.000665829464982282,0.0342106562098669
0,0.000655993956647394,0.0337053397545302
0,0.000646303867763931,0.0332074863598844
0,0.00063675705574201,0.0327169857732546
0,0.000627351390512287,0.0322337294832172
0,0.000618084763208626,0.0317576106398937
0,0.000608955092557428,0.0312885239900375
0,0.000599960329045357,0.0308263658262514
0,0.000591098457169592,0.0303710339483104
0,0.000582367496185954,0.029922427633956
0,0.000573765499787771,0.0294804476164554
0,0.00056529055511001,0.0290449960664948
0,0.000556940781384518,0.0286159765764259
0,0.000548714328488242,0.0281932941453989
0,0.000540609375548617,0.0277768551644025
0,0.000532624129702342,0.0273665674006516
0,0.0005247568250491,0.026962339981083
0,0.000517005721804853,0.0265640833749526
0,0.000509369105633539,0.0261717093756664
0,0.000501845287125713,0.0257851310820507
0,0.000494432601385764,0.0254042628792888
0,0.000487129407694242,0.025029020419733
0,0.000479934089213985,0.0246593206037717
0,0.000472845052718496,0.0242950815608849
0,0.000465860728324496,0.0239362226309818
0,0.000458979569220641,0.0235826643460735
0,0.000452200051385299,0.0232343284123073
0,0.000445520673293343,0.0228911376923628
0,0.000438939955612783,0.0225530161882004
0,0.000432456440892515,0.0222198890241398
0,0.000426068693246046,0.0218916824302473
0,0.000419775298032471,0.0215683237260081
0,0.000413574861538146,0.0212497413042649
0,0.000407466010661356,0.0209358646154045
0,0.000401447392600673,0.0206266241517805
0,0.000395517674548568,0.0203219514323631
0,0.000389675543390838,0.0200217789876079
0,0.000383919705411323,0.0197260403445403
0,0.000378248886002797,0.0194346700120523
0,0.00037266182938292,0.0191476034664096
0,0.000367157298315185,0.0188647771369669
0,0.000361734073835079,0.0185861283920906
0,0.000356390954980496,0.0183115955252874
0,0.000351126758525971,0.018041117741535
0,0.000345940318721621,0.0177746351438162
0,0.000340830487035565,0.0175120887198502
0,0.000335796131899879,0.0172534203290221
0,0.000330836138460522,0.0169985726895045
0,0.000325949408330917,0.0167474893655714
0,0.000321134859348621,0.0165001147550993
0,0.000316391425335877,0.0162563940772537
0,0.000311718055863608,0.0160162733603577
0,0.000307113716018631,0.0157796994299402
0,0.000302577386174535,0.015546619896961
0,0.000298108061765917,0.0153169831462092
0,0.000293704753065699,0.0150907383248738
0,0.000289366484965969,0.0148678353312822
0,0.000285092296762074,0.0146482248038061
0,0.000280881241939757,0.0144318581099299
0,0.000276732387965578,0.0142186873354818
0,0.000272644816080386,0.0140086652740229
0,0.000268617621095868,0.0138017454163935
0,0.000264649911194098,0.0135978819404139
0,0.000260740807730031,0.0133970297007367
0,0.000256889445036906,0.0131991442188499
0,0.000253094970234652,0.0130041816732268
0,0.000249356543040841,0.0128120988896217
0,0.000245673335584812,0.0126228533315092
0,0.000242044532224261,0.0124364030906646
0,0.000238469329364555,0.0122527068778829
0,0.000234946935280894,0.0120717240138358
0,0.000231476569942879,0.0118934144200632
0,0.000228057464841863,0.0117177386100977
0,0.000224688862820621,0.0115446576807205
0,0.000221370017905981,0.0113741333033462
0,0.000218100195143234,0.0112061277155354
0,0.000214878670433682,0.0110406037126316
0,0.000211704730374115,0.0108775246395227
0,0.000208577672098975,0.0107168543825238
0,0.000205496803124566,0.0105585573613795
0,0.000202461441195748,0.0104025985213851
0,0.000199470914134914,0.0102489433256235
0,0.000196524559693073,0.0100975577473172
0,0.000193621725403201,0.00994840826229296
0,0.000190761768435757,0.00980146184155812
0,0.000187944055456399,0.00965668594398611
0,0.000185167962485605,0.00951404850911044
0,0.000182432874760552,0.00937351795002486
0,0.000179738186599013,0.0092350631463885
0,0.000177083301265243,0.0090986534375343
0,0.000174467630837699,0.00896425861567921
0,0.000171890596078972,0.00883184891923477
0,0.00016935162630756,0.00870139502621638
0,0.000166850159271273,0.00857286804774999
0,0.000164385641022974,0.00844623952167474
0,0.000161957525797743,0.00832148140623996
0,0.000159565275892073,0.00819856607389544
0,0.000157208361544814,0.00807746630517329
0,0.000154886260819803,0.00795815528266023
0,0.000152598459490338,0.00784060658505888
0,0.000150344450925294,0.00772479418133683
0,0.000148123735976904,0.00761069242496208
0,0.000145935822870216,0.00749827604822362
0,0.000143780227094256,0.00738752015663596
0,0.000141656471294632,0.00727840022342627
0,0.000139564085167951,0.00717089208410292
0,0.000137502605357526,0.0070649719311043
0,0.000135471575350876,0.00696061630852668
0,0.000133470545378628,0.00685780210692988
0,0.000131499072314814,0.00675650655821976
0,0.000129556719578858,0.00665670723060621
0,0.000127643057038856,0.00655838202363566
0,0.00012575766091627,0.006461509163297
0,0.000123900113692205,0.00636606719719969
0,0.000122070004014777,0.00627203498982319
0,0.000120266926608228,0.00617939171783649
0,0.000118490482182945,0.00608811686548686
0,0.000116740277347274,0.00599819022005659
0,0.00011501592452022,0.00590959186738696
0,0.000113317041845709,0.00582230218746824
0,0.000111643253108015,0.00573630185009488
0,0.000109994187648399,0.00565157181058484
0,0.00010836948028313,0.00556809330556218
0,0.000106768771222468,0.0054858478488019
0,0.000105191705991145,0.00540481722713625
0,0.000103637935349767,0.00532498349642135
0,0.000102107115217492,0.00524632897756359
0,0.000100598906595861,0.0051688362526045
0,9.91129754936843e-05,0.00509248816086367
0,9.76489928531249e-05,0.00501726779513844
0,9.62066344768059e-05,0.00494315849795989
0,9.47855809560263e-05,0.004870143857904
0,9.33855176000059e-05,0.00479820770595743
0,9.20061343662321e-05,0.00472733411193684
0,9.06471257917582e-05,0.00465750738096121
0,8.93081909256188e-05,0.00458871204997621
0,8.79890332621189e-05,0.00452093288432991
0,8.66893606752198e-05,0.00445415487439914
0,8.54088853538271e-05,0.00438836323226555
0,8.41473237380638e-05,0.00432354338844089
0,8.29043964564527e-05,0.00425968098864059
0,8.16798282641043e-05,0.00419676189060503
0,8.04733479817174e-05,0.00413477216096775
0,7.92846884355228e-05,0.00407369807216992
0,7.81135863981292e-05,0.00401352609942039
0,7.6959782530292e-05,0.00395424291770065
0,7.58230213233416e-05,0.00389583539881397
0,7.47030510427835e-05,0.00383829060847824
0,7.35996236723643e-05,0.00378159580346166
0,7.25124948593031e-05,0.00372573842876074
0,7.14414238600775e-05,0.00367070611482006
0,7.03861734871886e-05,0.00361648667479298
0,6.93465100565643e-05,0.00356306810184294
0,6.83222033358716e-05,0.00351043856648453
0,6.73130264934804e-05,0.00345858641396384
0,6.63187560482822e-05,0.00340750016167758
0,6.5339171820139e-05,0.00335716849663023
0,6.43740568811793e-05,0.00330758027292882
0,6.34231975077532e-05,0.00325872450931462
0,6.24863831330744e-05,0.00321059038673144
0,6.15634063006049e-05,0.0031631672459297
0,6.06540626181123e-05,0.00311644458510597
0,5.97581507124356e-05,0.00307041205757737
0,5.88754721848397e-05,0.00302505946949026
0,5.80058315670998e-05,0.0029803767775629
0,5.71490362782714e-05,0.00293635408686131
0,5.63048965819338e-05,0.00289298164860806
0,5.5473225544278e-05,0.00285024985802344
0,5.4653838992634e-05,0.00280814925219848
0,5.38465554747458e-05,0.00276667050799939
0,5.30511962185398e-05,0.00272580444000295
0,5.22675850925733e-05,0.00268554199846244
0,5.14955485670029e-05,0.00264587426730359
0,5.07349156751644e-05,0.00260679246215005
0,4.99855179757376e-05,0.00256828792837821
0,4.92471895153952e-05,0.00253035213920054
0,4.85197667921058e-05,0.00249297669377742
0,4.78030887188959e-05,0.00245615331535672
0,4.70969965881661e-05,0.00241987384944098
0,4.64013340365776e-05,0.00238413026198157
0,4.57159470104058e-05,0.00234891463759956
0,4.50406837314427e-05,0.00231421917783288
0,4.43753946633534e-05,0.00228003619940935
0,4.3719932478592e-05,0.00224635813254523
0,4.30741520257641e-05,0.0022131775192689
0,4.2437910297493e-05,0.00218048701176932
0,4.1811066398726e-05,0.00214827937076882
0,4.1193481515555e-05,0.00211654746392001
0,4.058501888448e-05,0.00208528426422631
0,3.99855437620937e-05,0.00205448284848585
0,3.93949233952924e-05,0.00202413639575829
0,3.88130269918241e-05,0.00199423818585438
0,3.82397256913601e-05,0.00196478159784775
0,3.76748925369416e-05,0.00193576010860874
0,3.71184024468806e-05,0.00190716729135982
0,3.65701321870388e-05,0.00187899681425243
0,3.60299603435615e-05,0.00185124243896477
0,3.54977672959826e-05,0.00182389801932033
0,3.49734351907105e-05,0.00179695749992686
0,3.445684791498e-05,0.00177041491483536
0,3.39478910710914e-05,0.00174426438621896
0,3.3446451951101e-05,0.00171850012307129
0,3.29524195118482e-05,0.00169311641992404
0,3.24656843503843e-05,0.00166810765558349
0,3.19861386797425e-05,0.00164346829188574
0,3.15136763050367e-05,0.00161919287247024
0,3.10481925999938e-05,0.00159527602157152
0,3.05895844837437e-05,0.00157171244282872
0,3.01377503980141e-05,0.00154849691811272
0,2.96925902846315e-05,0.00152562430637059
0,2.92540055633755e-05,0.00150308954248711
0,2.88218991101284e-05,0.0014808876361631
0,2.83961752353783e-05,0.00145901367081032
0,2.79767396630347e-05,0.00143746280246272
0,2.75634995095426e-05,0.00141623025870374
0,2.71563632633157e-05,0.00139531133760943
0,2.67552407644672e-05,0.00137470140670725
0,2.63600431848563e-05,0.00135439590195023
0,2.59706830084052e-05,0.00133439032670621
0,2.55870740117174e-05,0.00131468025076211
0,2.52091312449992e-05,0.00129526130934286
0,2.48367710132293e-05,0.0012761292021448
0,2.4469910857635e-05,0.00125727969238341
0,2.41084695374334e-05,0.00123870860585506
0,2.37523670118325e-05,0.00122041183001266
0,2.34015244223104e-05,0.00120238531305491
0,2.30558640751527e-05,0.00118462506302906
0,2.27153094242531e-05,0.00116712714694688
0,2.23797850541444e-05,0.0011498876899137
0,2.20492166633206e-05,0.00113290287427034
0,2.17235310477678e-05,0.00111616893874769
0,2.14026560847545e-05,0.00109968217763374
0,2.10865207168707e-05,0.00108343893995303
0,2.07750549362767e-05,0.00106743562865807
0,2.04681897692099e-05,0.00105166869983281
0,2.01658572607094e-05,0.00103613466190787
0,1.98679904595701e-05,0.00102083007488727
0,1.95745234035111e-05,0.00100575154958673
0,1.92853911045628e-05,0.000990895746883045
0,1.90005295346921e-05,0.000976259376974731
0,1.87198756116183e-05,0.000961839198653439
0,1.84433671848224e-05,0.000947632018586219
0,1.81709430218148e-05,0.000933634690608357
0,1.79025427945578e-05,0.000919844115026655
0,1.76381070661133e-05,0.000906257237933009
0,1.73775772774696e-05,0.000892871050528129
0,1.71208957345913e-05,0.000879682588455239
0,1.68680055956209e-05,0.000866688931143624
1,0.170116618850858,0.000853887201161875
1,0.163139571397348,0.0583180645635807
1,0.142981238505992,0.192327719534641
1,0.117005905895156,0.358328983474318
1,0.090463581846855,0.524930999315429
1,0.0666781423641742,0.672583160894486
1,0.0473894274164727,0.791369063876245
1,0.0331508380304776,0.878510486610762
1,0.0237148531420782,0.935983476180952
1,0.0183659460445853,0.968482908069172
1,0.0161819121357201,0.981841413455837
1,0.016220201611658,0.981915220430473
1,0.0176359177670706,0.973890065976518
1,0.0197436087765429,0.961928965481476
1,0.0220369542597932,0.949073312415053
1,0.0241800226044118,0.937312738520987
1,0.0259819110448172,0.927751515074402
1,0.0273640419338421,0.920815388494547
1,0.0283267285118005,0.916459305803524
1,0.0289191991436935,0.914351388765647
1,0.0292152746137431,0.914020645916773
1,0.0292953988059137,0.914964902232248
1,0.0292347139851936,0.916721416603029
1,0.029096281874479,0.918906085293365
1,0.0289282907776492,0.921228566527982
1,0.0287640627739606,0.923490694790241
1,0.0286237974929195,0.925574712048491
1,0.0285171894054991,0.927426557396432
1,0.0284462809075411,0.929038045563675
1,0.0284081279053332,0.930430441064143
1,0.0283970371921329,0.931640820124815
1,0.0284062763558401,0.932711758043356
1,0.0284292563407058,0.933684286512567
1,0.0284602484377787,0.934593703918163
1,0.0284947285056998,0.935467646076353
1,0.0285294496178377,0.93632578528181
1,0.0285623377006512,0.937180574925535
1,0.0285922895497153,0.938038555767065
1,0.0286189339036949,0.938901857882719
1,0.0286423975500327,0.939769648309469
1,0.0286631019180583,0.940639375626976
1,0.0286816023875922,0.94150774293274
1,0.0286984729028583,0.942371398456094
1,0.0287142321980134,0.943227370173717
1,0.0287293044739223,0.944073290735768
1,0.028744006052484,0.944907465970208
1,0.0287585497113361,0.945728838318421
1,0.0287730594820281,0.946536889359083
1,0.0287875902094243,0.947331515945787
1,0.0288021477770912,0.948112904468332
1,0.028816707379673,0.948881418665315
1,0.0288312284456946,0.949637508975224
1,0.028845665736124,0.950381645861996
1,0.0288599767715945,0.951114275821526
1,0.0288741261127017,0.951835796612782
1,0.0288880871869495,0.952546547319638
1,0.0289018423797416,0.953246808781796
1,0.0289153820376551,0.953936810413174
1,0.0289287029134881,0.954616740189834
1,0.0289418064469331,0.955286755439828
1,0.0289546971444825,0.955946992872037
1,0.0289673812105395,0.956597576963166
1,0.0289798654946161,0.957238626348391
1,0.0289921567579128,0.957870258229213
1,0.0290042612239514,0.958492591038853
1,0.0290161843580994,0.959105745718119
1,0.0290279308149863,0.95970984598327
1,0.0290395044963112,0.960305017940484
1,0.02905090867045,0.960891389343351
1,0.0290621461164813,0.961469088719057
1,0.0290732192665715,0.962038244518566
1,0.0290841303307523,0.962598984384334
1,0.0290948813962288,0.96315143457979
1,0.0291054744993322,0.963695719589041
1,0.0291159116721316,0.964231961872117
1,0.0291261949679389,0.964760281748371
1,0.0291363264707789,0.965280797376027
1,0.0291463082938688,0.965793624796704
1,0.0291561425715048,0.966298878017946
1,0.029165831447868,0.966796669112518
1,0.0291753770652794,0.967287108319298
1,0.0291847815535442,0.967770304136119
1,0.0291940470212675,0.968246363399467
1,0.0292031755494666,0.968715391349394
1,0.0292121691874014,0.969177491680298
1,0.0292210299503257,0.969632766579598
1,0.0292297598187381,0.970081316756935
1,0.029238360738703,0.970523241466609
1,0.0292468346228472,0.970958638525687
1,0.0292551833517043,0.971387604329749
1,0.029263408775166,0.971810233867758
1,0.0292715127138765,0.97222662073701
1,0.0292794969604744,0.972636857158752
1,0.0292873632806392,0.973041033994676
1,0.0292951134139368,0.973439240764326
1,0.0293027490744882,0.973831565663258
1,0.0293102719514919,0.974218095581773
1,0.0293176837096341,0.974598916123976
1,0.0293249859894293,0.974974111626959
1,0.0293321804075126,0.975343765179937
1,0.0293392685569105,0.975707958643183
1,0.0293462520073098,0.976066772666696
1,0.0293531323053291,0.976420286708519
1,0.0293599109747986,0.976768579052708
1,0.0293665895170558,0.977111726826931
1,0.0293731694112478,0.977449806019715
1,0.0293796521146428,0.977782891497373
1,0.0293860390629483,0.978111057020607
1,0.0293923316706277,0.978434375260835
1,0.0293985313312204,0.978752917816255
1,0.0294046394176564,0.979066755227652
1,0.0294106572825676,0.979375956993974
1,0.0294165862585947,0.979680591587681
1,0.0294224276586881,0.979980726469875
1,0.0294281827764014,0.980276428105213
1,0.0294338528861828,0.980567761976606
1,0.0294394392436577,0.980854792599715
1,0.0294449430859069,0.981137583537231
1,0.0294503656317433,0.981416197412948
1,0.0294557080819777,0.98169069592564
1,0.0294609716196887,0.981961139862721
1,0.0294661574104798,0.982227589113711
1,0.029471266602739,0.982490102683509
1,0.0294763003278924,0.982748738705452
1,0.0294812597006551,0.983003554454201
1,0.0294861458192757,0.983254606358418
1,0.0294909597657815,0.983501950013271
1,0.0294957026062173,0.983745640192738
1,0.0295003753908802,0.983985730861742
1,0.0295049791545534,0.984222275188101
1,0.0295095149167366,0.984455325554298
1,0.0295139836818692,0.984684933569086
1,0.0295183864395541,0.984911150078912
1,0.0295227241647777,0.98513402517918
1,0.0295269978181243,0.98535360822534
1,0.0295312083459893,0.985569947843823
1,0.0295353566807901,0.985783091942803
1,0.0295394437411705,0.985993087722814
1,0.0295434704322053,0.986199981687194
1,0.0295474376456013,0.986403819652391
1,0.0295513462598938,0.9866046467581
1,0.0295551971406403,0.986802507477269
1,0.0295589911406147,0.986997445625941
1,0.0295627290999945,0.987189504372959
1,0.0295664118465464,0.987378726249524
1,0.0295700401958108,0.987565153158618
1,0.0295736149512817,0.987748826384279
1,0.029577136904585,0.987929786600745
1,0.0295806068356534,0.98810807388146
1,0.0295840255128994,0.988283727707951
1,0.029587393693385,0.988456786978568
1,0.0295907121229906,0.9886272900171
1,0.0295939815365787,0.988795274581262
1,0.0295972026581577,0.988960777871053
1,0.0296003762010415,0.989123836537
1,0.0296035028680068,0.989284486688268
1,0.0296065833514518,0.98944276390066
1,0.0296096183335457,0.989598703224494
1,0.0296126084863821,0.989752339192365
1,0.0296155544721273,0.989903705826795
1,0.0296184569431666,0.990052836647758
1,0.0296213165422485,0.990199764680117
1,0.0296241339026286,0.990344522460924
1,0.0296269096482087,0.990487142046636
1,0.0296296443936743,0.990627655020204
1,0.0296323387446316,0.990766092498076
1,0.029634993297742,0.990902485137083
1,0.0296376086408534,0.991036863141226
1,0.0296401853531305,0.991169256268371
1,0.029642724005184,0.991299693836832
1,0.029645225159195,0.991428204731868
1,0.0296476893690421,0.991554817412079
1,0.0296501171804211,0.991679559915706
1,0.0296525091309687,0.991802459866843
1,0.0296548657503799,0.991923544481551
1,0.0296571875605252,0.992042840573887
1,0.0296594750755668,0.992160374561843
1,0.0296617288020731,0.992276172473194
1,0.0296639492391286,0.992390259951262
1,0.0296661368784472,0.992502662260597
1,0.0296682922044793,0.992613404292568
1,0.0296704156945191,0.99272251057088
1,0.0296725078188118,0.992830005257
1,0.0296745690406557,0.99293591215551
1,0.0296765998165063,0.993040254719379
1,0.0296786005960763,0.993143056055156
1,0.0296805718224367,0.993244338928085
1,0.0296825139321133,0.993344125767149
1,0.0296844273551837,0.993442438670037
1,0.0296863125153743,0.993539299408035
1,0.0296881698301512,0.993634729430848
1,0.0296899997108149,0.993728749871354
1,0.0296918025625903,0.993821381550276
1,0.0296935787847175,0.9939126449808
1,0.0296953287705386,0.994002560373114
1,0.029697052907586,0.994091147638887
1,0.0296987515776681,0.994178426395671
1,0.0297004251569535,0.994264415971254
1,0.0297020740160547,0.994349135407934
1,0.0297036985201096,0.994432603466739
1,0.0297052990288631,0.994514838631582
1,0.029706875896746,0.994595859113351
1,0.0297084294729537,0.994675682853943
1,0.0297099601015243,0.994754327530242
1,0.0297114681214139,0.994831810558024
1,0.0297129538665715,0.994908149095824
1,0.0297144176660142,0.994983360048727
1,0.0297158598438987,0.99505746007212
1,0.029717280719594,0.995130465575371
1,0.0297186806077505,0.995202392725472
1,0.0297200598183731,0.995273257450612
1,0.0297214186568857,0.995343075443707
1,0.0297227574242021,0.995411862165878
1,0.0297240764167908,0.99547963284987
1,0.0297253759267411,0.995546402503427
1,0.0297266562418281,0.995612185912618
1,0.0297279176455763,0.995676997645108
1,0.0297291604173222,0.995740852053384
1,0.0297303848322763,0.995803763277938
1,0.0297315911615834,0.995865745250391
1,0.029732779672385,0.995926811696585
1,0.0297339506278747,0.995986976139618
1,0.0297351042873593,0.996046251902841
1,0.0297362409063158,0.996104652112809
1,0.0297373607364471,0.996162189702185
1,0.0297384640257383,0.996218877412606
1,0.0297395510185119,0.996274727797504
1,0.0297406219554812,0.996329753224887
1,0.0297416770738035,0.996383965880077
1,0.0297427166071342,0.996437377768408
1,0.0297437407856767,0.996490000717885
1,0.0297447498362342,0.996541846381803
1,0.0297457439822599,0.996592926241329
1,0.0297467234439059,0.996643251608043
1,0.0297476884380736,0.996692833626443
1,0.0297486391784596,0.996741683276413
1,0.0297495758756043,0.996789811375655
1,0.029750498736939,0.996837228582086
1,0.0297514079668288,0.996883945396195
1,0.0297523037666236,0.996929972163369
1,0.0297531863346958,0.996975319076187
1,0.0297540558664897,0.997019996176674
1,0.0297549125545622,0.997064013358526
1,0.0297557565886253,0.9971073803693
1,0.0297565881555906,0.997150106812573
1,0.029757407439607,0.997192202150071
1,0.029758214622104,0.997233675703761
1,0.0297590098818314,0.997274536657916
1,0.029759793394899,0.997314794061152
1,0.0297605653348147,0.997354456828425
1,0.0297613258725236,0.997393533743013
1,0.0297620751764462,0.997432033458458
1,0.0297628134125147,0.997469964500479
1,0.0297635407442109,0.997507335268866
1,0.0297642573326014,0.997544154039334
1,0.0297649633363741,0.997580428965361
1,0.0297656589118727,0.99761616807999
1,0.0297663442131317,0.997651379297608
1,0.0297670193919104,0.997686070415703
1,0.0297676845977266,0.997720249116585
1,0.0297683399778892,0.997753922969089
1,0.0297689856775309,0.997787099430256
1,0.0297696218396424,0.997819785846977
1,0.0297702486050999,0.997851989457622
1,0.0297708661127007,0.997883717393647
1,0.029771474499191,0.99791497668117
1,0.029772073899297,0.997945774242526
1,0.0297726644457557,0.997976116897802
1,0.0297732462693421,0.998006011366345
1,0.0297738194989021,0.998035464268255
1,0.0297743842613749,0.998064482125843
1,0.0297749406818277,0.998093071365084
1,0.0297754888834789,0.998121238317034
1,0.0297760289877271,0.998148989219233
1,0.0297765611141776,0.998176330217089
1,0.02977708538067,0.998203267365237
1,0.0297776019033018,0.99822980662888
1,0.0297781107964563,0.998255953885108
1,0.0297786121728278,0.998281714924203
1,0.0297791061434458,0.99830709545092
1,0.0297795928176992,0.998332101085748
1,0.029780072303361,0.998356737366159
1,0.0297805447066133,0.998381009747831
1,0.029781010132069,0.998404923605857
1,0.0297814686827969,0.998428484235933
1,0.0297819204603416,0.998451696855538
1,0.0297823655647489,0.998474566605079
1,0.0297828040945871,0.998497098549039
0.999999999999645,0.0297832361469077,0.998519297677091
0,-0.140316338182428,0.99854116890519
0,-0.133339116820338,0.941085927076708
0,-0.113180612589183,0.807085075654191
0,-0.0872051111693826,0.641092485227196
0,-0.0606626208055701,0.474499014783641
0,-0.0368770174639992,0.32685527237938
0,-0.017588141077743,0.208077664214072
0,-0.00334939263777745,0.120944413774537
0,0.0060867489552312,0.0634794757876048
0,0.0114358104426735,0.0309879765539325
0,0.0136199964610181,0.0176372866497842
0,0.0135818568477738,0.0175711797163627
0,0.0121662883414564,0.025603920475397
0,0.0100587428001767,0.0375724952193618
0,0.00776554063643065,0.0504355121337166
0,0.0056226134943661,0.0622033411054402
0,0.00382086417083349,0.0717717124660366
0,0.00243887034380708,0.0787148813791553
0,0.00147631880332555,0.0830779023822119
0,0.000883981214291341,0.085192655247374
0,0.000588036821944526,0.0855301329525707
0,0.000508041771348,0.0845925120138841
0,0.000568853826111715,0.0828425350097537
0,0.000707411291515303,0.0806643071236229
0,0.000875525891439022,0.0783481715570749
0,0.00103987557397622,0.0760922952319891
0,0.00118026073656607,0.0740144375645026
0,0.00128698693478335,0.0721686608249501
0,0.0013580117989419,0.0705631516276058
0,0.00139627944852261,0.0691766467825848
0,0.00140748311565653,0.0679720713673867
0,0.00139835523745846,0.0669068513695586
0,0.00137548489432004,0.065939956362525
0,0.0013446008194733,0.0650360892080963
0,0.00131022717819862,0.0641676153191605
0,0.00127561092069517,0.063314863611987
0,0.00124282614372451,0.0624653818886301
0,0.00121297607458826,0.0616126305649866
0,0.00118643199716084,0.0607544807228074
0,0.00116306714620529,0.0598917664660865
0,0.00114246011427077,0.0590270403392757
0,0.00112405554309125,0.0581636003523829
0,0.00110727950967981,0.0573047993672257
0,0.0010916133008021,0.0564536104821552
0,0.00107663273620751,0.0556124021061674
0,0.00106202151430623,0.0547828694548097
0,0.00104756687746987,0.0539660711147915
0,0.0010331448138633,0.0531625265203478
0,0.00101870049804442,0.0523723398158323
0,0.00100422806558276,0.0515953255946528
0,0.000989752340686878,0.0508311210868974
0,0.000975313913406661,0.0500792768084552
0,0.000960958041074544,0.0493393232356651
0,0.000946727221087129,0.0486108147990251
0,0.000932656910612395,0.0478933546522736
0,0.000918773699647213,0.0471866046107614
0,0.000905095220031349,0.0464902847207305
0,0.000891631142175386,0.0458041664411176
0,0.000878384730018111,0.0451280626558274
0,0.000865354560358078,0.0444618168840681
0,0.000852536142947613,0.043805293251705
0,0.000839923289390754,0.0431583681044514
0,0.00082750916594565,0.0425209236174005
0,0.000815287026948219,0.0418928433873513
0,0.000803250664184685,0.0412740097675927
0,0.000791394627368325,0.0406643025922079
0,0.000779714276728627,0.0400635989083836
0,0.000768205725205862,0.0394717733621127
0,0.000756865718846589,0.0388886989408626
0,0.000745691492782696,0.0383142478475612
0,0.000734680628847184,0.0377482923505733
0,0.000723830930801861,0.037190705516145
0,0.000713140325030615,0.0366413617790847
0,0.000702606788592131,0.0361001373432061
0,0.000692228302607012,0.0355669104262404
0,0.00068200282676012,0.0350415613765834
0,0.000671928289830426,0.0345239726938983
0,0.000662002591216293,0.0340140289847344
0,0.000652223609050151,0.033511616880143
0,0.000642589211395816,0.0330166249365208
0,0.00063309726799643,0.032528943534858
0,0.00062374566093315,0.0320484647880367
0,0.000614532293310932,0.0315750824612623
0,0.000605455095650631,0.0311086919072866
0,0.000596512030058949,0.0306491900157599
0,0.000587701092481518,0.0301964751746861
0,0.000579020313453416,0.0297504472413466
0,0.00057046775778069,0.0293110075199883
0,0.000562041523546997,0.0288780587438433
0,0.000553739740771053,0.0284515050594997
0,0.00054556056995736,0.0280312520121578
0,0.00053750220070381,0.0276172065307908
0,0.000529562850463128,0.0272092769126513
0,0.000521740763498535,0.0268073728068851
0,0.000514034210039371,0.0264114051972433
0,0.000506441485615017,0.0260212863840277
0,0.000498960910535862,0.0256369299654733
0,0.000491590829482469,0.0252582508187952
0,0.000484329611170176,0.0248851650811097
0,0.000477175648057271,0.0245175901304089
0,0.000470127356075212,0.0241554445667221
0,0.000463183174363779,0.023798648193557
0,0.000456341565001017,0.0234471219996759
0,0.000449601012723511,0.0231007881412302
0,0.000442960024635175,0.0227595699242572
0,0.000436417129905275,0.0224233917875258
0,0.000429970879458674,0.0220921792857124
0,0.000423619845660916,0.0217658590728831
0,0.000417362622001399,0.0214443588862602
0,0.000411197822776682,0.0211276075302531
0,0.00040512408277682,0.0208155348607361
0,0.000399140056975639,0.0205080717695611
0,0.000393244420226091,0.0202051501692954
0,0.000387435866961106,0.019906702978178
0,0.000381713110900433,0.01961266410529
0,0.000376074884762823,0.0193229684359355
0,0.000370519939983549,0.0190375518172327
0,0.000365047046437389,0.0187563510439106
0,0.000359654992165892,0.0184793038443137
0,0.000354342583109429,0.0182063488666087
0,0.000349108642843321,0.0179374256651954
0,0.000343952012317877,0.0176724746873171
0,0.000338871549602354,0.0174114372598688
0,0.000333866129632626,0.0171542555764009
0,0.000328934643962359,0.0169008726843159
0,0.000324076000517898,0.0166512324722546
0,0.000319289123356575,0.016405279657669
0,0.000314572952428621,0.0161629597745797
0,0.000309926443342184,0.0159242191615143
0,0.000305348567132435,0.0156890049496244
0,0.000300838310033275,0.0154572650509778
0,0.000296394673253014,0.0152289481470242
0,0.000292016672753165,0.0150040036772313
0,0.000287703339030193,0.014782381827888
0,0.000283453716901166,0.0145640335210739
0,0.000279266865292005,0.0143489104037909
0,0.00027514185702901,0.0141369648372559
0,0.000271077778633638,0.0139281498863509
0,0.000267073730120193,0.0137224193092295
0,0.000263128824796482,0.013519727547077
0,0.000259242189067532,0.0133200297140208
0,0.000255412962242046,0.0131232815871908
0,0.000251640296341865,0.0129294395969264
0,0.000247923355914254,0.0127384608171279
0,0.000244261317846634,0.0125503029557501
0,0.000240653371184701,0.0123649243454377
0,0.000237098716952461,0.0121822839342971
0,0.000233596567975641,0.0120023412768062
0,0.000230146148707061,0.0118250565248574
0,0.000226746695055152,0.0116503904189334
0,0.000223397454214486,0.0114783042794134
0,0.000220097684499349,0.0113087599980072
0,0.000216846655179209,0.0111417200293163
0,0.000213643646317221,0.0109771473825198
0,0.000210487948610477,0.0108150056131822
0,0.000207378863233146,0.0106552588151836
0,0.000204315701681598,0.0104978716127675
0,0.000201297785622015,0.0103428091527077
0,0.000198324446740145,0.0101900370965895
0,0.000195395026593312,0.0100395216132056
0,0.00019250887646452,0.00989122937106452
0,0.000189665357218996,0.00974512753100894
0,0.000186863839162457,0.00960118373894383
0,0.000184103701901722,0.00945936611867156
0,0.000181384334207391,0.00931964326483295
0,0.00017870513387841,0.00918198423595257
0,0.000176065507608764,0.00904635854758682
0,0.000173464870856024,0.00891273616557316
0,0.000170902647712037,0.00878108749937908
0,0.000168378270775246,0.00865138339554931
0,0.000165891181025016,0.00852359513124985
0,0.000163440827698091,0.00839769440790725
0,0.00016102666816635,0.008273653344942
0,0.000158648167816744,0.00815144447359437
0,0.000156304799932949,0.00803104073084151
0,0.000153996045578669,0.00791241545340431
0,0.000151721393482698,0.00779554237184294
0,0.000149480339925859,0.0076803956047394
0,0.000147272388629216,0.00756694965296621
0,0.000145097050644319,0.00745517939403959
0,0.000142953844244953,0.00734506007655615
0,0.000140842294820337,0.00723656731471169
0,0.000138761934770137,0.00712967708290103
0,0.000136712303400857,0.0070243657103975
0,0.000134692946823861,0.00692060987611114
0,0.00013270341785479,0.00681838660342426
0,0.000130743275914599,0.00671767325510328
0,0.000128812086931981,0.00661844752828574
0,0.000126909423247182,0.00652068744954136
0,0.000125034863517434,0.00642437137000605
0,0.000123187992623452,0.00632947796058778
0,0.000121368401577712,0.0062359862072433
0,0.000119575687433718,0.00614387540632456
0,0.000117809453196824,0.00605312515999398
0,0.000116069307736416,0.00596371537170729
0,0.000114354865699121,0.00587562624176322
0,0.000112665747423607,0.00578883826291887
0,0.000111001578856462,0.00570333221606985
0,0.000109361991469326,0.00561908916599421
0,0.000107746622177357,0.00553609045715931
0,0.000106155113258767,0.00545431770959051
0,0.000104587112275609,0.00537375281480097
0,0.000103042271995771,0.00529437793178156
0,0.000101520250316026,0.00521617548304997
0,0.000100020710186319,0.0051391281507582
0,9.85433195350924e-05,0.00506321887285754
0,9.70877511957957e-05,0.00498843083932019
0,9.56536828343735e-05,0.00491474748841673
0,9.4240796877948e-05,0.00484215250304848
0,9.28487804444447e-05,0.00477062980713418
0,9.14773252733009e-05,0.00470016356204988
0,9.01261276572696e-05,0.00463073816312156
0,8.87948883750919e-05,0.00456233823616941
0,8.74833126252514e-05,0.00449494863410333
0,8.61911099607343e-05,0.00442855443356855
0,8.4917994224637e-05,0.00436314093164092
0,8.36636834868482e-05,0.00429869364257093
0,8.24278999815992e-05,0.00423519829457585
0,8.1210370045999e-05,0.00417264082667929
0,8.00108240593261e-05,0.0041110073855974
0,7.88289963834163e-05,0.00405028432267107
0,7.76646253038207e-05,0.00399045819084344
0,7.65174529718041e-05,0.00393151574168209
0,7.53872253472995e-05,0.00387344392244517
0,7.42736921425999e-05,0.00381622987319089
0,7.3176606766992e-05,0.0037598609239297
0,7.20957262721061e-05,0.00370432459181852
0,7.10308112981117e-05,0.00364960857839645
0,6.99816260207251e-05,0.00359570076686129
0,6.89479380990218e-05,0.00354258921938626
0,6.7929518623909e-05,0.00349026217447639
0,6.69261420674916e-05,0.00343870804436399
0,6.59375862331196e-05,0.0033879154124425
0,6.49636322061636e-05,0.0033378730307383
0,6.40040643055534e-05,0.0032885698174199
0,6.30586700360175e-05,0.00323999485434383
0,6.21272400410169e-05,0.00319213738463687
0,6.12095680563585e-05,0.00314498681031392
0,6.03054508645992e-05,0.00309853268993111
0,5.94146882499438e-05,0.00305276473627353
0,5.85370829539883e-05,0.00300767281407717
0,5.76724406319631e-05,0.00296324693778444
0,5.68205698097679e-05,0.00291947726933292
0,5.59812818415259e-05,0.0028763541159767
0,5.51543908678259e-05,0.00283386792813992
0,5.43397137745538e-05,0.00279200929730208
0,5.35370701523381e-05,0.00275076895391448
0,5.27462822566133e-05,0.00271013776534753
0,5.19671749682621e-05,0.00267010673386829
0,5.11995757548067e-05,0.00263066699464798
0,5.04433146322272e-05,0.00259180981379886
0,4.96982241273182e-05,0.00255352658644009
0,4.89641392405829e-05,0.00251580883479223
0,4.82408974097244e-05,0.00247864820629983
0,4.75283384736153e-05,0.00244203647178175
0,4.68263046368364e-05,0.00240596552360882
0,4.61346404347675e-05,0.00237042737390845
0,4.54531926991041e-05,0.00233541415279568
0,4.47818105239854e-05,0.00230091810663043
0,4.41203452325491e-05,0.00226693159630045
0,4.34686503440196e-05,0.00223344709552964
0,4.28265815412728e-05,0.00220045718921139
0,4.21939966388576e-05,0.00216795457176649
0,4.15707555515323e-05,0.00213593204552535
0,4.09567202632223e-05,0.00210438251913403
0,4.03517547964832e-05,0.00207329900598391
0,3.9755725182361e-05,0.0020426746226645
0,3.91684994307424e-05,0.00201250258743911
0,3.85899475011039e-05,0.00198277621874306
0,3.8019941273764e-05,0.00195348893370402
0,3.74583545214545e-05,0.00192463424668429
0,3.69050628813809e-05,0.00189620576784453
0,3.63599438277136e-05,0.00186819720172871
0,3.5822876644432e-05,0.00184060234587007
0,3.52937423985754e-05,0.00181341508941751
0,3.4772423913941e-05,0.00178662941178238
0,3.42588057451118e-05,0.00176023938130523
0,3.37527741519003e-05,0.00173423915394225
0,3.32542170741537e-05,0.00170862297197111
0,3.27630241069438e-05,0.00168338516271592
0,3.22790864761141e-05,0.00165852013729102
0,3.18022970142023e-05,0.00163402238936331
0,3.13325501366951e-05,0.00160988649393292
0,3.08697418186475e-05,0.00158610710613181
0,3.04137695716702e-05,0.00156267896004018
0,2.99645324211839e-05,0.00153959686752032
0,2.9521930884114e-05,0.00151685571706772
0,2.90858669468284e-05,0.00149445047267912
0,2.86562440434297e-05,0.00147237617273728
0,2.82329670344e-05,0.00145062792891228
0,2.78159421854933e-05,0.00142920092507895
0,2.74050771470122e-05,0.00140809041625038
0,2.70002809333349e-05,0.00138729172752715
0,2.6601463902768e-05,0.00136680025306205
0,2.62085377377239e-05,0.00134661145504014
0,2.58214154251167e-05,0.00132672086267385
0,2.54400112371326e-05,0.00130712407121294
0,2.5064240712221e-05,0.00128781674096905
0,2.4694020636408e-05,0.00126879459635471
0,2.43292690248528e-05,0.00125005342493649
0,2.39699051037059e-05,0.00123158907650218
0,2.36158492922158e-05,0.00121339746214172
0,2.32670231851036e-05,0.00119547455334169
0,2.29233495352005e-05,0.00117781638109328
0,2.25847522363522e-05,0.00116041903501325
0,2.22511563065502e-05,0.00114327866247806
0,2.19224878713342e-05,0.0011263914677707
0,2.15986741474352e-05,0.00110975371124008
0,2.12796434266513e-05,0.00109336170847296
0,2.09653250599715e-05,0.00107721182947799
0,2.06556494419339e-05,0.00106130049788186
0,2.03505479952088e-05,0.00104562419013734
0,2.00499531554047e-05,0.00103017943474297
0,1.97537983561234e-05,0.00101496281147431
0,1.94620180142026e-05,0.000999970950626533
0,1.91745475151966e-05,0.000985200532268216
1,0.170118891323199,0.000970648285506127
1,0.163141810303346,0.0584331009877609
1,0.142983444341452,0.192441056773349
1,0.117008079148557,0.358440646625964
1,0.0904657229994611,0.525041013107697
1,0.0666802518901418,0.672691549689812
1,0.047391505782954,0.79147585167721
1,0.0331528856977249,0.878615697065411
1,0.0237168705635448,0.936087132588026
1,0.0183679336670272,0.968585033383271
1,0.0161838703992941,0.981942030292501
1,0.0162221309500197,0.982014351071192
1,0.0176378186074696,0.973987732373666
1,0.0197454815399184,0.962025189263171
1,0.0220387993608667,0.949168114889948
1,0.0241818404517788,0.937406140682988
1,0.0259837020410381,0.927843537607317
1,0.0273658064755311,0.920906051776668
1,0.0283284669897133,0.916548629912136
1,0.0289209119428141,0.914439393481478
1,0.0292169621133692,0.914107350728373
1,0.0292970613797403,0.915050326340304
1,0.029236352001396,0.916805578924616
1,0.0290978956957939,0.91898900446614
1,0.0289298807614556,0.921310260914305
1,0.0287656292723588,0.923571182481248
1,0.0286253408528088,0.925654010868094
1,0.0285187099686548,0.927504684905268
1,0.0284477790106904,0.929115019062997
1,0.0284096038802294,0.93050627759965
1,0.0283984913656292,0.931715536490425
1,0.0284077090499613,0.932785370784928
1,0.0284306678727206,0.933756811931564
1,0.0284616391202694,0.93466515807526
1,0.0284960986466318,0.935538044794996
1,0.0285307995206272,0.936395144151719
1,0.0285636676642322,0.937248909306158
1,0.0285935998686078,0.938105880790976
1,0.0286202248680665,0.938968188458973
1,0.0286436694457668,0.9398349991269
1,0.0286643550268146,0.940703761157453
1,0.0286828369868704,0.941571177434369
1,0.0286996892660587,0.942433895976377
1,0.0287154305944985,0.943288944552663
1,0.0287304851690753,0.944133955608956
1,0.0287451693077692,0.944967234771809
1,0.0287596957843552,0.945787724284172
1,0.0287741886265773,0.946594905529218
1,0.0287887026755516,0.947388675167924
1,0.0288032438111507,0.948169219400319
1,0.0288177872243809,0.948936901778033
1,0.0288322923401811,0.949692172555347
1,0.0288467139159871,0.950435502014717
1,0.028861009468953,0.951167336473231
1,0.0288751435562449,0.951888073513695
1,0.0288890896019898,0.952598052046422
1,0.0289028299882621,0.953297552740118
1,0.0289163550583609,0.95398680484023
1,0.0289296615618535,0.954665996156834
1,0.0289427509352493,0.955335283854454
1,0.0289556276819061,0.955994804480855
1,0.0289682980031372,0.956644682354004
1,0.0289807687454098,0.957285035952687
1,0.028993046666927,0.957915982324324
1,0.0290051379882552,0.958537639750331
1,0.0290170481718512,0.959150129021952
1,0.0290287818694772,0.959753573708094
1,0.0290403429800059,0.960348099769755
1,0.0290517347690302,0.960933834817495
1,0.0290629600128849,0.961510907237577
1,0.0290740211410356,0.962079445342129
1,0.029084920360851,0.962639576636818
1,0.0290956597569139,0.963191427250305
1,0.0291062413629701,0.963735121533921
1,0.0291166672085437,0.96427078181688
1,0.0291269393444378,0.964798528289653
1,0.0291370598522063,0.965318478983482
1,0.0291470308426309,0.965830749814884
1,0.0291568544476095,0.966335454668146
1,0.0291665328089594,0.966832705494598
1,0.0291760680666731,0.967322612413477
1,0.0291854623482615,0.967805283804739
1,0.02919471776007,0.968280826388738
1,0.0292038363808884,0.968749345291109
1,0.029212820257783,0.96921094409352
1,0.029221671403846,0.969665724872328
1,0.0292303917974461,0.970113788227751
1,0.0292389833825502,0.970555233306283
1,0.0292474480697174,0.970990157818777
1,0.0292557877374442,0.97141865805617
1,0.0292640042336163,0.971840828904322
1,0.0292720993769005,0.972256763858957
1,0.0292800749579887,0.972666555041243
1,0.0292879327406408,0.973070293214275
1,0.0292956744625315,0.973468067800455
1,0.0293033018359194,0.973859966899634
1,0.0293108165481684,0.97424607730782
1,0.0293182202621562,0.974626484536216
1,0.0293255146166163,0.975001272830388
1,0.0293327012264277,0.975370525189373
1,0.0293397816828891,0.975734323384603
1,0.029346757553983,0.976092747978542
1,0.0293536303846493,0.976445878342997
1,0.0293604016970652,0.976793792677057
1,0.0293670729909385,0.977136568024681
1,0.0293736457438116,0.977474280291924
1,0.0293801214113711,0.977807004263841
1,0.0293865014277657,0.97813481362108
1,0.029392787205925,0.978457780956187
1,0.0293989801378758,0.978775977789651
1,0.0294050815950571,0.979089474585699
1,0.0294110929286333,0.979398340767849
1,0.029417015469799,0.979702644734247
1,0.0294228505300793,0.980002453872777
1,0.0294285994016237,0.980297834575961
1,0.0294342633574975,0.980588852255641
1,0.0294398436519627,0.980875571357457
1,0.0294453415207589,0.981158055375112
1,0.0294507581813743,0.981436366864435
1,0.0294560948333187,0.981710567457236
1,0.0294613526583845,0.981980717874954
1,0.0294665328209109,0.982246877942113
1,0.0294716364680399,0.982509106599569
1,0.0294766647299696,0.982767461917567
1,0.0294816187202045,0.983022001108606
1,0.0294864995358026,0.983272780540106
1,0.0294913082576156,0.983519855746893
1,0.0294960459505316,0.9837632814435
1,0.0295007136637078,0.984003111536281
1,0.0295053124308049,0.984239399135347
1,0.0295098432702157,0.984472196566332
1,0.0295143071852888,0.984701555381976
1,0.0295187051645542,0.98492752637354
1,0.0295230381819394,0.985150159582058
1,0.0295273071969862,0.985369504309414
1,0.0295315131550637,0.985585609129263
1,0.0295356569875758,0.985798521897786
1,0.0295397396121704,0.986008289764286
1,0.0295437619329402,0.986214959181631
1,0.0295477248406231,0.986418575916541
1,0.0295516292128013,0.986619185059724
1,0.0295554759140939,0.986816831035858
1,0.0295592657963486,0.987011557613431
1,0.0295629996988303,0.987203407914434
1,0.0295666784484081,0.98739242442391
1,0.0295703028597369,0.98757864899936
1,0.029573873735439,0.987762122880017
1,0.0295773918662809,0.987942886695973
1,0.029580858031349,0.98812098047718
1,0.0295842729982214,0.988296443662315
1,0.029587637523139,0.98846931510751
1,0.0295909523511728,0.988639633094961
1,0.0295942182163869,0.988807435341402
1,0.0295974358420044,0.988972759006462
1,0.0296006059405649,0.989135640700885
1,0.0296037292140834,0.989296116494649
1,0.029606806354205,0.989454221924944
1,0.0296098380423593,0.98960999200405
1,0.0296128249499106,0.98976346122708
1,0.0296157677383058,0.989914663579631
1,0.0296186670592224,0.9900636325453
1,0.0296215235547124,0.990210401113103
1,0.0296243378573433,0.990355001784782
1,0.029627110590339,0.990497466581999
1,0.0296298423677188,0.990637827053431
1,0.0296325337944319,0.990776114281752
1,0.0296351854664914,0.99091235889052
1,0.0296377979711075,0.991046591050958
1,0.0296403718868168,0.991178840488631
1,0.0296429077836096,0.991309136490036
1,0.0296454062230576,0.991437507909082
1,0.029647867758438,0.991563983173482
1,0.0296502929348545,0.991688590291047
1,0.0296526822893599,0.991811356855887
1,0.0296550363510748,0.991932310054527
1,0.0296573556413031,0.992051476671923
1,0.0296596406736493,0.992168883097393
1,0.0296618919541314,0.992284555330464
1,0.0296641099812929,0.992398518986626
1,0.0296662952463134,0.992510799303009
1,0.0296684482331182,0.992621421143968
1,0.0296705694184827,0.99273040900659
1,0.0296726592721421,0.992837787026121
1,0.0296747182568922,0.992943578981307
1,0.0296767468286923,0.993047808299662
1,0.0296787454367677,0.993150498062656
1,0.0296807145237081,0.993251671010828
1,0.0296826545255662,0.993351349548817
1,0.0296845658719525,0.993449555750328
1,0.029686448986133,0.993546311363018
1,0.0296883042851208,0.993641637813315
1,0.0296901321797709,0.993735556211156
1,0.0296919330748677,0.993828087354671
1,0.0296937073692176,0.993919251734782
1,0.0296954554557367,0.994009069539741
1,0.0296971777215365,0.994097560659607
1,0.0296988745480107,0.99418474469064
1,0.0297005463109201,0.994270640939652
1,0.0297021933804742,0.994355268428274
1,0.0297038161214158,0.994438645897172
1,0.0297054148930982,0.994520791810196
1,0.0297069900495679,0.994601724358472
1,0.0297085419396419,0.994681461464424
1,0.0297100709069842,0.994760020785748
1,0.0297115772901828,0.994837419719322
1,0.0297130614228254,0.994913675405056
1,0.0297145236335714,0.994988804729689
1,0.0297159642462252,0.99506282433053
1,0.0297173835798097,0.995135750599138
1,0.029718781948634,0.995207599684959
1,0.0297201596623655,0.995278387498895
1,0.0297215170260976,0.99534812971683
1,0.0297228543404173,0.995416841783104
1,0.0297241719014711,0.995484538913929
1,0.0297254700010319,0.995551236100763
1,0.0297267489265618,0.995616948113624
1,0.0297280089612781,0.995681689504369
1,0.0297292503842139,0.995745474609907
1,0.0297304734702808,0.995808317555383
1,0.0297316784903301,0.995870232257298
1,0.0297328657112117,0.995931232426597
1,0.0297340353958351,0.995991331571702
1,0.0297351878032248,0.996050543001503
1,0.0297363231885814,0.996108879828307
1,0.0297374418033338,0.996166354970742
1,0.0297385438951985,0.996222981156617
1,0.0297396297082324,0.996278770925739
1,0.0297406994828875,0.996333736632692
1,0.0297417534560644,0.996387890449574
1,0.0297427918611644,0.996441244368687
1,0.029743814928141,0.996493810205201
1,0.0297448228835515,0.996545599599764
1,0.0297458159506061,0.99659662402108
1,0.0297467943492191,0.996646894768452
1,0.0297477582960555,0.996696422974285
1,0.02974870800458,0.996745219606545
1,0.0297496436851048,0.996793295471195
1,0.0297505655448351,0.996840661214582
1,0.0297514737879163,0.9968873273258
1,0.0297523686154775,0.996933304139008
1,0.0297532502256768,0.996978601835722
1,0.0297541188137469,0.997023230447069
1,0.0297549745720351,0.997067199856006
1,0.0297558176900479,0.997110519799511
1,0.0297566483544933,0.99715319987074
1,0.0297574667493206,0.997195249521148
1,0.0297582730557631,0.997236678062585
1,0.029759067452376,0.997277494669356
1,0.029759850115078,0.997317708380255
1,0.0297606212171884,0.997357328100566
1,0.029761380929467,0.997396362604032
1,0.0297621294201518,0.997434820534803
1,0.0297628668549945,0.997472710409345
1,0.0297635933973002,0.997510040618331
1,0.02976430920796,0.997546819428495
1,0.0297650144454895,0.997583054984465
1,0.0297657092660633,0.997618755310565
1,0.0297663938235486,0.997653928312595
1,0.0297670682695397,0.997688581779578
1,0.0297677327533916,0.997722723385487
1,0.0297683874222541,0.997756360690944
1,0.0297690324211024,0.997789501144893
1,0.0297696678927717,0.997822152086253
1,0.0297702939779856,0.997854320745539
1,0.0297709108153903,0.997886014246467
1,0.0297715185415834,0.997917239607527
1,0.0297721172911463,0.997948003743543
0,-0.140327292803329,0.997978313467199
0,-0.13334990963221,0.940531385490551
0,-0.113191245982079,0.806538725117216
0,-0.0872155874980551,0.640554204750653
0,-0.060672942389989,0.473968685165893
0,-0.0368871865898681,0.3263327761795
0,-0.0175981599970032,0.20756288572584
0,-0.00335926356910798,0.12043723900081
0,0.00607702382592268,0.0629797924150788
0,0.0114262289617674,0.030495673928265
0,0.0136105565067056,0.0171522557510912
0,0.0135725563295866,0.0170933131350762
0,0.0121571251998046,0.025133112388479
0,0.0100497150058927,0.0371086413668697
0,0.00775664619031891,0.0499785097957152
0,0.00561385042676077,0.0617530890792549
0,0.00381223054116253,0.0713281110438416
0,0.00243036424016285,0.0782778323258937
0,0.00146793834204029,0.0826473089138416
0,0.000875724539521228,0.0847684220094352
0,0.000579902105257823,0.0851121659990698
0,0.000500027211320364,0.0841807187864895
0,0.000560957647927407,0.0824368243172989
0,0.000699631746574392,0.0802645891219121
0,0.000867861256969693,0.0779543577289871
0,0.00103232415265331,0.0757042983678766
0,0.00117282085613557,0.0736321717428779
0,0.00127965694769172,0.0717920413934589
0,0.00135079008197114,0.070192095184281
0,0.00138916440243153,0.0688110711573768
0,0.00140047316482583,0.067611895603967
0,0.00139144882954212,0.0665519957073927
0,0.00136868049990146,0.0655903422192089
0,0.0013378969317267,0.0646916391619548
0,0.0013036223125551,0.063828253092102
0,0.00126910361451438,0.0629805140526121
0,0.0012364149559706,0.0621359709555891
0,0.00120665958551047,0.0612880853105834
0,0.00118020880797975,0.060434729276845
0,0.00115693587880217,0.0595767380199519
0,0.00113641941088316,0.0587166651302588
0,0.00111810406601176,0.0578578096482283
0,0.00110141594096025,0.0570035254509115
0,0.00108583634196169,0.0561567866368972
0,0.00107094110794481,0.0553199626006448
0,0.00105641395621625,0.0544947495286094
0,0.00104204214776493,0.0536822069640662
0,0.00102770168909794,0.0528828552836872
0,0.00101333777284462,0.0520967995603424
0,0.000998944552378811,0.0513238553022408
0,0.000984546869450376,0.0505636606407597
0,0.000970185331391593,0.0498157669797642
0,0.000955905212562058,0.0490797056704532
0,0.000941749027133731,0.0483550320052623
0,0.000927752248802372,0.0476413499871357
0,0.000913941483848602,0.0469383222680869
0,0.000900334380155021,0.0462456697186621
0,0.000886940623938681,0.0455631646099268
0,0.0008737634947108,0.0448906206259184
0,0.000860801584612436,0.0442278820741592
0,0.000848050418512158,0.0435748138571847
0,0.000835503822906536,0.0429312930859062
0,0.000823154978726648,0.0422972026893122
0,0.000810997154764403,0.0416724270069615
0,0.000799024157048356,0.0410568491239314
0,0.000787230549324114,0.0404503495952846
0,0.000775611705645995,0.0398528061785376
0,0.000764163752574765,0.0392640942195212
0,0.000752883449576525,0.0386840873952033
0,0.000741768045004643,0.0381126585878277
0,0.000730815133717699,0.0375496807350412
0,0.000720022532311182,0.0369950275624862
0,0.000709388179813086,0.0364485741546272
0,0.000698910065739133,0.0359101973553382
0,0.000688586183483331,0.0353797760129565
0,0.000678414504822422,0.0348571910971693
0,0.000668392970448628,0.0343423257197543
0,0.000658519491497755,0.0338350650903339
0,0.000648791957666039,0.0333352964341243
0,0.00063920824841085,0.0328429088929112
0,0.000629766244699903,0.0323577934244269
0,0.000620463839673513,0.0318798427097764
0,0.000611298947332528,0.0314089510739952
0,0.000602269508932496,0.0309450144213961
0,0.000593373497156213,0.0304879301850433
0,0.000584608918369367,0.0300375972883276
0,0.000575973813373376,0.0295939161160094
0,0.000567466257088589,0.0291567884920234
0,0.000559084357563744,0.0287261176616131
0,0.000550826254635428,0.0283018082758154
0,0.000542690118480904,0.0278837663768279
0,0.00053467414822822,0.0274718993832803
0,0.000526776570719201,0.027066116074849
0,0.000518995639467668,0.0266663265759776
0,0.000511329633816726,0.0262724423386948
0,0.000503776858275184,0.025884376124663
0,0.000496335641999968,0.025502041986663
0,0.000489004338387611,0.0251253552497417
0,0.000481781324740582,0.0247542324922324
0,0.000474665001977792,0.0243885915268271
0,0.00046765379436603,0.024028351381834
0,0.00046074614925723,0.0236734322827138
0,0.000453940536820518,0.0233237556339491
0,0.000447235449763994,0.022979244001271
0,0.00044062940304529,0.0226398210942469
0,0.000434120933571258,0.022305411749215
0,0.000427708599890414,0.0219759419125487
0,0.000421390981879072,0.0216513386242254
0,0.000415166680426432,0.0213315300016787
0,0.000409034317119722,0.0210164452239128
0,0.000402992533931834,0.0207060145158641
0,0.000397039992913462,0.020400169132995
0,0.000391175375889785,0.0200988413461126
0,0.000385397384163044,0.0198019644264042
0,0.000379704738220826,0.0195094726306857
0,0.000374096177449657,0.01922130118686
0,0.000368570459854251,0.0189373862795831
0,0.000363126361781679,0.0186576650361367
0,0.00035776267765017,0.0183820755125052
0,0.000352478219682761,0.0181105566796564
0,0.000347271817644379,0.0178430484100228
0,0.00034214231858376,0.0175794914641827
0,0.000337088586578271,0.0173198274777379
0,0.000332109502483358,0.0170639989483861
0,0.000327203963684713,0.0168119492231842
0,0.000322370883854617,0.0165636224860012
0,0.000317609192711427,0.016318963745157
0,0.000312917835782717,0.0160779188212432
0,0.000308295774171796,0.0158404343351259
0,0.00030374198432756,0.0156064576961245
0,0.000299255457817948,0.0153759370903661
0,0.000294835201106347,0.0151488214693115
0,0.000290480235331569,0.0149250605384511
0,0.000286189596091391,0.0147046047461674
0,0.000281962333228386,0.014487405272762
0,0.000277797510619932,0.0142734140196446
0,0.00027369420597062,0.0140625835986822
0,0.000269651510608176,0.0138548673217048
0,0.000265668529282143,0.013650219190166
0,0.000261744379965623,0.0134485938849575
0,0.000257878193660077,0.0132499467563724
0,0.000254069114202671,0.0130542338142182
0,0.000250316298076869,0.0128614117180746
0,0.000246618914225616,0.0126714377676964
0,0.000242976143867202,0.0124842698935569
0,0.000239387180314021,0.0122998666475322
0,0.000235851228793993,0.0121181871937224
0,0.000232367506274422,0.011939191299408
0,0.000228935241288752,0.0117628393261413
0,0.000225553673765588,0.0115890922209678
0,0.000222222054860388,0.0114179115077784
0,0.00021893964678979,0.0112492592787886
0,0.000215705722667991,0.011083098186144
0,0.000212519566346075,0.0109193914336498
0,0.000209380472253093,0.0107581027686218
0,0.000206287745240091,0.0105991964738592
0,0.000203240700425961,0.0104426373597341
0,0.000200238663045915,0.0102883907563995
0,0.000197280968302044,0.0101364225061112
0,0.000194366961216011,0.00998669895566398
0,0.000191495996484076,0.0098391869489389
0,0.000188667438334233,0.00969385381956105
0,0.000185880660385287,0.00955066738366554
0,0.000183135045508265,0.00940959593277042
0,0.000180429985689748,0.00927060822675492
0,0.000177764881897149,0.0091336734869413
0,0.000175139143946054,0.008998761389279
0,0.000172552190369685,0.00886584205762938
0,0.000170003448289907,0.00873488605714968
0,0.000167492353290583,0.0086058643877747
0,0.000165018349292376,0.00847874847779479
0,0.000162580888429839,0.00835351017752866
0,0.00016017943092983,0.00823012175308968
0,0.000157813444992189,0.00810855588024423
0,0.000155482406671889,0.00798878563836075
0,0.000153185799762992,0.00787078450444825
0,0.000150923115684376,0.00775452634728278
0,0.000148693853367105,0.00763998542162071
0,0.000146497519143432,0.00752713636249747
0,0.000144333626637502,0.00741595417961054
0,0.000142201696657671,0.00730641425178531
0,0.000140101257090325,0.00719849232152282
0,0.000138031842795386,0.00709216448962791
0,0.000135992995503292,0.00698740720991678
0,0.000133984263713513,0.00688419728400272
0,0.000132005202594529,0.00678251185615885
0,0.000130055373885427,0.00668232840825676
0,0.000128134345798739,0.00658362475477985
0,0.000126241692924842,0.00648637903791044
0,0.000124376996137807,0.0063905697226893
0,0.000122539842502545,0.00629617559224684
0,0.000120729825183352,0.00620317574310459
0,0.000118946543353843,0.00611154958054616
0,0.000117189602108186,0.0060212768140566
0,0.000115458612373637,0.00593233745282904
0,0.000113753190824378,0.00584471180133777
0,0.00011207295979665,0.0057583804549767
0,0.000110417547205102,0.00567332429576221
0,0.000108786586460394,0.00558952448809949
0,0.000107179716388031,0.00550696247461144
0,0.000105596581148379,0.00542561997202914
0,0.000104036830157819,0.00534547896714305
0,0.000102500118011183,0.00526652171281401
0,0.000100986104405232,0.00518873072404311
0,9.94944540632925e-05,0.00511208877409971
0,9.80248366609648e-05,0.00503657889070661
0,9.65769267531127e-05,0.00496218435228148
0,9.51504037016021e-05,0.00488888868423396
0,9.37449516044686e-05,0.00481667565531734
0,9.23602592258488e-05,0.00474552927403418
0,9.09960199270907e-05,0.00467543378509503
0,8.96519315989122e-05,0.00460637366592937
0,8.83276965943716e-05,0.00453833362324825
0,8.70230216630449e-05,0.00447129858965754
0,8.57376178860988e-05,0.00440525372032128
0,8.44712006122586e-05,0.00434018438967431
0,8.32234893947542e-05,0.0042760761881835
0,8.19942079293007e-05,0.0042129149191567
0,8.07830839928275e-05,0.00415068659559895
0,7.95898493832631e-05,0.00408937743711505
0,7.84142398600821e-05,0.00402897386685793
0,7.72559950858176e-05,0.00396946250852204
0,7.6114858568406e-05,0.00391083018338121
0,7.49905776044127e-05,0.00385306390737022
0,7.38829032230146e-05,0.00379615088820948
0,7.27915901309259e-05,0.00374007852257225
0,7.17163966580253e-05,0.00368483439329357
0,7.06570847038915e-05,0.00363040626662053
0,6.96134196850121e-05,0.00357678208950315
0,6.85851704829224e-05,0.00352394998692518
0,6.75721093929202e-05,0.00347189825927444
0,6.65740120737307e-05,0.00342061537975193
0,6.55906574977758e-05,0.00337008999181924
0,6.46218279022476e-05,0.00332031090668367
0,6.36673087408626e-05,0.00327126710082044
0,6.27268886363996e-05,0.0032229477135316
0,6.18003593338343e-05,0.0031753420445409
0,6.08875156542371e-05,0.00312843955162425
0,5.99881554493725e-05,0.00308222984827513
0,5.91020795568942e-05,0.00303670270140452
0,5.82290917562414e-05,0.00299184802907482
0,5.73689987252088e-05,0.00294765589826717
0,5.6521609997133e-05,0.00290411652268182
0,5.56867379186837e-05,0.00286122026057096
0,5.48641976083342e-05,0.00281895761260359
0,5.40538069154217e-05,0.00277731921976186
0,5.32553863798052e-05,0.00273629586126852
0,5.24687591921119e-05,0.00269587845254506
0,5.16937511546058e-05,0.00265605804319985
0,5.09301906425862e-05,0.00261682581504617
0,5.01779085664046e-05,0.00257817308014937
0,4.94367383340015e-05,0.00254009127890294
0,4.87065158140329e-05,0.00250257197813306
0,4.79870792995073e-05,0.00246560686923098
0,4.72782694719773e-05,0.00242918776631318
0,4.65799293662764e-05,0.00239330660440856
0,4.58919043357375e-05,0.00235795543767248
0,4.52140420179638e-05,0.00232312643762716
0,4.45461923010738e-05,0.00228881189142808
0,4.38882072904649e-05,0.00225500420015595
0,4.32399412760645e-05,0.00222169587713398
0,4.26012507000646e-05,0.00218887954626991
0,4.19719941251243e-05,0.00215654794042265
0,4.13520322030646e-05,0.00212469389979292
0,4.07412276439666e-05,0.00209331037033775
0,4.01394451858342e-05,0.00206239040220835
0,3.95465515645767e-05,0.00203192714821112
0,3.89624154845565e-05,0.00200191386229127
0,3.83869075894529e-05,0.00197234389803898
0,3.781990043367e-05,0.00194321070721753
0,3.72612684540891e-05,0.00191450783831321
0,3.67108879422498e-05,0.00188622893510663
0,3.61686370169839e-05,0.00185836773526515
0,3.56343955974191e-05,0.00183091806895608
0,3.51080453763544e-05,0.00180387385748039
0,3.45894697941079e-05,0.00177722911192661
0,3.40785540126724e-05,0.00175097793184455
0,3.3575184890302e-05,0.00172511450393865
0,3.3079250956445e-05,0.00169963310078068
0,3.25906423870627e-05,0.00167452807954137
0,3.21092509803257e-05,0.00164979388074081
0,3.16349701326123e-05,0.00162542502701735
0,3.11676948149438e-05,0.00160141612191458
0,3.07073215497083e-05,0.00157776184868633
0,3.02537483877381e-05,0.0015544569691193
0,2.9806874885744e-05,0.001531496322373
0,2.93666020840834e-05,0.00150887482383697
0,2.89328324848022e-05,0.00148658746400473
0,2.85054700300998e-05,0.00146462930736446
0,2.80844200810197e-05,0.00144299549130603
0,2.76695893965014e-05,0.00142168122504419
0,2.72608861127364e-05,0.00140068178855765
0,2.68582197228279e-05,0.00137999253154383
0,2.64615010567328e-05,0.00135960887238905
0,2.60706422615317e-05,0.00133952629715396
0,2.56855567819687e-05,0.00131974035857391
0,2.53061593412738e-05,0.00130024667507413
0,2.49323659222978e-05,0.0012810409297994
0,2.45640937488866e-05,0.00126211886965815
0,2.42012612675646e-05,0.00124347630438054
0,2.38437881294722e-05,0.00122510910559057
0,2.3491595172568e-05,0.00120701320589186
0,2.31446044041024e-05,0.00118918459796694
0,2.28027389833369e-05,0.00117161933368978
0,2.24659232045538e-05,0.00115431352325154
0,2.21340824802501e-05,0.00113726333429914
0,2.18071433246633e-05,0.00112046499108662
0,2.14850333374629e-05,0.00110391477363898
0,2.11676811877459e-05,0.00108760901692839
0,2.0855016598216e-05,0.0010715441100626
0,2.05469703296393e-05,0.0010557164954853
0,2.02434741655034e-05,0.00104012266818829
0,1.99444608969031e-05,0.00102475917493533
0,1.96498643076793e-05,0.00100962261349738
0,1.93596191597322e-05,0.000994709631899239
0,1.90736611785855e-05,0.000980016927677189
0,1.87919270391509e-05,0.000965541247147716
0,1.85143543517119e-05,0.000951279384686966
0,1.82408816480906e-05,0.000937228182020865
0,1.79714483680583e-05,0.000923384527525723
0,1.77059948458982e-05,0.000909745355539171
1,0.170117444462297,0.000896307645681271
1,0.163140384813806,0.0583598584221857
1,0.1429820399076,0.192368896062536
1,0.117006695459383,0.358369551790002
1,0.0904643597485494,0.524970968402711
1,0.0666789087756012,0.672622539604477
1,0.0473901825073534,0.791407860929318
1,0.0331515819680263,0.878548710598483
1,0.0237155860910387,0.936021135567982
1,0.0183666681672685,0.968520011195142
1,0.0161826235920393,0.981877968537193
1,0.0162209025591648,0.981951235562298
1,0.0176366083609885,0.973925549134325
1,0.0197442891698034,0.961963924522973
1,0.0220376246030688,0.949107755081881
1,0.0241806830461491,0.937346672440437
1,0.0259825617312702,0.927784947761105
1,0.0273646830091048,0.920848327352136
1,0.0283273601178382,0.916491758126273
1,0.0289198214203747,0.914383361740087
1,0.0292158876988703,0.914052146623286
1,0.0292960028352542,0.914995937646631
1,0.0292353090925088,0.916751993598041
1,0.0290968681915549,0.918936210640248
1,0.0289288684343251,0.921258246897961
1,0.0287646318981579,0.923519936756003
1,0.0286243582106701,0.925603522085638
1,0.0285177418409734,0.927454941884915
1,0.0284468251830753,0.92906601078921
1,0.0284086641414564,0.930457993219598
1,0.0283975655075945,0.931667965311586
1,0.028406796867634,0.932738502272714
1,0.0284297691640996,0.933710635706993
1,0.0284607536863362,0.934619663912658
1,0.0284952262913079,0.93549322261973
1,0.0285299400507306,0.936350984037967
1,0.0285628208894346,0.937205401474708
1,0.0285927656013911,0.938063015607067
1,0.0286194029236841,0.938925956430156
1,0.0286428596421995,0.939793390900938
1,0.028663557184732,0.940662767520249
1,0.0286820509295915,0.941530789307926
1,0.0286989148195118,0.942394104416788
1,0.0287146675871834,0.94324974074813
1,0.0287297334320251,0.94409533087784
1,0.0287444286745122,0.944929180560703
1,0.0287589660908789,0.945750232166013
1,0.028773469711292,0.946557967201416
1,0.0287879943792546,0.947352282450527
1,0.0288025459769905,0.948133364234199
1,0.0288170996978223,0.948901576223102
1,0.0288316149689725,0.949657368788799
1,0.0288460465501255,0.950401212329295
1,0.0288603519606501,0.951133553275522
1,0.0288744957598972,0.951854789322446
1,0.0288884513741425,0.952565259490884
1,0.0289022011875812,0.953265244558415
1,0.0289157355455989,0.953954973877749
1,0.0289290511998206,0.954634635364644
1,0.0289421495887809,0.955304386287741
1,0.0289550352178345,0.955964363297386
1,0.0289677142902616,0.956614690812613
1,0.0289801936544682,0.957255487411778
1,0.0289924800705659,0.957886870240405
1,0.0290045797610026,0.958508957676562
1,0.0290164981900884,0.959121870606719
1,0.0290282400114108,0.959725732693601
1,0.0290398091256425,0.96032066999064
1,0.0290512088001478,0.960906810199462
1,0.029062441813009,0.961484281796055
1,0.0290735105954112,0.962053213180941
1,0.029084417356418,0.962613731946881
1,0.0290951641822823,0.963165964308341
1,0.0291057531083956,0.963710034701188
1,0.0291161861659033,0.964246065537926
1,0.0291264654072052,0.964774177091084
1,0.0291365929154281,0.965294487472753
1,0.0291465708029046,0.9658071126791
1,0.0291564012030598,0.966312166672888
1,0.0291660862592158,0.966809761482765
1,0.0291756281128475,0.967300007304142
1,0.0291850288929272,0.967783012592026
1,0.0291942907072382,0.96825888414071
1,0.0292034156359888,0.968727727148679
1,0.0292124057276422,0.969189645269374
1,0.0292212629966662,0.969644740649865
1,0.0292299894227865,0.970093113960036
1,0.0292385869513054,0.970534864415022
1,0.0292470574940982,0.970970089793302
1,0.0292554029309577,0.971398886452437
1,0.0292636251110479,0.971821349343933
1,0.0292717258542938,0.972237572028182
1,0.0292797069526274,0.972647646690072
1,0.0292875701710302,0.973051664155475
1,0.0292953172483812,0.973449713908641
1,0.0293029498981257,0.973841884110356
1,0.0293104698087936,0.974228261616663
1,0.0293178786444159,0.974608931997915
1,0.0293251780448596,0.974983979557952
1,0.029332369626121,0.975353487353227
1,0.0293394549805999,0.975717537211735
1,0.0293464356773634,0.976076209751673
1,0.0293533132624204,0.976429584399753
1,0.0293600892590005,0.976777739409164
1,0.0293667651678486,0.977120751877159
1,0.0293733424675295,0.977458697762303
1,0.0293798226147368,0.977791651901388
1,0.0293862070446111,0.978119688026031
1,0.0293924971710589,0.978442878778995
1,0.0293986943870701,0.978761295730246
1,0.0294048000650329,0.979075009392753
1,0.0294108155570463,0.979384089238062
1,0.0294167421952256,0.979688603711632
1,0.0294225812920026,0.979988620247966
1,0.0294283341404213,0.980284205285511
1,0.0294340020144279,0.980575424281361
1,0.0294395861691523,0.980862341725736
1,0.0294450878411874,0.981145021156262
1,0.0294505082488654,0.981423525172044
1,0.0294558485925249,0.981697915447524
1,0.0294611100547755,0.981968252746148
1,0.0294662938007628,0.982234596933823
1,0.029471400978422,0.982497006992178
1,0.0294764327187329,0.982755541031632
1,0.0294813901359705,0.983010256304258
1,0.0294862743279509,0.983261209216471
1,0.0294910863762752,0.983508455341515
1,0.0294958273465662,0.983752049431771
1,0.0295004982887084,0.983992045430883
1,0.029505100237077,0.984228496485704
1,0.0295096342107684,0.984461454958064
1,0.0295141012138269,0.984690972436364
1,0.0295185022354656,0.984917099747003
1,0.0295228382502852,0.985139886965631
1,0.0295271102184922,0.985359383428238
1,0.0295313190861086,0.985575637742079
1,0.0295354657851841,0.985788697796441
1,0.029539551234,0.985998610773243
1,0.0295435763372749,0.986205423157488
1,0.0295475419863629,0.986409180747557
1,0.0295514490594537,0.986609928665347
1,0.029555298421764,0.98680771136627
1,0.0295590909257304,0.987002572649091
1,0.0295628274111994,0.987194555665632
1,0.0295665087056116,0.987383702930324
1,0.0295701356241853,0.987570056329625
1,0.0295737089700985,0.987753657131295
1,0.0295772295346639,0.987934545993534
1,0.0295806980975075,0.988112762973984
1,0.0295841154267384,0.988288347538604
1,0.0295874822791207,0.988461338570407
1,0.0295907994002398,0.98863177437807
1,0.0295940675246693,0.98879969270442
1,0.0295972873761312,0.988965130734788
1,0.0296004596676585,0.989128125105249
1,0.0296035851017515,0.98928871191073
1,0.0296066643705344,0.989446926713006
1,0.0296096981559075,0.989602804548575
1,0.0296126871297,0.989756379936414
1,0.0296156319538168,0.989907686885629
1,0.0296185332803856,0.99005675890298
1,0.0296213917519021,0.990203629000305
1,0.0296242080013724,0.990348329701828
1,0.0296269826524511,0.990490893051364
1,0.0296297163195822,0.990631350619414
1,0.0296324096081328,0.990769733510154
1,0.029635063114529,0.990906072368326
1,0.0296376774263873,0.991040397386024
1,0.0296402531226441,0.991172738309378
1,0.0296427907736843,0.991303124445142
1,0.0296452909414684,0.991431584667186
1,0.0296477541796549,0.991558147422889
1,0.0296501810337266,0.991682840739434
1,0.0296525720411069,0.991805692230025
1,0.0296549277312819,0.991926729099989
1,0.0296572486259166,0.992045978152813
1,0.0296595352389708,0.992163465796069
1,0.0296617880768122,0.992279218047271
1,0.0296640076383299,0.992393260539629
1,0.0296661944150429,0.992505618527731
1,0.0296683488912108,0.992616316893131
1,0.0296704715439395,0.992725380149864
1,0.0296725628432888,0.992832832449871
1,0.0296746232523744,0.992938697588347
1,0.0296766532274719,0.993042999009012
1,0.0296786532181168,0.993145759809305
1,0.0296806236672051,0.993247002745494
1,0.0296825650110903,0.993346750237717
1,0.0296844776796812,0.993445024374951
1,0.0296863620965362,0.993541846919896
1,0.0296882186789573,0.9936372393138
1,0.0296900478380828,0.993731222681207
1,0.0296918499789782,0.993823817834632
1,0.0296936255007247,0.993915045279171
1,0.029695374796511,0.994004925217045
1,0.0296970982537157,0.994093477552069
1,0.029698796253997,0.994180721894061
1,0.0297004691733751,0.994266677563188
1,0.0297021173823162,0.994351363594239
1,0.029703741245815,0.994434798740845
1,0.0297053411234733,0.994517001479629
1,0.029706917369583,0.994597990014298
1,0.029708470333202,0.994677782279678
1,0.0297100003582322,0.994756395945679
1,0.0297115077834962,0.994833848421213
1,0.0297129929428113,0.994910156858047
1,0.0297144561650649,0.994985338154601
1,0.0297158977742853,0.995059408959694
1,0.0297173180897166,0.995132385676224
1,0.0297187174258851,0.995204284464808
1,0.0297200960926722,0.995275121247355
1,0.029721454395383,0.995344911710593
1,0.0297227926348116,0.995413671309546
1,0.0297241111073094,0.995481415270952
1,0.0297254101048514,0.995548158596639
1,0.029726689915099,0.995613916066845
1,0.0297279508214645,0.99567870224349
1,0.0297291931031742,0.995742531473404
1,0.0297304170353305,0.9958054178915
1,0.0297316228889719,0.995867375423908
1,0.0297328109311328,0.995928417791058
1,0.0297339814249042,0.995988558510714
1,0.0297351346294905,0.996047810900976
1,0.0297362708002682,0.99610618808322
1,0.0297373901888405,0.996163702985011
1,0.0297384930430948,0.996220368342962
1,0.0297395796072575,0.996276196705556
1,0.0297406501219464,0.996331200435923
1,0.0297417048242263,0.99638539171458
1,0.0297427439476599,0.996438782542127
1,0.0297437677223595,0.996491384741905
1,0.0297447763750394,0.996543209962616
1,0.029745770129064,0.996594269680897
1,0.0297467492045,0.99664457520387
1,0.0297477138181621,0.996694137671637
1,0.0297486641836628,0.996742968059755
1,0.0297496005114597,0.996791077181658
1,0.0297505230089015,0.996838475691062
1,0.0297514318802743,0.996885174084314
1,0.0297523273268467,0.996931182702723
1,0.0297532095469142,0.996976511734849
1,0.0297540787358443,0.997021171218757
1,0.029754935086117,0.997065171044241
1,0.0297557787873701,0.997108520955016
1,0.0297566100264413,0.997151230550872
1,0.0297574289874065,0.997193309289803
1,0.0297582358516244,0.997234766490101
1,0.029759030797774,0.997275611332418
1,0.0297598140018953,0.9973158528618
1,0.0297605856374279,0.997355499989691
1,0.0297613458752499,0.997394561495904
1,0.029762094883715,0.997433046030568
0.999999999999645,0.0297628328286301,0.997470962116042
0,-0.140336440126404,0.997508318148781
0,-0.133358921841566,0.940068332401252
0,-0.113200125073464,0.806082511714445
0,-0.0872243354377351,0.640104730006455
0,-0.0606815611151876,0.473525849544576
0,-0.0368956780091934,0.325896481615597
0,-0.0176065259908704,0.20713303560239
0,-0.00336750599015767,0.120013738127967
0,0.00606890315241526,0.0625625470090289
0,0.0114182282374885,0.0300845915904603
0,0.0136026739599037,0.0167472454477889
0,0.0135647902146806,0.0166942851771793
0,0.0121494737969968,0.0247399784116747
0,0.0100421766207882,0.0367213143120615
0,0.00774921915355087,0.0495969038897435
0,0.00560653309361991,0.0613771198159025
0,0.0038050212912335,0.0709576951651202
0,0.00242326147696459,0.0779128878036061
0,0.00146094049267398,0.0822877549314168
0,0.000868830054320369,0.0844141789440313
0,0.000573109457446153,0.084763155403942
0,0.000493334896673248,0.0838368633736178
0,0.000554364184439216,0.0820980479402728
0,0.000693135674129208,0.079930816759068
0,0.00086146113701957,0.0776255154667951
0,0.00102601856789875,0.075380313384572
0,0.00116660841021132,0.0733129722923352
0,0.00127353626485838,0.071477556789304
0,0.00134475980681026,0.0698822557842369
0,0.0013832231995452,0.0685058083478423
0,0.00139461971854093,0.067311141784822
0,0.0013856818436192,0.066255684277028
0,0.00136299869724787,0.0652984075597776
0,0.00133229905411325,0.064404016624841
0,0.00129810712033773,0.0635448789836049
0,0.00126366988635995,0.0627013256198407
0,0.00123106148858587,0.0618609063725657
0,0.00120138519337587,0.0610170836645525
0,0.00117501232308659,0.0601677305547842
0,0.0011518161503945,0.0593136830952819
0,0.0011313753052028,0.0584574957497501
0,0.00111313446604688,0.0576024684191006
0,0.00109651974619851,0.0567519558281249
0,0.00108101246814563,0.0559089329106298
0,0.00106618848683304,0.0550757698839562
0,0.00105173153534588,0.0542541637452854
0,0.00103742889021885,0.0534451748366445
0,0.00102315657327545,0.0526493243216586
0,0.00100885979223453,0.051866718048527
0,0.000994532715337004,0.0510971722893359
0,0.000980200198980485,0.0503403259280562
0,0.000965902864928037,0.0495957311100307
0,0.000951686001757435,0.0488629199169833
0,0.000937592137648102,0.0481414483610845
0,0.000923656760097202,0.0474309211543822
0,0.000909906488982259,0.0467310016475195
0,0.000896358985582379,0.0460414113993527
0,0.000883023949312722,0.0453619233590906
0,0.000869904672688215,0.0446923518788973
0,0.000856999760661281,0.0440325419245529
0,0.000844304750722613,0.0433823590471275
0,0.000831813481804444,0.0427416809964878
0,0.000819519147089942,0.0421103913311398
0,0.000807415027442138,0.0414883750108611
0,0.000795494940782293,0.0408755157317868
0,0.0007837534625732,0.0402716946510114
0,0.000772185978412998,0.0396767901191911
0,0.000760788626236131,0.0390906780665346
0,0.000749558176714238,0.0385132327457565
0,0.000738491889240356,0.0379443276063427
0,0.000727587369550364,0.0373838361448036
0,0.000716842444955956,0.0368316326373902
0,0.000706255065043015,0.0362875927110426
0,0.000695823229729386,0.0357515937440978
0,0.000685544942657434,0.0352235151114614
0,0.000675418185700827,0.0347032383016114
0,0.000665440909499604,0.034190646937453
0,0.000655611034990622,0.0336856267321861
0,0.000645926461526281,0.0331880654071668
0,0.00063638507807745,0.0326978525929917
0,0.00062698477498474,0.032214879728984
0,0.000617723454623242,0.0317390399707263
0,0.000608599040091751,0.0312702281107231
0,0.000599609481609586,0.0308083405138513
0,0.000590752760691093,0.0303532750669361
0,0.000582026892402832,0.0299049311404272
0,0.000573429926118474,0.0294632095595404
0,0.000564959945204224,0.0290280125821597
0,0.000556615066029831,0.0285992438810682
0,0.000548393436630101,0.0281768085285273
0,0.000540293235259226,0.0277606129817373
0,0.000532312669002943,0.0273505650682005
0,0.000524449972543251,0.0269465739704268
0,0.000516703407118457,0.0265485502097428
0,0.000509071259681804,0.026156405629198
0,0.0005015518422401,0.0257700533756998
0,0.000494143491337251,0.0253894078815839
0,0.00048684456764797,0.0250143848458454
0,0.000479653455645102,0.0246449012152427
0,0.00047256856331207,0.0242808751654505
0,0.000465588321875987,0.0239222260823983
0,0.000458711185546246,0.0235688745438859
0,0.000451935631248068,0.0232207423015303
0,0.000445260158345839,0.02287775226307
0,0.000438683288355279,0.0225398284750275
0,0.000432203564644518,0.0222068961057194
0,0.00042581955212756,0.0218788814285938
0,0.000419529836952509,0.0215557118058717
0,0.000413333026187679,0.0212373156724703
0,0.000407227747507954,0.020923622520188
0,0.000401212648884236,0.0206145628821351
0,0.000395286398276323,0.0203100683173962
0,0.000389447683331517,0.0200100713959154
0,0.000383695211088025,0.0197145056835988
0,0.000378027707684608,0.0194233057276278
0,0.000372443918075643,0.0191364070419817
0,0.000366942605751402,0.0188537460931675
0,0.000361522552463439,0.0185752602861547
0,0.000356182557954693,0.0183008879505138
0,0.000350921439694202,0.0180305683267574
0,0.000345738032615561,0.0177642415528816
0,0.000340631188859575,0.0175018486511057
0,0.000335599777520734,0.0172433315148079
0,0.000330642684397281,0.0169886328956544
0,0.000325758811744847,0.0167376963909197
0,0.000320947078033568,0.0164904664309943
0,0.000316206417708964,0.016246888267078
0,0.000311535780955802,0.0160069079590552
0,0.000306934133465858,0.01577047236355
0,0.000302400456208801,0.0155375291221576
0,0.000297933745206341,0.0153080266498496
0,0.000293533011310021,0.0150819141235517
0,0.00028919727998214,0.0148591414708883
0,0.000284925591079677,0.0146396593590951
0,0.000280716998641878,0.0144234191840941
0,0.00027657057068059,0.0142103730597309
0,0.000272485388973981,0.01400047380717
0,0.000268460548862953,0.0137936749444476
0,0.000264495159051165,0.0135899306761779
0,0.000260588341407381,0.013389195883412
0,0.000256739230770964,0.0131914261136461
0,0.000252946974760665,0.0129965775709778
0,0.000249210733585387,0.0128046071064072
0,0.000245529679858525,0.0126154722082819
0,0.000241902998414784,0.0124291309928826
0,0.000238329886129374,0.012245542195148
0,0.000234809551740461,0.0120646651595366
0,0.000231341215673753,0.011886459831024
0,0.000227924109869937,0.0117108867462322
0,0.000224557477614712,0.0115379070246908
0,0.000221240573370862,0.011367482360227
0,0.000217972662613614,0.0111995750124823
0,0.000214753021667569,0.0110341477985556
0,0.000211580937546779,0.0108711640847686
0,0.000208455707796637,0.0107105877785535
0,0.000205376640338317,0.0105523833204604
0,0.000202343053315679,0.0103965156762825
0,0.000199354274944177,0.0102429503292979
0,0.000196409643362039,0.010091653272626
0,0.000193508506483753,0.00994259100169669
0,0.000190650221855715,0.00979573050683065
0,0.000187834156513869,0.00965103926592957
0,0.000185059686843569,0.00950848523727404
0,0.00018232619844151,0.00936803685242806
0,0.000179633085979611,0.00922966300924814
0,0.00017697975307103,0.00909333306499581
0,0.000174365612138072,0.00895901682955183
0,0.000171790084282017,0.0088266845587306
0,0.000169252599155012,0.00869630694769335
0,0.000166752594833702,0.00856785512445861
0,0.000164289517694816,0.00844130064350853
0,0.000161862822292594,0.0083166154794897
0,0.000159471971237946,0.00819377202100688
0,0.000157116435079499,0.00807274306450858
0,0.000154795692186266,0.00795350180826281
0,0.000152509228632289,0.00783602184642185
0,0.000150256538082622,0.00772027716317476
0,0.000148037121681432,0.00760624212698615
0,0.000145850487941301,0.00749389148492015
0,0.000143696152634543,0.00738320035704814
0,0.000141573638685957,0.00727414423093914
0,0.000139482476067099,0.00716669895623153
0,0.000137422201692231,0.00706084073928502
0,0.000135392359315867,0.00695654613791152
0,0.000133392499431589,0.00685379205618394
0,0.000131422179172558,0.00675255573932162
0,0.000129480962213491,0.00665281476865128
0,0.000127568418673951,0.00655454705664246
0,0.00012568412502327,0.00645773084201622
0,0.00012382766398665,0.00636234468492614
0,0.000121998624452779,0.00626836746221053
0,0.000120196601382835,0.00617577836271469
0,0.000118421195720739,0.00608455688268231
0,0.000116672014304833,0.00599468282121493
0,0.000114948669780762,0.0059061362757985
0,0.000113250780515758,0.00581889763789595
0,0.000111577970514046,0.00573294758860493
0,0.000109929869333669,0.00564826709437964
0,0.000108306112004408,0.00556483740281587
0,0.000106706338946938,0.00548264003849834
0,0.000105130195893234,0.00540165679890929
0,0.000103577333808134,0.00532186975039759
0,0.000102047408811992,0.00524326122420732
0,0.000100540082104555,0.00516581381256506
0,9.90550198899653e-05,0.00508951036482496
0,9.75918933027869e-05,0.00501433398367074
0,9.61503783352136e-05,0.00494026802137381
0,9.47301557653185e-05,0.00486729607610662
0,9.33309110863409e-05,0.00479540198831053
0,9.19523344370399e-05,0.00472456983711727
0,9.05941205331176e-05,0.00465478393682329
0,8.92559685995581e-05,0.00458602883341616
0,8.79375823040762e-05,0.00451828930115234
0,8.66386696914273e-05,0.00445155033918538
0,8.53589431188198e-05,0.00438579716824409
0,8.40981191921886e-05,0.0043210152273596
0,8.28559187034325e-05,0.00425719017064094
0,8.16320665685752e-05,0.00419430786409805
0,8.04262917669107e-05,0.00413235438251193
0,7.92383272808783e-05,0.00407131600635082
0,7.8067910037033e-05,0.00401117921873211
0,7.69147808477449e-05,0.00395193070242898
0,7.57786843538014e-05,0.00389355733692134
0,7.46593689678401e-05,0.0038360461954903
0,7.35565868186863e-05,0.00377938454235556
0,7.24700936964168e-05,0.00372355982985509
0,7.13996489983063e-05,0.00366855969566648
0,7.03450156755298e-05,0.00361437196006926
0,6.93059601806628e-05,0.00356098462324778
0,6.82822524160076e-05,0.00350838586263384
0,6.72736656825573e-05,0.00345656403028857
0,6.62799766298836e-05,0.00340550765032305
0,6.53009652066133e-05,0.00335520541635695
0,6.43364146117251e-05,0.00330564618901477
0,6.33861112465176e-05,0.00325681899345901
0,6.24498446673422e-05,0.00320871301695983
0,6.15274075389735e-05,0.00316131760650058
0,6.06185955887018e-05,0.00311462226641869
0,5.97232075610979e-05,0.0030686166560814
0,5.88410451734522e-05,0.0030232905875959
0,5.79719130718581e-05,0.00297863402355314
0,5.71156187879479e-05,0.00293463707480514
