Setpoint,ControllerOutput,PlantOutput
1,0.1701,0
1,0.163123198021,0.05747679
1,0.142965106978289,0.191498871309296
1,0.116990012643787,0.357512378039662
1,0.0904479233522777,0.524126455835069
1,0.0666627151588314,0.671790501203135
1,0.0473742280840264,0.790588112440268
1,0.0331358632050521,0.877741070489306
1,0.0237000995075146,0.935225424987645
1,0.0183514103337071,0.967736053934395
1,0.0161675911296097,0.981105590989546
1,0.0162060921389443,0.981190266685576
1,0.0176220167032256,0.973175820412789
1,0.0197299130431912,0.961225269930006
1,0.0220234608240295,0.94838001104322
1,0.0241667284781294,0.936629677797948
1,0.025968813284046,0.927078543737096
1,0.027351137638097,0.920152357514198
1,0.0283140148234391,0.915806068352635
1,0.0289066732472834,0.913707800185489
1,0.0292029337354378,0.913386563685349
1,0.0292832402128392,0.91434018593273
1,0.0292227349848425,0.916105927892666
1,0.0290844798141147,0.918299687872844
1,0.0289166630437181,0.920631126111249
1,0.0287526067915135,0.92290207907476
1,0.0286125107250415,0.924994790685945
1,0.0285060693527475,0.92685520196386
1,0.028435325107392,0.928475129535034
1,0.0283973339316368,0.929875839782284
1,0.0283864026545756,0.931094410773882
1,0.0283957988994141,0.932173419621586
1,0.0284189336451903,0.933153899805498
1,0.0284500782172241,0.934071151472229
1,0.0284847085079212,0.934952812172879
1,0.0285195776239175,0.935818555911382
1,0.0285526115244472,0.936680837762755
1,0.0285827070373765,0.937546200145677
1,0.0286094929331839,0.938416774771102
1,0.0286330960306571,0.939291730286491
1,0.0286539377900061,0.940168516858206
1,0.0286725736214777,0.941043839147011
1,0.0286895774992701,0.941914346922411
1,0.0287054681870749,0.942777069678512
1,0.0287206699148521,0.943629641560481
1,0.0287354990331687,0.944470369869206
1,0.0287501683479054,0.945298198497244
1,0.0287648019184379,0.946112610453007
1,0.0287794546170461,0.946913503998706
1,0.0287941323543068,0.947701066911951
1,0.0288088103514756,0.94847566429865
1,0.0288234480632963,0.949237747944408
1,0.0288380002765669,0.94998778964038
1,0.0288524245373709,0.950726237190074
1,0.0288666854313777,0.951453489640756
1,0.0288807564107945,0.952169887345572
1,0.0288946198853628,0.952875712394743
1,0.0289082662256388,0.953571195434241
1,0.0289216922080457,0.954256525653977
1,0.0289348992955512,0.954931861577926
1,0.0289478920175803,0.955597341093228
1,0.0289606766011286,0.95625308983744
1,0.0289732599179677,0.956899227589444
1,0.0289856487512294,0.957535872677557
1,0.0289978493460417,0.958163144645167
1,0.0290098671890602,0.958781165526855
1,0.0290217069558873,0.959390060116494
1,0.0290333725688856,0.95998995558196
1,0.0290448673167889,0.96058098072286
1,0.029056193998733,0.961163265096944
1,0.0290673550666465,0.961736938170519
1,0.0290783527500296,0.962302128586388
1,0.0290891891552703,0.962858963593547
1,0.0290998663375961,0.963407568647117
1,0.0291103863476969,0.963948067163796
1,0.0291207512572285,0.964480580405477
1,0.029130963168289,0.965005227458999
1,0.0291410242119017,0.965522125280881
1,0.0291509365399061,0.966031388780052
1,0.0291607023137677,0.966533130917349
1,0.0291703236928365,0.967027462806606
1,0.0291798028236949,0.967514493807684
1,0.0291891418314774,0.967994331606367
1,0.0291983428134863,0.96846708227946
1,0.0292074078350271,0.968932850345756
1,0.0292163389271605,0.969391738804886
1,0.0292251380859603,0.969843849166713
1,0.0292338072728353,0.970289281473934
1,0.0292423484155291,0.97072813432037
1,0.0292507634094705,0.971160504866884
1,0.0292590541192244,0.971586488856412
1,0.0292672223798933,0.972006180629093
1,0.0292752699983603,0.972419673138038
1,0.0292831987543378,0.972827057965999
1,0.0292910104012181,0.973228425342924
1,0.0292987066667443,0.973623864164284
1,0.0293062892535358,0.974013462009955
1,0.0293137598395021,0.974397305163428
1,0.0293211200781849,0.974775478631152
1,0.0293283715990531,0.975148066161808
1,0.0293355160077795,0.975515150265396
1,0.0293425548865098,0.975876812232043
1,0.0293494897941362,0.976233132150467
1,0.0293563222665829,0.976584188926081
1,0.0293630538171015,0.976930060298734
1,0.0293696859365782,0.977270822860092
1,0.0293762200938463,0.977606552070695
1,0.0293826577360072,0.977937322276698
1,0.0293890002887514,0.978263206726324
1,0.0293952491566771,0.978584277586054
1,0.0294014057236125,0.978900605956564
1,0.0294074713529251,0.979212261888422
1,0.0294134473878331,0.97951931439756
1,0.0294193351517074,0.979821831480526
1,0.0294251359483699,0.98011988012951
1,0.0294308510623833,0.980413526347169
1,0.0294364817593393,0.980702835161231
1,0.0294420292861386,0.980987870638888
1,0.0294474948712664,0.981268695900988
1,0.0294528797250666,0.981545373136011
1,0.0294581850400057,0.981817963613846
1,0.02946341199094,0.982086527699367
1,0.0294685617353723,0.982351124865796
1,0.0294736354137091,0.982611813707882
1,0.0294786341495124,0.982868651954881
1,0.0294835590497486,0.983121696483336
1,0.0294884112050324,0.983371003329678
1,0.02949319168987,0.983616627702631
1,0.0294979015628949,0.983858623995445
1,0.0295025418671042,0.984097045797934
1,0.0295071136300886,0.984331945908349
1,0.0295116178642598,0.984563376345065
1,0.0295160555670759,0.984791388358102
1,0.0295204277212615,0.985016032440477
1,0.0295247352950248,0.98523735833938
1,0.0295289792422733,0.985455415067193
1,0.0295331605028251,0.985670250912345
1,0.029537280002615,0.985881913450002
1,0.0295413386539021,0.986090449552605
1,0.0295453373554702,0.986295905400251
1,0.0295492769928276,0.986498326490916
1,0.0295531584384023,0.986697757650531
1,0.0295569825517366,0.986894243042913
1,0.0295607501796762,0.98708782617954
1,0.0295644621565583,0.987278549929189
1,0.0295681193043964,0.987466456527428
1,0.0295717224330612,0.987651587585971
1,0.0295752723404621,0.987833984101892
1,0.0295787698127226,0.988013686466702
1,0.0295822156243537,0.988190734475297
1,0.0295856105384273,0.988365167334767
1,0.0295889553067428,0.988537023673081
1,0.0295922506699957,0.988706341547639
1,0.0295954973579409,0.988873158453703
1,0.0295986960895536,0.989037511332697
1,0.0296018475731901,0.989199436580388
1,0.0296049525067421,0.989358970054948
1,0.0296080115777946,0.989516147084894
1,0.0296110254637749,0.989671002476909
1,0.0296139948321055,0.989823570523554
1,0.0296169203403491,0.989973885010857
1,0.029619802636357,0.990121979225799
1,0.0296226423584103,0.990267885963686
1,0.0296254401353624,0.990411637535406
1,0.029628196586778,0.990553265774591
1,0.02963091232307,0.990692802044661
1,0.0296335879456358,0.990830277245773
1,0.029636224046989,0.990965721821663
1,0.0296388212108909,0.991099165766385
1,0.0296413800124813,0.991230638630958
1,0.0296439010184038,0.991360169529905
1,0.0296463847869319,0.991487787147706
1,0.0296488318680945,0.991613519745142
1,0.0296512428037945,0.991737395165564
1,0.0296536181279308,0.991859440841048
1,0.0296559583665168,0.991979683798479
1,0.0296582640377958,0.99209815066553
1,0.0296605356523563,0.99221486767656
1,0.0296627737132444,0.992329860678427
1,0.0296649787160765,0.992443155136206
1,0.029667151149148,0.992554776138834
1,0.0296692914935421,0.99266474840466
1,0.0296714002232359,0.992773096286925
1,0.0296734778052052,0.992879843779149
1,0.0296755246995279,0.992985014520452
1,0.0296775413594872,0.993088631800779
1,0.0296795282316695,0.993190718566066
1,0.0296814857560659,0.993291297423318
1,0.0296834143661684,0.993390390645613
1,0.029685314489065,0.993488020177039
1,0.0296871865455361,0.993584207637551
1,0.0296890309501472,0.993678974327757
1,0.0296908481113387,0.99377234123364
1,0.0296926384315195,0.9938643290312
1,0.0296944023071539,0.993954958091036
1,0.0296961401288509,0.994044248482855
1,0.0296978522814486,0.994132219979918
1,0.0296995391441013,0.994218892063419
1,0.0297012010903628,0.994304283926797
1,0.02970283848827,0.994388414479989
1,0.0297044517004226,0.994471302353614
1,0.0297060410840644,0.994552965903103
1,0.0297076069911628,0.994633423212761
1,0.0297091497684863,0.994712692099772
1,0.0297106697576814,0.994790790118146
1,0.0297121672953482,0.994867734562605
1,0.0297136427131148,0.994943542472413
1,0.0297150963377102,0.995018230635151
1,0.0297165284910386,0.995091815590431
1,0.0297179394902487,0.995164313633563
1,0.0297193296478047,0.995235740819159
1,0.0297206992715555,0.995306112964695
1,0.0297220486648029,0.995375445654004
1,0.0297233781263684,0.995443754240736
1,0.0297246879506601,0.995511053851755
1,0.0297259784277371,0.995577359390487
1,0.0297272498433736,0.995642685540221
1,0.0297285024791241,0.995707046767364
1,0.0297297366123828,0.99577045732464
1,0.0297309525164473,0.995832931254248
1,0.0297321504605785,0.995894482390973
1,0.02973333071006,0.995955124365247
1,0.0297344935262562,0.996014870606171
1,0.0297356391666717,0.996073734344484
1,0.0297367678850078,0.996131728615499
1,0.0297378799312171,0.996188866261984
1,0.0297389755515614,0.996245159937011
1,0.0297400549886651,0.996300622106751
1,0.0297411184815679,0.996355265053243
1,0.0297421662657791,0.996409100877109
1,0.0297431985733299,0.996462141500233
1,0.0297442156328234,0.996514398668405
1,0.0297452176694859,0.996565883953918
1,0.029746204905218,0.996616608758134
1,0.0297471775586415,0.996666584314005
1,0.0297481358451497,0.996715821688565
1,0.029749079976954,0.996764331785376
1,0.0297500101631314,0.996812125346949
1,0.0297509266096709,0.996859212957114
1,0.0297518295195185,0.996905605043372
1,0.0297527190926221,0.996951311879202
1,0.0297535955259773,0.996996343586333
1,0.0297544590136694,0.997040710136988
1,0.0297553097469163,0.997084421356091
1,0.0297561479141122,0.997127486923446
1,0.0297569737008685,0.997169916375875
1,0.0297577872900543,0.997211719109335
1,0.0297585888618386,0.997252904380997
1,0.0297593785937282,0.997293481311294
1,0.0297601566606085,0.997333458885945
1,0.0297609232347817,0.997372845957939
1,0.0297616784860046,0.997411651249501
1,0.0297624225815269,0.997449883354023
1,0.029763155686128,0.99748755073796
1,0.0297638779621527,0.997524661742716
1,0.0297645895695486,0.997561224586482
1,0.0297652906659001,0.99759724736606
1,0.0297659814064646,0.997632738058658
1,0.029766661944205,0.997667704523649
1,0.0297673324298267,0.997702154504321
1,0.0297679930118075,0.997736095629583
1,0.0297686438364326,0.997769535415662
1,0.0297692850478262,0.997802481267763
1,0.0297699167879846,0.997834940481708
1,0.0297705391968051,0.997866920245556
1,0.02977115241212,0.997898427641191
1,0.0297717565697253,0.997929469645892
1,0.0297723518034103,0.997960053133876
1,0.0297729382449896,0.997990184877826
1,0.0297735160243302,0.998019871550382
1,0.02977408526938,0.998049119725627
1,0.0297746461061978,0.998077935880538
1,0.0297751986589805,0.998106326396421
1,0.0297757430500905,0.998134297560325
1,0.0297762794000827,0.998161855566433
1,0.0297768078277305,0.998189006517438
1,0.0297773284500547,0.998215756425888
1,0.0297778413823453,0.998242111215521
1,0.0297783467381918,0.998268076722577
1,0.0297788446295038,0.998293658697089
1,0.0297793351665396,0.998318862804159
1,0.0297798184579272,0.998343694625208
1,0.029780294610692,0.998368159659217
1,0.0297807637302765,0.998392263323941
0,-0.140318774079432,0.99841601095711
0,-0.133341516737084,0.940962617817613
0,-0.113182977057127,0.806963587777363
0,-0.0872074407121315,0.640972791829263
0,-0.0606649159389976,0.474381089358624
0,-0.0368792786963599,0.326739088812816
0,-0.0175903689097836,0.207963196777235
0,-0.00335158756284915,0.120831637118736
0,0.00608458645106436,0.0633683649385735
0,0.0114336798805267,0.0308785069062947
0,0.0136178973690806,0.0175294339616066
0,0.0135797887612035,0.0174649201037856
0,0.0121642508022773,0.025499230407345
0,0.0100567353571783,0.0374693515123332
0,0.00776356284506663,0.0503338919466492
0,0.00562066491665647,0.0621032219346535
0,0.00381894437526764,0.0716730721402485
0,0.00243697890524852,0.078617698054572
0,0.00147445530291723,0.0829821545376906
0,0.000882145239363252,0.0850983216796575
0,0.000586227965922115,0.0854371927715919
0,0.000506259633661799,0.0845009446381401
0,0.000567098012109302,0.0827523201617477
0,0.000705681412373704,0.0805754248253739
0,0.000873821564078225,0.0782606021256936
0,0.00103819642097491,0.0760060192753194
0,0.0011786063860777,0.0739294359768266
0,0.00128535702045351,0.072084914782758
0,0.001356405959828,0.0704806425854268
0,0.00139469732901332,0.0690953564688803
0,0.00140592436539322,0.0678919817805043
0,0.00139681951125747,0.0668279447737458
0,0.00137397185209642,0.0658622152840012
0,0.00134311012616561,0.0649594964311834
0,0.00130875850369427,0.0640921538824706
0,0.00127416393975788,0.0632405168046662
0,0.00124140053592203,0.062392133246658
0,0.00121157152422102,0.0615404638675305
0,0.00118504819319298,0.0606833799886299
0,0.0011617037821946,0.0598217159500066
0,0.00114111688830187,0.0589580245286822
0,0.0011227321577082,0.0580956039637988
0,0.00110597567182036,0.0572378073429241
0,0.00109032872173265,0.0563876079868244
0,0.00107536713145973,0.0555473745236258
0,0.00106077460361298,0.0547188023847694
0,0.00104633838470425,0.0539029503696688
0,0.00103193446697691,0.0531003381221217
0,0.00101750802900724,0.0523110699929491
0,0.00100305321032379,0.0515349607789761
0,0.000988594839035795,0.0507716479107039
0,0.000974173509035836,0.0500206821014741
0,0.000959834481442656,0.0492815940221618
0,0.000945620257383206,0.0485539382949274
0,0.000931566297700415,0.047837318262341
0,0.000917699196012145,0.0471313959257957
0,0.000904036587725532,0.0464358915148278
0,0.000890588146766014,0.0457505766689611
0,0.000877357140534829,0.0450752644500199
0,0.000864342149242137,0.0444097985525038
0,0.000851538686001962,0.0437540432749804
0,0.000838940565729362,0.0431078751333145
0,0.000826540957945598,0.0424711764702372
0,0.000814333120200905,0.0418438310477095
0,0.000802310847448195,0.0412257213817425
0,0.000790468692521529,0.0406167274667384
0,0.000778802018724267,0.0400167265078344
0,0.000767306942025259,0.0394255933066412
0,0.000755980211455232,0.0388432010039454
0,0.000744819065086,0.0382694219537291
0,0.000733821087646858,0.0377041285731804
0,0.000722984085753442,0.0371471940751704
0,0.000712305988601281,0.0365984930389668
0,0.000701784776018899,0.0360579018107085
0,0.000691418431856106,0.0355252987483499
0,0.000681204918486555,0.0350005643384389
0,0.000671142167338212,0.0344835812167499
0,0.000661228080419518,0.033974234123933
0,0.000651460538434068,0.0334724098231595
0,0.000641837411979485,0.0329779970009947
0,0.000632356573294413,0.0324908861666746
0,0.0006230159069196,0.0320109695594328
0,0.000613813318382672,0.0315381410689597
0,0.000604746740591411,0.0310722961706539
0,0.000595814138004247,0.0306133318750006
0,0.000587013508883849,0.0301611466890535
0,0.000578342886048189,0.0297156405873856
0,0.000569800336552295,0.029276714989803
0,0.000561383960695716,0.0288442727433897
0,0.000553091890680368,0.0284182181069046
0,0.000544922289161476,0.0279984567360612
0,0.000536873347856237,0.0275848956687143
0,0.000528943286305039,0.0271774433093892
0,0.000521130350828125,0.0267760094129203
0,0.00051343281368138,0.026380505067186
0,0.000505848972390921,0.0259908426750774
0,0.000498377149234119,0.0256069359359036
0,0.000491015690829932,0.0252286998264604
0,0.000483762967802837,0.0248560505819745
0,0.000476617374492727,0.0244889056770988
0,0.000469577328684301,0.0241271838070957
0,0.000462641271343545,0.0237708048692997
0,0.000455807666347618,0.0234196899449135
0,0.00044907500020569,0.0230737612811637
0,0.000442441781768055,0.0227329422738176
0,0.000435906541924491,0.0223971574500486
0,0.000429467833295061,0.0220663324516318
0,0.000423124229915417,0.0217403940184456
0,0.000416874326920419,0.021419269972257
0,0.000410716740227857,0.0211028892007711
0,0.000404650106224952,0.0207911816419279
0,0.000398673081459106,0.0204840782684326
0,0.000392784342333641,0.0201815110725117
0,0.00038698258480907,0.0198834130508866
0,0.000381266524109913,0.0195897181899615
0,0.000375634894437649,0.0193003614512218
0,0.000370086448688356,0.0190152787568413
0,0.000364619958175966,0.0187344069754964
0,0.000359234212359977,0.0184576839083862
0,0.000353928018577893,0.0181850482754565
0,0.00034870020178121,0.0179164397018256
0,0.00034354960427635,0.0176517987044107
0,0.000338475085468637,0.0173910666787515
0,0.000333475521610116,0.0171341858860296
0,0.000328549805551387,0.0168810994402793
0,0.000323696846496413,0.016631751295789
0,0.000318915569761297,0.016386086234689
0,0.000314204916536498,0.0161440498547224
0,0.000309563843652105,0.0159055885571984
0,0.00030499132334702,0.0156706495351226
0,0.000300486343041334,0.0154391807615033
0,0.00029604790511184,0.0152111309778307
0,0.00029167502667124,0.0149864496827258
0,0.000287366739350481,0.0147650871207573
0,0.000283122089083987,0.0145469942714238
0,0.000278940135898686,0.014332122838298
0,0.000274819953705707,0.0141204252383318
0,0.000270760630095207,0.0139118545913192
0,0.000266761266134452,0.0137063647095148
0,0.000262820976168615,0.0135039100874054
0,0.000258938887624766,0.0133044458916329
0,0.000255114140818608,0.013107927951066
0,0.000251345888764104,0.0129143127470185
0,0.000247633296985877,0.0127235574036122
0,0.000243975543334468,0.0125356196782819
0,0.00024037181780423,0.0123504579524209
0,0.000236821322354058,0.0121680312221646
0,0.000233323270730529,0.0119882990893102
0,0.000229876888293873,0.0118112217523706
0,0.000226481411846419,0.0116367599977605
0,0.00022313608946356,0.0114648751911122
0,0.000219840180327308,0.0112955292687205
0,0.000216592954562028,0.0111286847291135
0,0.000213393693073133,0.0109643046247476
0,0.000210241687387633,0.0108023525538259
0,0.000207136239497252,0.0106427926522367
0,0.000204076661703884,0.0104855895856117
0,0.000201062276467351,0.0103307085415014
0,0.000198092416255277,0.0101781152216652
0,0.000195166423395302,0.0100277758344771
0,0.000192283649929501,0.00987965708744169
0,0.000189443457470767,0.00973372617982204
0,0.000186645217061535,0.00958995079537595
0,0.000183888309034513,0.00944829909519945
0,0.00018117212287537,0.00930873971067617
0,0.000178496057087599,0.00917124173653082
0,0.00017585951905931,0.00903577472398517
0,0.000173261924932042,0.00890230867401528
0,0.000170702699471323,0.0087708140307082
0,0.000168181275939469,0.00864126167471688
0,0.000165697095969933,0.00851362291681167
0,0.000163249609443764,0.00838786949152719
0,0.000160838274367664,0.00826397355090292
0,0.000158462556754113,0.00814190765831632
0,0.000156121930503017,0.00802164478240701
0,0.000153815877285177,0.00790315829109072
0,0.000151543886427616,0.00778642194566163
0,0.00014930545480038,0.00767140989498183
0,0.000147100086705251,0.00755809666975663
0,0.000144927293765792,0.00744645717689441
0,0.000142786594819366,0.00733646669394978
0,0.000140677515810497,0.00722810086364882
0,0.000138599589685928,0.00712133568849518
0,0.00013655235629112,0.00701614752545586
0,0.00013453536226847,0.00691251308072553
0,0.000132548160956827,0.00681040940456806
0,0.000130590312292594,0.0067098138862344
0,0.000128661382712295,0.00661070424895541
0,0.00012676094505655,0.00651305854500872
0,0.000124888578475507,0.00641685515085841
0,0.000123043868335559,0.00632207276236651
0,0.000121226406127689,0.00622869039007524
0,0.000119435789376815,0.00613668735455888
0,0.000117671621552781,0.00604604328184434
0,0.000115933511982552,0.00595673809889941
0,0.000114221075763601,0.00586875202918755
0,0.000112533933678827,0.00578206558828843
0,0.000110871712112381,0.00569665957958313
0,0.00010923404296713,0.00561251509000305
0,0.000107620563582975,0.00552961348584167
0,0.000106030916656653,0.00544793640862807
0,0.000104464750162563,0.00536746577106153
0,0.000102921717274829,0.00528818375300606
0,0.000101401476290466,0.00521007279754419
0,9.99036905537792e-05,0.00513311560708902
0,9.84280283816905e-05,0.00505729513955364
0,9.69741629904264e-05,0.00498259460457723
0,9.55417724230676e-05,0.00490899745980679
0,9.41305394782516e-05,0.00483648740723394
0,9.27401516399584e-05,0.00476504838958567
0,9.13703010083297e-05,0.00469466458676849
0,9.0020684231383e-05,0.00462532041236513
0,8.86910024379683e-05,0.00455700051018289
0,8.73809611714599e-05,0.00448968975085304
0,8.60902703246486e-05,0.00442337322848048
0,8.48186440754184e-05,0.00435803625734277
0,8.35658008235332e-05,0.00429366436863808
0,8.23314631281866e-05,0.004230243307281
0,8.11153576466342e-05,0.00416775902874585
0,7.99172150736105e-05,0.00410619769595648
0,7.87367700817582e-05,0.00404554567622209
0,7.75737612627794e-05,0.00398578953821824
0,7.64279310696558e-05,0.00392691604901259
0,7.52990257594996e-05,0.00386891217113437
0,7.41867953374734e-05,0.00381176505968735
0,7.30909935013069e-05,0.00375546205950528
0,7.201137758691e-05,0.00369999070234943
0,7.09477085144711e-05,0.00364533870414754
0,6.98997507356316e-05,0.0035914939622735
0,6.88672721812708e-05,0.00353844455286725
0,6.78500442101229e-05,0.00348617872819424
0,6.68478415581444e-05,0.00343468491404391
0,6.5860442288658e-05,0.00338395170716661
0,6.48876277431348e-05,0.00333396787274835
0,6.39291824928515e-05,0.00328472234192286
0,6.29848942911501e-05,0.0032362042093204
0,6.2054554026407e-05,0.00318840273065278
0,6.11379556757982e-05,0.00314130732033408
0,6.02348962595797e-05,0.00309490754913642
0,5.93451757962341e-05,0.00304919314188047
0,5.84685972581239e-05,0.00300415397516001
0,5.76049665278605e-05,0.00295978007510011
0,5.67540923553655e-05,0.0029160616151484
0,5.59157863154677e-05,0.00287298891389904
0,5.50898627661861e-05,0.00283055243294877
0,5.42761388076657e-05,0.00278874277478459
0,5.34744342415849e-05,0.00274755068070276
0,5.26845715313438e-05,0.00270696702875844
0,5.19063757627031e-05,0.00266698283174564
0,5.11396746050337e-05,0.00262758923520702
0,5.03842982731949e-05,0.00258877751547306
0,4.96400794899217e-05,0.00255053907773027
0,4.89068534487574e-05,0.0025128654541178
0,4.81844577775933e-05,0.0024757483018523
0,4.74727325026764e-05,0.0024391794013804
0,4.67715200132141e-05,0.0024031506545585
0,4.60806650264614e-05,0.00236765408285945
0,4.54000145533213e-05,0.00233268182560568
0,4.4729417864476e-05,0.00229822613822852
0,4.40687264570208e-05,0.00226427939055311
0,4.34177940215608e-05,0.00223083406510878
0,4.27764764097879e-05,0.00219788275546424
0,4.21446316026253e-05,0.00216541816458748
0,4.1522119678717e-05,0.00213343310322983
0,4.09088027834639e-05,0.00210192048833392
0,4.0304545098506e-05,0.00207087334146515
0,3.97092128116353e-05,0.00204028478726629
0,3.91226740871463e-05,0.00201014805193498
0,3.85447990366716e-05,0.00198045646172365
0,3.79754596904133e-05,0.00195120344146165
0,3.74145299687767e-05,0.00192238251309916
0,3.68618856544899e-05,0.00189398729427266
0,3.63174043650563e-05,0.00186601149689153
0,3.57809655256829e-05,0.0018384489257456
0,3.52524503425718e-05,0.00181129347713317
0,3.47317417765981e-05,0.00178453913750942
0,3.42187245174139e-05,0.00175817998215467
0,3.37132849579022e-05,0.00173221017386237
0,3.32153111690103e-05,0.00170662396164646
0,3.27246928749879e-05,0.00168141567946781
0,3.22413214289448e-05,0.00165657974497951
0,3.17650897887801e-05,0.00163211065829061
0,3.12958924935207e-05,0.00160800300074824
0,3.08336256399332e-05,0.00158425143373762
0,3.03781868595185e-05,0.00156085069749983
0,2.99294752958458e-05,0.00153779560996704
0,2.94873915822266e-05,0.00151508106561496
0,2.90518378196977e-05,0.00149270203433222
0,2.86227175553509e-05,0.00147065356030647
0,2.81999357609579e-05,0.00144893076092689
0,2.77833988119522e-05,0.00142752882570296
0,2.73730144666751e-05,0.00140644301519918
0,2.69686918459543e-05,0.00138566865998556
0,2.65703414129848e-05,0.0013652011596035
0,2.61778749534886e-05,0.00134503598154711
0,2.57912055561908e-05,0.00132516866025943
0,2.54102475935672e-05,0.00130559479614358
0,2.50349167028961e-05,0.00128631005458845
0,2.46651297675492e-05,0.00126731016500878
0,2.4300804898611e-05,0.00124859091989951
0,2.39418614167309e-05,0.00123014817390398
0,2.35882198342634e-05,0.00121197784289597
0,2.32398018376583e-05,0.00119407590307525
0,2.28965302701296e-05,0.00117643839007654
0,2.2558329114554e-05,0.0011590613980916
0,2.22251234766515e-05,0.00114194107900427
0,2.18968395683944e-05,0.00112507364153834
0,2.15734046916626e-05,0.00110845535041796
0,2.1254747222154e-05,0.00109208252554047
1,0.170120940796594,0.00107595154116144
1,0.163143829504282,0.0585368488250918
1,0.142985433717078,0.192543272167203
1,0.117010039139419,0.358541352211828
1,0.0904676540395978,0.525140231186716
1,0.0666821544071793,0.672789302233723
1,0.0473933801982024,0.791572160333208
1,0.0331547324262716,0.878710583160943
1,0.0237186900143459,0.936180617135517
1,0.0183697262429983,0.968677137084772
1,0.0161856364973988,0.982032773544278
1,0.0162238709613588,0.982103753968241
1,0.0176395329173665,0.974075814714161
1,0.0197471705280056,0.962111970552853
1,0.0220404634011684,0.94925361434644
1,0.0241834799127951,0.937490377240051
1,0.0259853172858259,0.927926529919046
1,0.0273673978617845,0.920987818221621
1,0.0283300348698432,0.916629188597405
1,0.0289224566640259,0.914518762246697
1,0.0292184840177396,0.914185547149669
1,0.0292985608042936,0.91512736773419
1,0.0292378292781779,0.916881482351827
1,0.0290993511519457,0.919063786735407
1,0.0289313147192867,0.921383938586082
1,0.0287670420494174,0.923643771871375
1,0.0286267327619532,0.925725528051413
1,0.0285200813181214,0.927575145719182
1,0.0284491301041633,0.929184439110979
1,0.0284109350169067,0.930574672254694
1,0.0283998028402901,0.931782920898454
1,0.0284090011530296,0.932851759868145
1,0.028431940890332,0.933822220391761
1,0.0284628933343316,0.93472960039707
1,0.0284973343348895,0.935601535249102
1,0.028532016956722,0.936457696798014
1,0.0285648671177645,0.937310537996857
1,0.0285947816051946,0.938166599173687
1,0.0286213891494027,0.939028009979716
1,0.0286448165296809,0.939893937033087
1,0.0286654851673271,0.940761828500819
1,0.0286839504342498,0.941628387073864
1,0.0287007862668767,0.942490260581014
1,0.0287165113916847,0.943344476604324
1,0.0287315500019716,0.944188667405155
1,0.0287462184121809,0.945021138428413
1,0.0287607293926055,0.945840831738088
1,0.028775206967558,0.946647228541033
1,0.028789705974773,0.947440225324513
1,0.0288042322907929,0.94822000811741
1,0.0288187611033408,0.948986940302732
1,0.0288332518341234,0.949741471968632
1,0.0288476592373907,0.95048407323389
1,0.0288619408271582,0.951215190254336
1,0.0288760611575001,0.9519352204539
1,0.0288899936494966,0.952644502586367
1,0.0289037206822214,0.953343317166223
1,0.0289172325960154,0.954031893286978
1,0.0289305261375334,0.954710418609014
1,0.028943602740414,0.95537905014937
1,0.0289564669051865,0.956037924310505
1,0.0289691248303783,0.956687165267229
1,0.0289815833597122,0.957326891357282
1,0.0289938492486856,0.957957219489123
1,0.0290059287152009,0.958578267807259
1,0.02901782721909,0.95919015696805
1,0.0290295494095281,0.959793010407507
1,0.0290410991828398,0.960386953955697
1,0.0290524798021072,0.960972115094183
1,0.0290636940411924,0.961548622082139
1,0.0290747443271229,0.962116603106474
1,0.029085632864867,0.962676185549495
1,0.0290963617366415,0.963227495418318
1,0.0291069329738625,0.963770656944526
1,0.029117348603757,0.964305792339357
1,0.0291276106748664,0.964833021677043
1,0.0291377212665154,0.96535246287431
1,0.0291476824872905,0.965864231734845
1,0.029157496466925,0.966368442031775
1,0.0291671653451053,0.966865205606912
1,0.0291766912597242,0.967354632471589
1,0.0291860763362235,0.967836830899458
1,0.0291953226789092,0.968311907506134
1,0.0292044323645642,0.96877996731406
1,0.0292134074382746,0.969241113803243
1,0.0292222499111843,0.969695448949871
1,0.0292309617597404,0.970143073255479
1,0.0292395449260181,0.970584085769335
1,0.0292480013187126,0.971018584106499
1,0.029256332814483,0.971446664463532
1,0.0292645412594053,0.971868421633314
1,0.0292726284703637,0.972283949019958
1,0.029280596236293,0.972693338654378
1,0.0292884463192227,0.973096681210747
1,0.0292961804551222,0.973494066023857
1,0.0293038003545711,0.973885581107245
1,0.0293113077032769,0.974271313171878
1,0.0293187041624876,0.974651347645176
1,0.0293259913693296,0.975025768690158
1,0.0293331709370994,0.975394659224536
1,0.0293402444555364,0.975758100939614
1,0.0293472134910859,0.976116174318915
1,0.029354079587175,0.976468958656471
1,0.0293608442644888,0.976816532074742
1,0.0293675090212662,0.977158971542192
1,0.0293740753336018,0.977496352890495
1,0.029380544655756,0.977828750831425
1,0.0293869184204729,0.978156238973431
1,0.0293931980392965,0.978478889837927
1,0.0293993849028897,0.97879677487532
1,0.0294054803813488,0.979109964480788
1,0.0294114858245138,0.979418528009824
1,0.0294174025622742,0.979722533793551
1,0.0294232319048704,0.980022049153821
1,0.029428975143186,0.980317140418098
1,0.0294346335490385,0.980607872934129
1,0.0294402083754612,0.980894311084404
1,0.0294457008569822,0.981176518300411
1,0.0294511122098973,0.981454557076682
1,0.0294564436325402,0.981728488984633
1,0.0294616963055458,0.981998374686204
1,0.0294668713921125,0.982264273947298
1,0.0294719700382577,0.982526245651015
1,0.0294769933730725,0.982784347810699
1,0.0294819425089705,0.983038637582786
1,0.0294868185419339,0.983289171279464
1,0.0294916225517561,0.983536004381141
1,0.0294963556022811,0.983779191548736
1,0.0295010187416387,0.984018786635779
1,0.0295056130024764,0.984254842700342
1,0.0295101394021884,0.984487412016785
1,0.0295145989431416,0.984716546087331
1,0.0295189926128963,0.984942295653473
1,0.0295233213844257,0.98516471070721
1,0.029527586216332,0.985383840502116
1,0.0295317880530572,0.98559973356425
1,0.0295359278250935,0.985812437702898
1,0.0295400064491882,0.986022000021163
1,0.0295440248285488,0.986228466926396
1,0.0295479838530408,0.98643188414047
1,0.0295518843993865,0.986632296709907
1,0.0295557273313567,0.986829749015856
1,0.0295595134999651,0.987024284783918
1,0.0295632437436544,0.987215947093827
1,0.0295669188884835,0.987404778388997
1,0.0295705397483086,0.987590820485914
1,0.029574107124966,0.987774114583399
1,0.0295776218084467,0.987954701271734
1,0.0295810845770739,0.988132620541645
1,0.0295844961976741,0.988307911793162
1,0.0295878574257471,0.988480613844346
1,0.0295911690056325,0.988650764939879
1,0.0295944316706773,0.988818402759537
1,0.029597646143394,0.988983564426536
1,0.0296008131356247,0.989146286515748
1,0.0296039333486964,0.989306605061805
1,0.0296070074735766,0.989464555567076
1,0.0296100361910274,0.98962017300953
1,0.0296130201717546,0.989773491850483
1,0.029615960076558,0.989924546042225
1,0.0296188565564757,0.990073369035546
1,0.0296217102529308,0.990219993787137
1,0.0296245217978706,0.990364452766891
1,0.0296272918139091,0.990506777965093
1,0.0296300209144633,0.990647000899505
1,0.0296327097038895,0.990785152622346
1,0.0296353587776172,0.990921263727164
1,0.0296379687222812,0.991055364355618
1,0.0296405401158508,0.991187484204147
1,0.0296430735277582,0.991317652530549
1,0.0296455695190248,0.99144589816046
1,0.0296480286423848,0.991572249493737
1,0.0296504514424092,0.991696734510746
1,0.0296528384556241,0.99181938077856
1,0.029655190210631,0.991940215457062
1,0.029657507228223,0.992059265304963
1,0.0296597900215021,0.992176556685722
1,0.0296620390959899,0.992292115573389
1,0.0296642549497415,0.992405967558357
1,0.0296664380734553,0.992518137853023
1,0.0296685889505819,0.992628651297379
1,0.0296707080574303,0.992737532364509
1,0.029672795863275,0.992844805166007
1,0.0296748528304578,0.992950493457319
1,0.0296768794144926,0.993054620643004
1,0.0296788760641635,0.993157209781914
1,0.0296808432216267,0.993258283592305
1,0.0296827813225071,0.993357864456861
1,0.0296846907959951,0.993455974427659
1,0.0296865720649417,0.993552635231046
1,0.0296884255459515,0.993647868272452
1,0.0296902516494761,0.993741694641132
1,0.0296920507799043,0.993834135114834
1,0.0296938233356514,0.993925210164401
1,0.0296955697092478,0.994014939958306
1,0.0296972902874266,0.994103344367114
1,0.0296989854512073,0.994190442967887
1,0.0297006555759822,0.994276255048515
1,0.0297023010315989,0.994360799611991
1,0.029703922182442,0.994444095380619
1,0.0297055193875133,0.994526160800155
1,0.0297070930005119,0.994607014043899
1,0.029708643369913,0.994686673016715
1,0.0297101708390439,0.994765155358996
1,0.0297116757461617,0.994842478450571
1,0.0297131584245263,0.994918659414557
1,0.0297146192024746,0.994993715121147
1,0.0297160584034948,0.995067662191344
1,0.0297174763462962,0.995140517000649
1,0.029718873344881,0.99521229568268
1,0.0297202497086129,0.99528301413275
1,0.0297216057422858,0.995352688011382
1,0.0297229417461922,0.995421332747782
1,0.0297242580161885,0.995488963543253
1,0.0297255548437618,0.995555595374562
1,0.0297268325160931,0.995621242997255
1,0.0297280913161209,0.995685920948929
1,0.0297293315226055,0.995749643552446
1,0.0297305534101897,0.995812424919108
1,0.0297317572494586,0.99587427895178
1,0.0297329433070015,0.995935219347972
1,0.029734111845469,0.995995259602869
1,0.0297352631236334,0.996054413012321
1,0.0297363973964433,0.996112692675786
1,0.0297375149150827,0.996170111499234
1,0.0297386159270248,0.996226682197999
1,0.0297397006760876,0.996282417299604
1,0.0297407694024874,0.996337329146525
1,0.0297418223428927,0.996391429898932
1,0.0297428597304761,0.996444731537379
1,0.0297438817949653,0.996497245865456
1,0.0297448887626959,0.996548984512405
1,0.02974588085666,0.996599958935693
1,0.0297468582965554,0.996650180423551
1,0.0297478212988351,0.996699660097474
1,0.0297487700767551,0.996748408914681
1,0.0297497048404214,0.996796437670547
1,0.0297506257968363,0.996843757000987
1,0.0297515331499441,0.996890377384816
1,0.0297524271006777,0.996936309146067
1,0.0297533078470011,0.99698156245628
1,0.0297541755839557,0.997026147336752
1,0.0297550305036993,0.997070073660757
1,0.0297558727955543,0.997113351155731
1,0.0297567026460448,0.997155989405428
1,0.0297575202389402,0.997197997852045
1,0.0297583257552951,0.997239385798305
1,0.0297591193734914,0.997280162409526
1,0.0297599012692744,0.997320336715642
1,0.0297606716157941,0.997359917613212
1,0.0297614305836427,0.997398913867382
1,0.0297621783408935,0.99743733411383
1,0.0297629150531353,0.99747518686068
1,0.0297636408835134,0.997512480490381
1,0.0297643559927614,0.997549223261567
1,0.0297650605392399,0.997585423310885
1,0.02976575467897,0.997621088654797
1,0.029766438565668,0.997656227191356
1,0.0297671123507799,0.997690846701951
1,0.0297677761835149,0.997724954853037
1,0.0297684302108776,0.997758559197827
1,0.0297690745777019,0.997791667177966
1,0.0297697094266822,0.997824286125182
1,0.0297703348984053,0.997856423262905
1,0.0297709511313804,0.997888085707869
1,0.0297715582620728,0.997919280471689
1,0.02977215642493,0.997950014462412
1,0.0297727457524151,0.997980294486046
1,0.0297733263750337,0.998010127248071
1,0.0297738984213645,0.998039519354919
1,0.0297744620180858,0.99806847731544
1,0.0297750172900062,0.998097007542345
0,-0.140324435639911,0.998125116353621
0,-0.133347094671516,0.940676019973934
0,-0.11318847260074,0.80668122322671
0,-0.0872128550819085,0.640694598042311
0,-0.0606702503339447,0.474107004729658
0,-0.0368845342977731,0.326469052646091
0,-0.0175955468815101,0.207697149273533
0,-0.00335668905154507,0.120569519362123
0,0.00607956031567936,0.0631101188833553
0,0.0114287279854209,0.0306240753641608
0,0.013613018617662,0.017278760588966
0,0.0135749820730776,0.0172179493892901
0,0.0121595151130087,0.0252559076595961
0,0.0100520696180533,0.0372296228477704
0,0.00775896602286241,0.0500977042776183
0,0.00561613599341182,0.0618705229576497
0,0.00381448234805737,0.0714438103243339
0,0.00243258278596137,0.0783918226299647
0,0.00147012411803737,0.0827596154845212
0,0.000877878029754475,0.0848790697168924
0,0.000582023786615538,0.0852211793461203
0,0.000502117553646264,0.0842881219140216
0,0.000563017114125985,0.0825426410096194
0,0.000701660792711722,0.0803688428120136
0,0.000869860332376016,0.0780570715037369
0,0.00103429370002184,0.0758054949731294
0,0.00117476131162042,0.0737318735885128
0,0.00128156874100449,0.0718902705583423
0,0.00135267363647662,0.0702888734211555
0,0.00139102013524095,0.0689064198976786
0,0.00140230148688891,0.0677058359625721
0,0.00139325014573888,0.0666445484872922
0,0.00137045520913159,0.0656815279161163
0,0.00133964542699738,0.0647814779688442
0,0.00130534498106882,0.0639167649036805
0,0.00127080083775444,0.0630677184697249
0,0.00123808710978524,0.0622218872895604
0,0.00120830704019625,0.0613727325874929
0,0.00118183192836363,0.060518126241741
0,0.00115853502432239,0.0596589031410023
0,0.00113799493566868,0.0587976166028413
0,0.00111965631896116,0.0579375653989591
0,0.00110294526581822,0.0570821031416155
0,0.00108734307739533,0.0562342036685195
0,0.00107242558761922,0.0553962361171036
0,0.00105787650886791,0.0545698964205925
0,0.00104348309727442,0.053756243872772
0,0.00102912135456223,0.0529557986045094
0,0.00101473646864692,0.0521686654465006
0,0.00100032258825866,0.0513946596683583
0,0.00098590455057268,0.0506334191663871
0,0.000971522958413074,0.0498844951128517
0,0.000957223081698877,0.0491474186307719
0,0.000943047430226662,0.0484217447877743
0,0.000929031473381081,0.0477070773653149
0,0.000915201813196376,0.0470030787971902
0,0.000901576093370382,0.0463094697389532
0,0.00088816399599756,0.0456260222498514
0,0.000874968796527376,0.0449525498052332
0,0.000861989083099868,0.0442888965070142
0,0.000849220376640591,0.0436349270551602
0,0.000836656499761834,0.0429905183610051
0,0.000824290629568014,0.042355553156908
0,0.000812116031080445,0.0417299155887021
0,0.000800126506612986,0.0411134885506014
0,0.000788316616251672,0.0405061524096239
0,0.000776681730444595,0.0399077847380194
0,0.000765217972200305,0.0393182606990883
0,0.000753922097484871,0.0387374537899642
0,0.000742791351203087,0.0381652367157131
0,0.000731823324816416,0.0376014822394209
0,0.000721015831572969,0.0370460639147474
0,0.000710366807202933,0.0364988566567152
0,0.000699874237973186,0.0359597371422588
0,0.000689536114076461,0.0354285840552421
0,0.000679350404135637,0.0349052782033084
0,0.000669315045735863,0.0343897025385847
0,0.000659427946951618,0.033881742113401
0,0.000649686994462995,0.0333812839980046
0,0.000640090064755849,0.0328882171815012
0,0.000630635035870186,0.0324024324711983
0,0.000621319798061959,0.0319238223999981
0,0.000612142262490178,0.0314522811469221
0,0.000603100367610521,0.0309877044724262
0,0.000594192083347433,0.0305299896678423
0,0.000585415413348944,0.0300790355169227
0,0.000576768395738669,0.0296347422668516
0,0.000568249102798957,0.0291970116060198
0,0.000559855639979512,0.0287657466461291
0,0.000551586144556304,0.0283408519066468
0,0.000543438784183725,0.0279222333001446
0,0.000535411755504145,0.0275097981175411
0,0.000527503282910569,0.0271034550126878
0,0.000519711617504137,0.0267031139860619
0,0.000512035036250857,0.026308686367557
0,0.000504471841317522,0.0259200847985041
0,0.00049702035955379,0.0255372232131304
0,0.000489678942082961,0.0251600168196801
0,0.000482445963967737,0.0247883820814091
0,0.000475319823920295,0.0244222366976318
0,0.000468298944033552,0.0240614995849536
0,0.000461381769517377,0.0237060908587822
0,0.000454566768430753,0.0233559318151728
0,0.000447852431402662,0.0230109449130306
0,0.000441237271342265,0.0226710537566751
0,0.000434719823138474,0.0223361830787513
0,0.000428298643351088,0.0220062587234708
0,0.00042197230989785,0.0216812076301585
0,0.000415739421737699,0.0213609578170819
0,0.00040959859855641,0.0210454383655442
0,0.000403548480453569,0.0207345794042236
0,0.000397587727633902,0.0204283120937463
0,0.000391715020104266,0.020126568611484
0,0.000385929057375139,0.0198292821365689
0,0.000380228558169049,0.0195363868351211
0,0.0003746122601333,0.0192478178456876
0,0.00036907891955934,0.0189635112648885
0,0.00036362731110598,0.0186834041332697
0,0.000358256227528497,0.0184074344213612
0,0.000352964479411105,0.0181355410159384
0,0.000347750894904436,0.0178676637064851
0,0.000342614319466639,0.0176037431718562
0,0.000337553615608166,0.0173437209671372
0,0.000332567662640421,0.0170875395106985
0,0.000327655356428036,0.016835142071442
0,0.000322815609144572,0.0165864727562357
0,0.000318047349031958,0.0163414764975358
0,0.000313349520163098,0.0161000990411911
0,0.00030872108220803,0.0158622869344288
0,0.000304161010203696,0.0156279875140169
0,0.000299668294326733,0.0153971488946029
0,0.00029524193967001,0.015169719957224
0,0.000290880966022006,0.0149456503379869
0,0.00028658440764992,0.0147248904169154
0,0.000282351313085627,0.014507391306962
0,0.000278180744915008,0.0142931048431825
0,0.000274071779570423,0.0140819835720696
0,0.000270023507125933,0.0138739807410448
0,0.000266035031096123,0.0136690502881048
0,0.000262105468237239,0.0134671468316215
0,0.000258233948351894,0.0132682256602916
0,0.000254419614096196,0.0130722427232362
0,0.00025066162078996,0.012879154620245
0,0.000246959136229574,0.0126889185921656
0,0.000243311340503843,0.0125014925114347
0,0.000239717425812275,0.0123168348727489
0,0.000236176596286386,0.0121349047838729
0,0.000232688067813236,0.0119556619565849
0,0.000229251067861952,0.0117790666977537
0,0.000225864835312645,0.0116050799005498
0,0.000222528620287737,0.0114336630357843
0,0.00021924168398596,0.0112647781433774
0,0.000216003298518841,0.0110983878239515
0,0.000212812746749405,0.0109344552305497
0,0.000209669322133413,0.0107729440604759
0,0.000206572328562887,0.0106138185472554
0,0.000203521080211919,0.0104570434527149
0,0.000200514901384841,0.0103025840591786
0,0.000197553126366587,0.0101504061617803
0,0.000194635099275309,0.0100004760608885
0,0.000191760173917019,0.00985276055464391
0,0.000188927713642609,0.00970722693160694
0,0.000186137091206795,0.00956384296351357
0,0.000183387688629258,0.00942257689813855
0,0.000180678897057723,0.00928339745226396
0,0.000178010116633265,0.00914627380475146
0,0.000175380756357313,0.00901117558971708
0,0.000172790233960857,0.00887807288980668
0,0.00017023797577552,0.0087469362295708
0,0.00016772341660648,0.00861773656893733
0,0.000165245999607294,0.00849044529678066
0,0.000162805176156661,0.00836503422458573
0,0.00016040040573688,0.00824147558020575
0,0.000158031155814073,0.00811974200171208
0,0.000155696901720431,0.00799980653133494
0,0.000153397126537891,0.00788164260949364
0,0.000151131320983725,0.00776522406891504
0,0.000148898983297743,0.00765052512883875
0,0.000146699619131163,0.00753752038930811
0,0.000144532741437151,0.00742618482554532
0,0.000142397870362965,0.00731649378240976
0,0.000140294533143751,0.00720842296893813
0,0.000138222263997706,0.00710194845296523
0,0.000136180604023095,0.00699704665582425
0,0.000134169101096482,0.00689369434712524
0,0.000132187309772741,0.00679186863961084
0,0.00013023479118629,0.00669154698408782
0,0.000128311112954027,0.00659270716443368
0,0.000126415849079423,0.00649532729267687
0,0.000124548579858413,0.00639938580414972
0,0.000122708891786186,0.00630486145271297
0,0.00012089637746579,0.00621173330605088
0,0.000119110635517949,0.0061199807410357
0,0.000117351270491978,0.00602958343916077
0,0.000115617892778377,0.00594052138204104
0,0.000113910118522575,0.00585277484697991
0,0.000112227569539755,0.00576632440260174
0,0.00011056987323127,0.00568115090454879
0,0.000108936662502071,0.0055972354912417
0,0.000107327575679397,0.00551455957970261
0,0.0001057422564327,0.00543310486144001
0,0.000104180353694736,0.00535285329839432
0,0.000102641521583839,0.00527378711894337
0,0.000101125419327289,0.00519588881396692
0,9.96317111858838e-05,0.00511914113296929
0,9.81600663795476e-05,0.00504352708025921
0,9.67101590141489e-05,0.0049690299111862
0,9.52816680092408e-05,0.00489563312843244
0,9.38742770270409e-05,0.00482332047835948
0,9.24876744023279e-05,0.00475207594740889
0,9.11215530734547e-05,0.00468188375855607
0,8.9775610514306e-05,0.00461272836781642
0,8.84495486673659e-05,0.00454459446080319
0,8.71430738776727e-05,0.0044774669493361
0,8.58558968277884e-05,0.00441133096810005
0,8.45877324737315e-05,0.00434617187135328
0,8.33382999818749e-05,0.00428197522968403
0,8.21073226667593e-05,0.00421872682681518
0,8.08945279297604e-05,0.00415641265645606
0,7.9699647198804e-05,0.0040950189192008
0,7.852241586883e-05,0.00403453201947244
0,7.7362573243242e-05,0.00397493856251223
0,7.62198624761276e-05,0.00391622535141332
0,7.50940305154352e-05,0.00385837938419839
0,7.39848280468663e-05,0.00380138785094034
0,7.28920094387533e-05,0.00374523813092554
0,7.18153326875887e-05,0.003689917789859
0,7.07545593644499e-05,0.0036354145771108
0,6.97094545622362e-05,0.00358171642300322
0,6.86797868436201e-05,0.0035288114361379
0,6.76653281897893e-05,0.00347668790076249
0,6.66658539499737e-05,0.00342533427417625
0,6.56811427916792e-05,0.00337473918417393
0,6.47109766516787e-05,0.00332489142652735
0,6.37551406877171e-05,0.00327577996250431
0,6.2813423230966e-05,0.00322739391642401
0,6.18856157390962e-05,0.0031797225732487
0,6.09715127501478e-05,0.00313275537621079
0,6.00709118369971e-05,0.00308648192447511
0,5.91836135625384e-05,0.00304089197083565
0,5.83094214355248e-05,0.00299597541944628
0,5.74481418670683e-05,0.00295172232358512
0,5.65995841277089e-05,0.00290812288345176
0,5.57635603052747e-05,0.00286516744399718
0,5.49398852631722e-05,0.0028228464927856
0,5.41283765994535e-05,0.00278115065788797
0,5.33288546064117e-05,0.00274007070580659
0,5.25411422307547e-05,0.00269959753943034
0,5.17650650344245e-05,0.00265972219602013
0,5.10004511559657e-05,0.00262043584522414
0,5.0247131272458e-05,0.00258172978712231
0,4.95049385620255e-05,0.0025435954502998
0,4.8773708666891e-05,0.00250602438994879
0,4.80532796569844e-05,0.00246900828599848
0,4.73434919940757e-05,0.00243253894127251
0,4.6644188496453e-05,0.00239660827967381
0,4.59552143041025e-05,0.00236120834439609
0,4.52764168444482e-05,0.00232633129616181
0,4.4607645798507e-05,0.00229196941148623
0,4.39487530676658e-05,0.00225811508096703
0,4.32995927408322e-05,0.00222476080759918
0,4.26600210621485e-05,0.00219189920511479
0,4.20298963991518e-05,0.00215952299634741
0,4.14090792114352e-05,0.00212762501162048
0,4.07974320196791e-05,0.00209619818715967
0,4.01948193752867e-05,0.00206523556352856
0,3.96011078303282e-05,0.00203473028408752
0,3.90161659080228e-05,0.00200467559347528
0,3.8439864073616e-05,0.001975064836113
0,3.78720747056874e-05,0.00194589145473036
0,3.73126720678921e-05,0.0019171489889135
0,3.67615322811148e-05,0.00188883107367433
0,3.62185332960507e-05,0.00186093143804103
0,3.56835548661547e-05,0.00183344390366937
0,3.51564785210298e-05,0.00180636238347448
0,3.46371875401923e-05,0.00177968088028288
0,3.41255669272095e-05,0.00175339348550446
0,3.3621503384252e-05,0.00172749437782396
0,3.31248852869885e-05,0.00170197782191189
0,3.2635602659873e-05,0.00167683816715446
0,3.21535471518031e-05,0.0016520698464022
0,3.16786120120975e-05,0.00162766737473717
0,3.12106920668867e-05,0.00160362534825831
0,3.07496836958014e-05,0.00157993844288478
0,3.02954848090363e-05,0.00155660141317689
0,2.98479948247325e-05,0.00153360909117458
0,2.94071146467213e-05,0.0015109563852529
0,2.89727466425624e-05,0.00148863827899454
0,2.85447946219222e-05,0.00146664983007892
0,2.81231638152961e-05,0.00144498616918773
0,2.77077608529831e-05,0.0014236424989266
0,2.72984937444605e-05,0.00140261409276275
0,2.68952718579622e-05,0.0013818962939783
0,2.64980059004327e-05,0.00136148451463903
0,2.61066078977561e-05,0.0013413742345784
0,2.57209911752668e-05,0.00132156100039658
0,2.53410703385526e-05,0.00130204042447418
0,2.49667612545607e-05,0.00128280818400073
0,2.45979810329453e-05,0.00126386002001727
0,2.42346480077201e-05,0.00124519173647333
0,2.38766817191836e-05,0.00122679919929762
0,2.35240028960831e-05,0.0012086783354826
0,2.31765334380764e-05,0.00119082513218252
0,2.28341963984264e-05,0.00117323563582474
0,2.24969159669589e-05,0.00115590595123424
0,2.21646174532932e-05,0.00113883224077105
0,2.1837227270274e-05,0.00112201072348039
0,2.15146729177045e-05,0.00110543767425537
0,2.11968829662706e-05,0.00108910942301211
0,2.08837870417245e-05,0.00107302235387696
0,2.05753158093146e-05,0.00105717290438579
0,2.02714009584198e-05,0.0010415575646951
0,1.99719751874244e-05,0.00102617287680474
0,1.96769721888135e-05,0.00101101543379215
0,1.938632663449e-05,0.000996081879057919
0,1.90999741613053e-05,0.000981368905582434
0,1.88178513568192e-05,0.000966873255193577
0,1.85398957452398e-05,0.000952591717845188
0,1.82660457735944e-05,0.000938521130906212
0,1.79962407980995e-05,0.000924658378460335
0,1.77304210707378e-05,0.000911000390615966
0,1.7468527726017e-05,0.000897544142826412
0,1.72105027679351e-05,0.000884286655220103
0,1.69562890571483e-05,0.000871224991940692
0,1.67058302982977e-05,0.000858356260496923
1,0.170116459071028,0.000845677611122084
1,0.1631394139776,0.0583099762361429
1,0.142981083411468,0.192319750678654
1,0.11700575309151,0.358321132325087
1,0.0904634313002477,0.524923264134326
1,0.0666779940412678,0.672575539968563
1,0.0473892812844214,0.791361555517855
1,0.0331506940569206,0.878503089157189
1,0.0237147112951327,0.935976187994037
1,0.0183658062928392,0.968475727534955
1,0.0161817744482257,0.981834338984195
1,0.0162200659579247,0.981908250454772
1,0.0176357841170578,0.973883198953264
1,0.0197434771006542,0.961922199889975
1,0.022036824528869,0.949066646757072
1,0.0241798947897234,0.937306171320422
1,0.02598178511806,0.927745044876954
1,0.0273639178671301,0.920809013867399
1,0.0283266062776588,0.916453025335021
1,0.0289190787150535,0.914345201064987
1,0.0292151559639361,0.914014549613696
1,0.029295281908665,0.914958895976734
1,0.0292345988146163,0.916715499064999
1,0.0290961684050688,0.918900255162386
1,0.0289281789842785,0.921222822512978
1,0.0287639526318725,0.923485035619207
1,0.0286236889777234,0.92556913646821
1,0.0285170824931642,0.927421064172196
1,0.0284461755743918,0.929032633479017
1,0.0284080241280438,0.930425108920562
1,0.0283969349477224,0.931635566741513
1,0.028406175621666,0.932706582256977
1,0.0284291570944608,0.933679187176939
1,0.0284601506574849,0.934588679904044
1,0.0284946321697035,0.93546269627118
1,0.0285293547048062,0.936320908589453
1,0.0285622441895654,0.937175770266056
1,0.0285921974198677,0.938033822076478
1,0.0286188431346832,0.938897194112754
1,0.0286423081217564,0.939765053427339
1,0.0286630138107133,0.940634848615149
1,0.0286815155816675,0.941503282788715
1,0.0286983873791304,0.942367004192175
1,0.0287141479375437,0.943223040816801
1,0.0287292214580508,0.944069025327122
1,0.0287439242628273,0.944903263565263
1,0.028758469129782,0.945724697986559
1,0.0287729800907317,0.946532810183431
1,0.0287875119908045,0.947327497023016
1,0.0288020707138266,0.948108944908457
1,0.0288166314546983,0.948877517591495
1,0.0288311536421963,0.949633665523568
1,0.0288455920375368,0.950377859181379
1,0.0288599041615976,0.951110545073391
1,0.028874054575216,0.951832120970958
1,0.0288880167061332,0.952542925970159
1,0.028901772939987,0.953243240922716
1,0.0289153136235842,0.953933295254397
1,0.0289286355099514,0.954613276952931
1,0.0289417400390033,0.955283343357868
1,0.0289546317174543,0.95594363118942
1,0.028967316749924,0.956594264935451
1,0.0289798019861385,0.957235363242131
1,0.0289920941875093,0.957867043321798
1,0.0290041995777657,0.958489423618345
1,0.02901612362248,0.959102625083096
1,0.0290278709764837,0.959706771442671
1,0.0290394455416738,0.960301988813455
1,0.0290508505866227,0.960888404959095
1,0.0290620888906012,0.961466148416686
1,0.0290731628859662,0.962035347646952
1,0.0290840747829362,0.962596130301969
1,0.0290948266689013,0.96314862265464
1,0.0291054205803734,0.963692949198409
1,0.0291158585496016,0.964229232402502
1,0.0291261426300733,0.964757592595336
1,0.0291362749059882,0.965278147944061
1,0.0291462574907337,0.965791014499094
1,0.0291560925187753,0.966296306276643
1,0.0291657821344598,0.966794135358013
1,0.029175328480272,0.967284611990495
1,0.0291847336861788,0.967767844680208
1,0.0291939998609436,0.968243940271803
1,0.0292031290857404,0.96871300401338
1,0.0292121234099838,0.969175139607261
1,0.029220984849079,0.969630449248673
1,0.0292297153836751,0.970079033654952
1,0.0292383169599837,0.970520992087977
1,0.0292467914907768,0.970956422372283
1,0.0292551408567308,0.971385420910809
1,0.0292633669078795,0.971808082699765
1,0.0292714714650053,0.972224501343592
1,0.029279456320884,0.97263476907057
1,0.0292873232413302,0.973038976749326
1,0.0292950739660418,0.973437213906233
1,0.0293027102092724,0.973829568743577
1,0.0293102336603481,0.974216128158288
1,0.0293176459840832,0.974596977761003
1,0.0293249488211167,0.97497220189525
1,0.0293321437882075,0.975341883656583
1,0.0293392324785033,0.975706104911523
1,0.0293462164618119,0.976064946316223
1,0.0293530972848681,0.976418487334791
1,0.0293598764716196,0.976766806257255
1,0.0293665555235179,0.977109980217168
1,0.0293731359198233,0.97744808520886
1,0.029379619117915,0.977781196104353
1,0.02938600655361,0.978109386669978
1,0.0293922996414797,0.978432729582701
1,0.0293984997751702,0.978751296446182
1,0.0294046083277155,0.979065157806589
1,0.0294106266518515,0.979374383168174
1,0.0294165560803206,0.979679041008622
1,0.0294223979261723,0.979979198794182
1,0.0294281534830607,0.980274922994584
1,0.0294338240255292,0.980566279097737
1,0.0294394108093003,0.980853331624224
1,0.0294449150715492,0.981136144141585
1,0.029450338031181,0.981414779278397
1,0.0294556808890998,0.981689298738138
1,0.0294609448284724,0.981959763312861
1,0.029466131014992,0.98222623289666
1,0.0294712405971354,0.982488766498933
1,0.0294762747064132,0.982747422257455
1,0.029481234457627,0.983002257451256
1,0.0294861209491084,0.983253328513306
1,0.029490935262968,0.983500691043014
1,0.0294956784653309,0.983744399818539
1,0.0295003516065748,0.983984508808921
1,0.0295049557215628,0.984221071186036
1,0.0295094918298711,0.984454139336364
1,0.0295139609360162,0.984683764872596
1,0.0295183640296768,0.98490999864506
1,0.0295227020859132,0.985132890752981
1,0.0295269760653833,0.985352490555577
1,0.0295311869145549,0.985568846682989
1,0.0295353355659163,0.985782007047048
1,0.0295394229381811,0.985992018851889
1,0.0295434499364939,0.986198928604399
1,0.0295474174526285,0.986402782124521
1,0.0295513263651879,0.986603624555397
1,0.0295551775397964,0.986801500373366
1,0.0295589718292921,0.986996453397815
1,0.0295627100739162,0.987188526800883
1,0.0295663931014998,0.987377763117016
1,0.0295700217276442,0.987564204252393
1,0.0295735967559057,0.987747891494203
1,0.0295771189779701,0.987928865519787
1,0.0295805891738299,0.988107166405648
1,0.0295840081119556,0.988282833636325
1,0.0295873765494683,0.988455906113138
1,0.0295906952323042,0.988626422162799
1,0.0295939648953822,0.988794419545904
1,0.0295971862627658,0.988959935465293
1,0.029600360047823,0.989123006574287
1,0.0296034869533852,0.989283668984808
1,0.0296065676719028,0.989441958275374
1,0.0296096028855966,0.989597909498977
1,0.0296125932666125,0.989751557190847
1,0.0296155394771662,0.989902935376101
1,0.0296184421696934,0.990052077577275
1,0.0296213019869922,0.990199016821747
1,0.0296241195623663,0.990343785649057
1,0.0296268955197641,0.990486416118103
1,0.0296296304739188,0.990626939814251
1,0.0296323250304824,0.990765387856321
1,0.0296349797861628,0.990901790903483
1,0.0296375953288517,0.991036179162045
1,0.0296401722377582,0.991168582392142
1,0.0296427110835367,0.991299029914326
1,0.0296452124284114,0.991427550616061
1,0.029647676826303,0.991554172958117
1,0.0296501048229489,0.991678924980876
1,0.0296524969560268,0.991801834310538
1,0.0296548537552723,0.991922928165242
1,0.029657175742595,0.992042233361093
1,0.0296594634321978,0.992159776318096
1,0.0296617173306863,0.992275583066014
1,0.0296639379371841,0.992389679250126
1,0.0296661257434421,0.992502090136908
1,0.0296682812339477,0.992612840619631
1,0.0296704048860319,0.992721955223869
1,0.0296724971699749,0.992829458112935
1,0.0296745585491109,0.992935373093226
1,0.0296765894799307,0.993039723619502
1,0.0296785904121808,0.993142532800074
1,0.0296805617889657,0.993243823401924
1,0.0296825040468451,0.993343617855747
1,0.0296844176159297,0.993441938260917
1,0.029686302919977,0.993538806390381
1,0.029688160376486,0.993634243695483
1,0.0296899903967884,0.993728271310711
1,0.0296917933861405,0.993820910058379
1,0.0296935697438112,0.993912180453238
1,0.0296953198631742,0.994002102707019
1,0.0296970441317908,0.994090696732908
1,0.0296987429314988,0.994177982149955
1,0.0297004166384953,0.994263978287424
1,0.0297020656234215,0.994348704189066
1,0.0297036902514427,0.994432178617339
1,0.0297052908823314,0.994514420057568
1,0.0297068678705454,0.994595446722029
1,0.029708421565307,0.994675276553992
1,0.0297099523106801,0.994753927231685
1,0.029711460445647,0.994831416172216
1,0.0297129463041821,0.994907760535429
1,0.0297144102153277,0.994982977227699
1,0.0297158525032652,0.995057082905683
1,0.0297172734873876,0.995130093980002
1,0.0297186734823705,0.995202026618881
1,0.0297200527982409,0.995272896751725
1,0.0297214117404467,0.995342720072649
1,0.0297227506099247,0.995411512043951
1,0.029724069703166,0.99547928789954
1,0.0297253693122821,0.995546062648307
1,0.0297266497250706,0.995611851077446
1,0.0297279112250763,0.995676667755734
1,0.0297291540916587,0.995740527036756
1,0.0297303786000482,0.99580344306208
1,0.029731585021411,0.995865429764393
1,0.029732773622908,0.995926500870582
1,0.0297339446677534,0.995986669904779
1,0.0297350984152742,0.99604595019135
1,0.0297362351209665,0.996104354857852
1,0.0297373550365523,0.996161896837935
1,0.029738458410036,0.996218588874209
1,0.0297395454857579,0.996274443521065
1,0.0297406165044505,0.996329473147452
1,0.0297416717032895,0.996383689939624
1,0.0297427113159472,0.996437105903829
1,0.0297437355726446,0.996489732868976
1,0.0297447447002031,0.99654158248925
1,0.0297457389220921,0.996592666246693
1,0.0297467184584814,0.996642995453747
1,0.029747683526288,0.996692581255763
1,0.0297486343392253,0.996741434633461
1,0.0297495711078499,0.996789566405371
1,0.0297504940396081,0.99683698723022
1,0.0297514033388819,0.9968837076093
1,0.0297522992070351,0.996929737888788
1,0.0297531818424561,0.99697508826204
1,0.0297540514406043,0.997019768771848
1,0.0297549081940505,0.997063789312661
1,0.0297557522925227,0.997107159632782
1,0.0297565839229448,0.997149889336521
1,0.029757403269481,0.997191987886324
1,0.0297582105135745,0.997233464604871
1,0.0297590058339887,0.997274328677136
1,0.0297597894068462,0.997314589152424
1,0.0297605614056686,0.997354254946373
1,0.0297613220014141,0.997393334842931
1,0.0297620713625162,0.997431837496299
1,0.0297628096549196,0.997469771432848
1,0.0297635370421188,0.997507145053007
1,0.0297642536851921,0.997543966633125
1,0.0297649597428404,0.9975802443273
1,0.0297656553714185,0.997615986169189
1,0.0297663407249729,0.997651200073784
1,0.0297670159552752,0.997685893839166
1,0.0297676812118532,0.997720075148232
1,0.0297683366420276,0.997753751570397
1,0.0297689823909433,0.997786930563268
1,0.0297696186016001,0.997819619474297
1,0.0297702454148865,0.997851825542408
1,0.0297708629696094,0.997883555899601
1,0.0297714714025255,0.997914817572528
1,0.029772070848372,0.997945617484053
1,0.0297726614398952,0.997975962454784
1,0.0297732433078812,0.998005859204582
1,0.0297738165811841,0.998035314354049
1,0.0297743813867544,0.998064334425997
1,0.0297749378496677,0.99809292584689
1,0.0297754860931521,0.998121094948267
1,0.029776026238616,0.998148847968144
1,0.0297765584056733,0.998176191052399
0,-0.140322917287828,0.998203130256128
0,-0.13334559874678,0.940752881544988
0,-0.11318699877208,0.806756949487223
0,-0.0872114030229469,0.640769205761783
0,-0.0606688197231244,0.474180510429887
0,-0.036883124818287,0.326541472604836
0,-0.0175941582212302,0.207768499528115
0,-0.00335532090295443,0.12063981571298
0,0.00608090825555574,0.0631793768975384
0,0.0114300560150832,0.0306923103787822
0,0.0136143270312006,0.0173459877145962
0,0.0135762711602397,0.0172841835133037
0,0.0121607851592608,0.0253211634494684
0,0.0100533209046461,0.037293914754326
0,0.00776019882689172,0.0501610465382304
0,0.00561735058788082,0.0619329295993938
0,0.00381567900193669,0.0715052951670936
0,0.00243376176424892,0.0784523992894919
0,0.00147128568181654,0.0828192973754519
0,0.000879022436252153,0.0849378700557172
0,0.000583151289259343,0.0852791111541107
0,0.000503228402120692,0.084345198020114
0,0.000564111554426927,0.0825988740532561
0,0.000702739067201974,0.0804242452459414
0,0.000870922679838237,0.0781116555967652
0,0.00103534035571196,0.0758592728128466
0,0.00117579250731892,0.0737848570839637
0,0.0012825847050687,0.0719424714426649
0,0.00135367459389057,0.0703403032541795
0,0.00139200630766545,0.068957090068485
0,0.00140327309271115,0.0677557576920156
0,0.00139420740011986,0.0666937328304859
0,0.00137139832405409,0.0657299857648801
0,0.00134057461131309,0.0648292200541166
0,0.00130626044054494,0.0639638017978947
0,0.00127170277511834,0.0631140605891505
0,0.00123897572476983,0.0622675448966099
0,0.00120918252958435,0.0614177157929941
0,0.0011826944860317,0.0605624450071763
0,0.00115938484128264,0.0597025672807145
0,0.00113883220011235,0.0588406357862071
0,0.00112048121629948,0.0579799491525302
0,0.00110375797872375,0.0571238608512287
0,0.00108814378584254,0.0562753445813744
0,0.00107321446892417,0.0554367693438111
0,0.0010586537377274,0.0546098309371921
0,0.00104424884580512,0.0537955885227193
0,0.00102987579233815,0.0529945621006347
0,0.00101547976273741,0.0522068563729385
0,0.00100105490326552,0.0514322864824481
0,0.000986626048666284,0.0506704902005462
0,0.000972233799368505,0.0499210185764207
0,0.000957923422930995,0.0491834026118325
0,0.000943737426825075,0.0484571972549402
0,0.000929711278145229,0.0477420061694968
0,0.000915871576668059,0.0470374916733342
0,0.000902235963867848,0.0463433743077535
0,0.000888814119648584,0.0456594260194383
0,0.00087560931730124,0.0449854601728355
0,0.00086262014283911,0.0443213207605973
0,0.000849842115092647,0.0436668723750402
0,0.000837269054610179,0.0430219918214386
0,0.000824894136462029,0.0423865617276589
0,0.000812710623666335,0.0417604661365851
0,0.00080071231656248,0.0411435878410024
0,0.000788893773291666,0.0405358071079984
0,0.000777250362386017,0.0399370014113683
0,0.000765778204966094,0.0393470458174124
0,0.000754474055137955,0.038765813727697
0,0.000743335155973857,0.0381931777531322
0,0.000732359097129875,0.0376290105640389
0,0.000721543690075321,0.0370731856226821
0,0.000710886868787952,0.0365255777540396
0,0.000700386617807802,0.0359860635463312
0,0.000690040925626634,0.0354545215960163
0,0.000679847759191443,0.0349308326246247
0,0.000669805054436146,0.0344148794994423
0,0.000659910717808021,0.0339065471892107
0,0.000650162634384721,0.0334057226818238
0,0.000640558679072811,0.0329122948852499
0,0.00063109672835665,0.0324261545268581
0,0.000621774670959141,0.0319471940607927
0,0.000612590416529168,0.0314753075884806
0,0.000603541902034654,0.0310103907939293
0,0.000594627095933942,0.0305523408931514
0,0.000585844000430824,0.0301010565956926
0,0.000577190652226223,0.0296564380756265
0,0.000568665122200329,0.0292183869493133
0,0.000560265514421787,0.0287868062574877
0,0.000551989964805655,0.0283616004496989
0,0.000543836639665729,0.0279426753696327
0,0.000535803734323603,0.0275299382403394
0,0.000527889471870713,0.0271232976488047
0,0.000520092102126002,0.0267226635296279
0,0.000512409900792432,0.0263279471477974
0,0.000504841168792236,0.025939061080698
0,0.000497384231748665,0.025555919199555
0,0.000490037439577151,0.0251784366505415
0,0.000482799166150127,0.024806529835759
0,0.000475667809007096,0.0244401163942708
0,0.000468641789085678,0.0240791151833213
0,0.000461719550457651,0.0237234462598338
0,0.000454899560060229,0.0233730308622431
0,0.000448180307417778,0.0230277913926853
0,0.000441560304350719,0.0226876513995488
0,0.000435038084675599,0.0223525355603741
0,0.000428612203895701,0.0220223696650823
0,0.000422281238887434,0.0216970805995093
0,0.000416043787584364,0.0213765963292239
0,0.000409898468661629,0.0210608458836091
0,0.000403843921223168,0.0207497593401896
0,0.000397878804493018,0.020443267809194
0,0.000392001797511449,0.0201413034183405
0,0.000386211598836977,0.0198437992978412
0,0.000380506926254048,0.019550689565619
0,0.000374886516485817,0.0192619093127353
0,0.000369349124913099,0.0189773945890262
0,0.000363893525297726,0.0186970823889446
0,0.000358518509510963,0.0184209106376082
0,0.000353222887266413,0.0181488181770512
0,0.000348005485856784,0.0178807447526766
0,0.000342865149894928,0.0176166309999101
0,0.000337800741058408,0.017356418431049
0,0.000332811137838313,0.017100049422308
0,0.000327895235290865,0.0168474672010556
0,0.000323051944793346,0.01659861583324
0,0.00031828019380295,0.0163534402110022
0,0.000313578925619507,0.0161118860404711
0,0.000308947099151441,0.0158738998297405
0,0.000304383688685295,0.0156394288770236
0,0.000299887683658462,0.0154084212589822
0,0.000295458088435396,0.0151808258192287
0,0.000291093922086982,0.0149565921569982
0,0.00028679421817332,0.0147356706159873
0,0.000282558024529783,0.0145180122733581
0,0.000278384403055998,0.0143035689289042
0,0.00027427242950806,0.0140922930943775
0,0.000270221193293951,0.0138841379829715
0,0.000266229797271866,0.0136790574989607
0,0.000262297357551566,0.0134770062274924
0,0.000258423003298425,0.0132779394245303
0,0.000254605876540942,0.0130818130069452
0,0.000250845131980537,0.0128885835427533
0,0.000247139936804364,0.012698208241498
0,0.000243489470500929,0.0125106449447741
0,0.000239892924678353,0.0123258521168916
0,0.00023634950288548,0.0121437888356781
0,0.000232858420435356,0.0119644147834161
0,0.000229418904231504,0.0117876902379152
0,0.00022603019259676,0.0116135760637151
0,0.000222691535104597,0.0114420337034197
0,0.000219402192412899,0.0112730251691582
0,0.000216161436100315,0.0111065130341726
0,0.000212968548504819,0.0109424604245302
0,0.000209822822564876,0.0107808310109573
0,0.000206723561662861,0.0106215890007945
0,0.000203670079470836,0.0104646991300703
0,0.000200661699798446,0.0103101266556917
0,0.000197697756443252,0.0101578373477509
0,0.000194777593043163,0.0100077974819448
0,0.000191900562931169,0.00985997383210678
0,0.000189066028992019,0.00971433366284886
0,0.000186273363521297,0.0095708447223125
0,0.000183521948086157,0.00942947523502644
0,0.000180811173388695,0.00929019389487005
0,0.000178140439130739,0.00915296985814065
0,0.000175509153881051,0.00901777273672318
0,0.000172916734944364,0.0088845725913608
0,0.000170362608232319,0.00875333992502484
0,0.000167846208136258,0.00862404567638276
0,0.000165366977402118,0.00849666121336252
0,0.000162924367006961,0.00837115832681206
0,0.000160517836037266,0.00824750922425239
0,0.00015814685156941,0.008125686523723
0,0.000155810888551419,0.00800566324771811
0,0.000153509429686796,0.0078874128172126
0,0.000151241965319959,0.00777090904577606
0,0.000149007993323347,0.00765612613377384
0,0.000146807018986311,0.00754303866265377
0,0.000144638554905416,0.00743162158931724
0,0.000142502120876672,0.00732185024057341
0,0.000140397243789017,0.00721370030767541
0,0.000138323457519698,0.00710714784093713
0,0.000136280302831013,0.00700216924442963
0,0.000134267327268511,0.00689874127075585
0,0.000132284085060969,0.00679684101590245
0,0.000130330137021489,0.00669644591416781
0,0.000128405050450434,0.00659753373316484
0,0.000126508399039424,0.00650008256889763
0,0.000124639762777046,0.00640407084091088
0,0.000122798727855838,0.00630947728751087
0,0.000120984886580591,0.00621628096105715
0,0.000119197837278096,0.00612446122332364
0,0.00011743718420823,0.00603399774092837
0,0.000115702537476253,0.00594487048083066
0,0.000113993512946525,0.00585705970589479
0,0.000112309732157381,0.00577054597051928
0,0.000110650822237421,0.00568531011633066
0,0.000109016415822796,0.00560133326794086
0,0.000107406150975986,0.0055185968287673
0,0.000105819671105567,0.00543708247691468
0,0.000104256624887285,0.00535677216111763
0,0.000102716666186234,0.00527764809674325
0,0.000101199453980232,0.00519969276185274
0,9.97046522842673e-05,0.00512288889332121
0,9.82319300760898e-05,0.00504721948301473
0,9.67809612229809e-05,0.00497266777402392
0,9.53514244094525e-05,0.00489921725695317
0,9.3943003066109e-05,0.00482685166626462
0,9.25553852995642e-05,0.0047555549766762
0,9.11882638233441e-05,0.00468531139961282
0,8.98413358898925e-05,0.00461610537971003
0,8.8514303223465e-05,0.00454792159136931
0,8.72068719540917e-05,0.0044807449353642
0,8.59187525525523e-05,0.00441456053549662
0,8.46496597661714e-05,0.00434935373530253
0,8.33993125557361e-05,0.00428511009480629
0,8.21674340331924e-05,0.00422181538732296
0,8.09537514003741e-05,0.00415945559630776
0,7.97579958885727e-05,0.00409801691225217
0,7.85799026990081e-05,0.00403748572962582
0,7.74192109442226e-05,0.00397784864386354
0,7.62756635902667e-05,0.00391909244839695
0,7.51490073998273e-05,0.00386120413172988
0,7.40389928760923e-05,0.00380417087455699
0,7.29453742075448e-05,0.00374798004692493
0,7.18679092135133e-05,0.00369261920543547
0,7.08063592905275e-05,0.00363807609048993
0,6.97604893595133e-05,0.00358433862357426
0,6.87300678136951e-05,0.00353139490458433
0,6.77148664673249e-05,0.00347923320919063
0,6.67146605051669e-05,0.00342784198624191
0,6.57292284326899e-05,0.00337720985520723
0,6.47583520270167e-05,0.00332732560365573
0,6.38018162886222e-05,0.00327817818477367
0,6.28594093936841e-05,0.0032297567149181
0,6.19309226472312e-05,0.00318205047120669
0,6.10161504368545e-05,0.00313504888914318
0,6.01148901872434e-05,0.00308874156027787
0,5.92269423152769e-05,0.00304311822990269
0,5.83521101858789e-05,0.00299816879478028
0,5.74902000683927e-05,0.00295388330090667
0,5.66410210937549e-05,0.00291025194130698
0,5.58043852122159e-05,0.00286726505386363
0,5.49801071516379e-05,0.00282491311917671
0,5.41680043765549e-05,0.00278318675845594
0,5.3367897047657e-05,0.00274207673144369
0,5.25796079820541e-05,0.00270157393436879
0,5.18029626139817e-05,0.00266166939793046
0,5.10377889561611e-05,0.00262235428531211
0,5.02839175616984e-05,0.00258361989022442
0,4.95411814866037e-05,0.00254545763497733
0,4.88094162527548e-05,0.00250785906858055
0,4.80884598115482e-05,0.00247081586487206
0,4.7378152507941e-05,0.00243431982067432
0,4.66783370451536e-05,0.00239836285397766
0,4.59888584498046e-05,0.00236293700215057
0,4.53095640376017e-05,0.00232803442017632
0,4.46403033795353e-05,0.00229364737891575
0,4.39809282685374e-05,0.00225976826339563
0,4.33312926867192e-05,0.00222638957112234
0,4.26912527729736e-05,0.00219350391042043
0,4.20606667911466e-05,0.00216110399879578
0,4.14393950986559e-05,0.00212918266132289
0,4.08273001155611e-05,0.00209773282905595
0,4.02242462940773e-05,0.00206674753746351
0,3.9630100088589e-05,0.00203621992488614
0,3.9044729926066e-05,0.00200614323101692
0,3.8468006176906e-05,0.00197651079540441
0,3.789980112626e-05,0.00194731605597767
0,3.73399889457317e-05,0.00191855254759311
0,3.67884456655247e-05,0.00189021390060281
0,3.6245049146965e-05,0.00186229383944392
0,3.57096790554838e-05,0.00183478618124898
0,3.51822168339448e-05,0.00180768483447673
0,3.46625456764116e-05,0.00178098379756313
0,3.41505505022689e-05,0.00175467715759234
0,3.36461179307329e-05,0.00172875908898726
0,3.31491362557564e-05,0.00170322385221955
0,3.26594954212812e-05,0.00167806579253854
0,3.21770869968763e-05,0.00165327933871901
0,3.17018041537109e-05,0.00162885900182748
0,3.12335416409147e-05,0.00160479937400667
0,3.07721957622589e-05,0.00158109512727791
0,3.03176643531959e-05,0.00155774101236131
0,2.98698467582278e-05,0.0015347318575133
0,2.94286438086398e-05,0.00151206256738132
0,2.8993957800514e-05,0.0014897281218755
0,2.85656924730975e-05,0.00146772357505695
0,2.81437529874966e-05,0.00144604405404249
0,2.77280459056659e-05,0.00142468475792556
0,2.73184791697231e-05,0.00140364095671304
0,2.69149620815562e-05,0.00138290799027783
0,2.65174052827399e-05,0.00136248126732687
0,2.61257207347463e-05,0.00134235626438435
0,2.57398216994553e-05,0.00132252852479008
0,2.53596227199442e-05,0.00130299365771247
0,2.49850396015563e-05,0.00128374733717627
0,2.46159893932656e-05,0.00126478530110454
0,2.42523903692983e-05,0.00124610335037481
3.5527136788005e-13,2.3894162071476e-05,0.00122769734788924
1,0.170123541224987,0.00120956321767882
1,0.163146391522139,0.0586684869439463
1,0.142987957891759,0.192672965879498
1,0.1170125260299,0.358669130238086
1,0.0904701041965997,0.525266121823236
1,0.0666845683732873,0.672913333358846
1,0.0473957585079873,0.791694359413493
1,0.0331570756064069,0.878830977257246
1,0.0237209985837264,0.936299232908982
1,0.0183720007128534,0.968794000802737
1,0.0161878773714077,0.982147911086089
1,0.01622607873576,0.982217190830984
1,0.0176417080810691,0.974187576018309
1,0.0197493135626968,0.962222081047827
1,0.0220425747814212,0.949362098416091
1,0.0241855601061722,0.93759725890806
1,0.0259873667529839,0.928031832854244
1,0.0273694170565757,0.921091565743229
1,0.0283320242394161,0.916731403680199
1,0.0289244166489241,0.914619467526098
1,0.0292204150519998,0.914284764926752
1,0.0293004633155411,0.915225119980625
1,0.0292397036877218,0.916977790714743
1,0.0291011978748725,0.919158672542186
1,0.0289331341645508,0.921477422849085
1,0.0287688346199331,0.92373587529259
1,0.0286284988546834,0.925816271027044
1,0.0285218213241655,0.927664548344164
1,0.0284508444088435,0.929272521183426
1,0.028412623999854,0.930661453280286
1,0.0284014668755277,0.931868420094756
1,0.028410640609057,0.932935996168863
1,0.028433556130204,0.933905212450932
1,0.0284644847157423,0.934811366593196
1,0.0284989022102478,0.935682093689219
1,0.0285335616732327,0.936537065321701
1,0.0285663890175032,0.937388734180189
1,0.0285962810251845,0.938243640333124
1,0.0286228664216888,0.93910391317594
1,0.0286462719814036,0.93996871907478
1,0.0286669191207942,0.940835505948383
1,0.0286853632070088,0.941700976243091
1,0.0287021781717849,0.942561777546697
1,0.0287178827369778,0.943414937203817
1,0.0287329010913326,0.944258087241881
1,0.0287475495448073,0.945089532875321
1,0.0287620408632749,0.945908215941055
1,0.0287764990666941,0.946713617422218
1,0.0287909789885099,0.947505633585662
1,0.0288054865010379,0.948284450243112
1,0.0288199967878378,0.949050430563626
1,0.0288344692665135,0.949804024424568
1,0.0288488586872728,0.950545701737042
1,0.0288631225601488,0.95127590845227
1,0.0288772254352931,0.951995041792595
1,0.0288911407299199,0.952703440313194
1,0.0289048508192946,0.953401384332879
1,0.0289183460400064,0.954089102752374
1,0.0289316231350134,0.954766783042125
1,0.0289446835343112,0.955434582032038
1,0.0289575317348421,0.956092635940206
1,0.0289701739315975,0.956741068759794
1,0.0289826169648173,0.957379998649582
1,0.028994867586567,0.958009542341711
1,0.0290069320113691,0.958629817806974
1,0.0290188156957236,0.959240945530583
1,0.0290305232855241,0.95984304877993
1,0.0290420586738622,0.960436253218955
1,0.0290534251206345,0.961020686165544
1,0.0290646253965636,0.961596475717614
1,0.0290756619255861,0.962163749903201
1,0.0290865369096232,0.96272263594808
1,0.0290972524278907,0.963273259705152
1,0.0291078105088463,0.963815745254062
1,0.0291182131768057,0.964350214656351
1,0.0291284624774384,0.96487678783877
1,0.0291385604872423,0.965395582572738
1,0.0291485093120156,0.965906714518787
1,0.0291583110787481,0.966410297308997
1,0.0291679679244217,0.966906442646219
1,0.0291774819842638,0.96739526040488
1,0.0291868553810912,0.967876858723744
1,0.0291960902166246,0.968351344085534
1,0.0292051885650966,0.968818821381762
1,0.0292141524690845,0.969279393963438
1,0.0292229839372575,0.96973316367966
1,0.0292316849436269,0.970180230906748
1,0.0292402574278658,0.970620694570606
1,0.029248703296304,0.971054652164751
1,0.0292570244232706,0.971482199765998
1,0.0292652226525447,0.971903432049249
1,0.0292732997987493,0.972318442302381
1,0.0292812576485895,0.972727322441789
1,0.0292890979618985,0.973130163028818
1,0.0292968224724839,0.973527053287101
1,0.0293044328887924,0.973918081120656
1,0.0293119308944316,0.974303333132548
1,0.0293193181485811,0.974682894643892
1,0.0293265962863281,0.975056849712969
1,0.0293337669189611,0.975425281154301
1,0.0293408316342405,0.975788270557526
1,0.0293477919966632,0.976145898306004
1,0.0293546495477348,0.97649824359508
1,0.0293614058062481,0.976845384449991
1,0.0293680622685779,0.977187397743407
1,0.029374620408982,0.977524359212629
1,0.0293810816799109,0.977856343476448
1,0.0293874475123257,0.978183424051704
1,0.0293937193160145,0.978505673369557
1,0.0293998984799086,0.97882316279149
1,0.0294059863723999,0.979135962625074
1,0.029411984341648,0.979444142139486
1,0.0294178937158882,0.979747769580811
1,0.0294237158037294,0.980046912187117
1,0.0294294518944489,0.980341636203323
1,0.0294351032582811,0.980632006895847
1,0.0294406711467001,0.980918088567055
1,0.0294461567926976,0.981199944569493
1,0.029451561411056,0.981477637319917
1,0.0294568861986169,0.981751228313117
1,0.0294621323345465,0.982020778135536
1,0.0294673009805955,0.982286346478698
1,0.0294723932813548,0.982547992152421
1,0.0294774103645106,0.98280577309785
1,0.0294823533410915,0.98305974640029
1,0.0294872233057164,0.983309968301845
1,0.0294920213368344,0.983556494213877
1,0.0294967484969657,0.983799378729278
1,0.0295014058329357,0.984038675634558
1,0.0295059943761067,0.984274437921754
1,0.0295105151426074,0.98450671780017
1,0.0295149691335563,0.984735566707934
1,0.029519357335285,0.984961035323391
1,0.0295236807195558,0.985183173576323
1,0.0295279402437774,0.985402030659007
1,0.0295321368512171,0.985617655037109
1,0.0295362714712089,0.985830094460415
1,0.0295403450193592,0.986039395973409
1,0.0295443583977517,0.986245605925685
1,0.0295483124951441,0.986448769982215
1,0.0295522081871669,0.98664893313346
1,0.0295560463365172,0.986846139705335
1,0.029559827793149,0.987040433369023
1,0.0295635533944618,0.987231857150645
1,0.0295672239654861,0.987420453440792
1,0.0295708403190655,0.98760626400391
1,0.0295744032560381,0.987789329987546
1,0.0295779135654117,0.987969691931467
1,0.0295813720245417,0.98814738977663
1,0.0295847793992992,0.988322462874031
1,0.0295881364442436,0.988494949993419
1,0.02959144390279,0.988664889331881
1,0.0295947025073704,0.9888323185223
1,0.0295979129795998,0.98899727464169
1,0.0296010760304335,0.989159794219406
1,0.0296041923603263,0.989319913245233
1,0.0296072626593853,0.989477667177357
1,0.029610287607525,0.989633090950216
1,0.0296132678746179,0.989786218982238
1,0.0296162041206396,0.989937085183459
1,0.0296190969958197,0.990085722963038
1,0.0296219471407817,0.99023216523665
1,0.0296247551866873,0.99037644443378
1,0.0296275217553752,0.9905185925049
1,0.0296302474594989,0.990658640928547
1,0.029632932902663,0.990796620718294
1,0.0296355786795559,0.990932562429616
1,0.0296381853760821,0.99106649616666
1,0.0296407535694914,0.991198451588906
1,0.0296432838285074,0.991328457917741
1,0.0296457767134537,0.991456543942927
1,0.0296482327763765,0.991582738028975
1,0.0296506525611691,0.99170706812143
1,0.0296530366036893,0.991829561753057
1,0.0296553854318811,0.991950246049938
1,0.0296576995658904,0.992069147737482
1,0.0296599795181791,0.992186293146338
1,0.0296622257936401,0.992301708218231
1,0.0296644388897092,0.992415418511705
1,0.0296666192964736,0.992527449207782
1,0.0296687674967828,0.992637825115538
1,0.0296708839663524,0.992746570677599
1,0.0296729691738733,0.992853709975553
1,0.0296750235811118,0.992959266735281
1,0.0296770476430146,0.993063264332215
1,0.0296790418078079,0.993165725796511
1,0.0296810065170972,0.993266673818148
1,0.029682942205965,0.993366130751959
1,0.0296848493030679,0.993464118622574
1,0.0296867282307307,0.9935606591293
1,0.0296885794050397,0.993655773650929
1,0.0296904032359351,0.993749483250469
1,0.0296922001273028,0.993841808679811
1,0.029693970477062,0.993932770384322
1,0.0296957146772552,0.994022388507371
1,0.0296974331141333,0.994110682894797
1,0.0296991261682424,0.994197673099297
1,0.029700794214508,0.994283378384757
1,0.0297024376223163,0.99436781773052
1,0.0297040567555984,0.994451009835589
1,0.02970565197291,0.994532973122766
1,0.02970722362751,0.994613725742732
1,0.0297087720674398,0.994693285578068
1,0.0297102976355992,0.994771670247214
1,0.0297118006698247,0.99484889710837
1,0.0297132815029608,0.994924983263341
1,0.0297147404629361,0.994999945561325
1,0.0297161778728365,0.995073800602641
1,0.0297175940509746,0.995146564742409
1,0.0297189893109615,0.99521825409417
1,0.0297203639617758,0.995288884533452
1,0.0297217183078327,0.995358471701291
1,0.0297230526490506,0.99542703100769
1,0.0297243672809182,0.995494577635033
1,0.0297256624945588,0.995561126541448
1,0.0297269385767962,0.99562669246412
1,0.0297281958102176,0.99569128992255
1,0.0297294344732362,0.995754933221777
1,0.0297306548401521,0.99581763645554
1,0.0297318571812144,0.995879413509402
1,0.0297330417626804,0.995940278063827
1,0.0297342088468744,0.996000243597204
1,0.0297353586922455,0.996059323388836
1,0.0297364915534264,0.996117530521878
1,0.0297376076812874,0.996174877886238
1,0.0297387073229942,0.996231378181429
1,0.0297397907220607,0.996287043919378
1,0.0297408581184053,0.996341887427205
1,0.0297419097484013,0.996395920849944
1,0.029742945844931,0.996449156153239
1,0.0297439666374368,0.99650160512599
1,0.0297449723519725,0.996553279382966
1,0.029745963211252,0.996604190367376
1,0.0297469394347003,0.996654349353402
1,0.0297479012385011,0.996703767448698
1,0.0297488488356443,0.996752455596847
1,0.0297497824359749,0.996800424579788
1,0.0297507022462375,0.9968476850202
1,0.029751608470123,0.996894247383856
1,0.029752501308314,0.996940121981942
1,0.029753380958528,0.996985318973339
1,0.0297542476155628,0.997029848366871
1,0.0297551014713389,0.997073720023524
1,0.0297559427149416,0.997116943658629
1,0.0297567715326632,0.997159528844015
1,0.0297575881080447,0.997201485010124
1,0.029758392621916,0.997242821448104
1,0.0297591852524357,0.997283547311865
1,0.0297599661751309,0.997323671620106
1,0.0297607355629359,0.99736320325831
1,0.0297614935862311,0.997402150980718
1,0.0297622404128801,0.997440523412259
1,0.0297629762082658,0.997478329050469
1,0.0297637011353307,0.997515576267364
1,0.0297644153546088,0.9975522733113
1,0.0297651190242625,0.997588428308799
1,0.0297658123001192,0.997624049266345
1,0.029766495335704,0.997659144072162
1,0.0297671682822744,0.997693720497956
1,0.0297678312888536,0.99772778620064
1,0.0297684845022639,0.997761348724026
1,0.0297691280671581,0.9977944155005
1,0.0297697621260542,0.997826993852663
1,0.0297703868193626,0.997859090994956
1,0.0297710022854214,0.997890714035258
1,0.0297716086605249,0.997921869976455
1,0.0297722060789543,0.997952565717998
1,0.0297727946730073,0.997982808057425
1,0.0297733745730278,0.99801260369187
1,0.0297739459074333,0.998041959219544
1,0.029774508802745,0.998070881141198
1,0.029775063383616,0.99809937586156
1,0.0297756097728576,0.998127449690754
1,0.0297761480914676,0.998155108845699
1,0.0297766784586548,0.998182359451487
1,0.02977720099187,0.998209207542733
1,0.0297777158068264,0.99823565906492
1,0.0297782230175294,0.998261719875708
1,0.0297787227363009,0.998287395746236
1,0.0297792150738021,0.998312692362397
1,0.0297797001390614,0.9983376153261
1,0.029780178039496,0.998362170156509
1,0.029780648880936,0.998386362291263
1,0.0297811127676488,0.998410197087686
1,0.0297815698023622,0.998433679823967
1,0.0297820200862851,0.998456815700333
1,0.0297824637191328,0.998479609840198
1,0.0297829007991477,0.998502067291301
1,0.0297833314231208,0.99852419302682
1,0.0297837556864124,0.998545991946474
1,0.0297841736829754,0.998567468877613
1,0.0297845855053753,0.998588628576278
1,0.0297849912448092,0.998609475728262
1,0.0297853909911279,0.998630014950144
1,0.0297857848328547,0.998650250790314
1,0.0297861728572051,0.998670187729976
1,0.0297865551501075,0.998689830184143
1,0.0297869317962194,0.998709182502617
1,0.0297873028789493,0.998728248970946
1,0.0297876684804728,0.998747033811381
1,0.0297880286817516,0.998765541183803
1,0.0297883835625528,0.998783775186651
1,0.0297887332014635,0.998801739857824
1,0.0297890776759113,0.99881943917558
1,0.0297894170621795,0.998836877059414
1,0.0297897514354251,0.998854057370925
1,0.0297900808696947,0.998870983914677
1,0.0297904054379403,0.998887660439033
1,0.0297907252120384,0.998904090636991
1,0.0297910402628019,0.998920278147003
1,0.0297913506599987,0.998936226553774
1,0.0297916564723655,0.998951939389061
1,0.0297919577676249,0.998967420132456
1,0.0297922546124976,0.998982672212151
1,0.0297925470727203,0.998997699005704
1,0.0297928352130574,0.999012503840782
1,0.029793119097318,0.9990270899959
1,0.0297933987883672,0.999041460701145
1,0.0297936743481426,0.999055619138896
1,0.0297939458376666,0.999069568444522
0,-0.14030578668294,0.999083311707084
0,-0.133328721175443,0.94162006197001
0,-0.113170370496775,0.807611320922483
0,-0.0871950203613598,0.641610957406914
0,-0.0606526790473323,0.475009828689884
0,-0.0368672225539546,0.327358541131333
0,-0.0175784908468184,0.208573499260058
0,-0.00333988494893989,0.121432924916691
0,0.00609611620744865,0.0639607712061963
0,0.0114450393326386,0.0314621628313147
0,0.0136290890324583,0.0181044687939994
0,0.0135908151142288,0.0180314611843953
0,0.0121751142867242,0.0260574031960834
0,0.0100674383787538,0.0380192796159628
0,0.00777410777394327,0.050875697146156
0,0.00563105408799736,0.0626370242122151
0,0.00382918008974376,0.072198989705804
0,0.00244706342954759,0.0791358473719996
0,0.00148439087024621,0.0834926503505984
0,0.000891934049942922,0.0856012770367931
0,0.000595872187474034,0.0859327190518771
0,0.00051576140188847,0.0849891515753355
0,0.000576459431167353,0.0832333158687536
0,0.000714904555338847,0.0810493158181713
0,0.000882908473405775,0.0787274933469322
0,0.00104714910895098,0.076466014117557
0,0.0011874268352654,0.0743826363054255
0,0.00129404718413206,0.0725314209584424
0,0.00136496776242434,0.0709205534865083
0,0.00140313266652969,0.0695287695131538
0,0.00141423510582606,0.0683189929468213
0,0.00140500749501116,0.0672486486232689
0,0.00138203889239141,0.0662767049811445
0,0.00135105800943913,0.0653678637642437
0,0.00131658898999654,0.0644944892839538
0,0.00128187876314156,0.0636369093713136
0,0.00124900140482631,0.0627826707591763
0,0.00121906012185025,0.061925232810031
0,0.00119242617788906,0.0610624655677802
0,0.00116897278780437,0.0601952021138997
0,0.00114827852453869,0.0593259939854266
0,0.00112978801050878,0.0584581381998342
0,0.00111292730369561,0.0575949866410663
0,0.00109717767211415,0.0567395114440442
0,0.00108211491703991,0.0558940800685647
0,0.00106742271868188,0.0550603867949967
0,0.00105288830147965,0.0542394892886841
0,0.00103838763593078,0.053431906076106
0,0.00102386587918701,0.0526377404072684
0,0.00100931714966845,0.0518568059944416
0,0.000994766254687973,0.0510887391995919
0,0.000980253767648986,0.0503330896833087
0,0.000965824929483494,0.0495893870792652
0,0.000951522221429801,0.0488571849877407
0,0.000937381084736399,0.0481360857445173
0,0.000923428093716039,0.0474257503590721
0,0.000909680864755402,0.0467258980836763
0,0.000896149053041029,0.0460362995950239
0,0.000882835907511481,0.0453567670063311
0,0.00086973999018769,0.0446871430775012
0,0.000856856796262351,0.0440272911863101
0,0.000844180122994476,0.043377086941432
0,0.000831703122509575,0.0427364117918074
0,0.000819419035219593,0.0421051486188085
0,0.000807321639192227,0.0414831790708648
0,0.000795405470625121,0.0408703822876118
0,0.000783665876431583,0.0402666346320457
0,0.000772098956432377,0.0396718100760752
0,0.000760701443748624,0.0390857809430404
0,0.000749470560777454,0.0385084187815512
0,0.000738403876805127,0.0379395952153195
0,0.000727499183232172,0.0373791826754609
0,0.000716754394263885,0.036827054971034
0,0.000706167474960107,0.0362830876893461
0,0.000695736394619895,0.0357471584407281
0,0.000685459101281094,0.0352191469751473
0,0.000675333512247689,0.034698935202678
0,0.000665357515612808,0.0341864071489888
0,0.000655528978370068,0.0336814488728308
0,0.000645845757609842,0.0331839483667539
0,0.000636305712263086,0.0326937954562297
0,0.000626906713759035,0.0322108817068272
0,0.000617646654707815,0.0317351003445232
0,0.000608523455290499,0.0312663461908058
0,0.00059953506742666,0.0308045156119087
0,0.000590679477025347,0.0303495064801504
0,0.0005819547047336,0.029901218144744
0,0.000573358805614876,0.0294595514093729
0,0.000564889868154672,0.0290244085140993
0,0.000556546012915105,0.0285956931196261
0,0.000548325391083682,0.028173310292445
0,0.00054022618307914,0.027757166489892
0,0.000532246597310326,0.0273471695445486
0,0.000524384869130423,0.0269432286477532
0,0.000516639259990348,0.0265452543322118
0,0.000509008056770677,0.0261531584538433
0,0.000501489571260449,0.0257668541730639
0,0.000494082139745333,0.0253862559357364
0,0.000486784122669115,0.0250112794539967
0,0.00047959390434138,0.0246418416871337
0,0.000472509892664674,0.0242778608226581
0,0.000465530518868718,0.0239192562576521
0,0.000458654237238398,0.023565948580456
0,0.000451879524832111,0.0232178595527135
0,0.000445204881189043,0.0228749120917816
0,0.000438628828025422,0.0225370302534901
0,0.000432149908923263,0.0222041392152324
0,0.000425766689013785,0.0218761652593645
0,0.000419477754658615,0.0215530357568892
0,0.000413281713132069,0.0212346791514055
0,0.00040717719230568,0.0209210249433071
0,0.000401162840336866,0.0206120036742158
0,0.000395237325362841,0.020307546911642
0,0.000389399335200158,0.0200075872338649
0,0.000383647577049701,0.0197120582150267
0,0.000377980777207687,0.0194208944104407
0,0.0003723976807819,0.0191340313421078
0,0.000366897051412823,0.0188514054844426
0,0.000361477671000088,0.0185729542502059
0,0.000356138339432627,0.0182986159766425
0,0.000350877874323779,0.0180283299118231
0,0.000345695110750083,0.017762036201186
0,0.000340588900993533,0.0174996758742796
0,0.000335558114288398,0.0172411908316996
0,0.000330601636570893,0.0169865238322213
0,0.000325718370232903,0.016735618480121
0,0.000320907233879147,0.0164884192126869
0,0.000316167162087488,0.016244871287914
0,0.000311497105173447,0.0160049207723814
0,0.000306896028957393,0.015768514529309
0,0.000302362914535642,0.0155356002067907
0,0.000297896758054916,0.0153061262262013
0,0.000293496570489549,0.015080041770775
0,0.000289161377422908,0.0148572967743522
0,0.000284890218831241,0.0146378419102928
0,0.000280682148871197,0.0144216285805527
0,0.000276536235670338,0.0142086089049224
0,0.000272451561120823,0.0139987357104237
0,0.000268427220675826,0.0137919625208634
0,0.000264462323149611,0.0135882435465412
0,0.000260555990519939,0.0133875336741095
0,0.000256707357733643,0.0131897884565834
0,0.000252915572515111,0.0129949641034974
0,0.000249179795177662,0.0128030174712085
0,0.00024549919843736,0.012613906053342
0,0.00024187296723005,0.0124275879713782
0,0.000238300298530697,0.0122440219653787
0,0.000234780401175722,0.0120631673848492
0,0.000231312495687558,0.011884984179738
0,0.000227895814102319,0.0117094328915662
0,0.000224529599799517,0.0115364746446903
0,0.000221213107334639,0.0113660711376929
0,0.000217945602274006,0.011198184634901
0,0.000214726361032119,0.0110327779580295
0,0.000211554670711503,0.0108698144779479
0,0.00020842982894477,0.0107092581065694
0,0.000205351143739027,0.0105510732888583
0,0.00020231793332276,0.0103952249949573
0,0.000199329525994843,0.0102416787124297
0,0.000196385259975632,0.0100904004386166
0,0.000193484483260661,0.0099413566731073
0,0.000190626553475973,0.00979451441032055
0,0.000187810837736155,0.00964984113219548
0,0.000185036712503944,0.00950730480099056
0,0.000182303563452363,0.00936687385218883
0,0.000179610785328452,0.009228517187508
0,0.000176957781819378,0.00909220416801379
0,0.000174343965420418,0.00895790460733491
0,0.000171768757304722,0.00882558876497836
0,0.000169231587195243,0.00869522733974344
0,0.000166731893238389,0.008566791463233
0,0.00016426912187964,0.00844025269346061
0,0.000161842727740891,0.00831558300855205
0,0.000159452173499802,0.00819275480053995
0,0.000157096929770714,0.00807174086925
0,0.000154776474987434,0.00795251441627752
0,0.000152490295287744,0.00783504903905296
0,0.000150237884399634,0.00771931872499512
0,0.000148018743529127,0.00760529784575065
0,0.000145832381249891,0.00749296115151873
0,0.000143678313394305,0.00738228376545946
0,0.000141556062946427,0.00727324117818498
0,0.000139465159936125,0.00716580924233183
0,0.000137405141335201,0.00705996416721359
0,0.000135375550954761,0.00695568251355242
0,0.000133375939344219,0.0068529411882885
0,0.000131405863691703,0.00675171743946606
0,0.000129464887726097,0.006651988851195
0,0.00012755258162038,0.00655373333868691
0,0.00012566852189641,0.00645692914336443
0,0.000123812291331196,0.00636155482804282
0,0.000121983478864482,0.00626758927218273
0,0.000120181679507711,0.00617501166721307
0,0.000118406494254347,0.00608380151192299
0,0.000116657529991557,0.00599393860792188
0,0.000114934399413069,0.00590540305516647
0,0.000113236720933496,0.00581817524755402
0,0.000111564118603732,0.00573223586858054
0,0.0001099162220278,0.00564756588706316
0,0.000108292666280818,0.0055641465529257
0,0.000106693091828071,0.0054819593930465
0,0.000105117144445541,0.0054009862071676
0,0.000103564475141385,0.00532120906386421
0,0.000102034740078638,0.00524261029657393
0,0.000100527600499133,0.00516517249968444
0,9.90427226484278e-05,0.00508887852467906
0,9.7579777701938e-05,0.00501371147633924
0,9.61384416920535e-05,0.00493965470900313
0,9.47183954364897e-05,0.00486669182287939
0,9.33193244675307e-05,0.00479480666041554
0,9.19409189624118e-05,0.00472398330271978
0,9.05828736747355e-05,0.0046542060660359
0,8.92448878668101e-05,0.00458545949827001
0,8.79266652431265e-05,0.00451772837556877
0,8.66279138847306e-05,0.00445099769894804
0,8.53483461845037e-05,0.00438525269097139
0,8.40876787835607e-05,0.00432047879247765
0,8.28456325084881e-05,0.00425666165935679
0,8.16219323094558e-05,0.00419378715937345
0,8.04163071993769e-05,0.00413184136903738
0,7.92284901938653e-05,0.00407081057052004
0,7.80582182521444e-05,0.00401068124861688
0,7.69052322187325e-05,0.00395144008775435
0,7.57692767661203e-05,0.00389307396904121
0,7.46501003381986e-05,0.00383556996736339
0,7.35474550945664e-05,0.00377891534852165
0,7.24610968556028e-05,0.00372309756641172
0,7.13907850484544e-05,0.0036681042602459
0,7.0336282653724e-05,0.0036139232518158
0,6.92973561530058e-05,0.00356054254279548
0,6.82737754771207e-05,0.00350795031208446
0,6.72653139552476e-05,0.00345613491318991
0,6.62717482646652e-05,0.0034050848716476
0,6.5292858381312e-05,0.00335478888248082
0,6.43284275311032e-05,0.00330523580769698
0,6.33782421418441e-05,0.00325641467382106
0,6.24420917960111e-05,0.00320831466946557
0,6.15197691841221e-05,0.00316092514293639
0,6.06110700588289e-05,0.00311423559987392
0,5.97157931896825e-05,0.00306823570092918
0,5.88337403185854e-05,0.0030229152594741
0,5.79647161158894e-05,0.00297826423934577
0,5.71085281371106e-05,0.00293427275262389
0,5.62649867803522e-05,0.00289093105744114
0,5.54339052442829e-05,0.00284822955582581
0,5.46150994868017e-05,0.0028061587915764
0,5.38083881842372e-05,0.0027647094481675
0,5.30135926912548e-05,0.00272387234668667
0,5.22305370012528e-05,0.00268363844380179
0,5.14590477073869e-05,0.00264399882975842
0,5.06989539641768e-05,0.00260494472640676
0,4.99500874496968e-05,0.00256646748525769
0,4.92122823282509e-05,0.00252855858556764
0,4.84853752136978e-05,0.0024912096324516
0,4.77692051332433e-05,0.00245441235502417
0,4.70636134917886e-05,0.0024181586045679
0,4.63684440368227e-05,0.00238244035272884
0,4.56835428238218e-05,0.00234724968973859
0,4.50087581821551e-05,0.00231257882266276
0,4.43439406814794e-05,0.00227842007367519
0,4.36889430986895e-05,0.00224476587835774
0,4.30436203852705e-05,0.00221160878402511
0,4.24078296351986e-05,0.00217894144807449
0,4.17814300532997e-05,0.00214675663635954
0,4.11642829240728e-05,0.00211504722158838
0,4.05562515809373e-05,0.00208380618174529
0,3.99572013760063e-05,0.00205302659853566
0,3.93669996502574e-05,0.00202270165585396
0,3.87855157041699e-05,0.0019928246382743
0,3.82126207687412e-05,0.00196338892956333
0,3.76481879769963e-05,0.00193438801121508
0,3.70920923359157e-05,0.00190581546100744
0,3.65442106987079e-05,0.00187766495157995
0,3.6004421737585e-05,0.00184993024903263
0,3.54726059168566e-05,0.0018226052115455
0,3.49486454664823e-05,0.00179568378801844
0,3.44324243559853e-05,0.00176916001673122
0,3.39238282687573e-05,0.00174302802402328
0,3.34227445767422e-05,0.00171728202299299
0,3.29290623155044e-05,0.00169191631221616
0,3.24426721596272e-05,0.00166692527448348
0,3.19634663985442e-05,0.00164230337555657
0,3.1491338912646e-05,0.00161804516294245
0,3.10261851498156e-05,0.00159414526468607
0,3.05679021022562e-05,0.00157059838818072
0,3.01163882836762e-05,0.00154739931899597
0,2.9671543706828e-05,0.00152454291972295
0,2.92332698613625e-05,0.00150202412883667
0,2.88014696920025e-05,0.00147983795957515
0,2.83760475770674e-05,0.00145797949883512
0,2.79569093072987e-05,0.001436443906084
0,2.75439620649638e-05,0.00141522641228798
0,2.71371144033514e-05,0.00139432231885594
0,2.67362762264769e-05,0.00137372699659889
0,2.63413587691646e-05,0.00135343588470492
0,2.59522745773635e-05,0.00133344448972917
0,2.55689374888037e-05,0.00131374838459877
0,2.51912626139002e-05,0.00129434320763245
0,2.48191663169538e-05,0.00127522466157469
0,2.44525661976438e-05,0.00125638851264406
0,2.40913810727692e-05,0.00123783058959569
0,2.37355309582708e-05,0.00121954678279751
0,2.33849370515297e-05,0.0012015330433202
0,2.3039521713895e-05,0.00118378538204058
0,2.26992084535176e-05,0.00116629986875818
0,2.23639219083908e-05,0.00114907263132492
0,2.20335878296733e-05,0.00113209985478764
0,2.17081330652381e-05,0.00111537778054325
0,2.13874855434781e-05,0.00109890270550645
0,2.1071574257344e-05,0.00108267098128961
0,2.0760329248623e-05,0.00106667901339491
0,2.04536815924406e-05,0.00105092326041828
0,2.01515633820089e-05,0.0010354002332652
0,1.98539077135712e-05,0.00102010649437805
0,1.95606486716026e-05,0.00100503865697481
0,1.92717213142041e-05,0.000990193384299147
0,1.89870616587248e-05,0.000975567388881409
0,1.8706606667588e-05,0.000961157431810676
0,1.84302942343399e-05,0.000946960322017484
0,1.81580631698902e-05,0.000932972915567167
0,1.78898531889606e-05,0.000919192114963639
0,1.76256048967441e-05,0.000905614868463456
0,1.73652597757375e-05,0.000892238169400012
0,1.7108760172798e-05,0.000879059055517713
0,1.68560492863588e-05,0.000866074608315993
0,1.66070711538745e-05,0.000853281952403011
0,1.63617706393972e-05,0.0008406782548589
0,1.61200934214005e-05,0.000828260724608421
0,1.58819859807195e-05,0.000816026611802881
0,1.56473955887203e-05,0.000803973207211182
0,1.54162702956095e-05,0.000792097841619867
0,1.51885589189469e-05,0.000780397885242021
0,1.49642110322881e-05,0.000768870747134912
0,1.47431769540376e-05,0.000757513874626228
0,1.4525407736438e-05,0.000746324752748789
0,1.43108551547266e-05,0.000735300903683615
0,1.40994716964684e-05,0.000724439886211208
0,1.38912105510248e-05,0.000713739295170953
0,1.36860255991866e-05,0.000703196760928494
1,0.170113483871403,0.000692809948850984
1,0.163136482724196,0.0581593665587901
1,0.14297819545516,0.192171365633868
1,0.117002907792764,0.358174939053161
1,0.0904606280289756,0.524779230260916
1,0.066675232176688,0.672433633597524
1,0.0473865602149217,0.791221745224174
1,0.0331480131799237,0.878365343980026
1,0.0237120700169607,0.935840477429872
1,0.0183632040285843,0.968342021530829
1,0.0161792106216191,0.981702607931058
1,0.0162175400012099,0.981778465180924
1,0.0176332954708643,0.973755330717896
1,0.0197410252138739,0.961796220376805
1,0.0220344088585344,0.948942528068071
1,0.0241775148008867,0.937183885969642
1,0.0259794402836753,0.927624565784436
1,0.027361607667936,0.920690314353176
1,0.0283243302020646,0.916336079113215
1,0.0289168362590249,0.914229982237982
1,0.0292129466308833,0.913901032666407
1,0.0292931052093336,0.914847055770956
1,0.0292324542669787,0.916605310833838
1,0.029094055534217,0.918791694504777
1,0.0289260973223198,0.921115865388281
1,0.0287619017178252,0.923379658341881
1,0.0286216683574146,0.92546531570257
1,0.0285150917191299,0.927318776927247
1,0.0284442142057771,0.928931857103358
1,0.0284060917305058,0.930325821097374
1,0.0283950310933336,0.931537745483615
1,0.0284042998888197,0.932610205901956
1,0.028427309067778,0.933584234382356
1,0.0284583299277223,0.934495129642703
1,0.0284928383336627,0.935370527826478
1,0.0285275873652435,0.936230101550787
1,0.0285605029551059,0.937086304524305
1,0.028590481904917,0.937945677819549
1,0.0286171529593418,0.938810351821197
1,0.0286406429117372,0.939679493870022
1,0.0286613731972576,0.940550552845
1,0.0286798992014627,0.941420232138527
1,0.0286967948742312,0.942285180270471
1,0.0287125789552909,0.943142425503761
1,0.0287276756509958,0.943989600770573
1,0.0287424012886524,0.944825012176721
1,0.0287569686512263,0.94564760243734
1,0.0287715017755159,0.946456853400808
1,0.0287860555115573,0.947252662186441
1,0.0288006357480124,0.948035215445836
1,0.0288152176845449,0.948804877175519
1,0.0288297607546262,0.949562098068095
1,0.0288442197240963,0.950307348837873
1,0.0288585521183897,0.951041076227412
1,0.028872722502832,0.951763678238705
1,0.0288867043095873,0.952475494195062
1,0.0289004799286499,0.953176805172083
1,0.0289140397111207,0.953867840816101
1,0.0289273804142545,0.954548789332157
1,0.0289405034821331,0.955219808273904
1,0.0289534134255773,0.955881034572488
1,0.0289661164532506,0.956532592923597
1,0.0289786194188639,0.957174602178156
1,0.0289909290877552,0.957807179750229
1,0.0290030516875226,0.958430444282459
1,0.0290149926875487,0.959044516921982
1,0.0290267567464197,0.959649521588341
1,0.029038347769732,0.960245584587989
1,0.0290497690297027,0.960832833871839
1,0.0290610233091937,0.961411398161481
1,0.029072113044099,0.961981406099415
1,0.029083040448123,0.962542985516802
1,0.0290938076120899,0.963096262862987
1,0.0291044165758945,0.96364136280525
1,0.02911486937512,0.964178407984087
1,0.0291251680665372,0.964707518896651
1,0.0291353147375812,0.96522881387634
1,0.0291453115048279,0.965742409137361
1,0.0291551605058826,0.966248418857293
1,0.0291648638881874,0.966746955276429
1,0.0291744237972755,0.967238128798698
1,0.0291838423661164,0.967722048084546
1,0.0291931217064341,0.96819882013067
1,0.0292022639023171,0.968668550334967
1,0.0292112710060526,0.969131342547351
1,0.0292201450358769,0.969587299108453
1,0.0292288879752254,0.970036520878869
1,0.0292375017730577,0.970479107261624
1,0.0292459883448528,0.97091515622031
1,0.029254349573953,0.971344764294871
1,0.0292625873130186,0.971768026616499
1,0.0292707033854209,0.972185036922621
1,0.0292786995864864,0.97259588757254
1,0.0292865776845408,0.973000669563972
1,0.0292943394217586,0.973399472550469
1,0.0293019865148303,0.973792384859621
1,0.0293095206554861,0.97417949351181
1,0.0293169435109073,0.974560884239299
1,0.029324256724065,0.974936641505449
1,0.0293314619140155,0.975306848523876
1,0.0293385606761709,0.975671587277417
1,0.0293455545825689,0.976030938536825
1,0.0293524451821428,0.976384981879113
1,0.0293592340010043,0.976733795705551
1,0.0293659225427381,0.977077457259288
1,0.0293725122887056,0.977416042642628
1,0.029379004698358,0.977749626833978
1,0.0293854012095502,0.97807828370448
1,0.0293917032388651,0.978402086034361
1,0.0293979121819272,0.97872110552902
1,0.0294040294137228,0.979035412834859
1,0.029410056288909,0.979345077554883
1,0.0294159941421221,0.979650168264074
1,0.0294218442882774,0.97995075252454
1,0.0294276080228661,0.980246896900451
1,0.0294332866222444,0.980538666972765
1,0.0294388813439175,0.980826127353737
1,0.0294443934268187,0.981109341701228
1,0.0294498240915855,0.981388372732797
1,0.0294551745408271,0.981663282239594
1,0.029460445959393,0.981934131100049
1,0.0294656395146318,0.982200979293353
1,0.0294707563566516,0.982463885912747
1,0.029475797618572,0.982722909178612
1,0.0294807644167774,0.982978106451361
1,0.0294856578511606,0.983229534244147
1,0.0294904790053694,0.983477248235374
1,0.0294952289470438,0.983721303281033
1,0.0294999087280539,0.983961753426848
1,0.0295045193847328,0.984198651920239
1,0.029509061938106,0.984432051222122
1,0.0295135373941169,0.98466200301852
1,0.0295179467438502,0.98488855823201
1,0.0295222909637516,0.985111767033002
1,0.0295265710158443,0.985331678850843
1,0.0295307878479412,0.985548342384771
1,0.0295349423938542,0.985761805614692
1,0.0295390355736036,0.985972115811808
1,0.0295430682936195,0.986179319549087
1,0.0295470414469432,0.986383462711573
1,0.0295509559134253,0.986584590506549
1,0.0295548125599197,0.986782747473551
1,0.0295586122404778,0.986977977494223
1,0.0295623557965337,0.987170323802043
1,0.0295660440570942,0.987359828991896
1,0.0295696778389203,0.9875465350295
1,0.0295732579467096,0.987730483260706
1,0.0295767851732727,0.987911714420651
1,0.0295802602997106,0.988090268642781
1,0.0295836840955861,0.988266185467736
1,0.0295870573190951,0.988439503852107
1,0.0295903807172337,0.988610262177063
1,0.0295936550259659,0.988778498256852
1,0.0295968809703833,0.988944249347173
1,0.0296000592648678,0.989107552153424
1,0.0296031906132492,0.989268442838838
1,0.0296062757089617,0.989426957032482
1,0.0296093152351962,0.989583129837155
1,0.0296123098650518,0.989736995837155
1,0.029615260261687,0.989888589105943
1,0.0296181670784637,0.990037943213684
1,0.0296210309590934,0.990185091234685
1,0.0296238525377788,0.990330065754716
1,0.0296266324393559,0.99047289887823
1,0.0296293712794307,0.990613622235466
1,0.0296320696645171,0.990752266989461
1,0.0296347281921687,0.990888863842945
1,0.0296373474511145,0.991023443045146
1,0.0296399280213855,0.991156034398482
1,0.0296424704744467,0.991286667265166
1,0.0296449753733219,0.991415370573705
1,0.0296474432727176,0.991542172825309
1,0.029649874719148,0.991667102100198
1,0.0296522702510542,0.991790186063828
1,0.0296546303989238,0.991911451973008
1,0.0296569556854094,0.992030926681943
1,0.0296592466254431,0.99214863664818
1,0.0296615037263512,0.992264607938462
1,0.0296637274879661,0.992378866234509
1,0.0296659184027375,0.992491436838695
1,0.0296680769558406,0.992602344679661
1,0.0296702036252854,0.992711614317828
1,0.0296722988820202,0.992819269950839
1,0.0296743631900376,0.992925335418919
1,0.029676397006476,0.993029834210151
1,0.0296784007817221,0.993132789465679
1,0.02968037495951,0.993234223984834
1,0.0296823199770189,0.993334160230182
1,0.0296842362649707,0.993432620332496
1,0.0296861242477255,0.99352962609566
1,0.0296879843433755,0.993625199001495
1,0.0296898169638358,0.993719360214518
1,0.0296916225149393,0.993812130586629
1,0.0296934013965227,0.993903530661726
1,0.0296951540025174,0.993993580680257
1,0.0296968807210367,0.994082300583703
1,0.02969858193446,0.99416971001899
1,0.0297002580195196,0.994255828342843
1,0.0297019093473825,0.994340674626072
1,0.0297035362837328,0.994424267657796
1,0.029705139188855,0.994506625949601
1,0.0297067184177102,0.994587767739642
1,0.0297082743200168,0.994667710996682
1,0.0297098072403279,0.994746473424067
1,0.0297113175181067,0.994824072463654
1,0.0297128054878031,0.994900525299665
1,0.029714271478926,0.994975848862499
1,0.0297157158161174,0.995050059832478
1,0.029717138819225,0.99512317464354
1,0.0297185408033702,0.995195209486883
1,0.0297199220790219,0.995266180314544
1,0.0297212829520612,0.995336102842937
1,0.0297226237238533,0.99540499255633
1,0.0297239446913091,0.995472864710276
1,0.0297252461469566,0.99553973433499
1,0.0297265283790011,0.995605616238679
1,0.0297277916713918,0.99567052501082
1,0.0297290363038831,0.99573447502539
1,0.0297302625520979,0.995797480444051
1,0.0297314706875871,0.995859555219285
1,0.0297326609778914,0.995920713097483
1,0.0297338336865995,0.995980967621993
1,0.0297349890734058,0.996040332136114
1,0.0297361273941699,0.996098819786053
1,0.0297372489009722,0.996156443523838
1,0.0297383538421678,0.996213216110183
1,0.0297394424624462,0.996269150117316
1,0.0297405150028802,0.996324257931763
1,0.029741571700983,0.99637855175709
1,0.0297426127907596,0.996432043616605
1,0.0297436385027581,0.996484745356025
1,0.0297446490641209,0.996536668646091
1,0.0297456446986362,0.996587824985162
1,0.0297466256267855,0.996638225701752
1,0.0297475920657952,0.996687881957046
1,0.0297485442296812,0.996736804747369
1,0.0297494823293001,0.99678500490662
1,0.0297504065723926,0.996832493108672
1,0.0297513171636314,0.996879279869735
1,0.029752214304666,0.996925375550689
1,0.0297530981941669,0.996970790359371
1,0.0297539690278712,0.997015534352843
1,0.0297548269986236,0.997059617439614
1,0.029755672296421,0.997103049381835
1,0.0297565051084534,0.997145839797464
1,0.0297573256191463,0.997187998162391
1,0.0297581340102009,0.997229533812541
1,0.0297589304606345,0.99727045594594
1,0.0297597151468207,0.99731077362475
1,0.0297604882425266,0.997350495777276
1,0.0297612499189539,0.997389631199947
1,0.0297620003447749,0.997428188559261
1,0.0297627396861702,0.997466176393702
1,0.0297634681068673,0.997503603115636
1,0.0297641857681725,0.99754047701317
1,0.0297648928290124,0.99757680625199
1,0.0297655894459652,0.997612598877164
1,0.0297662757732946,0.997647862814932
1,0.0297669519629877,0.997682605874456
1,0.0297676181647859,0.997716835749548
1,0.0297682745262193,0.997750560020377
1,0.029768921192638,0.997783786155146
1,0.0297695583072457,0.997816521511747
1,0.0297701860111308,0.99784877333939
1,0.0297708044432974,0.997880548780208
1,0.029771413740697,0.997911854870836
1,0.0297720140382574,0.997942698543976
1,0.0297726054689142,0.997973086629926
1,0.0297731881636394,0.998003025858094
1,0.0297737622514689,0.99803252285849
1,0.029774327859535,0.998061584163194
1,0.0297748851130912,0.998090216207798
1,0.0297754341355394,0.99811842533284
1,0.0297759750484612,0.9981462177852
1,0.0297765079716406,0.998173599719486
1,0.0297770330230933,0.998200577199397
1,0.0297775503190907,0.998227156199069
1,0.0297780599741879,0.998253342604392
1,0.0297785621012472,0.998279142214316
1,0.0297790568114649,0.998304560742138
1,0.0297795442143931,0.998329603816764
1,0.0297800244179669,0.998354276983954
1,0.0297804975285274,0.998378585707556
1,0.0297809636508435,0.998402535370711
1,0.0297814228881381,0.998426131277045
1,0.0297818753421089,0.998449378651846
1,0.0297823211129509,0.99847228264322
1,0.0297827602993799,0.998494848323232
1,0.029783192998653,0.998517080689027
1,0.0297836193065915,0.998538984663938
1,0.0297840393176003,0.998560565098578
1,0.0297844531246905,0.99858182677191
1,0.029784860819499,0.998602774392309
1,0.0297852624923101,0.998623412598602
1,0.0297856582320732,0.998643745961099
1,0.0297860481264249,0.9986637789826
1,0.0297864322617063,0.998683516099397
1,0.0297868107229842,0.998702961682253
1,0.0297871835940684,0.998722120037371
1,0.0297875509575307,0.998740995407348
1,0.0297879128947232,0.998759591972115
1,0.0297882694857967,0.998777913849861
1,0.0297886208097178,0.998795965097946
1,0.0297889669442872,0.998813749713799
1,0.0297893079661553,0.998831271635805
1,0.0297896439508414,0.998848534744173
1,0.029789974972749,0.998865542861802
1,0.0297903011051828,0.99888229975512
1,0.0297906224203639,0.998898809134923
1,0.0297909389894475,0.998915074657196
1,0.0297912508825375,0.998931099923921
1,0.0297915581687023,0.998946888483875
1,0.0297918609159897,0.99896244383342
1,0.0297921591914434,0.998977769417269
1,0.029792453061116,0.998992868629258
1,0.0297927425900839,0.999007744813089
1,0.0297930278424641,0.999022401263079
1,0.0297933088814251,0.999036841224881
1,0.0297935857692022,0.999051067896211
1,0.0297938585671123,0.999065084427549
1,0.0297941273355662,0.999078893922841
1,0.029794392134082,0.999092499440185
1,0.0297946530212991,0.999105903992507
1,0.0297949100549915,0.999119110548232
1,0.0297951632920781,0.999132122031938
1,0.0297954127886384,0.999144941325003
1,0.0297956585999231,0.999157571266246
1,0.0297959007803661,0.999170014652554
1,0.0297961393835997,0.9991822742395
1,0.029796374462461,0.999194352741958
1,0.0297966060690085,0.999206252834698
1,0.0297968342545309,0.999217977152985
1,0.0297970590695593,0.999229528293154
1,0.0297972805638795,0.999240908813195
1,0.0297974987865413,0.99925212123331
1,0.0297977137858689,0.999263168036478
1,0.0297979256094747,0.999274051669001
1,0.0297981343042661,0.999284774541049
1,0.0297983399164585,0.99929533902719
1,0.0297985424915848,0.999305747466918
1,0.0297987420745047,0.99931600216517
1,0.0297989387094157,0.999326105392839
1,0.0297991324398625,0.999336059387274
1,0.0297993233087464,0.999345866352775
1,0.0297995113583349,0.999355528461085
1,0.029799696630272,0.999365047851867
0,-0.140300120834415,0.999374426633181
0,-0.133323139016303,0.941906876881946
0,-0.113164870790855,0.80789389933511
0,-0.0871896018907568,0.641889361896917
0,-0.0606473406121322,0.475284120909638
0,-0.0368619629719664,0.327628781822555
0,-0.0175733089533132,0.208839748267257
0,-0.00333477959639317,0.121695241200423
0,0.00610114614961166,0.0642192128561198
0,0.0114499949782934,0.0317167870790546
0,0.013633971479027,0.0183553320258208
0,0.0135956254429241,0.0182786189536904
0,0.0121798535627885,0.0263009102356741
0,0.010072107651694,0.0382591898502206
0,0.00777870807776526,0.0511120637029437
0,0.00563558644143347,0.062869899434652
0,0.00383364549647869,0.0724284251638571
0,0.00245146287844089,0.0793618938739039
0,0.00148872533555122,0.0837153579541081
0,0.000896204491522168,0.0858206950602672
0,0.000600079551012156,0.0861488960852004
0,0.00051990661910184,0.0852021354906792
0,0.000580543420009239,0.0834431538311762
0,0.000718928220204695,0.0812560542960635
0,0.00088687270533172,0.078931178122307
0,0.00105105478581191,0.0766666902961884
0,0.00119127482196935,0.074580348326837
0,0.00129783833281139,0.0727262126057481
0,0.00136870291262492,0.0711124678961085
0,0.00140681264539655,0.0697178491842878
0,0.00141786072828642,0.0685052797509786
0,0.00140857956395546,0.0674321838134614
0,0.00138555819885011,0.0664575292010425
0,0.00135452533275904,0.0655460170571758
0,0.00132000509801256,0.0646700111017748
0,0.00128524441234734,0.0638098385831407
0,0.00125231734054121,0.0629530456599972
0,0.00122232707838454,0.0620930911291839
0,0.00119564487870671,0.0612278444773091
0,0.00117214394568343,0.0603581382367859
0,0.00115140284172843,0.0594865234036988
0,0.00113286617888586,0.0586162964625592
0,0.0011159600049172,0.057750808772221
0,0.00110016557776871,0.0568930319502715
0,0.00108505868879583,0.0560453329468153
0,0.00107032300843413,0.0552094055400574
0,0.00105574575149459,0.0543863069005954
0,0.00104120287898746,0.0535765550674699
0,0.00102663953871807,0.0527802528104481
0,0.00101204983989778,0.0519972133686553
0,0.000997458580766719,0.0512270726379013
0,0.00098290632578979,0.0504693798195048
0,0.000968438307092812,0.0497236640946517
0,0.000954096997237142,0.0489894786178178
0,0.000939917828923109,0.048266425285567
0,0.000925927368041313,0.0475541646746452
0,0.000912143222681072,0.0468524156109847
0,0.000898575039853244,0.0461609483512377
0,0.000885226060442723,0.045479574594783
0,0.000872094838534676,0.0448081366937993
0,0.000859176861503497,0.0441464976243605
0,0.000846465918905859,0.0434945325993719
0,0.000833955155278399,0.0428521226778511
0,0.000821637803555875,0.042219150357007
0,0.000809507634439932,0.0415954969067803
0,0.000797559176870521,0.0409810410939079
0,0.000785787770610613,0.0403756589139959
0,0.000774189508436218,0.0397792239769893
0,0.000762761116527733,0.0391916082496109
0,0.000751499810444034,0.0386126829291212
0,0.000740403152734492,0.0380423192930721
0,0.000729468928161836,0.0374803894315323
0,0.000718695044391648,0.0369267668175513
0,0.000708079460040922,0.0363813267073903
0,0.000697620138060739,0.0358439463852238
0,0.000687315020235002,0.0353145052796806
0,0.000677162017705901,0.0347928849842426
0,0.00066715901249581,0.0342789692126627
0,0.00065730386561752,0.0337726437163833
0,0.00064759442826845,0.0332737961851847
0,0.000638028553574199,0.0327823161462415
0,0.000628604107243969,0.0322980948712314
0,0.000619318976252503,0.031821025296581
0,0.00061017107522876,0.0313510019585053
0,0.000601158350622188,0.0308879209421784
0,0.000592278782952482,0.0304316798430108
0,0.000583530387556874,0.0299821777373978
0,0.000574911214267559,0.0295393151602346
0,0.000566419346415992,0.0291029940867657
0,0.00055805289948635,0.0286731179167875
0,0.000549810019663255,0.0282495914597393
0,0.000541688882436386,0.0278323209197015
0,0.000533687691358531,0.0274212138797408
0,0.000525804676998365,0.0270161792853663
0,0.000518038096092854,0.0266171274270859
0,0.000510386230878457,0.0262239699221979
0,0.000502847388568761,0.0258366196960222
0,0.000495419900941263,0.0254549909627983
0,0.000488102123998635,0.0250789992064599
0,0.000480892437674241,0.0247085611614644
0,0.000473789245559852,0.024343594793812
0,0.000466790974637477,0.0239840192823464
0,0.000459896075007238,0.0236297550003926
0,0.000453103019604717,0.0232807234977554
0,0.000446410303906963,0.0229368474830818
0,0.000439816445628349,0.0225980508065741
0,0.000433319984407765,0.0222642584430359
0,0.000426919481491761,0.0219353964752258
0,0.000420613519414748,0.0216113920774972
0,0.000414400701680306,0.0212921734997045
0,0.000408279652444749,0.0209776700513586
0,0.000402249016205447,0.0206678120860178
0,0.000396307457493333,0.0203625309859074
0,0.000390453660572221,0.0200617591467575
0,0.000384686329142514,0.0197654299628584
0,0.000379004186051857,0.0194734778123274
0,0.000373405973010166,0.0191858380425872
0,0.00036789045031041,0.0189024469560527
0,0.000362456396554078,0.0186232417960256
0,0.000357102608380788,0.0183481607327948
0,0.000351827900202439,0.0180771428499406
0,0.000346631103941397,0.0178101281308414
0,0.000341511068772227,0.0175470574453789
0,0.000336466660867507,0.0172878725368407
0,0.00033149676314706,0.0170325160090174
0,0.000326600275031008,0.0167809313134901
0,0.000321776112195998,0.0165330627371072
0,0.000317023206335254,0.0162888553896458
0,0.000312340504922209,0.0160482551916566
0,0.000307726970977168,0.0158112088624881
0,0.000303181582837653,0.0155776639084877
0,0.000298703333932282,0.0153475686113777
0,0.000294291232557725,0.0151208720168023
0,0.000289944301658879,0.0148975239230444
0,0.000285661578612761,0.0146774748699086
0,0.000281442115015074,0.0144606761277684
0,0.000277284976470255,0.0142470796867752
0,0.000273189242384564,0.0140366382462268
0,0.000269154005762162,0.0138293052040925
0,0.000265178373004327,0.0136250346466932
0,0.000261261463711498,0.013423781338534
0,0.0002574024104883,0.0132255007122864
0,0.000253600358751577,0.0130301488589196
0,0.000249854466541105,0.0128376825179762
0,0.000246163904333019,0.0126480590679923
0,0.000242527854856345,0.0124612365170594
0,0.000238945512911759,0.0122771734935249
0,0.000235416085193563,0.0120958292368308
0,0.000231938790113767,0.0119171635884867
0,0.000228512857629093,0.0117411369831775
0,0.000225137529070496,0.0115677104400011
0,0.000221812056975107,0.0113968455538364
0,0.000218535704920725,0.0112285044868386
0,0.00021530774736267,0.0110626499600596
0,0.000212127469473272,0.0108992452451933
0,0.000208994166983389,0.0107382541564416
0,0.000205907146026557,0.0105796410425015
0,0.000202865722985349,0.0104233707786697
0,0.000199869224339885,0.0102694087590647
0,0.000196916986518761,0.0101177208889632
0,0.000194008355752132,0.00996827357724977
0,0.00019114268792679,0.00982103372897832
0,0.000188319348443738,0.00967596873804309
0,0.00018553771207748,0.00953304647995815
0,0.000182797162837589,0.00939223530474349
0,0.000180097093832446,0.00925350402991607
0,0.00017743690713469,0.00911682193358457
0,0.000174816013648785,0.00898215874764607
0,0.000172233832980734,0.00884948465108314
0,0.000169689793309391,0.00871877026336008
0,0.000167183331259924,0.00858998663791658
0,0.000164713891779009,0.00846310525575755
0,0.000162280928011932,0.00833809801913765
0,0.00015988390118149,0.00821493724533903
0,0.000157522280468683,0.00809359566054105
0,0.000155195542895142,0.00797404639378051
0,0.000152903173207306,0.00785626297100112
0,0.000150644663762467,0.00774021930919082
0,0.000148419514416034,0.00762588971060575
0,0.000146227232411159,0.00751324885707951
0,0.000144067332269321,0.00740227180441646
0,0.000141939335682975,0.00729293397686788
0,0.000139842771409548,0.00718521116168968
0,0.000137777175167164,0.00707907950378052
0,0.000135742089531751,0.00697451550039912
0,0.000133737063835793,0.0068714959959596
0,0.000131761654068516,0.00676999817690373
0,0.000129815422777554,0.00666999956664884
0,0.000127897938972055,0.00657147802061047
0,0.00012600877802732,0.0064744117212984
0,0.000124147521590706,0.00637877917348524
0,0.000122313757488959,0.00628455919944633
0,0.000120507079637011,0.00619173093426995
0,0.000118727087948009,0.00610027382123682
0,0.000116973388244665,0.0060101676072678
0,0.000115245592172117,0.00592139233843892
0,0.000113543317111747,0.00583392835556255
0,0.000111866186096612,0.00574775628983393
0,0.000110213827727842,0.00566285705854197
0,0.000108585876092457,0.00557921186084337
0,0.000106981970682318,0.00549680217359926
0,0.000105401756314301,0.00541560974727318
0,0.000103844883051651,0.00533561660188982
0,0.000102311006126433,0.00525680502305335
0,0.000100799785863297,0.00517915755802454
0,9.93108876041135e-05,0.00510265701185594
0,9.7843981633948e-05,0.00502728644358405
0,9.63987431081004e-05,0.00495302916247773
0,9.49748519800397e-05,0.00487986872434211
0,9.35719929305995e-05,0.00480778892787698
0,9.21898552981582e-05,0.00473677381108911
0,9.08281330098334e-05,0.00466680764775741
0,8.94865245136892e-05,0.00459787494395039
0,8.81647327119622e-05,0.00452996043459508
0,8.6862464895289e-05,0.00446304908009657
0,8.55794326778681e-05,0.0043971260630075
0,8.43153519335949e-05,0.00433217678474678
0,8.30699427331535e-05,0.00426818686236673
0,8.18429292820111e-05,0.00420514212536799
0,8.06340398593688e-05,0.00414302861256149
0,7.94430067579607e-05,0.00408183256897676
0,7.82695662247951e-05,0.00402154044281588
0,7.71134584027153e-05,0.00396213888245249
0,7.5974427272911e-05,0.00390361473347506
0,7.4852220598165e-05,0.00384595503577386
0,7.37465898669951e-05,0.00378914702067097
0,7.26572902386841e-05,0.00373317810809265
0,7.15840804890039e-05,0.00367803590378353
0,7.05267229568138e-05,0.00362370819656189
0,6.94849834914288e-05,0.00357018295561549
