Setpoint,ControllerOutput,PlantOutput
0,0,0
0,0,0
0,0,0
0,0,0
0,0,0
0,0,0
0,0,0
0,0,0
0,0,0
0,0,0
0,0,0
0,0,0
0,0,0
0,0,0
0,0,0
0,0,0
0,0,0
0,0,0
0,0,0
0,0,0
0,0,0
0,0,0
0,0,0
0,0,0
0,0,0
0,0,0
0,0,0
0,0,0
0,0,0
0,0,0
0,0,0
0,0,0
0,0,0
0,0,0
0,0,0
0,0,0
0,0,0
0,0,0
0,0,0
0,0,0
0,0,0
0,0,0
0,0,0
0,0,0
0,0,0
0,0,0
0,0,0
0,0,0
0,0,0
0,0,0
0,0,0
0,0,0
0,0,0
0,0,0
0,0,0
0,0,0
0,0,0
0,0,0
0,0,0
0,0,0
0,0,0
0,0,0
0,0,0
0,0,0
0,0,0
0,0,0
0,0,0
0,0,0
0,0,0
0,0,0
0,0,0
0,0,0
0,0,0
0,0,0
0,0,0
0,0,0
0,0,0
0,0,0
0,0,0
0,0,0
0,0,0
0,0,0
0,0,0
0,0,0
0,0,0
0,0,0
0,0,0
0,0,0
0,0,0
0,0,0
0,0,0
0,0,0
0,0,0
0,0,0
0,0,0
0,0,0
0,0,0
0,0,0
0,0,0
0,0,0
0,0,0
0,0,0
0,0,0
0,0,0
0,0,0
0,0,0
0,0,0
0,0,0
0,0,0
0,0,0
0,0,0
0,0,0
0,0,0
0,0,0
0,0,0
0,0,0
0,0,0
0,0,0
0,0,0
0,0,0
0,0,0
0,0,0
0,0,0
0,0,0
0,0,0
0,0,0
0,0,0
0,0,0
0,0,0
0,0,0
0,0,0
0,0,0
0,0,0
0,0,0
0,0,0
0,0,0
0,0,0
0,0,0
0,0,0
0,0,0
0,0,0
0,0,0
0,0,0
0,0,0
0,0,0
0,0,0
0,0,0
0,0,0
0,0,0
0,0,0
0,0,0
0,0,0
0,0,0
0,0,0
0,0,0
0,0,0
0,0,0
0,0,0
0,0,0
0,0,0
0,0,0
0,0,0
0,0,0
0,0,0
0,0,0
0,0,0
0,0,0
0,0,0
0,0,0
0,0,0
0,0,0
0,0,0
0,0,0
0,0,0
0,0,0
0,0,0
0,0,0
0,0,0
0,0,0
0,0,0
0,0,0
0,0,0
0,0,0
0,0,0
0,0,0
0,0,0
0,0,0
0,0,0
0,0,0
0,0,0
0,0,0
0,0,0
0,0,0
0,0,0
0,0,0
0,0,0
0,0,0
0,0,0
0,0,0
0,0,0
0,0,0
0,0,0
0,0,0
0,0,0
0,0,0
0,0,0
0,0,0
0,0,0
0,0,0
0,0,0
0,0,0
0,0,0
0,0,0
0,0,0
0,0,0
0,0,0
0,0,0
0,0,0
0,0,0
0,0,0
0,0,0
0,0,0
0,0,0
0,0,0
0,0,0
0,0,0
0,0,0
0,0,0
0,0,0
0,0,0
0,0,0
0,0,0
0,0,0
0,0,0
0,0,0
0,0,0
0,0,0
0,0,0
0,0,0
0,0,0
0,0,0
0,0,0
0,0,0
0,0,0
0,0,0
0,0,0
0,0,0
0,0,0
0,0,0
0,0,0
0,0,0
0,0,0
0,0,0
0,0,0
0,0,0
0,0,0
0,0,0
0,0,0
0,0,0
1,0.1701,0
1,0.163123198021,0.05747679
1,0.142965106978289,0.191498871309296
1,0.116990012643787,0.357512378039662
1,0.0904479233522777,0.524126455835069
1,0.0666627151588314,0.671790501203135
1,0.0473742280840264,0.790588112440268
1,0.0331358632050521,0.877741070489306
1,0.0237000995075146,0.935225424987645
1,0.0183514103337071,0.967736053934395
1,0.0161675911296097,0.981105590989546
1,0.0162060921389443,0.981190266685576
1,0.0176220167032256,0.973175820412789
1,0.0197299130431912,0.961225269930006
1,0.0220234608240295,0.94838001104322
1,0.0241667284781294,0.936629677797948
1,0.025968813284046,0.927078543737096
1,0.027351137638097,0.920152357514198
1,0.0283140148234391,0.915806068352635
1,0.0289066732472834,0.913707800185489
1,0.0292029337354378,0.913386563685349
1,0.0292832402128392,0.91434018593273
1,0.0292227349848425,0.916105927892666
1,0.0290844798141147,0.918299687872844
1,0.0289166630437181,0.920631126111249
1,0.0287526067915135,0.92290207907476
1,0.0286125107250415,0.924994790685945
1,0.0285060693527475,0.92685520196386
1,0.028435325107392,0.928475129535034
1,0.0283973339316368,0.929875839782284
1,0.0283864026545756,0.931094410773882
1,0.0283957988994141,0.932173419621586
1,0.0284189336451903,0.933153899805498
1,0.0284500782172241,0.934071151472229
1,0.0284847085079212,0.934952812172879
1,0.0285195776239175,0.935818555911382
1,0.0285526115244472,0.936680837762755
1,0.0285827070373765,0.937546200145677
1,0.0286094929331839,0.938416774771102
1,0.0286330960306571,0.939291730286491
1,0.0286539377900061,0.940168516858206
1,0.0286725736214777,0.941043839147011
1,0.0286895774992701,0.941914346922411
1,0.0287054681870749,0.942777069678512
1,0.0287206699148521,0.943629641560481
1,0.0287354990331687,0.944470369869206
1,0.0287501683479054,0.945298198497244
1,0.0287648019184379,0.946112610453007
1,0.0287794546170461,0.946913503998706
1,0.0287941323543068,0.947701066911951
1,0.0288088103514756,0.94847566429865
1,0.0288234480632963,0.949237747944408
1,0.0288380002765669,0.94998778964038
1,0.0288524245373709,0.950726237190074
1,0.0288666854313777,0.951453489640756
1,0.0288807564107945,0.952169887345572
1,0.0288946198853628,0.952875712394743
1,0.0289082662256388,0.953571195434241
1,0.0289216922080457,0.954256525653977
1,0.0289348992955512,0.954931861577926
1,0.0289478920175803,0.955597341093228
1,0.0289606766011286,0.95625308983744
1,0.0289732599179677,0.956899227589444
1,0.0289856487512294,0.957535872677557
1,0.0289978493460417,0.958163144645167
1,0.0290098671890602,0.958781165526855
1,0.0290217069558873,0.959390060116494
1,0.0290333725688856,0.95998995558196
1,0.0290448673167889,0.96058098072286
1,0.029056193998733,0.961163265096944
1,0.0290673550666465,0.961736938170519
1,0.0290783527500296,0.962302128586388
1,0.0290891891552703,0.962858963593547
1,0.0290998663375961,0.963407568647117
1,0.0291103863476969,0.963948067163796
1,0.0291207512572285,0.964480580405477
1,0.029130963168289,0.965005227458999
1,0.0291410242119017,0.965522125280881
1,0.0291509365399061,0.966031388780052
1,0.0291607023137677,0.966533130917349
1,0.0291703236928365,0.967027462806606
1,0.0291798028236949,0.967514493807684
1,0.0291891418314774,0.967994331606367
1,0.0291983428134863,0.96846708227946
1,0.0292074078350271,0.968932850345756
1,0.0292163389271605,0.969391738804886
1,0.0292251380859603,0.969843849166713
1,0.0292338072728353,0.970289281473934
1,0.0292423484155291,0.97072813432037
1,0.0292507634094705,0.971160504866884
1,0.0292590541192244,0.971586488856412
1,0.0292672223798933,0.972006180629093
1,0.0292752699983603,0.972419673138038
1,0.0292831987543378,0.972827057965999
1,0.0292910104012181,0.973228425342924
1,0.0292987066667443,0.973623864164284
1,0.0293062892535358,0.974013462009955
1,0.0293137598395021,0.974397305163428
1,0.0293211200781849,0.974775478631152
1,0.0293283715990531,0.975148066161808
1,0.0293355160077795,0.975515150265396
1,0.0293425548865098,0.975876812232043
1,0.0293494897941362,0.976233132150467
1,0.0293563222665829,0.976584188926081
1,0.0293630538171015,0.976930060298734
1,0.0293696859365782,0.977270822860092
1,0.0293762200938463,0.977606552070695
1,0.0293826577360072,0.977937322276698
1,0.0293890002887514,0.978263206726324
1,0.0293952491566771,0.978584277586054
1,0.0294014057236125,0.978900605956564
1,0.0294074713529251,0.979212261888422
1,0.0294134473878331,0.97951931439756
1,0.0294193351517074,0.979821831480526
1,0.0294251359483699,0.98011988012951
1,0.0294308510623833,0.980413526347169
1,0.0294364817593393,0.980702835161231
1,0.0294420292861386,0.980987870638888
1,0.0294474948712664,0.981268695900988
1,0.0294528797250666,0.981545373136011
1,0.0294581850400057,0.981817963613846
1,0.02946341199094,0.982086527699367
1,0.0294685617353723,0.982351124865796
1,0.0294736354137091,0.982611813707882
1,0.0294786341495124,0.982868651954881
1,0.0294835590497486,0.983121696483336
1,0.0294884112050324,0.983371003329678
1,0.02949319168987,0.983616627702631
1,0.0294979015628949,0.983858623995445
1,0.0295025418671042,0.984097045797934
1,0.0295071136300886,0.984331945908349
1,0.0295116178642598,0.984563376345065
1,0.0295160555670759,0.984791388358102
1,0.0295204277212615,0.985016032440477
1,0.0295247352950248,0.98523735833938
1,0.0295289792422733,0.985455415067193
1,0.0295331605028251,0.985670250912345
1,0.029537280002615,0.985881913450002
1,0.0295413386539021,0.986090449552605
1,0.0295453373554702,0.986295905400251
1,0.0295492769928276,0.986498326490916
1,0.0295531584384023,0.986697757650531
1,0.0295569825517366,0.986894243042913
1,0.0295607501796762,0.98708782617954
1,0.0295644621565583,0.987278549929189
1,0.0295681193043964,0.987466456527428
1,0.0295717224330612,0.987651587585971
1,0.0295752723404621,0.987833984101892
1,0.0295787698127226,0.988013686466702
1,0.0295822156243537,0.988190734475297
1,0.0295856105384273,0.988365167334767
1,0.0295889553067428,0.988537023673081
1,0.0295922506699957,0.988706341547639
1,0.0295954973579409,0.988873158453703
1,0.0295986960895536,0.989037511332697
1,0.0296018475731901,0.989199436580388
1,0.0296049525067421,0.989358970054948
1,0.0296080115777946,0.989516147084894
1,0.0296110254637749,0.989671002476909
1,0.0296139948321055,0.989823570523554
1,0.0296169203403491,0.989973885010857
1,0.029619802636357,0.990121979225799
1,0.0296226423584103,0.990267885963686
1,0.0296254401353624,0.990411637535406
1,0.029628196586778,0.990553265774591
1,0.02963091232307,0.990692802044661
1,0.0296335879456358,0.990830277245773
1,0.029636224046989,0.990965721821663
1,0.0296388212108909,0.991099165766385
1,0.0296413800124813,0.991230638630958
1,0.0296439010184038,0.991360169529905
1,0.0296463847869319,0.991487787147706
1,0.0296488318680945,0.991613519745142
1,0.0296512428037945,0.991737395165564
1,0.0296536181279308,0.991859440841048
1,0.0296559583665168,0.991979683798479
1,0.0296582640377958,0.99209815066553
1,0.0296605356523563,0.99221486767656
1,0.0296627737132444,0.992329860678427
1,0.0296649787160765,0.992443155136206
1,0.029667151149148,0.992554776138834
1,0.0296692914935421,0.99266474840466
1,0.0296714002232359,0.992773096286925
1,0.0296734778052052,0.992879843779149
1,0.0296755246995279,0.992985014520452
1,0.0296775413594872,0.993088631800779
1,0.0296795282316695,0.993190718566066
1,0.0296814857560659,0.993291297423318
1,0.0296834143661684,0.993390390645613
1,0.029685314489065,0.993488020177039
1,0.0296871865455361,0.993584207637551
1,0.0296890309501472,0.993678974327757
1,0.0296908481113387,0.99377234123364
1,0.0296926384315195,0.9938643290312
1,0.0296944023071539,0.993954958091036
1,0.0296961401288509,0.994044248482855
1,0.0296978522814486,0.994132219979918
1,0.0296995391441013,0.994218892063419
1,0.0297012010903628,0.994304283926797
1,0.02970283848827,0.994388414479989
1,0.0297044517004226,0.994471302353614
1,0.0297060410840644,0.994552965903103
1,0.0297076069911628,0.994633423212761
1,0.0297091497684863,0.994712692099772
1,0.0297106697576814,0.994790790118146
1,0.0297121672953482,0.994867734562605
1,0.0297136427131148,0.994943542472413
1,0.0297150963377102,0.995018230635151
1,0.0297165284910386,0.995091815590431
1,0.0297179394902487,0.995164313633563
1,0.0297193296478047,0.995235740819159
1,0.0297206992715555,0.995306112964695
1,0.0297220486648029,0.995375445654004
1,0.0297233781263684,0.995443754240736
1,0.0297246879506601,0.995511053851755
1,0.0297259784277371,0.995577359390487
1,0.0297272498433736,0.995642685540221
1,0.0297285024791241,0.995707046767364
1,0.0297297366123828,0.99577045732464
1,0.0297309525164473,0.995832931254248
1,0.0297321504605785,0.995894482390973
1,0.02973333071006,0.995955124365247
1,0.0297344935262562,0.996014870606171
1,0.0297356391666717,0.996073734344484
1,0.0297367678850078,0.996131728615499
1,0.0297378799312171,0.996188866261984
1,0.0297389755515614,0.996245159937011
1,0.0297400549886651,0.996300622106751
1,0.0297411184815679,0.996355265053243
1,0.0297421662657791,0.996409100877109
1,0.0297431985733299,0.996462141500233
1,0.0297442156328234,0.996514398668405
1,0.0297452176694859,0.996565883953918
1,0.029746204905218,0.996616608758134
1,0.0297471775586415,0.996666584314005
1,0.0297481358451497,0.996715821688565
1,0.029749079976954,0.996764331785376
1,0.0297500101631314,0.996812125346949
1,0.0297509266096709,0.996859212957114
1,0.0297518295195185,0.996905605043372
1,0.0297527190926221,0.996951311879202
1,0.0297535955259773,0.996996343586333
1,0.0297544590136694,0.997040710136988
1,0.0297553097469163,0.997084421356091
1,0.0297561479141122,0.997127486923446
1,0.0297569737008685,0.997169916375875
1,0.0297577872900543,0.997211719109335
1,0.0297585888618386,0.997252904380997
1,0.0297593785937282,0.997293481311294
1,0.0297601566606085,0.997333458885945
1,0.0297609232347817,0.997372845957939
1,0.0297616784860046,0.997411651249501
1,0.0297624225815269,0.997449883354023
1,0.029763155686128,0.99748755073796
1,0.0297638779621527,0.997524661742716
1,0.0297645895695486,0.997561224586482
1,0.0297652906659001,0.99759724736606
1,0.0297659814064646,0.997632738058658
1,0.029766661944205,0.997667704523649
1,0.0297673324298267,0.997702154504321
1,0.0297679930118075,0.997736095629583
1,0.0297686438364326,0.997769535415662
1,0.0297692850478262,0.997802481267763
1,0.0297699167879846,0.997834940481708
1,0.0297705391968051,0.997866920245556
1,0.02977115241212,0.997898427641191
1,0.0297717565697253,0.997929469645892
1,0.0297723518034103,0.997960053133876
1,0.0297729382449896,0.997990184877826
1,0.0297735160243302,0.998019871550382
1,0.02977408526938,0.998049119725627
1,0.0297746461061978,0.998077935880538
1,0.0297751986589805,0.998106326396421
1,0.0297757430500905,0.998134297560325
1,0.0297762794000827,0.998161855566433
1,0.0297768078277305,0.998189006517438
1,0.0297773284500547,0.998215756425888
1,0.0297778413823453,0.998242111215521
1,0.0297783467381918,0.998268076722577
1,0.0297788446295038,0.998293658697089
1,0.0297793351665396,0.998318862804159
1,0.0297798184579272,0.998343694625208
1,0.029780294610692,0.998368159659217
1,0.0297807637302765,0.998392263323941
1,0.0297812259205676,0.99841601095711
1,0.0297816812839162,0.998439407817613
1,0.029782129921162,0.998462459086658
1,0.0297825719316556,0.998485169868926
1,0.0297830074132799,0.998507545193692
1,0.0297834364624716,0.99852959001595
1,0.029783859174243,0.998551309217502
1,0.0297842756422033,0.998572707608041
1,0.0297846859585789,0.998593789926218
1,0.029785090214234,0.998614560840689
1,0.0297854884986901,0.998635024951152
1,0.0297858809001479,0.998655186789361
1,0.029786267505503,0.998675050820134
1,0.0297866484003697,0.998694621442338
1,0.0297870236690965,0.998713902989868
1,0.0297873933947856,0.998732899732601
1,0.0297877576593133,0.998751615877346
1,0.0297881165433453,0.99877005556877
1,0.0297884701263564,0.998788222890326
1,0.0297888184866464,0.998806121865147
1,0.0297891617013599,0.998823756456941
1,0.0297894998465009,0.998841130570871
1,0.0297898329969519,0.998858248054414
1,0.0297901612264884,0.998875112698219
1,0.0297904846077963,0.998891728236943
1,0.0297908032124883,0.99890809835008
1,0.0297911171111189,0.998924226662773
1,0.0297914263732011,0.998940116746619
1,0.0297917310672198,0.998955772120462
1,0.0297920312606497,0.998971196251165
1,0.0297923270199687,0.998986392554387
1,0.0297926184106716,0.999001364395332
1,0.029792905497287,0.999016115089499
1,0.0297931883433895,0.999030647903412
1,0.0297934670116153,0.999044966055349
1,0.0297937415636758,0.999059072716047
1,0.0297940120603692,0.999072971009413
1,0.0297942785615977,0.999086664013207
1,0.0297945411263769,0.999100154759732
1,0.029794799812852,0.999113446236497
1,0.0297950546783081,0.999126541386887
1,0.029795305779186,0.999139443110809
1,0.0297955531710905,0.999152154265334
1,0.0297957969088074,0.999164677665335
1,0.029796037046312,0.999177016084105
1,0.0297962736367818,0.999189172253974
1,0.0297965067326098,0.999201148866912
1,0.029796736385415,0.999212948575128
1,0.0297969626460535,0.999224573991654
0,-0.140302814435369,0.999236027690926
0,-0.133325792830488,0.941770522209353
0,-0.113167485405957,0.807759558736585
0,-0.0871921778857774,0.641757005622878
0,-0.0606498785575234,0.475153719649931
0,-0.036864463429753,0.327500306699961
0,-0.0175757724772196,0.208713170831099
0,-0.00333720673196392,0.121570533420265
0,0.00609875486489009,0.0640963471155574
0,0.0114476390148737,0.0315957361696019
0,0.0136316503151838,0.0182360691408843
0,0.0135933385646378,0.018161117682633
0,0.0121776004636323,0.0261851445579657
0,0.010069887832722,0.0381451341296767
0,0.00777652104740045,0.050999692682048
0,0.00563343171536057,0.062759188228963
0,0.00383152259753583,0.0723193492564975
0,0.00244937133651457,0.0792544291101315
0,0.00148666468747161,0.0836094805359669
0,0.000894174280960724,0.085716381541317
0,0.000598079328381296,0.0860461233653248
0,0.000517935941454217,0.0851008808109701
0,0.000578601850940497,0.0833433947688938
0,0.000717015329756432,0.0811577687596708
0,0.000884988069896453,0.078834344346578
0,0.00104919798803926,0.0765712868373877
0,0.00118944545067334,0.0744863540579715
0,0.00129603598287975,0.0726336067118883
0,0.00136692718492926,0.0710212298697792
0,0.00140506314670374,0.0696279588209263
0,0.00141613707117194,0.0684167171444609
0,0.00140688136671718,0.0673449293516938
0,0.00138388508542431,0.0663715635616184
0,0.00135287693263619,0.065461321203097
0,0.00131838104615645,0.0645865662772356
0,0.00128364434911332,0.0637276263093747
0,0.00125074091159727,0.0628720477311848
0,0.00122077393463205,0.0620132896084211
0,0.00119411467620367,0.061149221692635
0,0.00117063634556802,0.0602806767772697
0,0.00114991751014437,0.0594102061155838
0,0.00113140278690815,0.0585411064454641
0,0.00111451822847919,0.0576767293753976
0,0.00109874509759034,0.0568200467689173
0,0.00108365919031339,0.0559734258184405
0,0.00106894418173042,0.0551385605409058
0,0.00105438729122964,0.0543165083421183
0,0.00103986448433202,0.0535077874928518
0,0.00102532091328578,0.0527125009911836
0,0.00101075069168055,0.0519304623011772
0,0.000996178622069688,0.0511613075402575
0,0.000981645273167464,0.0504045861280852
0,0.000967195881286242,0.0496598274609633
0,0.000952872923112635,0.0489265849053069
0,0.000938711835410833,0.0482044605664886
0,0.00092473918807523,0.0474931152269791
0,0.000910972593139991,0.0467922679153965
0,0.000897421701502532,0.0461016890880851
0,0.000884089757876683,0.045421190641166
0,0.000870975320120593,0.0447506151206542
0,0.000858073879325127,0.0440898256935969
0,0.000845379228709031,0.0434386977610518
0,0.000832884516416554,0.0427971125674098
0,0.000820582978937501,0.0421649527925148
0,0.000808468390474937,0.0415420998862449
0,0.000796535283419608,0.0409284327926168
0,0.000784779000933711,0.0403238276818973
0,0.000773195639142243,0.0397281583361128
0,0.000761781927525462,0.0391412968915253
0,0.000750535084893256,0.0385631147124304
0,0.000739452676997654,0.037993483240948
0,0.000728532491757028,0.0374322747292838
0,0.00071777243994614,0.0368793628102295
0,0.000707170483244923,0.0363346228974288
0,0.000696724587622377,0.0357979324301142
0,0.000686432697835471,0.0352691709896822
0,0.000676292727955996,0.0347482203201257
0,0.000666302562892074,0.0342349642834856
0,0.00065646006650022,0.0337292887773018
0,0.000646763092779223,0.0332310816352942
0,0.000637209497614644,0.0327402325264509
0,0.000627797149435061,0.0322566328621686
0,0.0006185239378943,0.0317801757165287
0,0.000609387780260817,0.031310755761368
0,0.000600386625584759,0.0308482692154791
0,0.000591518456947882,0.0303926138059174
0,0.000582781292211565,0.0299436887387784
0,0.000574173183695403,0.0295013946767421
0,0.000565692217180835,0.0290656337209497
0,0.000557336510566164,0.0286363093952354
0,0.000549104212414497,0.0282133266312437
0,0.000540993500558862,0.027796591753455
0,0.000533002580860642,0.0273860124635582
0,0.000525129686163139,0.0269814978239319
0,0.00051737307544425,0.0265829582402274
0,0.000509731033148442,0.0261903054431857
0,0.000502201868664454,0.0258034524698937
0,0.000494783915913011,0.0254223136447071
0,0.000487475533008097,0.0250468045600491
0,0.00048027510196369,0.0246768420572643
0,0.000473181028420866,0.024312344207661
0,0.000466191741381072,0.0239532302938359
0,0.000459305692933898,0.0235994207913343
0,0.000452521357974855,0.0232508373506714
0,0.000445837233912394,0.0229074027797169
0,0.000439251840363142,0.0225690410264306
0,0.000432763718840823,0.0222356771619293
0,0.000426371432438649,0.0219072373638621
0,0.000420073565510604,0.0215836489000715
0,0.000413868723352889,0.0212648401125202
0,0.000407755531888071,0.0209507404014664
0,0.000401732637353519,0.0206412802098759
0,0.000395798705994682,0.0203363910080603
0,0.000389952423764328,0.0200360052785353
0,0.000384192496027058,0.0197400565010947
0,0.000378517647269982,0.0194484791380966
0,0.00037292662081842,0.0191612086199597
0,0.000367418178556789,0.0188781813308694
0,0.000361991100654463,0.01859933459469
0,0.000356644185295879,0.0183246066610828
0,0.000351376248414997,0.0180539366918286
0,0.000346186123433623,0.0177872647473505
0,0.000341072661003639,0.0175245317734375
0,0.000336034728753182,0.0172656795881631
0,0.000331071211036121,0.017010650868999
0,0.000326181008685394,0.0167593891401193
0,0.000321363038769562,0.0165118387598927
0,0.000316616234353417,0.0162679449085609
0,0.00031193954426148,0.0160276535760977
0,0.000307331932845128,0.0157909115502497
0,0.000302792379753614,0.0155576664047519
0,0.000298319879707631,0.0153278664877189
0,0.000293913442276916,0.0151014609102063
0,0.000289572091660667,0.0148783995349427
0,0.000285294866471636,0.014658632965226
0,0.00028108081952305,0.0144421125339853
0,0.000276929017618804,0.0142287902930039
0,0.00027283854134702,0.0140186190023007
0,0.000268808484876149,0.0138115521196694
0,0.000264837955754632,0.0136075437903718
0,0.000260926074713008,0.0134065488369829
0,0.000257071975469564,0.0132085227493868
0,0.000253274804538101,0.0130134216749199
0,0.000249533721039252,0.0128212024086594
0,0.000245847896514023,0.012631822383856
0,0.000242216514740629,0.0124452396625075
0,0.000238638771553418,0.0122614129260712
0,0.000235113874665044,0.0120803014663145
0,0.000231641043490827,0.0119018651762998
0,0.000228219508976141,0.0117260645415032
0,0.000224848513425746,0.0115528606310633
0,0.000221527310336339,0.011382215089161
0,0.000218255164231101,0.0112140901265249
0,0.000215031350496775,0.0110484485120631
0,0.000211855155223317,0.0108852535646186
0,0.000208725875045668,0.0107244691448462
0,0.000205642816988136,0.0105660596472093
0,0.000202605298310815,0.0104099899920954
0,0.000199612646358482,0.0102562256180476
0,0.000196664198411606,0.0101047324741108
0,0.000193759301539517,0.00995547701229171
0,0.000190897312455973,0.00980842618012903
0,0.00018807759737656,0.00966354741337447
0,0.000185299531878416,0.00952080862878125
0,0.000182562500761943,0.00938017821699933
0,0.000179865897914522,0.00924162503557558
0,0.000177209126176373,0.00910511840205726
0,0.000174591597208257,0.00897062808719749
0,0.000172012731361221,0.00883812430826095
0,0.00016947195754817,0.00870757772242861
0,0.000166968713117485,0.0085789594202997
0,0.000164502443728412,0.0084522409194898
0,0.00016207260322823,0.00832739415832347
0,0.000159678653531406,0.00820439148961997
0,0.00015732006450031,0.00808320567457087
0,0.000154996313827996,0.00796380987670803
0,0.000152706886922344,0.00784617765596065
0,0.000150451276792238,0.00773028296280023
0,0.000148228983935253,0.00761610013247183
0,0.000146039516227034,0.00750360387931074
0,0.000143882388812314,0.00739276929114289
0,0.000141757123997541,0.00728357182376819
0,0.000139663251145131,0.00717598729552515
0,0.000137600306569202,0.00706999188193591
0,0.000135567833432867,0.00696556211043038
0,0.000133565381647174,0.00686267485514818
0,0.000131592507771297,0.00676130733181751
0,0.000129648774914462,0.00666143709270954
0,0.000127733752639136,0.00656304202166745
0,0.000125847016865688,0.00646610032920878
0,0.000123988149778528,0.0063705905477002
0,0.000122156739733509,0.00627649152660352
0,0.000120352381166866,0.00618378242779193
0,0.000118574674505351,0.00609244272093539
0,0.000116823226077714,0.00600245217895424
0,0.000115097648027626,0.00591379087353992
0,0.00011339755822766,0.00582643917074191
0,0.000111722580194762,0.00574037772661974
0,0.000110072343006848,0.00565558748295936
0,0.000108446481220686,0.00557204966305266
0,0.000106844634790944,0.00548974576753946
0,0.000105266448990428,0.00540865757031077
0,0.000103711574331616,0.00532876711447272
0,0.000102179666489177,0.00525005670836993
0,0.000100670386223772,0.0051725089216678
0,9.91833993069235e-05,0.00509610658149254
0,9.77183764469536e-05,0.00502083276862823
0,9.62749932161555e-05,0.00494667081377013
0,9.48529299788642e-05,0.00487360429383325
0,9.34518718207003e-05,0.00480161702831548
0,9.20715084788623e-05,0.00473069307571446
0,9.0711534273348e-05,0.00466081672999731
0,8.93716480393422e-05,0.00459197251712256
0,8.80515530604919e-05,0.00452414519161346
0,8.67509570031955e-05,0.00445731973318187
0,8.54695718518414e-05,0.00439148134340202
0,8.42071138450612e-05,0.00432661544243345
0,8.29633034129112e-05,0.00426270766579229
0,8.17378651149017e-05,0.00419974386117025
0,8.05305275790452e-05,0.00413771008530067
0,7.93410234417313e-05,0.00407659260087073
0,7.81690892885725e-05,0.00401637787347935
0,7.70144655959926e-05,0.00395705256864004
0,7.58768966738349e-05,0.00389860354882797
0,7.47561306086858e-05,0.0038410178705707
0,7.36519192080926e-05,0.00378428278158182
0,7.25640179456422e-05,0.00372838571793701
0,7.14921859067755e-05,0.00367331430129176
0,7.0436185735441e-05,0.0036190563361402
0,6.93957835815329e-05,0.00356559980711442
0,6.83707490491195e-05,0.00351293287632367
0,6.73608551454083e-05,0.00346104388073287
0,6.63658782304802e-05,0.00340992132957988
0,6.53855979677667e-05,0.00335955390183082
0,6.44197972752697e-05,0.0033099304436731
0,6.34682622774607e-05,0.00326103996604537
0,6.2530782257951e-05,0.00321287164220406
0,6.16071496127718e-05,0.00316541480532576
0,6.06971598044945e-05,0.00311865894614507
0,5.980061131685e-05,0.00307259371062738
0,5.891730561014e-05,0.0030272088976759
0,5.80470470772643e-05,0.00298249445687272
0,5.7189643000416e-05,0.00293844048625311
0,5.6344903508386e-05,0.00289503723011274
0,5.55126415345206e-05,0.00285227507684732
0,5.46926727753028e-05,0.00281014455682407
0,5.38848156495311e-05,0.00276863634028475
0,5.30888912581226e-05,0.00272774123527953
0,5.23047233444776e-05,0.00268745018563147
0,5.15321382554487e-05,0.00264775426893105
0,5.07709649029096e-05,0.00260864469456029
0,5.00210347258341e-05,0.00257011280174609
0,4.92821816529959e-05,0.00253215005764231
0,4.85542420661858e-05,0.00249474805544017
0,4.78370547639557e-05,0.00245789851250658
0,4.7130460925953e-05,0.00242159326854999
0,4.64343040777367e-05,0.00238582428381323
0,4.57484300561209e-05,0.00235058363729318
0,4.5072686975043e-05,0.00231586352498663
0,4.44069251919234e-05,0.00228165625816215
0,4.37509972745394e-05,0.00224795426165734
0,4.31047579683534e-05,0.0022147500722014
0,4.24680641643686e-05,0.00218203633676236
0,4.18407748674354e-05,0.00214980581091875
0,4.12227511650091e-05,0.00211805135725536
0,4.06138561964003e-05,0.00208676594378264
0,4.00139551224865e-05,0.00205594264237949
0,3.94229150958089e-05,0.00202557462725904
0,3.88406052312072e-05,0.00199565517345704
0,3.82668965767732e-05,0.00196617765534271
0,3.77016620853494e-05,0.00193713554515143
0,3.7144776586371e-05,0.00190852241153917
0,3.65961167581412e-05,0.00188033191815834
0,3.60555611005273e-05,0.00185255782225456
0,3.55229899080718e-05,0.00182519397328422
0,3.49982852434483e-05,0.00179823431155245
0,3.4481330911381e-05,0.00177167286687122
0,3.39720124328848e-05,0.00174550375723721
0,3.34702170199375e-05,0.00171972118752931
0,3.29758335504762e-05,0.00169431944822523
0,3.24887525438265e-05,0.00166929291413717
0,3.20088661364126e-05,0.00164463604316614
0,3.15360680579191e-05,0.00162034337507463
0,3.10702536077054e-05,0.00159640953027745
0,3.06113196316751e-05,0.00157282920865049
0,3.01591644993916e-05,0.00154959718835691
0,2.97136880815889e-05,0.00152670832469085
0,2.92747917279915e-05,0.00150415754893814
0,2.88423782454743e-05,0.00148193986725377
0,2.84163518765417e-05,0.00146005035955608
0,2.79966182781116e-05,0.00143848417843718
0,2.75830845006299e-05,0.00141723654808949
0,2.71756589674821e-05,0.00139630276324818
0,2.6774251454734e-05,0.00137567818814915
0,2.63787730711181e-05,0.00135535825550246
0,2.59891362383736e-05,0.00133533846548094
0,2.56052546718424e-05,0.00131561438472365
0,2.52270433613658e-05,0.00129618164535416
0,2.48544185524561e-05,0.00127703594401328
0,2.44872977277558e-05,0.00125817304090608
0,2.41255995887483e-05,0.00123958875886299
0,2.37692440377708e-05,0.00122127898241478
0,2.3418152160273e-05,0.0012032396568812
0,2.30722462073348e-05,0.00118546678747302
0,2.27314495784576e-05,0.00116795643840749
0,2.23956868045955e-05,0.00115070473203666
0,2.20648835314429e-05,0.00113370784798875
0,2.17389665029717e-05,0.0011169620223221
0,2.14178635452051e-05,0.00110046354669168
0,2.11015035502388e-05,0.00108420876752782
0,2.07898164604967e-05,0.00106819408522719
0,2.04827332532104e-05,0.00105241595335566
0,2.01801859251258e-05,0.00103687087786292
0,1.98821074774719e-05,0.00102155541630877
0,1.95884319010974e-05,0.00100646617710074
0,1.92990941618523e-05,0.000991599818743071
0,1.90140301862141e-05,0.000976953049096725
0,1.87331768470751e-05,0.000962522624650345
0,1.84564719497571e-05,0.000948305349801989
0,1.8183854218267e-05,0.000934298076151462
1,0.170117915263282,0.000920497701803107
1,0.163140848660661,0.0583836911706789
1,0.142982496903044,0.192392376781138
1,0.117007145704617,0.358392685678491
1,0.0904648033432794,0.524993760584062
1,0.0666793458180613,0.672644995125995
1,0.0473906130943259,0.791429984763753
1,0.0331520061948642,0.878570507645136
1,0.0237160040516868,0.936042610653783
1,0.0183670799542837,0.968541169075727
1,0.0161830292966114,0.981898813897951
1,0.0162213022711363,0.981971773019414
1,0.0176370021688756,0.973945783235794
1,0.0197446771608143,0.961983859749616
1,0.0220380068631236,0.949127395848333
1,0.024181059659899,0.937366023096124
1,0.0259829327821159,0.927804012591209
1,0.0273650485792153,0.920867110578542
1,0.0283277202881682,0.916510263908507
1,0.0289201762706837,0.914401594176236
1,0.0292162373077397,0.914070109750902
1,0.0292963472801043,0.915013635443629
1,0.0292356484496167,0.916769429983578
1,0.0290972025360707,0.918953389475595
1,0.0289291978402891,0.921275171987352
1,0.0287649564385164,0.923536611847482
1,0.0286246779572924,0.925619950871885
1,0.028518056864667,0.927471128004067
1,0.0284471355536018,0.929081957825665
1,0.0284089699275474,0.93047370470481
1,0.0283978667769658,0.931683444724846
1,0.0284070936870016,0.932753753041922
1,0.0284300615991935,0.933725661209416
1,0.0284610418019162,0.934634467475677
1,0.0284955101511766,0.935507807521578
1,0.0285302197177484,0.936365353508454
1,0.0285630964255335,0.93721955869594
1,0.0285930370675884,0.938076963714144
1,0.0286196703800952,0.938939698511871
1,0.0286431231480528,0.939806930000461
1,0.0286638167983808,0.940676106635798
1,0.0286823067085265,0.941543931393435
1,0.0286991668203753,0.942407052382556
1,0.0287149158657807,0.943262497461471
1,0.0287299780433372,0.944107899163714
1,0.0287446696727078,0.944941563202344
1,0.0287592035293269,0.945762431905544
1,0.028773703642573,0.946569986740455
1,0.0287882248551721,0.947364124450788
1,0.0288027730485834,0.948145031318081
1,0.0288173234153755,0.948913070974268
1,0.0288318353820276,0.949668693752749
1,0.0288462637074931,0.950412370013931
1,0.0288605659104195,0.9511445461517
1,0.0288747065494468,0.951865619824527
1,0.0288886590501523,0.952575930017272
1,0.0289024057960403,0.953275757472085
1,0.0289159371318173,0.953965331506776
1,0.0289292498084397,0.954644840002713
1,0.0289423452637823,0.955314440194657
1,0.0289552280025505,0.955974268699576
1,0.028967904227384,0.956624449903618
1,0.0289803807860585,0.957265102352739
1,0.028992664438064,0.957896343160539
1,0.0290047614052364,0.958518290673638
1,0.0290166771512832,0.959131065747519
1,0.0290284163291974,0.959734792014379
1,0.0290399828390657,0.960329595497573
1,0.0290513799476768,0.960915603869094
1,0.0290626104325435,0.961492945575734
1,0.0290736767242921,0.962061748989253
1,0.0290845810314346,0.962622141674071
1,0.0290953254396804,0.963174249816733
1,0.0291059119838855,0.963718197825599
1,0.0291163426946675,0.964254108086072
1,0.0291266196239066,0.964782100843979
1,0.0291367448542181,0.965302294185102
1,0.0291467204974303,0.965814804079692
1,0.0291565486864704,0.966319744464976
1,0.0291662315641712,0.966817227344442
1,0.0291757712715257,0.967307362888716
1,0.02918516993703,0.967790259528382
1,0.0291944296680005,0.968266024033674
1,0.0292035525441827,0.968734761579373
1,0.0292125406135861,0.969196575795566
1,0.0292213958902308,0.969651568806311
1,0.0292301203534004,0.970099841258825
1,0.029238715947963,0.970541492345907
1,0.0292471845853659,0.970976619824031
1,0.0292555281449798,0.971405320029079
1,0.0292637484755522,0.971827687891195
1,0.0292718473966003,0.97224381694973
1,0.0292798266996508,0.972653799368836
1,0.0292876881492885,0.97305772595396
1,0.029295433484001,0.973455686169225
1,0.0293030644168466,0.97384776815559
1,0.0293105826359761,0.974234058749563
1,0.0293179898050453,0.97461464350225
1,0.0293252875635519,0.974989606698528
1,0.0293324775271295,0.975359031376168
1,0.0293395612878191,0.975722999344759
1,0.0293465404143352,0.976081591204363
1,0.0293534164523381,0.976434886363827
1,0.0293601909247154,0.976782963058735
1,0.0293668653318753,0.977125898368999
1,0.0293734411520485,0.977463768236098
1,0.0293799198416016,0.977796647479988
1,0.0293863028353527,0.978124609815701
1,0.0293925915468904,0.97844772786966
1,0.0293987873688903,0.978766073195732
1,0.0294048916734331,0.979079716291025
1,0.0294109058123129,0.979388726611457
1,0.0294168311173453,0.979693172587092
1,0.0294226689006671,0.979993121637263
1,0.0294284204550321,0.980288640185474
1,0.0294340870540988,0.980579793674093
1,0.0294396699527146,0.980866646578835
1,0.0294451703871961,0.981149262423034
1,0.0294505895755992,0.981427703791711
1,0.0294559287179934,0.981702032345438
1,0.0294611889967236,0.981972308833991
1,0.0294663715766712,0.982238593109811
1,0.0294714776055145,0.98250094414126
1,0.0294765082139781,0.982759420025684
1,0.0294814645160872,0.983014078002281
1,0.0294863476094105,0.983264974464776
1,0.0294911585753053,0.983512164973912
1,0.0294958984791553,0.983755704269754
1,0.0295005683706089,0.983995646283812
1,0.0295051692838082,0.984232044150984
1,0.0295097022376212,0.984464950221321
1,0.0295141682358653,0.984694416071621
1,0.0295185682675314,0.984920492516849
1,0.0295229033070017,0.985143229621391
1,0.0295271743142658,0.985362676710139
1,0.0295313822351333,0.985578882379416
1,0.0295355280014442,0.985791894507734
1,0.0295396125312732,0.986001760266401
1,0.0295436367291355,0.986208526129963
1,0.0295476014861848,0.986412237886498
1,0.0295515076804127,0.986612940647756
1,0.0295553561768416,0.986810678859147
1,0.0295591478277164,0.987005496309584
1,0.0295628834726949,0.987197436141181
1,0.0295665639390315,0.987386540858808
1,0.0295701900417609,0.987572852339501
1,0.0295737625838801,0.987756411841735
1,0.0295772823565246,0.987937260014566
1,0.0295807501391447,0.988115436906626
1,0.0295841666996766,0.988290981974995
1,0.0295875327947137,0.988463934093941
1,0.0295908491696748,0.988634331563522
1,0.0295941165589675,0.988802212118076
1,0.0295973356861514,0.988967612934569
1,0.0296005072640986,0.989130570640836
1,0.029603631995152,0.989291121323684
1,0.0296067105712794,0.989449300536889
1,0.0296097436742286,0.989605143309066
1,0.0296127319756767,0.989758684151432
1,0.0296156761373805,0.989909957065438
1,0.0296185768113206,0.990058995550309
1,0.0296214346398487,0.990205832610457
1,0.0296242502558275,0.990350500762791
1,0.0296270242827719,0.990493032043918
1,0.0296297573349875,0.990633458017235
1,0.0296324500177061,0.990771809779923
1,0.029635102927219,0.990908117969831
1,0.0296377166510102,0.991042412772261
1,0.029640291767886,0.991174723926652
1,0.0296428288481032,0.991305080733167
1,0.0296453284534954,0.991433512059179
1,0.0296477911375981,0.991560046345668
1,0.0296502174457693,0.991684711613515
1,0.029652607915313,0.99180753546971
1,0.0296549630755953,0.991928545113462
1,0.0296572834481648,0.992047767342228
1,0.0296595695468649,0.992165228557641
1,0.0296618218779499,0.992280954771361
1,0.0296640409401958,0.992394971610832
1,0.0296662272250117,0.992507304324963
1,0.0296683812165484,0.99261797778971
1,0.0296705033918048,0.992727016513592
1,0.0296725942207343,0.992834444643119
1,0.0296746541663486,0.992940285968134
1,0.0296766836848203,0.993044563927084
1,0.0296786832255844,0.99314730161221
1,0.0296806532314369,0.993248521774663
1,0.0296825941386336,0.993348246829539
1,0.0296845063769862,0.993446498860843
1,0.0296863903699576,0.993543299626381
1,0.0296882465347563,0.99363867056258
1,0.0296900752824278,0.99373263278923
1,0.0296918770179468,0.993825207114164
1,0.0296936521403053,0.993916414037868
1,0.0296954010426018,0.994006273758016
1,0.0296971241121298,0.994094806173947
1,0.0296988217304603,0.994182030891068
1,0.0297004942735297,0.994267967225199
1,0.0297021421117205,0.994352634206849
1,0.0297037656099448,0.99443605058543
1,0.0297053651277241,0.994518234833408
1,0.029706941019271,0.994599205150398
1,0.0297084936335639,0.994678979467188
1,0.0297100233144278,0.994757575449715
1,0.0297115304006093,0.994835010502975
1,0.0297130152258505,0.994911301774876
1,0.0297144781189644,0.994986466160039
1,0.0297159194039078,0.995060520303535
1,0.0297173393998509,0.995133480604575
1,0.0297187384212507,0.995205363220139
1,0.0297201167779186,0.995276184068555
1,0.0297214747750905,0.995345958833024
1,0.0297228127134934,0.995414702965091
1,0.0297241308894123,0.99548243168807
1,0.029725429594756,0.995549160000415
1,0.0297267091171209,0.995614902679038
1,0.0297279697398565,0.995679674282585
1,0.0297292117421257,0.995743489154657
1,0.0297304353989689,0.99580636142699
1,0.0297316409813635,0.99586830502258
1,0.0297328287562846,0.995929333658769
1,0.0297339989867631,0.995989460850284
1,0.029735151931946,0.996048699912225
1,0.0297362878471517,0.99610706396302
1,0.0297374069839271,0.996164565927324
1,0.0297385095901042,0.996221218538886
1,0.0297395959098534,0.996277034343365
1,0.0297406661837392,0.996332025701112
1,0.0297417206487729,0.996386204789902
1,0.0297427595384641,0.996439583607638
1,0.0297437830828746,0.996492173975001
1,0.0297447915086662,0.996543987538069
1,0.0297457850391547,0.996595035770903
1,0.0297467638943558,0.996645329978077
1,0.0297477282910361,0.99669488129719
1,0.0297486784427605,0.996743700701327
1,0.0297496145599381,0.996791799001494
1,0.0297505368498721,0.996839186849006
1,0.0297514455168022,0.996885874737853
1,0.0297523407619515,0.996931873007016
1,0.0297532227835717,0.996977191842762
1,0.0297540917769847,0.9970218412809
1,0.0297549479346282,0.997065831208999
1,0.0297557914460984,0.99710917136858
1,0.0297566224981891,0.997151871357276
1,0.0297574412749364,0.997193940630954
1,0.029758247957657,0.997235388505808
1,0.0297590427249903,0.997276224160425
1,0.0297598257529363,0.997316456637818
1,0.0297605972148962,0.997356094847426
1,0.0297613572817093,0.997395147567086
1,0.0297621061216915,0.997433623444982
1,0.0297628439006725,0.997471531001555
1,0.0297635707820325,0.997508878631393
1,0.0297642869267392,0.997545674605089
1,0.0297649924933814,0.99758192707107
1,0.0297656876382064,0.997617644057408
1,0.0297663725151531,0.997652833473589
1,0.0297670472758871,0.997687503112272
1,0.0297677120698332,0.997721660651012
1,0.0297683670442093,0.997755313653957
1,0.0297690123440588,0.997788469573531
1,0.0297696481122829,0.997821135752074
1,0.0297702744896711,0.997853319423477
1,0.0297708916149348,0.99788502771478
1,0.0297714996247354,0.997916267647749
1,0.0297720986537162,0.997947046140434
1,0.0297726888345309,0.9979773700087
1,0.029773270297875,0.998007245967733
1,0.0297738431725127,0.998036680633533
1,0.0297744075853066,0.998065680524376
1,0.0297749636612448,0.998094252062255
1,0.0297755115234706,0.998122401574307
1,0.0297760512933067,0.998150135294211
1,0.0297765830902854,0.998177459363568
1,0.0297771070321717,0.998204379833266
1,0.0297776232349924,0.998230902664813
1,0.0297781318130601,0.998257033731661
1,0.0297786328789986,0.998282778820508
1,0.0297791265437688,0.998308143632574
1,0.0297796129166916,0.998333133784872
1,0.0297800921054745,0.998357754811442
0,-0.140319435783767,0.998382012164585
0,-0.133342168667485,0.940929121216065
0,-0.113183619357963,0.806930585949006
0,-0.0872080735256402,0.640940277465879
0,-0.0606655394053146,0.47434905525994
0,-0.036879892953551,0.326707527884917
0,-0.0175909740938751,0.207932102030987
0,-0.00335218380785873,0.120801001668241
0,0.00608399901309831,0.063338181999644
0,0.0114331011195173,0.0308487697949517
0,0.013617327156862,0.0175001360925987
0,0.0135792269715025,0.0174360549891312
0,0.0121636973106863,0.0254707916548957
0,0.0100561900411271,0.0374413328243578
0,0.0077630255837956,0.0503062871184395
0,0.00562013559118979,0.06207602485315
0,0.00381842286838674,0.0716462767826868
0,0.00243646510146611,0.078591298487149
0,0.00147394908845211,0.0829561449142507
0,0.000881646502114752,0.0850726962403975
0,0.000585736595445474,0.0854119458417859
0,0.000505775521143503,0.0844760706268826
0,0.000566621050343108,0.0827278135607159
0,0.00070521149573699,0.0805512802076074
0,0.000873358588508455,0.0782368141443926
0,0.00103774028394665,0.0759825826626611
0,0.00117815698657975,0.0739063455427985
0,0.00128491425896715,0.0720621654140082
0,0.00135596973830387,0.0704582292441322
0,0.00139426755085093,0.0690732741916305
0,0.00140550093541847,0.0678702256772029
0,0.00139640233570215,0.0668065100265271
0,0.00137356083857776,0.0658410971461636
0,0.00134270518366486,0.0649386902261379
0,0.00130835954253761,0.0640716550027057
0,0.00127377087159564,0.0632203207107271
0,0.00124101327370951,0.0623722354661415
0,0.0012111899821996,0.0615208599940946
0,0.00118467228687025,0.0606640656810179
0,0.00116133342832692,0.0598026869310859
0,0.00114075200487473,0.0589392765844968
0,0.00112237266391846,0.0580771329426368
0,0.00110562148805871,0.0572196091543976
0,0.00108997976956526,0.0563696786009644
0,0.00107502333361154,0.0555297099699891
0,0.00106043588395044,0.0547013987515596
0,0.00104600466821814,0.0538858038028702
0,0.00103160567976601,0.0530834448246456
0,0.00101718409826212,0.0522944262237927
0,0.00100273406431028,0.0515185628523949
0,0.000988280407079212,0.0507554921953946
0,0.000973863721505763,0.050004765019771
0,0.000959529269737081,0.0492659120492441
0,0.000945319553913193,0.0485384879580392
0,0.000931270035875342,0.0478220961400219
0,0.000917407310225382,0.0471163986471231
0,0.000903749013339228,0.0464211157586706
0,0.000890304820096999,0.045736019163244
0,0.000877077998840736,0.0450609219709988
0,0.000864067130707524,0.0443956679240522
0,0.000851267729724159,0.0437401213678859
0,0.000838673611705421,0.0430941588645857
0,0.000826277947058807,0.0424576628024213
0,0.000814073994207742,0.0418305169882192
0,0.000802055548965674,0.0412126039821937
0,0.000790217165013984,0.0406038038222972
0,0.000778554206491144,0.0400039937565736
0,0.000767062790188788,0.0394130486289069
0,0.000755739665948274,0.0388308416217322
0,0.000744582072640054,0.0382572451300651
0,0.000733587595780183,0.0376921316115211
0,0.000722754042759455,0.0371353743188017
0,0.000712079343537175,0.0365868478704161
0,0.000701561478694546,0.036046428651166
0,0.000691198432822393,0.0355139950570967
0,0.000680988169025065,0.0349894276122846
0,0.000670928619450062,0.0344726089894786
0,0.000661017686814591,0.0339634239657568
0,0.000651253252520967,0.0334617593401806
0,0.000641633187854929,0.0329675038346751
0,0.000632155365733356,0.0324805479933139
0,0.000622817671364684,0.0320007840896536
0,0.000613618010934847,0.0315281060472009
0,0.000604554318000106,0.0310624093746706
0,0.000595624557657659,0.0306035911153724
0,0.000586826728799672,0.0301515498086997
0,0.000578158864864176,0.0297061854610874
0,0.000569619033517099,0.0292673995237329
0,0.000561205335660009,0.0288350948746478
0,0.000552915904087792,0.0284091758030617
0,0.000544748902040038,0.027989547994709
0,0.000536702521809485,0.0275761185170214
0,0.000528774983503733,0.027168795803665
0,0.0005209645340018,0.0267674896381839
0,0.000513269446110076,0.0263721111367424
0,0.000505688017897132,0.0259825727300998
0,0.000498218572174636,0.0255987881450216
0,0.000490859456087955,0.0252206723853545
0,0.000483609040780486,0.0248481417129764
0,0.000476465721102881,0.0244811136287981
0,0.000469427915343656,0.0241195068539517
0,0.000462494064964514,0.0237632413112595
0,0.000455662634331555,0.0234122381070352
0,0.000448932110435341,0.023066419513246
0,0.000442301002600676,0.0227257089500337
0,0.000435767842184687,0.0223900309685869
0,0.000429331182267956,0.0220593112343405
0,0.000422989597339857,0.0217334765104837
0,0.000416741682982141,0.0214124546417498
0,0.000410586055552942,0.0210961745384712
0,0.00040452135187341,0.0207845661608804
0,0.000398546228918439,0.0204775605036465
0,0.000392659363512543,0.0201750895806348
0,0.000386859452030985,0.0198770864098866
0,0.000381145210107348,0.0195834849988106
0,0.000375515372345703,0.0192942203295865
0,0.000369968692039008,0.0190092283447767
0,0.00036450394089213,0.0187284459331454
0,0.000359119908749761,0.0184518109156824
0,0.000353815403328822,0.018179262031832
0,0.000348589249954817,0.0179107389259229
0,0.000343440291302455,0.0176461821337992
0,0.000338367387139993,0.0173855330696477
0,0.000333369414077106,0.0171287340130216
0,0.000328445265316502,0.0168757280960558
0,0.000323593850409393,0.0166264592908716
0,0.000318814095013803,0.0163808723971689
0,0.000314104940656978,0.0161389130300009
0,0.000309465344501075,0.0159005276077312
0,0.000304894279111928,0.0156656633401678
0,0.000300390732231814,0.0154342682168736
0,0.000295953706554997,0.0152062909956482
0,0.000291582219506925,0.0149816811911818
0,0.000287275303026607,0.0147603890638745
0,0.000283032003352085,0.0145423656088224
0,0.000278851380809436,0.0143275625449657
0,0.000274732509604331,0.0141159323043966
0,0.000270674477617333,0.0139074280218258
0,0.000266676386201647,0.0137020035242041
0,0.00026273734998436,0.0134996133204975
0,0.000258856496670151,0.0133002125916135
0,0.000255032966848229,0.0131037571804754
0,0.000251265913802035,0.012910203582244
0,0.000247554503321784,0.0127195089346838
0,0.000243897913519531,0.0125316310086704
0,0.000240295334647422,0.0123465281988397
0,0.000236745968918317,0.012164159514374
0,0.000233249030328869,0.0119844845699248
0,0.000229803744485862,0.0118074635766691
0,0.000226409348434486,0.0116330573334989
0,0.000223065090489277,0.0114612272183395
0,0.000219770230067973,0.0112919351795971
0,0.000216524037527338,0.0111251437277322
0,0.000213325794001462,0.0109608159269575
0,0.000210174791242801,0.0107989153870586
0,0.000207070331465165,0.0106394062553353
0,0.000204011727189299,0.0104822532086624
0,0.000200998301090577,0.0103274214456669
0,0.000198029385849008,0.0101748766790219
0,0.000195104324001577,0.0100245851278531
0,0.000192222467796446,0.00987651351025846
0,0.000189383179049638,0.00973062903593783
0,0.000186585829003785,0.00958689939893156
0,0.000183829798188692,0.00944529277046643
0,0.000181114476284328,0.00930577779190715
0,0.000178439261985561,0.00916832356781206
0,0.000175803562869073,0.00903289965909137
0,0.000173206795262143,0.00889947607626641
0,0.000170648384113375,0.00876802327282855
0,0.000168127762865372,0.00863851213869611
0,0.000165644373329304,0.00851091399376801
0,0.000163197665561207,0.00838520058157254
0,0.000160787097740284,0.00826134406301005
0,0.000158412136048891,0.00813931701018797
0,0.000156072254554315,0.00801909240034694
0,0.00015376693509235,0.00790064360987668
0,0.000151495667152446,0.00778394440842016
0,0.000149257947764783,0.00766896895306498
0,0.000147053281388809,0.00755569178262045
0,0.000144881179803547,0.00744408781197924
0,0.000142741161999416,0.0073341323265623
0,0.000140632754071807,0.00722580097684589
0,0.000138555489116052,0.00711906977296933
0,0.000136508907124036,0.00701391507942257
0,0.000134492554882404,0.00691031360981201
0,0.000132505985872125,0.00680824242170386
0,0.000130548760169644,0.0067076789115435
0,0.0001286204443494,0.00660860080964996
0,0.000126720611387979,0.00651098617528436
0,0.000124848840569403,0.00641481339179109
0,0.000123004717392003,0.0063200611618109
0,0.000121187833476741,0.00622670850256455
0,0.000119397786476599,0.00613473474120626
0,0.000117634179987627,0.00604411951024566
0,0.000115896623461037,0.00595484274303753
0,0.000114184732116829,0.00586688466933795
0,0.000112498126858498,0.0057802258109263
0,0.00011083643418916,0.00569484697729175
0,0.000109199286128708,0.00561072926138361
0,0.000107586320132497,0.00552785403542434
0,0.000105997179010962,0.00544620294678445
0,0.000104431510850482,0.00536575791391834
0,0.000102888968935566,0.00528650112236018
0,0.000101369211671927,0.00520841502077888
0,9.98719025109979e-05,0.0051314823170914
0,9.83967098752425e-05,0.0050556859746334
0,9.69433070848666e-05,0.00498100920838652
0,9.55113722853687e-05,0.00490743548126136
0,9.41005883763474e-05,0.00483494850043531
0,9.27106429412239e-05,0.00476353221374458
0,9.13412281780684e-05,0.00469317080612945
0,8.99920408314672e-05,0.00462384869613202
0,8.866278212534e-05,0.00455555053244573
0,8.73531576967707e-05,0.00448826119051583
0,8.60628775308375e-05,0.00442196576919007
0,8.47916558963935e-05,0.00435664958741882
0,8.35392112827765e-05,0.00429229818100402
0,8.23052663374776e-05,0.00422889729939607
0,8.10895478047247e-05,0.00416643290253804
0,7.98917864649334e-05,0.00410489115775657
0,7.87117170751861e-05,0.0040442584366986
0,7.75490783103613e-05,0.00398452131231337
0,7.64036127053544e-05,0.00392566655587908
0,7.52750665980462e-05,0.00386768113407332
0,7.4163190073126e-05,0.00381055220608693
0,7.30677369067331e-05,0.00375426712078036
0,7.19884645119379e-05,0.00369881341388212
0,7.09251338850345e-05,0.00364417880522858
0,6.98775095526113e-05,0.00359035119604452
0,6.88453595193636e-05,0.0035373186662639
0,6.78284552168007e-05,0.00348506947189014
0,6.68265714525509e-05,0.00343359204239545
0,6.58394863605472e-05,0.00338287497815855
0,6.48669813518368e-05,0.0033329070479402
0,6.39088410662597e-05,0.00328367718639611
0,6.29648533246666e-05,0.00323517449162648
0,6.20348090819914e-05,0.00318738822276183
0,6.11185023809344e-05,0.00314030779758442
0,6.02157303063733e-05,0.00309392279018482
0,5.93262929403926e-05,0.00304822292865312
0,5.84499933180618e-05,0.00300319809280424
0,5.75866373837622e-05,0.00295883831193678
0,5.67360339482556e-05,0.00291513376262509
0,5.58979946463367e-05,0.00287207476654381
0,5.50723338950954e-05,0.00282965178832465
0,5.42588688528384e-05,0.00278785543344482
0,5.34574193786289e-05,0.00274667644614656
0,5.26678079923321e-05,0.0027061057073875
0,5.18898598353655e-05,0.00266613423282126
0,5.11234026319418e-05,0.00262675317080788
0,5.03682666509395e-05,0.00258795380045361
0,4.96242846683148e-05,0.0025497275296797
0,4.88912919300484e-05,0.00251206589331968
0,4.81691261157019e-05,0.00247496055124475
0,4.74576273024226e-05,0.0024384032865169
0,4.67566379295722e-05,0.00240238600356925
0,4.60660027638039e-05,0.0023669007264133
0,4.53855688647073e-05,0.00233193959687266
0,4.4715185550926e-05,0.00229749487284288
0,4.40547043668096e-05,0.00226355892657692
0,4.34039790494986e-05,0.00223012424299607
0,4.27628654965755e-05,0.00219718341802567
0,4.21312217341319e-05,0.00216472915695552
0,4.15089078853459e-05,0.0021327542728245
0,4.0895786139479e-05,0.00210125168482895
0,4.02917207213832e-05,0.00207021441675472
0,3.96965778614276e-05,0.00203963559543223
0,3.91102257658593e-05,0.00200950844921446
0,3.85325345876458e-05,0.00197982630647734
0,3.79633763976893e-05,0.00195058259414235
0,3.74026251565261e-05,0.00192177083622091
0,3.68501566864049e-05,0.00189338465238026
0,3.63058486437702e-05,0.00186541775653058
0,3.5769580492194e-05,0.00183786395543294
0,3.52412334756712e-05,0.00181071714732776
0,3.47206905923284e-05,0.00178397132058364
0,3.42078365684999e-05,0.00175762055236608
0,3.37025578332206e-05,0.00173165900732584
0,3.32047424930551e-05,0.00170608093630675
0,3.2714280307336e-05,0.00168088067507255
0,3.22310626637325e-05,0.00165605264305255
0,3.17549825542274e-05,0.0016315913421058
0,3.12859345513901e-05,0.00160749135530358
0,3.08238147850477e-05,0.00158374734572976
0,3.03685209192689e-05,0.00156035405529903
0,2.9919952129729e-05,0.00153730630359242
0,2.94780090813428e-05,0.00151459898671016
0,2.90425939063026e-05,0.00149222707614139
0,2.86136101823875e-05,0.00147018561765061
0,2.81909629116124e-05,0.00144846973018061
0,2.77745584991961e-05,0.0014270746047715
0,2.73643047328312e-05,0.00140599550349581
0,2.696011076226e-05,0.00138522775840928
0,2.65618870791684e-05,0.00136476677051715
0,2.61695454973447e-05,0.00134460800875568
0,2.57829991331723e-05,0.00132474700898882
0,2.54021623863725e-05,0.00130517937301956
0,2.50269509210633e-05,0.00128590076761601
0,2.46572816470659e-05,0.00126690692355177
0,2.42930727015183e-05,0.00124819363466054
0,2.39342434307423e-05,0.00122975675690467
0,2.35807143723829e-05,0.00121159220745744
0,2.32324072378092e-05,0.00119369596379895
0,2.28892448947866e-05,0.00117606406282533
0,2.25511513503793e-05,0.00115869259997111
0,2.2218051734137e-05,0.00114157772834455
0,2.18898722815098e-05,0.00112471565787578
0,2.15665403175119e-05,0.00110810265447747
0,2.1247984240625e-05,0.00109173503921791
0,2.0934133506954e-05,0.00107560918750634
0,2.06249186145892e-05,0.00105972152829028
0,2.03202710882238e-05,0.00104406854326471
0,2.0020123463995e-05,0.00102864676609297
0,1.97244092745349e-05,0.00101345278163912
0,1.94330630342542e-05,0.000998483225211676
0,1.91460202248403e-05,0.000983734781818498
0,1.88632172809754e-05,0.00096920418543269
0,1.85845915762466e-05,0.000954888218269341
0,1.83100814093017e-05,0.000940783710072949
0,1.80396259901513e-05,0.000926887537415372
0,1.77731654267353e-05,0.000913196623004152
0,1.75106407116522e-05,0.000899707935001043
0,1.72519937090866e-05,0.000886418486350624
0,1.69971671419352e-05,0.00087332533411881
0,1.67461045791333e-05,0.00086042557884115
0,1.64987504231457e-05,0.000847716363880738
0,1.62550498976587e-05,0.000835194874795616
0,1.60149490354543e-05,0.000822858338715521
0,1.57783946664568e-05,0.00081070402372783
0,1.55453344059548e-05,0.000798729238272585
0,1.53157166430089e-05,0.000786931330546452
0,1.50894905290074e-05,0.000775307687915479
0,1.48666059664217e-05,0.00076385573633653
0,1.46470135977093e-05,0.00075257293978727
0,1.44306647943734e-05,0.000741456799704559
0,1.42175116462067e-05,0.000730504854431155
0,1.40075069506741e-05,0.00071971467867058
0,1.38006042024602e-05,0.00070908388295004
0,1.35967575831761e-05,0.000698610113091276
0,1.33959219512066e-05,0.000688291049689241
0,1.3198052831718e-05,0.000678124407598464
0,1.30031064068063e-05,0.000668107935427009
0,1.28110395057977e-05,0.000658239415037907
0,1.26218095956813e-05,0.000648516661057953
1.77635683940025e-13,1.24353748019151e-05,0.000638937520393754
1,0.170112251693747,0.000629499871765144
1,0.163135268746845,0.0580969916252082
1,0.142976999409283,0.192109912030921
1,0.117001729413497,0.358114393172008
1,0.0904594670553702,0.524719578693734
1,0.0666740883516473,0.672374863134536
1,0.0473854332851471,0.791163842850723
1,0.0331469028958575,0.878308296873696
1,0.0237109761327319,0.935784272957642
1,0.0183621263019531,0.96828664724628
1,0.0161781488139239,0.981648051571616
1,0.0162164938773145,0.981724714665143
1,0.0176322647991055,0.973702374142783
1,0.0197400097660104,0.961744046015183
1,0.0220334084096965,0.948891124365986
1,0.0241765291295257,0.937133241543799
1,0.0259784691715156,0.92757466941968
1,0.0273606508999258,0.920641155000013
1,0.0283233875663286,0.916287645885358
1,0.0289159075468174,0.914182264409945
1,0.0292120316365422,0.913854019671128
1,0.0292922037302346,0.914800737197458
1,0.0292315661034898,0.916559676424922
1,0.0290931804896558,0.918746734154754
1,0.0289252352029081,0.921071569140728
1,0.0287610523326478,0.923336016387444
1,0.0286208315183761,0.925422318376785
1,0.0285142672409132,0.927276414708401
1,0.0284434019058023,0.928890120610384
1,0.0284052914288899,0.930284701087771
1,0.0283942426128507,0.9314972328514
1,0.0284035230548618,0.932570291675651
1,0.0284265437083162,0.933544909722998
1,0.0284575758732684,0.93445638584189
1,0.0284920954172319,0.935332356304436
1,0.0285268554223179,0.936192493854474
1,0.0285597818235974,0.937049252325537
1,0.028589771425132,0.937909172913157
1,0.0286164529739454,0.938774386123207
1,0.0286399532657187,0.93964405941587
1,0.0286606937378948,0.940515641787765
1,0.0286792297782907,0.941385836747192
1,0.0286961353390065,0.942251292928215
1,0.0287119291619606,0.943109038706268
1,0.0287270354556635,0.943956707124372
1,0.0287417705495479,0.94479260439755
1,0.0287563472286729,0.94561567334853
1,0.0287708895319001,0.946425395931698
1,0.0287854523112987,0.947221669370809
1,0.0288000414575327,0.948004680420355
1,0.0288146321722391,0.94877479317824
1,0.0288291838908334,0.949532458436951
1,0.0288436513810708,0.950278147009199
1,0.0288579921702725,0.951012305734493
1,0.028872170825623,0.951735332710348
1,0.0288861607811179,0.952447567354181
1,0.0288999444285565,0.953149290834308
1,0.0289135121208173,0.953840732888412
1,0.0289268606169071,0.954522081811533
1,0.0289399913626334,0.955193495245991
1,0.0289529088705163,0.955855110210296
1,0.0289656193508954,0.956507051486205
1,0.028978129659132,0.957149438009439
1,0.0289904465621897,0.957782387277609
1,0.0290025762892685,0.958406018015669
1,0.0290145243113298,0.959020451451853
1,0.0290262952885143,0.959625811585599
1,0.0290378931279511,0.960222224802081
1,0.0290493211033662,0.960809819129765
1,0.0290605819991085,0.961388723366652
1,0.0290716782525375,0.961959066230521
1,0.0290826120788017,0.962520975626703
1,0.0290933855701465,0.963074578077617
1,0.0291040007678682,0.963619998322537
1,0.0291144597089301,0.964157359072888
1,0.0291247644514643,0.964686780895709
1,0.0291349170842452,0.965208382193246
1,0.029144919725169,0.96572227924754
1,0.0291547745131415,0.966228586303004
1,0.0291644835968858,0.966727415665775
1,0.0291740491231982,0.967218877804652
1,0.029183473226293,0.967703081443996
1,0.0291927580191187,0.968180133643473
1,0.0292019055869717,0.968650139863023
1,0.0292109179833289,0.969113204013678
1,0.0292197972275974,0.969569428496294
1,0.0292285453043688,0.970018914230797
1,0.0292371641637403,0.970461760678665
1,0.0292456557223111,0.970898065861081
1,0.0292540218645283,0.971327926374731
1,0.0292622644441394,0.971751437406708
1,0.0292703852855891,0.972168692749517
1,0.0292783861852588,0.972579784816724
1,0.0292862689125144,0.972984804659506
1,0.0292940352105568,0.973383841984087
1,0.0293016867970859,0.97377698516995
1,0.0293092253648268,0.974164321288605
1,0.0293166525819408,0.974545936122689
1,0.0293239700923662,0.974921914185189
1,0.02933117951611,0.975292338738615
1,0.0293382824495221,0.975657291813981
1,0.0293452804655632,0.976016854229498
1,0.0293521751140773,0.976371105608942
1,0.0293589679220729,0.97672012439965
1,0.0293656603940182,0.97706398789016
1,0.029372254012145,0.977402772227497
1,0.0293787502367606,0.977736552434124
1,0.0293851505065663,0.978065402424592
1,0.0293914562389765,0.978389395021893
1,0.0293976688304363,0.978708601973561
1,0.0294037896567398,0.97902309396751
1,0.0294098200733399,0.979332940647644
1,0.0294157614156572,0.979638210629241
1,0.0294216149993793,0.979938971514106
1,0.0294273821207596,0.980235289905526
1,0.0294330640569036,0.98052723142299
1,0.0294386620660549,0.980814860716724
1,0.0294441773878762,0.981098241481992
1,0.0294496112437213,0.981377436473205
1,0.029454964836906,0.981652507517825
1,0.0294602393529766,0.981923515530052
1,0.0294654359599675,0.982190520524321
1,0.0294705558086616,0.982453581628597
1,0.0294756000328464,0.982712757097471
1,0.0294805697495601,0.982968104325061
1,0.0294854660593435,0.983219679857728
1,0.0294902900464795,0.983467539406594
1,0.0294950427792369,0.983711737859883
1,0.0294997253101033,0.983952329295073
1,0.0295043386760208,0.984189366990877
1,0.0295088838986146,0.984422903439036
1,0.0295133619844195,0.984652990355942
1,0.0295177739251029,0.984879678694097
1,0.0295221206976837,0.985103018653388
1,0.0295264032647506,0.98532305969221
1,0.0295306225746732,0.985539850538415
1,0.0295347795618128,0.985753439200102
1,0.0295388751467294,0.985963872976251
1,0.029542910236386,0.986171198467196
1,0.029546885724349,0.986375461584944
1,0.0295508024909854,0.986576707563342
1,0.0295546614036597,0.986774980968095
1,0.0295584633169237,0.986970325706634
1,0.0295622090727066,0.987162785037842
1,0.0295658995005024,0.98735240158163
1,0.029569535417552,0.987539217328378
1,0.0295731176290255,0.98772327364823
1,0.0295766469281999,0.987904611300262
1,0.0295801240966347,0.988083270441499
1,0.0295835499043451,0.988259290635817
1,0.0295869251099723,0.988432710862698
1,0.029590250460952,0.988603569525865
1,0.02959352669368,0.988771904461784
1,0.0295967545336739,0.988937752948045
1,0.0295999346957359,0.989101151711618
1,0.0296030678841088,0.989262136936981
1,0.0296061547926343,0.989420744274141
1,0.0296091961049054,0.989577008846519
1,0.0296121924944164,0.989730965258738
1,0.0296151446247153,0.98988264760428
1,0.029618053149548,0.990032089473036
1,0.0296209187130041,0.990179323958747
1,0.0296237419496592,0.990324383666331
1,0.0296265234847168,0.990467300719105
1,0.0296292639341442,0.990608106765895
1,0.0296319639048115,0.990746832988049
1,0.0296346239946237,0.99088351010634
1,0.0296372447926552,0.991018168387767
1,0.0296398268792786,0.991150837652263
1,0.0296423708262945,0.991281547279292
1,0.0296448771970572,0.991410326214362
1,0.0296473465465996,0.991537202975427
1,0.0296497794217569,0.991662205659211
1,0.0296521763612865,0.991785361947423
1,0.0296545378959876,0.991906699112891
1,0.02965686454882,0.992026244025598
1,0.0296591568350184,0.992144023158637
1,0.029661415262207,0.99226006259407
1,0.0296636403305124,0.992374388028705
1,0.0296658325326731,0.992487024779786
1,0.0296679923541501,0.992597997790601
1,0.0296701202732332,0.992707331636003
1,0.0296722167611487,0.992815050527854
1,0.029674282282161,0.992921178320387
1,0.0296763172936774,0.993025738515486
1,0.029678322246349,0.993128754267896
1,0.0296802975841706,0.993230248390343
1,0.0296822437445787,0.99333024335859
1,0.0296841611585485,0.993428761316417
1,0.029686050250689,0.993525824080518
1,0.0296879114393376,0.993621453145339
1,0.0296897451366525,0.993715669687832
1,0.0296915517487042,0.993808494572149
1,0.0296933316755648,0.993899948354261
1,0.0296950853113978,0.99399005128651
1,0.029696813044543,0.994078823322092
1,0.0296985152576053,0.99416628411948
1,0.029700192327538,0.994252453046773
1,0.0297018446257269,0.994337349185986
1,0.0297034725180714,0.994420991337278
1,0.0297050763650666,0.994503398023113
1,0.0297066565218824,0.994584587492364
1,0.0297082133384428,0.994664577724351
1,0.0297097471595034,0.994743386432824
1,0.0297112583247268,0.994821031069887
1,0.0297127471687595,0.994897528829861
1,0.0297142140213043,0.994972896653094
1,0.0297156592071934,0.995047151229707
1,0.0297170830464626,0.995120309003297
1,0.0297184858544193,0.995192386174574
1,0.0297198679417132,0.995263398704951
1,0.0297212296144069,0.995333362320075
1,0.029722571174041,0.995402292513313
1,0.0297238929177024,0.995470204549183
1,0.0297251951380892,0.995537113466731
1,0.0297264781235782,0.995603034082865
1,0.029727742158284,0.995667980995636
1,0.0297289875221258,0.995731968587465
1,0.0297302144908886,0.995795011028338
1,0.0297314233362826,0.995857122278934
1,0.0297326143260062,0.995918316093724
1,0.029733787723802,0.99597860602401
1,0.0297349437895178,0.996038005420935
1,0.0297360827791635,0.996096527438429
1,0.0297372049449667,0.996154185036131
1,0.0297383105354303,0.996210990982253
1,0.0297393997953856,0.996266957856411
1,0.0297404729660482,0.99632209805241
1,0.029741530285071,0.996376423780985
1,0.0297425719865954,0.996429947072511
1,0.0297435983013059,0.996482679779664
1,0.0297446094564782,0.996534633580044
1,0.0297456056760317,0.996585819978764
1,0.0297465871805784,0.996636250310998
1,0.0297475541874708,0.996685935744487
1,0.0297485069108523,0.996734887282019
1,0.0297494455617018,0.996783115763858
1,0.0297503703478825,0.99683063187015
1,0.029751281474188,0.996877446123284
1,0.029752179142386,0.996923568890226
1,0.0297530635512639,0.996969010384815
1,0.0297539348966729,0.99701378067002
1,0.0297547933715721,0.997057889660172
1,0.0297556391660696,0.997101347123159
1,0.0297564724674653,0.997144162682591
1,0.0297572934602932,0.997186345819926
1,0.0297581023263613,0.997227905876575
1,0.0297588992447924,0.997268852055968
1,0.0297596843920627,0.997309193425592
1,0.0297604579420427,0.997348938918998
1,0.0297612200660335,0.997388097337786
1,0.0297619709328076,0.997426677353543
1,0.0297627107086429,0.997464687509773
0,-0.140336560442638,0.997502136223785
0,-0.133359040380632,0.940062241788555
0,-0.113200241861609,0.80607651106527
0,-0.0872244505008211,0.640098817991955
0,-0.0606816744786933,0.473520024855534
0,-0.0368957896982223,0.325890742962139
0,-0.0176066360301563,0.207127381713697
0,-0.00336761440406819,0.120008167751991
0,0.00606879633987167,0.0625570589122176
0,0.0114181230026575,0.0300791845574833
0,0.0136025702794811,0.0167419182812667
0,0.0135646880657061,0.0166890366974185
0,0.0121493731568495,0.0247348074564064
0,0.0100420774671814,0.0367162197361843
0,0.00774912146452666,0.0495918845650697
0,0.00560643684754536,0.0613721746309085
0,0.00380492646679476,0.0709528230247003
0,0.00242316805316301,0.07790808762883
0,0.00146084844882099,0.0822830256592907
0,0.000868739370032956,0.0844095195272629
0,0.000573020112642597,0.0847585648107082
0,0.000493246871568154,0.0838323405873366
0,0.000554277459539398,0.0820935919593779
0,0.000693050230229697,0.0799264265967872
0,0.000861376955198723,0.0776211901509316
0,0.0010259356295147,0.0753760519572892
0,0.00116652669689765,0.0733087738099446
0,0.00127345575851956,0.071473420322056
0,0.00134468048961833,0.0698781804161156
0,0.00138314505393544,0.0685017931763617
0,0.00139454272720807,0.0673071859208267
0,0.00138560598951354,0.0662517868444962
0,0.00136292396357163,0.0652945676956271
0,0.00133222542431677,0.0644002334787381
0,0.00129803457811584,0.063541151717776
0,0.00126359841564805,0.0626976534088867
0,0.00123099107355695,0.0618572884032795
0,0.00120131581843663,0.0610135191357388
0,0.00117494397287399,0.0601642186770819
0,0.00115174880977265,0.0593102230909893
0,0.00113130895925873,0.0584540868526532
0,0.00111306910008868,0.0575991098743028
0,0.00109645534575076,0.0567486468918799
0,0.00108094901894717,0.0559056728501773
0,0.00106612597483291,0.0550725579773592
0,0.00105166994670103,0.0542509992812707
0,0.00103736821129063,0.0534420571144448
0,0.0010230967906264,0.0526462526508579
0,0.00100880089262567,0.051863691748907
0,0.000994474685725333,0.0510941906907259
0,0.00098014302651539,0.0503373883701844
0,0.000965846536948867,0.0495928369423779
0,0.000951630505790058,0.0488600684986393
0,0.000937537461403348,0.0481386390606059
0,0.000923602891466868,0.0474281533496524
0,0.000909853416037332,0.0467282747256111
0,0.000896306696569815,0.0460387247563918
0,0.000882972432653117,0.0453592764001232
0,0.000869853916973362,0.0446897440177571
0,0.000856949754651282,0.0440299725837318
0,0.000844255483343825,0.0433798276576478
0,0.000831764942146485,0.042739186997776
0,0.000819471324403909,0.0421079341709025
0,0.00080736791113778,0.0414859541449628
0,0.000795448520425623,0.0408731306241293
0,0.000783707727884442,0.0402693447734154
0,0.000772140919264419,0.0396744749512785
0,0.000760744232649324,0.039088397095614
0,0.000749514438858401,0.0385109854667093
0,0.000738448797429736,0.0379421135215115
0,0.000727544914242317,0.0373816547638817
0,0.000716800616748781,0.036829483477313
0,0.000706213854673843,0.0362854752958811
0,0.000695782628072295,0.0357495076049527
0,0.000685504940721171,0.0352214597863594
0,0.000675378774627089,0.0347012133354029
0,0.000665402080560873,0.0341886518817113
0,0.000655572779588276,0.0336836611451085
0,0.000645888771188596,0.033186128853476
0,0.000636347944457938,0.03269594464384
0,0.00062694818986031,0.0322129999618582
0,0.000617687409892098,0.031737187969354
0,0.000608563527771833,0.0312684034649805
0,0.000599574493836741,0.0308065428196725
0,0.00059071828971724,0.0303515039262238
0,0.000581992930594522,0.0299031861609642
0,0.000573396465954834,0.0294614903549028
0,0.000564926979275571,0.0290263187716315
0,0.000556582587035892,0.0285975750895569
0,0.000548361437378353,0.0281751643864809
0,0.000540261708663614,0.0277589931250621
0,0.00053228160808183,0.0273489691381812
0,0.000524419370418305,0.0269450016136463
0,0.000516673257012767,0.0265470010780044
0,0.000509041554918821,0.0261548793794481
0,0.000501522576241586,0.0257685496699522
0,0.000494114657622391,0.0253879263868445
0,0.000486816159831482,0.0250129252340388
0,0.000479625467436129,0.0246434631631394
0,0.000472540988512682,0.0242794583545955
0,0.000465561154379734,0.0239208301990403
0,0.000458684419336886,0.0235674992789081
0,0.000451909260398287,0.0232193873503817
0,0.000445234177015918,0.022876417325698
0,0.0004386576907916,0.0225385132558117
0,0.000432178345178613,0.022205600313406
0,0.000425794705174481,0.021877604776231
0,0.000419505357010019,0.0215544540107462
0,0.00041330890783467,0.0212360764560447
0,0.000407203985403448,0.0209224016080392
0,0.000401189237766164,0.0206133600038934
0,0.000395263332960305,0.0203088832066855
0,0.000389424958709778,0.0200089037902942
0,0.000383672822128173,0.0197133553245021
0,0.000378005649428664,0.0194221723603098
0,0.000372422185638849,0.0191352904154595
0,0.000366921194321079,0.0188526459601654
0,0.000361501457298047,0.0185741764030493
0,0.000356161774382829,0.0182998200772803
0,0.000350900963113354,0.0180295162269165
0,0.000345717858491162,0.0177632049934469
0,0.00034061131272406,0.0175008274025323
0,0.000335580194972568,0.0172423253509414
0,0.00033062339109996,0.0169876415936809
0,0.000325739803425873,0.0167367197313164
0,0.000320928350483557,0.016489504197481
0,0.000316187966780734,0.0162459402465691
0,0.000311517602563427,0.0160059739416127
0,0.000306916223583781,0.0157695521423366
0,0.00030238281087086,0.0155366224933913
0,0.000297916360504968,0.0153071334127586
0,0.000293515883395407,0.0150810340803295
0,0.000289180405061373,0.0148582744266503
0,0.000284908965415748,0.0146388051218352
0,0.00028070061855312,0.0144225775646425
0,0.000276554432539627,0.0142095438717117
0,0.000272469489207006,0.0139996568669606
0,0.000268444883949032,0.0137928700711374
0,0.000264479725521322,0.0135891376915286
0,0.000260573135843795,0.0133884146118179
0,0.000256724249806495,0.0131906563820956
0,0.000252932215077717,0.0129958192090146
0,0.000249196191915435,0.0128038599460929
0,0.000245515352981396,0.0126147360841586
0,0.000241888883157765,0.0124284057419364
0,0.00023831597936666,0.0122448276567728
0,0.000234795850392405,0.0120639611754988
0,0.000231327716706226,0.011885766245427
0,0.000227910810293636,0.0117102034054823
0,0.000224544374484381,0.0115372337774628
0,0.000221227663784879,0.0113668190574311
0,0.000217959943713153,0.0111989215072308
0,0.000214740490636064,0.0110335039461304
0,0.000211568591609243,0.0108705297425894
0,0.000208443544219034,0.0107099628061459
0,0.000205364656427065,0.0105517675794249
0,0.00020233124641697,0.0103959090302639
0,0.00019934264244334,0.0102423526439551
0,0.000196398182683091,0.0100910644156022
0,0.000193497215088767,0.00994201084259018
0,0.000190639097244205,0.00979515891716579
0,0.000187823196222306,0.00965047611912844
0,0.000185048888444783,0.00950793040862842
0,0.000182315559544233,0.00936749021907172
0,0.000179622604227853,0.00922912445012971
0,0.000176969426143633,0.00909280246085196
0,0.00017435543774813,0.00895849406288085
0,0.000171780060176444,0.00882616951376635
0,0.000169242723113971,0.00869579951037969
0,0.000166742864670152,0.00856735518242408
0,0.000164279931254049,0.00844080808604152
0,0.000161853377451671,0.00831613019751388
0,0.00015946266590533,0.00819329390705709
0,0.000157107267194534,0.008072272012707
0,0.000154786659718728,0.00795303771429553
0,0.000152500329581959,0.00783556460751576
0,0.000150247770478812,0.0077198266780748
0,0.000148028483582544,0.00760579829593289
0,0.00014584197743446,0.00749345420962768
0,0.000143687767835105,0.00738276954068231
0,0.000141565377737088,0.00727371977809613
0,0.000139474337139456,0.00716628077291671
0,0.000137414182983464,0.00706042873289214
0,0.000135384459050231,0.00695614021720221
0,0.000133384715859539,0.00685339213126751
0,0.000131414510570457,0.00675216172163512
0,0.000129473406883143,0.00665242657093992
0,0.000127560974942251,0.00655416459294026
0,0.000125676791241813,0.00645735402762699
0,0.000123820438531347,0.00636197343640477
0,0.000121991505723576,0.00626800169734443
0,0.000120189587803299,0.00617541800050563
0,0.000118414285737722,0.00608420184332847
0,0.000116665206388103,0.00599433302609324
0,0.000114941962422746,0.0059057916474472
0,0.000113244172231075,0.00581855809999746
0,0.000111571459839352,0.00573261306596894
0,0.00010992345482716,0.00564793751292646
0,0.000108299792245595,0.00556451268956006
0,0.000106700112536315,0.0054823201215325
0,0.000105124061451974,0.00540134160738815
0,0.000103571289977761,0.00532155921452233
0,0.000102041454254111,0.0052429552752101
0,0.000100534215500547,0.0051655123826938
0,9.90492399406684e-05,0.00508921338732833
0,9.75861987282459e-05,0.00501404139278341
0,9.61447678743677e-05,0.00493997975230183
0,9.47246281757311e-05,0.00486701206501313
0,9.33254651439216e-05,0.00479512217230158
0,9.1946968935816e-05,0.0047242941542279
0,9.05888342848868e-05,0.00465451232600381
0,8.92507604337081e-05,0.00458576123451866
0,8.7932451067238e-05,0.00451802565491732
0,8.66336142473015e-05,0.00445129058722868
0,8.53539623478991e-05,0.00438554125304391
0,8.40932119914664e-05,0.00432076309224381
0,8.28510839862226e-05,0.00425694175977447
0,8.16273032642409e-05,0.00419406312247059
0,8.04215988206083e-05,0.0041321132559257
0,7.92337036533836e-05,0.00407107844140861
0,7.80633547044357e-05,0.00401094516282541
0,7.69102928012758e-05,0.00395170010372637
0,7.57742625995678e-05,0.00389333014435699
0,7.46550125266671e-05,0.00383582235875266
0,7.35522947258385e-05,0.00377916401187623
0,7.24658650014254e-05,0.00372334255679783
0,7.1395482764719e-05,0.00366834563191639
0,7.03409109807443e-05,0.00361416105822217
0,6.93019161157049e-05,0.0035607768365997
0,6.8278268085302e-05,0.00350818114517064
0,6.72697402038028e-05,0.00345636233667579
0,6.62761091337824e-05,0.00340530893589586
0,6.52971548366979e-05,0.00335500963711025
0,6.43326605242051e-05,0.00330545330159345
0,6.3382412610051e-05,0.00325662895514837
0,6.2446200662869e-05,0.00320852578567609
0,6.1523817359535e-05,0.00316113314078157
0,6.06150584392534e-05,0.00311444052541467
0,5.97197226583426e-05,0.00306843759954603
0,5.8837611745674e-05,0.00302311417587729
0,5.79685303587207e-05,0.00297846021758511
0,5.71122860403353e-05,0.00293446583609856
0,5.62686891761588e-05,0.00289112128890926
0,5.54375529525711e-05,0.00284841697741395
0,5.4618693315342e-05,0.00280634344478885
0,5.3811928928886e-05,0.00276489137389551
0,5.30170811361141e-05,0.0027240515852175
0,5.22339739188193e-05,0.00268381503482762
0,5.14624338587635e-05,0.00264417281238515
0,5.0702290099236e-05,0.00260511613916265
0,4.99533743072121e-05,0.00256663636610192
0,4.9215520636095e-05,0.00252872497189868
0,4.84885656889915e-05,0.00249137356111553
0,4.77723484825117e-05,0.00245457386232282
0,4.70667104111207e-05,0.00241831772626688
0,4.6371495212038e-05,0.00238259712406548
0,4.56865489305951e-05,0.00234740414542973
0,4.5011719886176e-05,0.00231273099691245
0,4.43468586386296e-05,0.00227857000018226
0,4.36918179551361e-05,0.00224491359032324
0,4.30464527776467e-05,0.00221175431415971
0,4.24106201907422e-05,0.00217908482860567
0,4.17841793899781e-05,0.00214689789903877
0,4.11669916507117e-05,0.00211518639769813
0,4.05589202973865e-05,0.00208394330210595
0,3.99598306732515e-05,0.00205316169351239
0,3.93695901105655e-05,0.00202283475536339
0,3.87880679011791e-05,0.00199295577179118
0,3.82151352676351e-05,0.00196351812612704
0,3.76506653346174e-05,0.00193451529943606
0,3.709453310086e-05,0.00190594086907353
0,3.65466154114841e-05,0.00187778850726263
0,3.60067909307149e-05,0.00185005197969318
0,3.54749401149969e-05,0.00182272514414102
0,3.4950945186539e-05,0.00179580194910789
0,3.44346901072282e-05,0.00176927643248125
0,3.39260605529378e-05,0.00174314272021402
0,3.34249438881939e-05,0.0017173950250238
0,3.2931229141258e-05,0.00169202764511121
0,3.24448069795244e-05,0.00166703496289733
0,3.19655696853424e-05,0.00164241144377959
0,3.14934111321184e-05,0.00161815163490623
0,3.10282267608521e-05,0.00159425016396871
0,3.05699135569673e-05,0.00157070173801206
0,3.01183700274939e-05,0.00154750114226272
0,2.96734961786095e-05,0.00152464323897376
0,2.92351934934841e-05,0.00150212296628712
0,2.88033649104465e-05,0.0014799353371127
0,2.83779148015362e-05,0.00145807543802392
0,2.79587489512741e-05,0.00143653842816968
0,2.75457745358386e-05,0.00141531953820236
0,2.7138900102492e-05,0.00139441406922163
0,2.67380355493309e-05,0.00137381739173393
0,2.63430921053284e-05,0.00135352494462722
1,0.170125953982311,0.00133353223416094
1,0.163148768640997,0.0587906248329709
1,0.142990299898559,0.192793299688385
1,0.117014833443276,0.358787686614639
1,0.0904723775275235,0.525382927021643
1,0.0666868081251855,0.673028413245497
1,0.04739796517685,0.791807739472705
1,0.0331592496808989,0.878942682596911
1,0.0237231405452945,0.936409288266124
1,0.0183741110358328,0.968902430548995
1,0.0161899565231276,0.982254739233111
1,0.0162281271766466,0.982322441035747
1,0.0176437262647477,0.974291271588355
1,0.0197513019360921,0.962324244946428
1,0.0220445337848566,0.949462753267331
1,0.0241874901734669,0.937696427001847
1,0.0259892683115489,0.928129536151246
1,0.0273712905275094,0.921187825879735
1,0.0283338700375962,0.916826241972915
1,0.0289262351831012,0.914712904976859
1,0.029222206724886,0.914376822227183
1,0.0293022285239005,0.915315817516714
1,0.0292414428224579,0.917067148571363
1,0.0291029113211148,0.919246710507539
1,0.0289348223017402,0.921564160419082
1,0.0287704978219053,0.923821331675173
1,0.028630137489753,0.925900465146437
1,0.0285234357552065,0.927747498845064
1,0.0284524349933698,0.929354246435132
1,0.0284141910900991,0.930741971380767
1,0.0284030108185218,0.931947748874659
1,0.0284121617467046,0.93301415319546
1,0.0284350547993597,0.933982215032012
1,0.0284659612482845,0.934887231780898
1,0.0285003569331532,0.935756838283808
1,0.028534994908648,0.936610705875286
1,0.0285678010828165,0.937461287000392
1,0.0285976722330965,0.938315121486689
1,0.0286242370802809,0.939174338492291
1,0.0286476223942067,0.940038104149526
1,0.0286682495868562,0.940903866146775
1,0.0286866740209595,0.941768326703421
1,0.0287034696239026,0.942628133183652
1,0.0287191551132535,0.943480312711782
1,0.0287341546735322,0.944322497098192
1,0.0287487846105354,0.94515299134347
1,0.0287632576860357,0.945970737073852
1,0.0287776979159515,0.946775215064901
1,0.0287921601297478,0.947566321378963
1,0.0288066501958189,0.948344241626276
1,0.0288211432938605,0.949109338777391
1,0.0288355988376705,0.949862062514095
1,0.0288499715737067,0.950602882554803
1,0.0288642190083068,0.951332244660895
1,0.0288783056879829,0.952050545867677
1,0.028892205026362,0.952758124546051
1,0.0289058993951761,0.953455260833275
1,0.0289193791275337,0.954142183451202
1,0.028932640962962,0.954819079694048
1,0.0289456863280788,0.955486106218093
1,0.0289585197164957,0.95614339907037
1,0.028971147319925,0.956791082075506
1,0.0289835759753743,0.957429273226237
1,0.028995812431726,0.958058089091111
1,0.0290078629003641,0.958677647479745
1,0.0290197328346995,0.959288068718554
1,0.0290314268775798,0.959889475918481
1,0.0290429489190973,0.960481994589325
1,0.0290543022161931,0.961065751897112
1,0.0290654895366773,0.961640875790136
1,0.029076513301618,0.962207494149026
1,0.02908737571011,0.962765734054323
1,0.0290980788385833,0.963315721215842
1,0.029108624712753,0.963857579572255
1,0.0291190153542304,0.964391431046213
1,0.029129252806023,0.964917395427625
1,0.0291393391420034,0.965435590353094
1,0.029149276465386,0.965946131350321
1,0.0291590669006137,0.966449131920526
1,0.0291687125821576,0.966944703637625
1,0.0291782156427738,0.96743295624902
1,0.0291875782028437,0.967913997768321
1,0.0291968023616869,0.968387934554949
1,0.0292058901911725,0.968854871378937
1,0.0292148437315489,0.969314911471604
1,0.0292236649891895,0.969768156564131
1,0.0292323559358447,0.970214706916661
1,0.0292409185089599,0.970654661340635
1,0.02924935461267,0.971088117216803
1,0.0292576661191419,0.971515170510871
1,0.0292658548700244,0.971935915788279
1,0.0292739226778409,0.972350446229057
1,0.0292818713272291,0.972758853643346
1,0.0292897025759848,0.973161228487808
1,0.0292974181559076,0.973557659882935
1,0.029305019773467,0.973948235631132
1,0.0293125091103223,0.974333042235351
1,0.0293198878237331,0.974712164918069
1,0.0293271575468952,0.975085687640392
1,0.0293343198892344,0.975453693121097
1,0.0293413764366741,0.975816262855495
1,0.0293483287519032,0.976173477134011
1,0.0293551783746449,0.976525415060426
1,0.0293619268219367,0.976872154569767
1,0.0293685755884237,0.977213772445828
1,0.0293751261466582,0.977550344338344
1,0.0293815799474129,0.977881944779836
1,0.0293879384199942,0.978208647202146
1,0.0293942029725607,0.978530523952691
1,0.0294003749924379,0.978847646310452
1,0.0294064558464353,0.979160084501713
1,0.0294124468811543,0.979467907715565
1,0.0294183494232938,0.979771184119191
1,0.0294241647799505,0.980069980872923
1,0.0294298942389106,0.980364364145089
1,0.0294355390689405,0.980654399126653
1,0.029441100520067,0.980940150045636
1,0.0294465798238557,0.981221680181339
1,0.0294519781936853,0.981499051878357
1,0.029457296825014,0.98177232656038
1,0.0294625368956436,0.982041564743808
1,0.0294676995659824,0.982306826051149
1,0.0294727859792976,0.982568169224232
1,0.029477797261972,0.982825652137212
1,0.0294827345237496,0.983079331809394
1,0.0294875988579832,0.983329264417859
1,0.0294923913418761,0.983575505309905
1,0.0294971130367199,0.983818109015307
1,0.0295017649881286,0.984057129258389
1,0.0295063482262734,0.984292618969923
1,0.0295108637661068,0.984524630298851
1,0.0295153126075911,0.98475321462383
1,0.029519695735917,0.984978422564614
1,0.0295240141217239,0.985200303993258
1,0.029528268721313,0.985418908045167
1,0.0295324604768612,0.985634283129972
1,0.0295365903166276,0.985846476942256
1,0.0295406591551612,0.98605553647211
1,0.0295446678935016,0.986261508015542
1,0.0295486174193793,0.986464437184728
1,0.0295525086074131,0.986664368918116
1,0.0295563423193019,0.98686134749037
1,0.0295601194040169,0.987055416522185
1,0.0295638406979901,0.987246618989938
1,0.0295675070252974,0.987434997235209
1,0.0295711191978438,0.987620592974158
1,0.0295746780155401,0.987803447306762
1,0.0295781842664837,0.987983600725914
1,0.0295816387271293,0.988161093126395
1,0.0295850421624635,0.988335963813707
1,0.0295883953261735,0.988508251512775
1,0.0295916989608145,0.988677994376524
1,0.0295949537979712,0.988845229994328
1,0.0295981605584259,0.989009995400335
1,0.0296013199523106,0.989172327081665
1,0.0296044326792702,0.989332260986496
1,0.0296074994286146,0.989489832532017
1,0.0296105208794726,0.989645076612279
1,0.0296134977009408,0.989798027605914
1,0.0296164305522333,0.989948719383757
1,0.0296193200828265,0.990097185316338
1,0.0296221669326042,0.990243458281279
1,0.0296249717319987,0.990387570670569
1,0.0296277351021286,0.990529554397743
1,0.0296304576549402,0.990669440904944
1,0.0296331399933392,0.990807261169887
1,0.0296357827113276,0.990943045712723
1,0.0296383863941312,0.991076824602791
1,0.0296409516183336,0.991208627465282
1,0.0296434789520006,0.9913384834878
1,0.0296459689548076,0.99146642142682
1,0.0296484221781628,0.99159246961406
1,0.0296508391653301,0.991716655962756
1,0.0296532204515489,0.991839007973841
1,0.0296555665641522,0.991959552742036
1,0.0296578780226844,0.99207831696185
1,0.0296601553390146,0.992195326933492
1,0.0296623990174532,0.992310608568693
1,0.0296646095548596,0.992424187396449
1,0.0296667874407555,0.992536088568666
1,0.0296689331574307,0.992646336865741
1,0.0296710471800523,0.992754956702038
1,0.0296731299767685,0.992861972131304
1,0.0296751820088121,0.99296740685199
1,0.0296772037306035,0.993071284212502
1,0.0296791955898505,0.993173627216369
1,0.0296811580276493,0.993274458527339
1,0.0296830914785777,0.993373800474398
1,0.0296849963707977,0.993471675056712
1,0.0296868731261455,0.993568103948502
1,0.0296887221602264,0.993663108503843
1,0.0296905438825066,0.99375670976139
1,0.0296923386964052,0.993848928449042
1,0.0296941069993817,0.993939784988528
1,0.0296958491830239,0.994029299499929
1,0.029697565633138,0.994117491806139
1,0.0296992567298291,0.994204381437248
1,0.0297009228475891,0.994289987634872
1,0.0297025643553779,0.99437432935641
1,0.0297041816167052,0.994457425279246
1,0.0297057749897125,0.994539293804883
1,0.0297073448272505,0.994619953063017
1,0.0297088914769572,0.994699420915555
1,0.0297104152813372,0.994777714960567
1,0.0297119165778352,0.994854852536184
1,0.0297133956989115,0.994930850724439
1,0.0297148529721163,0.995005726355051
1,0.0297162887201605,0.995079496009145
1,0.0297177032609899,0.995152176022932
1,0.029719096907852,0.995223782491324
1,0.0297204699693692,0.995294331271496
1,0.0297218227496041,0.995363837986398
1,0.0297231555481288,0.995432318028218
1,0.0297244686600895,0.995499786561787
1,0.0297257623762737,0.99556625852794
1,0.0297270369831737,0.995631748646822
1,0.02972829276305,0.995696271421148
1,0.0297295299939928,0.995759841139419
1,0.0297307489499861,0.99582247187908
1,0.0297319499009665,0.99588417750964
1,0.0297331331128832,0.995944971695744
1,0.0297342988477569,0.9960048679002
1,0.029735447363739,0.996063879386958
1,0.0297365789151665,0.996122019224047
1,0.0297376937526208,0.996179300286472
1,0.0297387921229808,0.996235735259063
1,0.0297398742694801,0.996291336639284
1,0.0297409404317581,0.996346116739999
1,0.0297419908459162,0.996400087692204
1,0.0297430257445668,0.996453261447708
1,0.0297440453568873,0.996505649781781
1,0.0297450499086702,0.996557264295764
1,0.0297460396223714,0.996608116419635
1,0.0297470147171628,0.996658217414542
1,0.0297479754089778,0.996707578375296
1,0.0297489219105607,0.99675621023283
1,0.0297498544315127,0.996804123756615
1,0.0297507731783402,0.99685132955705
1,0.0297516783544982,0.996897838087809
1,0.0297525701604373,0.996943659648156
1,0.0297534487936471,0.996988804385224
1,0.0297543144487,0.997033282296269
1,0.029755167317294,0.997077103230875
1,0.0297560075882961,0.997120276893141
1,0.0297568354477833,0.997162812843828
1,0.0297576510790847,0.997204720502476
1,0.0297584546628202,0.997246009149492
1,0.0297592463769432,0.997286687928202
1,0.0297600263967774,0.997326765846877
1,0.0297607948950578,0.99736625178073
1,0.0297615520419674,0.997405154473878
1,0.0297622980051753,0.99744348254128
1,0.0297630329498746,0.997481244470646
1,0.0297637570388178,0.997518448624314
1,0.0297644704323539,0.997555103241104
1,0.0297651732884627,0.997591216438142
1,0.0297658657627911,0.997626796212656
1,0.0297665480086866,0.997661850443748
1,0.0297672201772325,0.99769638689414
1,0.0297678824172793,0.997730413211893
1,0.0297685348754793,0.997763936932097
1,0.0297691776963187,0.997796965478544
1,0.0297698110221496,0.997829506165371
1,0.0297704349932213,0.997861566198676
1,0.0297710497477113,0.997893152678121
1,0.0297716554217569,0.997924272598497
1,0.0297722521494834,0.997954932851276
1,0.0297728400630357,0.997985140226138
1,0.0297734192926067,0.998014901412475
1,0.0297739899664657,0.998044223000869
1,0.0297745522109885,0.998073111484554
1,0.029775106150683,0.998101573260854
1,0.0297756519082191,0.998129614632598
1,0.0297761896044535,0.998157241809518
1,0.0297767193584593,0.998184460909623
1,0.0297772412875494,0.998211277960552
1,0.0297777555073042,0.998237698900913
1,0.0297782621315976,0.998263729581595
1,0.029778761272621,0.998289375767064
1,0.0297792530409084,0.998314643136639
1,0.0297797375453617,0.998339537285754
1,0.0297802148932731,0.998364063727189
1,0.0297806851903519,0.9983882278923
1,0.029781148540744,0.998412035132214
1,0.0297816050470581,0.99843549071902
1,0.0297820548103873,0.998458599846931
1,0.0297824979303305,0.998481367633439
1,0.0297829345050171,0.998503799120446
0,-0.140316635368874,0.998525899275381
0,-0.133339409617093,0.941070882992299
0,-0.113180901061084,0.80707025378367
0,-0.0872053953803096,0.641077882288264
0,-0.06066290081846,0.474484627542486
0,-0.0368772933408603,0.32684109764996
0,-0.0175884128796671,0.208063698857408
0,-0.00334966042495521,0.120930654698015
0,0.0060864851234983,0.0634659199442948
0,0.0114355505079601,0.0309746209419095
0,0.0136197403657615,0.0176241283114644
0,0.0135816045352614,0.0175582157378482
0,0.0121660397558137,0.0255911479858301
0,0.0100584978863548,0.0375599113902893
0,0.00776529934019365,0.0504231141784637
0,0.00562237576227886,0.0621911262784936
0,0.00382062995025034,0.0717596780624363
0,0.00243863958286028,0.0787030247338956
0,0.00147609145091343,0.0830662208696513
0,0.000883757220066839,0.0851811462806539
0,0.000587816136304764,0.0855187939830426
0,0.000507824345421959,0.0845813405305453
0,0.000568639611750799,0.0828315285386913
0,0.000707200241281791,0.0806534632274656
0,0.000875317958596522,0.0783374878344533
0,0.00103967071247801,0.0760817693170044
0,0.00118005890104589,0.0740040671262022
0,0.00128678808054483,0.0721584435668116
0,0.00135781588194894,0.0705530852870286
0,0.0013960864253898,0.0691667291303885
0,0.00140729294363884,0.0679623002073179
0,0.00139816787444269,0.0668972245378046
0,0.00137530029881472,0.0659304717272342
0,0.0013444189506,0.0650267446689065
0,0.00131004799568279,0.0641584088067334
0,0.001275434384857,0.0633057930875504
0,0.00124265221547026,0.0624564453435262
0,0.00121280471540164,0.0616038260202271
0,0.00118626316909476,0.0607458062286354
0,0.00116290081187276,0.0598832201015446
0,0.00114229623683726,0.0590186202117807
0,0.00112389408626623,0.0581553045973066
0,0.001107120437709,0.0572966261474821
0,0.0010914565784591,0.0564455579877935
0,0.00107647832878643,0.0556044685539714
0,0.00106186938761355,0.0547750530879029
0,0.0010474169978173,0.0539583702022479
0,0.00103299714806027,0.0531549393568087
0,0.00101855501339032,0.0523648647211283
0,0.00100408472986024,0.0515879609134323
0,0.000989611122154566,0.0508238651882596
0,0.000975174780791677,0.0500721280855892
0,0.0009608209635662,0.0493322801054939
0,0.000946592168329818,0.0486038757018551
0,0.000932523852698597,0.0478865180514492
0,0.000918642607111719,0.0471798689923247
0,0.000904966063843715,0.0464836485930861
0,0.000891503893734047,0.0457976283347022
0,0.000878259361144162,0.0451216211227844
0,0.000865231043288617,0.044455470497927
0,0.000852414450330019,0.0437990406070654
0,0.000839803394276084,0.0431522078166719
0,0.000827391041783421,0.0425148543222921
0,0.000815170647580077,0.041886863740875
0,0.000803136003838356,0.0412681184455622
0,0.000791281660652454,0.0406584982899964
0,0.000779602978626948,0.0400578803406345
0,0.000768096071071478,0.0394661392624554
0,0.000756757684396647,0.0388831480616319
0,0.000745585054093223,0.0383087789595208
0,0.000734575762347311,0.0377429042426437
0,0.000723727613268998,0.0371853969951357
0,0.000713038533585342,0.0366361316694294
0,0.000702506500692701,0.0360949844867026
0,0.000692129496044913,0.0355618336817942
0,0.000681905479654688,0.0350365596199549
0,0.000671832380624238,0.034519044817454
0,0.000661908098670339,0.0340091738972013
0,0.000652130512239057,0.0335068335063672
0,0.000642497489703575,0.0330119122172293
0,0.000633006901111288,0.0325243004264242
0,0.000623656628843561,0.0320438902622492
0,0.000614444576300721,0.0315705755050972
0,0.000605368674295059,0.0311042515226834
0,0.000596426885220047,0.0306448152194003
0,0.000587617205303981,0.0301921649977762
0,0.000578937665360602,0.0297462007294023
0,0.000570386330470185,0.0293068237326241
0,0.000561961298986835,0.028873936754564
0,0.000553660701195724,0.0284474439554952
0,0.000545482697863475,0.028027250894101
0,0.000537425478846831,0.0276132645126383
0,0.000529487261852979,0.0272053931214476
0,0.000521666291396217,0.0268035463825687
0,0.000513960837953076,0.0264076352924568
0,0.00050636919729663,0.0260175721639297
0,0.000498889689977189,0.0256332706075538
0,0.000491520660911848,0.0252546455126932
0,0.000484260479048759,0.0248816130284341
0,0.00047710753707586,0.0245140905445615
0,0.000470060251150761,0.0241519966727233
0,0.000463117060635898,0.0237952512278745
0,0.000456276427828917,0.0234437752100553
0,0.000449536837682674,0.0230974907865285
0,0.000442896797514081,0.0227563212742788
0,0.000436354836702291,0.0224201911228606
0,0.000429909506379056,0.0220890258975767
0,0.000423559379113758,0.0217627522629624
0,0.000417303048596412,0.0214412979665549
0,0.000411139129321364,0.0211245918229258
0,0.000405066256273567,0.0208125636979616
0,0.000399083084618862,0.0205051444933786
0,0.000393188289399243,0.0202022661314629
0,0.000387380565234158,0.0199038615400284
0,0.000381658626026904,0.0196098646375897
0,0.000376021204677057,0.0193202103187456
0,0.000370467052798112,0.019034834439771
0,0.000364994940440483,0.018753673804417
0,0.000359603655818719,0.0184766661499161
0,0.00035429200504361,0.0182037501331927
0,0.000349058811858399,0.0179348653172743
0,0.000343902917378819,0.0176699521579045
0,0.000338823179837133,0.0174089519903533
0,0.000333818474329839,0.0171518070164222
0,0.00032888769256878,0.0168984602916432
0,0.000324029742636178,0.016648855712666
0,0.000319243548742992,0.0164029380048336
0,0.000314528050990664,0.0161606527099411
0,0.000309882205136586,0.0159219461741755
0,0.000305304982362614,0.0156867655362348
0,0.000300795369047452,0.0154550587156217
0,0.000296352366541935,0.0152267744011111
0,0.000291974990948018,0.0150018620393875
0,0.000287662272900641,0.0147802718238501
0,0.000283413257353177,0.0145619546835837
0,0.000279227003365828,0.0143468622724922
0,0.000275102583897263,0.0141349469585921
0,0.000271039085599334,0.013926161813465
0,0.000267035608614741,0.013720460601865
0,0.000263091266378024,0.0135177977714801
0,0.000259205185418721,0.0133181284428448
0,0.000255376505168492,0.0131214083994014
0,0.00025160437777022,0.0129275940777081
0,0.00024788796789027,0.0127366425577924
0,0.000244226452533775,0.0125485115536459
0,0.000240619020862032,0.0123631594038606
0,0.000237064874013204,0.0121805450624028
0,0.000233563224925293,0.0120006280895233
0,0.000230113298161833,0.0118233686428025
0,0.00022671432974028,0.0116487274683269
0,0.000223365566962758,0.0114766658919965
0,0.00022006626824933,0.0113071458109609
0,0.000216815702973855,0.0111401296851806
0,0.000213613151302194,0.0109755805291147
0,0.000210457904032652,0.0108134619035297
0,0.000207349262439191,0.0106537379074309
0,0.000204286538116452,0.0104963731701112
0,0.000201269052827441,0.0103413328433193
0,0.000198296138353288,0.0101885825935419
0,0.000195367136345312,0.0100380885944006
0,0.000192481398179123,0.00988981751916167
0,0.000189638284811167,0.00974373653335515
0,0.000186837166637019,0.00959981328750418
0,0.000184077423352094,0.00945801590996105
0,0.000181358443814214,0.00931831299984931
0,0.000178679625908271,0.00918067362011005
0,0.000176040376412973,0.00904506729065096
0,0.000173440110869297,0.0089114639815965
0,0.000170878253451301,0.00877983410663786
0,0.000168354236838392,0.00865014851648106
0,0.0001658675020898,0.00852237849239192
0,0.000163417498520821,0.00839649573983629
0,0.000161003683580782,0.00827247238221426
0,0.000158625522732977,0.00815028095468693
0,0.00015628248933626,0.00802989439809435
0,0.00015397406452837,0.00791128605296328
0,0.000151699737111183,0.00779442965360351
0,0.000149459003437311,0.00767929932229132
0,0.000147251367298665,0.00756586956353892
0,0.000145076339816641,0.00745411525844846
0,0.000142933439333748,0.00734401165914949
0,0.000140822191306955,0.00723553438331861
0,0.000138742128202696,0.00712865940877996
0,0.000136692789393197,0.00702336306818562
0,0.000134673721054634,0.00691962204377441
0,0.000132684476066472,0.00681741336220828
0,0.000130724613912545,0.00671671438948482
0,0.000128793700583496,0.00661750282592506
0,0.000126891308480662,0.00651975670123513
0,0.000125017016321352,0.00642345436964106
0,0.000123170409045609,0.00632857450509528
0,0.000121351077724194,0.00623509609655405
0,0.000119558619468191,0.00614299844332452
0,0.000117792637339631,0.00605226115048062
0,0.000116052740263675,0.00596286412434664
0,0.000114338542941989,0.00587478756804748
0,0.00011264966576742,0.00578801197712464
0,0.000110985734739971,0.00570251813521701
0,0.000109346381383865,0.00561828710980546
0,0.000107731242666095,0.00553530024802015
0,0.000106139960915921,0.00545353917250998
0,0.00010457218374571,0.00537298577737289
0,0.000103027563972902,0.00529362222414632
0,0.000101505759543125,0.00521543093785692
0,0.000100006433454411,0.00513839460312862
0,9.85292536826096e-05,0.00506249616034809
0,9.70738931078685e-05,0.00498771880188697
0,9.5640029442158e-05,0.00491404596837981
0,9.42273451578976e-05,0.004841461345057
0,9.28355274176992e-05,0.00476994885813195
0,9.14642680049996e-05,0.00469949267124148
0,9.01132632558851e-05,0.00463007718193892
0,8.87822139918129e-05,0.00456168701823899
0,8.74708254533715e-05,0.00449430703521361
0,8.61788072349517e-05,0.00442792231163816
0,8.49058732205268e-05,0.00436251814668713
0,8.36517415202451e-05,0.00429808005667868
0,8.24161344079796e-05,0.0042345937718672
0,8.11987782598569e-05,0.00417204523328334
0,7.9999403493701e-05,0.00411042058962064
0,7.881774450922e-05,0.00404970619416816
0,7.76535396293382e-05,0.00398988860178845
0,7.65065310421378e-05,0.00393095456594013
0,7.53764647437802e-05,0.00387289103574449
0,7.4263090482321e-05,0.00381568515309533
0,7.31661617022136e-05,0.00375932424981157
0,7.20854354897896e-05,0.00370379584483191
0,7.10206725193646e-05,0.00364908764145092
0,6.99716370003295e-05,0.00359518752459591
0,6.89380966249278e-05,0.00354208355814408
0,6.7919822516728e-05,0.00348976398227928
0,6.69165891800244e-05,0.00343821721088782
0,6.59281744498988e-05,0.00338743182899271
0,6.49543594429605e-05,0.00333739659022587
0,6.39949285089203e-05,0.00328810041433759
0,6.30496691828436e-05,0.00323953238474284
0,6.21183721380703e-05,0.0031916817461038
0,6.12008311398626e-05,0.00314453790194811
0,6.02968429997616e-05,0.00309809041232228
0,5.94062075305601e-05,0.00305232899147979
0,5.85287275020122e-05,0.00300724350560331
0,5.76642085970969e-05,0.00296282397056056
0,5.68124593690322e-05,0.00291906054969338
0,5.59732911988714e-05,0.00287594355163937
0,5.51465182537375e-05,0.00283346342818579
0,5.43319574456483e-05,0.00279161077215506
0,5.35294283909825e-05,0.00275037631532161
0,5.27387533705501e-05,0.00270975092635941
0,5.19597572902278e-05,0.00266972560881985
0,5.11922676421604e-05,0.00263029149913949
0,5.04361144665968e-05,0.00259143986467724
0,4.96911303142361e-05,0.00255316210178051
0,4.89571502091321e-05,0.00251544973387996
0,4.82340116121915e-05,0.00247829440961235
0,4.75215543851437e-05,0.00244168790097115
0,4.68196207551036e-05,0.00240562210148449
0,4.6128055279631e-05,0.00237008902441993
0,4.5446704812286e-05,0.00233508080101584
0,4.477541846876e-05,0.00230058967873887
0,4.41140475933958e-05,0.00226660801956716
0,4.34624457263388e-05,0.00223312829829892
0,4.2820468571049e-05,0.00220014310088593
0,4.21879739623855e-05,0.00216764512279178
0,4.15648218350939e-05,0.00213562716737424
0,4.09508741927994e-05,0.00210408214429158
0,4.03459950774759e-05,0.00207300306793243
0,3.97500505392827e-05,0.00204238305586883
0,3.91629086069524e-05,0.0020122153273321
0,3.85844392585231e-05,0.00198249320171126
0,3.80145143925974e-05,0.00195321009707362
0,3.74530077999133e-05,0.00192435952870722
0,3.6899795135447e-05,0.00189593510768478
0,3.63547538908583e-05,0.0018679305394489
0,3.58177633673351e-05,0.00184033962241811
0,3.5288704648917e-05,0.00181315624661357
0,3.47674605761204e-05,0.00178637439230601
0,3.42539157199978e-05,0.00175998812868264
0,3.37479563565987e-05,0.00173399161253382
0,3.3249470441768e-05,0.00170837908695907
0,3.27583475863424e-05,0.00168314488009219
0,3.22744790316846e-05,0.00165828340384526
0,3.17977576256324e-05,0.00163378915267116
0,3.13280777987403e-05,0.00160965670234437
0,3.08653355409159e-05,0.00158588070875976
0,3.04094283783869e-05,0.00156245590674917
0,2.99602553510137e-05,0.00153937710891545
0,2.95177169898943e-05,0.00151663920448367
0,2.90817152953926e-05,0.00149423715816941
0,2.8652153715409e-05,0.00147216600906366
0,2.82289371239877e-05,0.00145042086953422
0,2.78119718002748e-05,0.00142899692414337
0,2.74011654077429e-05,0.00140788942858151
0,2.69964269737702e-05,0.00138709370861647
0,2.6597666869457e-05,0.00136660515905849
0,2.62047967898096e-05,0.00134641924274034
0,2.58177297341768e-05,0.00132653148951261
0,2.54363799869692e-05,0.00130693749525377
0,2.50606630986996e-05,0.00128763292089491
0,2.46904958672682e-05,0.00126861349145884
0,2.43257963195402e-05,0.00124987499511342
0,2.39664836931951e-05,0.0012314132822388
0,2.36124784188385e-05,0.00121322426450858
0,2.32637021023805e-05,0.00119530391398437
0,2.2920077507687e-05,0.00117764826222387
0,2.25815285394577e-05,0.00116025339940201
0,2.22479802263909e-05,0.00114311547344517
0,2.19193587045682e-05,0.00112623068917812
0,2.15955912011134e-05,0.00110959530748357
0,2.12766060180593e-05,0.00109320564447417
0,2.09623325164807e-05,0.00107705807067671
0,2.0652701100847e-05,0.00106114901022838
0,2.03476432036158e-05,0.00104547494008487
0,2.00470912700475e-05,0.00103003238924026
0,1.97509787432382e-05,0.00101481793795829
0,1.94592400493878e-05,0.000999828217015119
0,1.91718105832777e-05,0.000985059906953202
0,1.88886266939605e-05,0.000970509737346189
0,1.86096256706725e-05,0.000956174486074698
0,1.83347457289335e-05,0.000942050978612783
0,1.80639259968838e-05,0.000928136087324936
0,1.77971065017761e-05,0.000914426730773477
0,1.75342281567258e-05,0.000900919873036171
0,1.72752327476065e-05,0.000887612523033927
0,1.70200629201634e-05,0.000874501733868425
0,1.67686621673126e-05,0.000861584602169533
0,1.65209748166292e-05,0.000848858267452356
0,1.62769460180165e-05,0.000836319911483784
1,0.170116036521732,0.000823966757658399
1,0.163138997669716,0.0582885860703836
1,0.142980673252804,0.19229867646377
1,0.117005348991236,0.358300369394216
1,0.0904630331688777,0.524902807889539
1,0.0666776017906355,0.672555385879847
1,0.0473888948276633,0.791341699122109
1,0.0331503133084564,0.878483526057236
1,0.0237143361706459,0.935956913857648
1,0.0183654367092592,0.968456738093894
1,0.0161814103237081,0.981815630033271
1,0.0162197072118351,0.981889817850908
1,0.0176354306699519,0.97386503861458
1,0.0197431288742616,0.961904307794883
1,0.0220364814460753,0.949049018943387
1,0.0241795567745532,0.937288803884484
1,0.0259814520956602,0.927727933972764
1,0.0273635897637531,0.920792155705764
1,0.0283262830206469,0.91643641618272
1,0.0289187602328217,0.91432883724394
1,0.0292148421859567,0.913998427500154
1,0.0292949727654522,0.914943012000471
1,0.029234294237711,0.916699849708525
1,0.0290958683270224,0.918884836960169
1,0.0289278833386392,0.921207632050674
1,0.0287636613531699,0.923470069532904
1,0.0286234020014543,0.925554391443683
1,0.0285167997557779,0.927406536944177
1,0.0284458970132764,0.929018320830467
1,0.0284077496815121,0.93041100768196
1,0.0283966645549982,0.931621673790157
1,0.0284059092228712,0.932692894516286
1,0.0284288946306019,0.933665701615778
1,0.02845989207044,0.934575393536049
1,0.0284943774022084,0.9354496061541
1,0.0285291037004425,0.936308011824496
1,0.0285619968927489,0.937163063997247
1,0.028591953775835,0.938021303490027
1,0.0286186030894791,0.938884860436433
1,0.0286420716222235,0.93975290192987
1,0.028662780804479,0.940622876605595
1,0.0286812860171326,0.941491487615887
1,0.0286981612054584,0.942355383244046
1,0.0287139251046482,0.943211591519924
1,0.0287290019165862,0.944057745146063
1,0.0287437079641761,0.944892150002036
1,0.0287582560260453,0.945713748580079
1,0.028772770134718,0.946522022508963
1,0.0287873051360192,0.947316868691642
1,0.0288018669144616,0.948098473566544
1,0.0288164306656227,0.948867200920176
1,0.0288309558189452,0.949623501238229
1,0.028845397136303,0.950367845031148
1,0.02885971213922,0.951100678840645
1,0.0288738653891716,0.951822400470831
1,0.028887830314527,0.952533349050056
1,0.0289015893015425,0.95323380546184
1,0.0289151326976353,0.953923999163274
1,0.0289284572564319,0.954604118172952
1,0.0289415644184394,0.955274319860831
1,0.0289544586909551,0.955934740977081
1,0.028967146279173,0.956585506039081
1,0.028979634033385,0.957226733722083
1,0.0289919287155602,0.957858541267074
1,0.0290040365499775,0.958481047146174
1,0.0290159630027507,0.959094372338517
1,0.0290277127292435,0.959698640598124
1,0.0290392896318796,0.960293978068373
1,0.0290506969797482,0.960880512539507
1,0.0290619375526304,0.961458372574823
1,0.0290730137833852,0.962027686660864
1,0.0290839278827266,0.962588582475138
1,0.0290946819385327,0.963141186315607
1,0.0291052779877949,0.963685622700405
1,0.0291157180632362,0.964222014123082
1,0.0291260042188111,0.964750480936019
1,0.0291361385391777,0.965271141329979
1,0.0291461231381764,0.965784111378639
1,0.0291559601507194,0.966289505121128
1,0.0291656517215917,0.966787434661329
1,0.0291751999937127,0.967278010268779
1,0.0291846070974744,0.967761340471517
1,0.029193875142062,0.968237532135787
1,0.0292030062090622,0.968706690530963
1,0.0292120023482982,0.969168919380329
1,0.0292208655755772,0.969624320899764
1,0.0292295978719439,0.970072995826949
1,0.0292382011840002,0.97051504344381
1,0.0292466774249029,0.970950561594632
1,0.0292550284757069,0.971379646701811
1,0.0292632561868182,0.971802393780727
1,0.0292713623793877,0.972218896454709
1,0.0292793488465537,0.972629246970646
1,0.0292872173544867,0.973033536215497
1,0.0292949696432374,0.973431853733699
1,0.0293026074274039,0.973824287745334
1,0.0293101323966547,0.974210925164864
1,0.0293175462161401,0.974591851620201
1,0.0293248505268313,0.974967151471893
1,0.0293320469458116,0.975336907832259
1,0.0293391370665519,0.975701202584342
1,0.0293461224591753,0.976060116400569
1,0.0293530046707302,0.976413728761084
1,0.0293597852254708,0.976762117971714
1,0.0293664656251522,0.977105361181578
1,0.0293730473493325,0.977443534400339
1,0.0293795318556858,0.97777671251513
1,0.0293859205803177,0.978104969307168
1,0.0293922149380861,0.978428377468083
1,0.0293984163229173,0.978747008615985
1,0.0294045261081233,0.979060933311278
1,0.0294105456467124,0.979370221072238
1,0.029416476271696,0.97967494039037
1,0.0294223192963889,0.979975158745537
1,0.0294280760147052,0.980270942620882
1,0.0294337477014472,0.980562357517527
1,0.0294393356125897,0.980849467969077
1,0.0294448409855579,0.981132337555899
1,0.0294502650395028,0.981411028919207
1,0.0294556089755702,0.981685603774931
1,0.0294608739771667,0.981956122927393
1,0.0294660612102202,0.98222264628277
1,0.0294711718234386,0.982485232862369
1,0.029476206948563,0.982743940815697
1,0.0294811677006173,0.982998827433343
1,0.0294860551781566,0.983249949159665
1,0.0294908704635091,0.98349736160529
1,0.0294956146230145,0.983741119559431
1,0.0295002887072637,0.983981277002021
1,0.0295048937513278,0.984217887115662
1,0.0295094307749888,0.984451002297408
1,0.0295139007829661,0.984680674170365
1,0.0295183047651384,0.98490695359512
1,0.0295226436967624,0.985129890681009
1,0.0295269185386897,0.98534953479721
1,0.0295311302375791,0.985565934583678
1,0.0295352797261075,0.985779137961912
1,0.0295393679231737,0.985989192145571
1,0.0295433957341047,0.986196143650929
1,0.029547364050855,0.986400038307173
1,0.0295512737522037,0.986600921266556
1,0.0295551257039504,0.986798837014392
1,0.0295589207591056,0.986993829378911
1,0.0295626597580798,0.987185941540961
1,0.0295663435288707,0.987375216043575
1,0.0295699728872449,0.987561694801385
1,0.0295735486369204,0.987745419109913
1,0.0295770715697432,0.987926429654709
1,0.0295805424658622,0.988104766520362
1,0.0295839620939042,0.988280469199379
1,0.0295873312111425,0.988453576600929
1,0.0295906505636638,0.98862412705946
1,0.0295939208865357,0.988792158343186
1,0.0295971429039668,0.988957707662455
1,0.0296003173294705,0.989120811677985
1,0.0296034448660192,0.989281506508984
1,0.0296065262062022,0.98943982774115
1,0.0296095620323802,0.989595810434549
1,0.0296125530168325,0.989749489131379
1,0.0296154998219098,0.989900897863624
1,0.0296184031001789,0.990050070160583
1,0.0296212634945676,0.990197039056302
1,0.0296240816385069,0.990341837096883
1,0.0296268581560724,0.990484496347697
1,0.0296295936621205,0.99062504840048
1,0.0296322887624259,0.990763524380335
1,0.0296349440538155,0.990899954952617
1,0.0296375601243015,0.991034370329729
1,0.0296401375532094,0.991166800277811
1,0.0296426769113081,0.991297274123334
1,0.0296451787609358,0.991425820759589
1,0.0296476436561244,0.991552468653091
1,0.029650072142722,0.991677245849879
1,0.0296524647585146,0.99180017998173
1,0.0296548220333444,0.991921298272273
1,0.0296571444892275,0.992040627543024
1,0.0296594326404687,0.992158194219322
1,0.0296616869937769,0.992274024336179
1,0.0296639080483767,0.992388143544051
1,0.0296660962961177,0.992500577114514
1,0.0296682522215852,0.992611349945859
1,0.0296703763022064,0.992720486568613
1,0.0296724690083567,0.992828011150961
1,0.0296745308034638,0.992933947504107
1,0.0296765621441102,0.993038319087542
1,0.0296785634801333,0.993141149014242
1,0.0296805352547276,0.993242460055781
1,0.0296824779045404,0.993342274647381
1,0.0296843918597689,0.993440614892877
1,0.0296862775442568,0.993537502569608
1,0.0296881353755869,0.993632959133248
1,0.0296899657651735,0.993727005722549
1,0.0296917691183551,0.993819663164027
1,0.029693545834482,0.993910951976573
1,0.0296952963070056,0.994000892375995
1,0.0296970209235667,0.994089504279499
1,0.0296987200660801,0.994176807310094
1,0.0297003941108183,0.994262820800943
1,0.0297020434284971,0.99434756379964
1,0.0297036683843563,0.994431055072432
1,0.0297052693382405,0.994513313108371
1,0.0297068466446786,0.994594356123411
1,0.0297084006529642,0.994674202064439
1,0.0297099317072307,0.994752868613253
1,0.0297114401465277,0.994830373190476
1,0.0297129263048983,0.994906732959412
1,0.0297143905114503,0.994981964829851
1,0.0297158330904308,0.995056085461809
1,0.0297172543612969,0.99512911126922
1,0.0297186546387884,0.995201058423569
1,0.0297200342329946,0.995271942857479
1,0.0297213934494249,0.995341780268229
1,0.0297227325890768,0.995410586121239
1,0.0297240519485014,0.995478375653492
1,0.0297253518198688,0.995545163876905
1,0.0297266324910348,0.995610965581659
1,0.0297278942456023,0.995675795339471
1,0.0297291373629858,0.99573966750682
1,0.0297303621184719,0.99580259622813
1,0.0297315687832815,0.995864595438897
1,0.0297327576246293,0.995925678868781
1,0.0297339289057832,0.995985860044641
1,0.0297350828861216,0.996045152293533
1,0.0297362198211926,0.996103568745662
1,0.0297373399627689,0.996161122337289
1,0.0297384435589052,0.996217825813594
1,0.0297395308539909,0.996273691731501
1,0.0297406020888071,0.996328732462458
1,0.0297416575005771,0.996382960195174
1,0.0297426973230208,0.996436386938324
1,0.0297437217864061,0.996489024523201
1,0.0297447311175987,0.996540884606342
1,0.0297457255401143,0.996591978672106
1,0.0297467052741667,0.99664231803522
1,0.0297476705367172,0.996691913843281
1,0.0297486215415215,0.996740777079227
1,0.0297495584991789,0.996788918563769
1,0.0297504816171779,0.996836348957788
1,0.0297513910999414,0.996883078764693
1,0.0297522871488738,0.996929118332749
1,0.0297531699624045,0.996974477857369
1,0.0297540397360307,0.997019167383371
1,0.0297548966623638,0.997063196807202
1,0.0297557409311686,0.997106575879131
1,0.0297565727294078,0.997149314205405
1,0.0297573922412817,0.997191421250383
1,0.0297581996482712,0.997232906338623
1,0.029758995129175,0.997273778656953
1,0.0297597788601518,0.997314047256505
1,0.0297605510147578,0.997353721054717
1,0.0297613117639859,0.997392808837308
1,0.0297620612763032,0.997431319260224
1,0.0297627997176886,0.997469260851559
1,0.0297635272516688,0.997506642013437
1,0.0297642440393557,0.997543471023875
1,0.029764950239481,0.997579756038619
1,0.0297656460084319,0.997615505092945
1,0.0297663315002861,0.997650726103443
1,0.0297670068668443,0.997685426869769
1,0.0297676722576659,0.99771961507637
1,0.0297683278201017,0.997753298294186
1,0.0297689736993245,0.997786483982331
1,0.029769610038364,0.997819179489739
1,0.0297702369781365,0.997851392056795
1,0.0297708546574771,0.997883128816937
1,0.0297714632131707,0.997914396798236
1,0.0297720627799811,0.997945202924954
1,0.0297726534906813,0.997975554019074
1,0.029773235476084,0.998005456801814
1,0.0297738088650688,0.998034917895111
1,0.029774373784613,0.998063943823094
1,0.0297749303598165,0.998092541013522
1,0.0297754787139324,0.998120715799214
1,0.0297760189683933,0.998148474419444
1,0.0297765512428383,0.99817582302133
1,0.0297770756551385,0.99820276766119
1,0.0297775923214243,0.998229314305885
1,0.0297781013561116,0.99825546883414
1,0.0297786028719251,0.998281237037849
1,0.0297790969799252,0.998306624623353
1,0.0297795837895312,0.998331637212703
1,0.0297800634085466,0.998356280344912
1,0.0297805359431829,0.998380559477175
1,0.0297810014980826,0.998404479986079
1,0.0297814601763413,0.998428047168796
1,0.0297819120795335,0.998451266244252
1,0.0297823573077327,0.998474142354287
1,0.029782795959534,0.99849668056479
1,0.0297832281320767,0.998518885866825
1,0.0297836539210643,0.99854076317773
1,0.0297840734207879,0.998562317342214
1,0.0297844867241455,0.998583553133422
1,0.0297848939226617,0.998604475253998
1,0.0297852951065112,0.998625088337123
1,0.0297856903645348,0.998645396947542
1,0.0297860797842626,0.998665405582575
1,0.0297864634519311,0.998685118673112
1,0.0297868414525031,0.998704540584596
1,0.029787213869686,0.998723675617989
1,0.0297875807859518,0.998742528010722
