Setpoint,ControllerOutput,PlantOutput
0,0,0
0,0,0
0,0,0
0,0,0
0,0,0
0,0,0
0,0,0
0,0,0
0,0,0
0,0,0
0,0,0
0,0,0
0,0,0
0,0,0
0,0,0
0,0,0
0,0,0
0,0,0
0,0,0
0,0,0
0,0,0
0,0,0
0,0,0
0,0,0
0,0,0
0,0,0
0,0,0
0,0,0
0,0,0
0,0,0
0,0,0
0,0,0
0,0,0
0,0,0
0,0,0
0,0,0
0,0,0
0,0,0
0,0,0
0,0,0
0,0,0
0,0,0
0,0,0
0,0,0
0,0,0
0,0,0
0,0,0
0,0,0
0,0,0
0,0,0
0,0,0
0,0,0
0,0,0
0,0,0
0,0,0
0,0,0
0,0,0
0,0,0
0,0,0
0,0,0
0,0,0
0,0,0
0,0,0
0,0,0
0,0,0
0,0,0
0,0,0
0,0,0
0,0,0
0,0,0
0,0,0
0,0,0
0,0,0
0,0,0
0,0,0
0,0,0
0,0,0
0,0,0
0,0,0
0,0,0
0,0,0
0,0,0
0,0,0
0,0,0
0,0,0
0,0,0
0,0,0
0,0,0
0,0,0
0,0,0
0,0,0
0,0,0
0,0,0
0,0,0
0,0,0
0,0,0
0,0,0
0,0,0
0,0,0
0,0,0
0,0,0
0,0,0
0,0,0
0,0,0
0,0,0
0,0,0
0,0,0
0,0,0
0,0,0
0,0,0
0,0,0
0,0,0
0,0,0
0,0,0
0,0,0
0,0,0
0,0,0
0,0,0
0,0,0
0,0,0
0,0,0
0,0,0
0,0,0
0,0,0
0,0,0
0,0,0
0,0,0
0,0,0
0,0,0
0,0,0
0,0,0
0,0,0
0,0,0
0,0,0
0,0,0
0,0,0
0,0,0
0,0,0
0,0,0
0,0,0
0,0,0
0,0,0
0,0,0
0,0,0
0,0,0
0,0,0
0,0,0
0,0,0
0,0,0
0,0,0
0,0,0
0,0,0
0,0,0
0,0,0
0,0,0
0,0,0
0,0,0
0,0,0
0,0,0
0,0,0
0,0,0
0,0,0
0,0,0
0,0,0
0,0,0
0,0,0
0,0,0
0,0,0
0,0,0
0,0,0
0,0,0
0,0,0
0,0,0
0,0,0
0,0,0
0,0,0
0,0,0
0,0,0
0,0,0
0,0,0
0,0,0
0,0,0
0,0,0
0,0,0
0,0,0
0,0,0
0,0,0
0,0,0
0,0,0
0,0,0
0,0,0
0,0,0
0,0,0
0,0,0
0,0,0
0,0,0
0,0,0
0,0,0
0,0,0
0,0,0
0,0,0
0,0,0
0,0,0
0,0,0
0,0,0
0,0,0
0,0,0
0,0,0
0,0,0
0,0,0
0,0,0
0,0,0
0,0,0
0,0,0
0,0,0
0,0,0
0,0,0
0,0,0
0,0,0
0,0,0
0,0,0
0,0,0
0,0,0
0,0,0
0,0,0
0,0,0
0,0,0
0,0,0
0,0,0
0,0,0
0,0,0
0,0,0
0,0,0
0,0,0
0,0,0
0,0,0
0,0,0
0,0,0
0,0,0
0,0,0
0,0,0
0,0,0
0,0,0
0,0,0
0,0,0
0,0,0
0,0,0
0,0,0
0,0,0
0,0,0
0,0,0
0,0,0
0,0,0
0,0,0
0,0,0
0,0,0
0,0,0
0,0,0
0,0,0
0,0,0
0,0,0
0,0,0
0,0,0
0,0,0
0,0,0
0,0,0
0,0,0
0,0,0
0,0,0
0,0,0
0,0,0
0,0,0
0,0,0
0,0,0
0,0,0
0,0,0
0,0,0
0,0,0
0,0,0
0,0,0
0,0,0
0,0,0
0,0,0
0,0,0
0,0,0
1,0.1701,0
1,0.163123198021,0.05747679
1,0.142965106978289,0.191498871309296
1,0.116990012643787,0.357512378039662
1,0.0904479233522777,0.524126455835069
1,0.0666627151588314,0.671790501203135
1,0.0473742280840264,0.790588112440268
1,0.0331358632050521,0.877741070489306
1,0.0237000995075146,0.935225424987645
1,0.0183514103337071,0.967736053934395
1,0.0161675911296097,0.981105590989546
1,0.0162060921389443,0.981190266685576
1,0.0176220167032256,0.973175820412789
1,0.0197299130431912,0.961225269930006
1,0.0220234608240295,0.94838001104322
1,0.0241667284781294,0.936629677797948
1,0.025968813284046,0.927078543737096
1,0.027351137638097,0.920152357514198
1,0.0283140148234391,0.915806068352635
1,0.0289066732472834,0.913707800185489
1,0.0292029337354378,0.913386563685349
1,0.0292832402128392,0.91434018593273
1,0.0292227349848425,0.916105927892666
1,0.0290844798141147,0.918299687872844
1,0.0289166630437181,0.920631126111249
1,0.0287526067915135,0.92290207907476
1,0.0286125107250415,0.924994790685945
1,0.0285060693527475,0.92685520196386
1,0.028435325107392,0.928475129535034
1,0.0283973339316368,0.929875839782284
1,0.0283864026545756,0.931094410773882
1,0.0283957988994141,0.932173419621586
1,0.0284189336451903,0.933153899805498
1,0.0284500782172241,0.934071151472229
1,0.0284847085079212,0.934952812172879
1,0.0285195776239175,0.935818555911382
1,0.0285526115244472,0.936680837762755
1,0.0285827070373765,0.937546200145677
1,0.0286094929331839,0.938416774771102
1,0.0286330960306571,0.939291730286491
1,0.0286539377900061,0.940168516858206
1,0.0286725736214777,0.941043839147011
1,0.0286895774992701,0.941914346922411
1,0.0287054681870749,0.942777069678512
1,0.0287206699148521,0.943629641560481
1,0.0287354990331687,0.944470369869206
1,0.0287501683479054,0.945298198497244
1,0.0287648019184379,0.946112610453007
1,0.0287794546170461,0.946913503998706
1,0.0287941323543068,0.947701066911951
1,0.0288088103514756,0.94847566429865
1,0.0288234480632963,0.949237747944408
1,0.0288380002765669,0.94998778964038
1,0.0288524245373709,0.950726237190074
1,0.0288666854313777,0.951453489640756
1,0.0288807564107945,0.952169887345572
1,0.0288946198853628,0.952875712394743
1,0.0289082662256388,0.953571195434241
1,0.0289216922080457,0.954256525653977
1,0.0289348992955512,0.954931861577926
1,0.0289478920175803,0.955597341093228
1,0.0289606766011286,0.95625308983744
1,0.0289732599179677,0.956899227589444
1,0.0289856487512294,0.957535872677557
1,0.0289978493460417,0.958163144645167
1,0.0290098671890602,0.958781165526855
1,0.0290217069558873,0.959390060116494
1,0.0290333725688856,0.95998995558196
1,0.0290448673167889,0.96058098072286
1,0.029056193998733,0.961163265096944
1,0.0290673550666465,0.961736938170519
1,0.0290783527500296,0.962302128586388
1,0.0290891891552703,0.962858963593547
1,0.0290998663375961,0.963407568647117
1,0.0291103863476969,0.963948067163796
1,0.0291207512572285,0.964480580405477
1,0.029130963168289,0.965005227458999
1,0.0291410242119017,0.965522125280881
1,0.0291509365399061,0.966031388780052
1,0.0291607023137677,0.966533130917349
1,0.0291703236928365,0.967027462806606
1,0.0291798028236949,0.967514493807684
1,0.0291891418314774,0.967994331606367
1,0.0291983428134863,0.96846708227946
1,0.0292074078350271,0.968932850345756
1,0.0292163389271605,0.969391738804886
1,0.0292251380859603,0.969843849166713
1,0.0292338072728353,0.970289281473934
1,0.0292423484155291,0.97072813432037
1,0.0292507634094705,0.971160504866884
1,0.0292590541192244,0.971586488856412
1,0.0292672223798933,0.972006180629093
1,0.0292752699983603,0.972419673138038
1,0.0292831987543378,0.972827057965999
1,0.0292910104012181,0.973228425342924
1,0.0292987066667443,0.973623864164284
1,0.0293062892535358,0.974013462009955
1,0.0293137598395021,0.974397305163428
1,0.0293211200781849,0.974775478631152
1,0.0293283715990531,0.975148066161808
1,0.0293355160077795,0.975515150265396
1,0.0293425548865098,0.975876812232043
1,0.0293494897941362,0.976233132150467
1,0.0293563222665829,0.976584188926081
1,0.0293630538171015,0.976930060298734
1,0.0293696859365782,0.977270822860092
1,0.0293762200938463,0.977606552070695
1,0.0293826577360072,0.977937322276698
1,0.0293890002887514,0.978263206726324
1,0.0293952491566771,0.978584277586054
1,0.0294014057236125,0.978900605956564
1,0.0294074713529251,0.979212261888422
1,0.0294134473878331,0.97951931439756
1,0.0294193351517074,0.979821831480526
1,0.0294251359483699,0.98011988012951
1,0.0294308510623833,0.980413526347169
1,0.0294364817593393,0.980702835161231
1,0.0294420292861386,0.980987870638888
1,0.0294474948712664,0.981268695900988
1,0.0294528797250666,0.981545373136011
1,0.0294581850400057,0.981817963613846
1,0.02946341199094,0.982086527699367
1,0.0294685617353723,0.982351124865796
1,0.0294736354137091,0.982611813707882
1,0.0294786341495124,0.982868651954881
1,0.0294835590497486,0.983121696483336
1,0.0294884112050324,0.983371003329678
1,0.02949319168987,0.983616627702631
1,0.0294979015628949,0.983858623995445
1,0.0295025418671042,0.984097045797934
1,0.0295071136300886,0.984331945908349
1,0.0295116178642598,0.984563376345065
1,0.0295160555670759,0.984791388358102
1,0.0295204277212615,0.985016032440477
1,0.0295247352950248,0.98523735833938
1,0.0295289792422733,0.985455415067193
1,0.0295331605028251,0.985670250912345
1,0.029537280002615,0.985881913450002
1,0.0295413386539021,0.986090449552605
1,0.0295453373554702,0.986295905400251
1,0.0295492769928276,0.986498326490916
1,0.0295531584384023,0.986697757650531
1,0.0295569825517366,0.986894243042913
1,0.0295607501796762,0.98708782617954
1,0.0295644621565583,0.987278549929189
1,0.0295681193043964,0.987466456527428
1,0.0295717224330612,0.987651587585971
1,0.0295752723404621,0.987833984101892
1,0.0295787698127226,0.988013686466702
1,0.0295822156243537,0.988190734475297
1,0.0295856105384273,0.988365167334767
1,0.0295889553067428,0.988537023673081
1,0.0295922506699957,0.988706341547639
1,0.0295954973579409,0.988873158453703
1,0.0295986960895536,0.989037511332697
1,0.0296018475731901,0.989199436580388
1,0.0296049525067421,0.989358970054948
1,0.0296080115777946,0.989516147084894
1,0.0296110254637749,0.989671002476909
1,0.0296139948321055,0.989823570523554
1,0.0296169203403491,0.989973885010857
1,0.029619802636357,0.990121979225799
1,0.0296226423584103,0.990267885963686
1,0.0296254401353624,0.990411637535406
1,0.029628196586778,0.990553265774591
1,0.02963091232307,0.990692802044661
1,0.0296335879456358,0.990830277245773
1,0.029636224046989,0.990965721821663
1,0.0296388212108909,0.991099165766385
1,0.0296413800124813,0.991230638630958
1,0.0296439010184038,0.991360169529905
1,0.0296463847869319,0.991487787147706
1,0.0296488318680945,0.991613519745142
1,0.0296512428037945,0.991737395165564
1,0.0296536181279308,0.991859440841048
1,0.0296559583665168,0.991979683798479
1,0.0296582640377958,0.99209815066553
1,0.0296605356523563,0.99221486767656
1,0.0296627737132444,0.992329860678427
1,0.0296649787160765,0.992443155136206
1,0.029667151149148,0.992554776138834
1,0.0296692914935421,0.99266474840466
1,0.0296714002232359,0.992773096286925
1,0.0296734778052052,0.992879843779149
1,0.0296755246995279,0.992985014520452
1,0.0296775413594872,0.993088631800779
1,0.0296795282316695,0.993190718566066
1,0.0296814857560659,0.993291297423318
1,0.0296834143661684,0.993390390645613
1,0.029685314489065,0.993488020177039
1,0.0296871865455361,0.993584207637551
1,0.0296890309501472,0.993678974327757
1,0.0296908481113387,0.99377234123364
1,0.0296926384315195,0.9938643290312
1,0.0296944023071539,0.993954958091036
1,0.0296961401288509,0.994044248482855
1,0.0296978522814486,0.994132219979918
1,0.0296995391441013,0.994218892063419
1,0.0297012010903628,0.994304283926797
1,0.02970283848827,0.994388414479989
1,0.0297044517004226,0.994471302353614
1,0.0297060410840644,0.994552965903103
1,0.0297076069911628,0.994633423212761
1,0.0297091497684863,0.994712692099772
1,0.0297106697576814,0.994790790118146
1,0.0297121672953482,0.994867734562605
1,0.0297136427131148,0.994943542472413
1,0.0297150963377102,0.995018230635151
1,0.0297165284910386,0.995091815590431
1,0.0297179394902487,0.995164313633563
1,0.0297193296478047,0.995235740819159
1,0.0297206992715555,0.995306112964695
1,0.0297220486648029,0.995375445654004
1,0.0297233781263684,0.995443754240736
1,0.0297246879506601,0.995511053851755
1,0.0297259784277371,0.995577359390487
1,0.0297272498433736,0.995642685540221
1,0.0297285024791241,0.995707046767364
1,0.0297297366123828,0.99577045732464
1,0.0297309525164473,0.995832931254248
1,0.0297321504605785,0.995894482390973
1,0.02973333071006,0.995955124365247
1,0.0297344935262562,0.996014870606171
1,0.0297356391666717,0.996073734344484
1,0.0297367678850078,0.996131728615499
1,0.0297378799312171,0.996188866261984
1,0.0297389755515614,0.996245159937011
1,0.0297400549886651,0.996300622106751
1,0.0297411184815679,0.996355265053243
1,0.0297421662657791,0.996409100877109
1,0.0297431985733299,0.996462141500233
1,0.0297442156328234,0.996514398668405
1,0.0297452176694859,0.996565883953918
1,0.029746204905218,0.996616608758134
1,0.0297471775586415,0.996666584314005
1,0.0297481358451497,0.996715821688565
1,0.029749079976954,0.996764331785376
1,0.0297500101631314,0.996812125346949
1,0.0297509266096709,0.996859212957114
1,0.0297518295195185,0.996905605043372
1,0.0297527190926221,0.996951311879202
1,0.0297535955259773,0.996996343586333
1,0.0297544590136694,0.997040710136988
1,0.0297553097469163,0.997084421356091
1,0.0297561479141122,0.997127486923446
1,0.0297569737008685,0.997169916375875
1,0.0297577872900543,0.997211719109335
1,0.0297585888618386,0.997252904380997
1,0.0297593785937282,0.997293481311294
1,0.0297601566606085,0.997333458885945
1,0.0297609232347817,0.997372845957939
1,0.0297616784860046,0.997411651249501
1,0.0297624225815269,0.997449883354023
1,0.029763155686128,0.99748755073796
1,0.0297638779621527,0.997524661742716
1,0.0297645895695486,0.997561224586482
1,0.0297652906659001,0.99759724736606
1,0.0297659814064646,0.997632738058658
1,0.029766661944205,0.997667704523649
1,0.0297673324298267,0.997702154504321
1,0.0297679930118075,0.997736095629583
1,0.0297686438364326,0.997769535415662
1,0.0297692850478262,0.997802481267763
1,0.0297699167879846,0.997834940481708
1,0.0297705391968051,0.997866920245556
1,0.02977115241212,0.997898427641191
1,0.0297717565697253,0.997929469645892
1,0.0297723518034103,0.997960053133876
1,0.0297729382449896,0.997990184877826
1,0.0297735160243302,0.998019871550382
1,0.02977408526938,0.998049119725627
1,0.0297746461061978,0.998077935880538
1,0.0297751986589805,0.998106326396421
1,0.0297757430500905,0.998134297560325
1,0.0297762794000827,0.998161855566433
1,0.0297768078277305,0.998189006517438
1,0.0297773284500547,0.998215756425888
1,0.0297778413823453,0.998242111215521
1,0.0297783467381918,0.998268076722577
1,0.0297788446295038,0.998293658697089
1,0.0297793351665396,0.998318862804159
1,0.0297798184579272,0.998343694625208
1,0.029780294610692,0.998368159659217
1,0.0297807637302765,0.998392263323941
1,0.0297812259205676,0.99841601095711
1,0.0297816812839162,0.998439407817613
1,0.029782129921162,0.998462459086658
1,0.0297825719316556,0.998485169868926
1,0.0297830074132799,0.998507545193692
1,0.0297834364624716,0.99852959001595
1,0.029783859174243,0.998551309217502
1,0.0297842756422033,0.998572707608041
1,0.0297846859585789,0.998593789926218
1,0.029785090214234,0.998614560840689
1,0.0297854884986901,0.998635024951152
1,0.0297858809001479,0.998655186789361
1,0.029786267505503,0.998675050820134
1,0.0297866484003697,0.998694621442338
1,0.0297870236690965,0.998713902989868
1,0.0297873933947856,0.998732899732601
1,0.0297877576593133,0.998751615877346
1,0.0297881165433453,0.99877005556877
1,0.0297884701263564,0.998788222890326
1,0.0297888184866464,0.998806121865147
1,0.0297891617013599,0.998823756456941
1,0.0297894998465009,0.998841130570871
1,0.0297898329969519,0.998858248054414
1,0.0297901612264884,0.998875112698219
1,0.0297904846077963,0.998891728236943
1,0.0297908032124883,0.99890809835008
1,0.0297911171111189,0.998924226662773
1,0.0297914263732011,0.998940116746619
1,0.0297917310672198,0.998955772120462
1,0.0297920312606497,0.998971196251165
1,0.0297923270199687,0.998986392554387
1,0.0297926184106716,0.999001364395332
1,0.029792905497287,0.999016115089499
1,0.0297931883433895,0.999030647903412
1,0.0297934670116153,0.999044966055349
1,0.0297937415636758,0.999059072716047
1,0.0297940120603692,0.999072971009413
1,0.0297942785615977,0.999086664013207
1,0.0297945411263769,0.999100154759732
1,0.029794799812852,0.999113446236497
1,0.0297950546783081,0.999126541386887
1,0.029795305779186,0.999139443110809
1,0.0297955531710905,0.999152154265334
1,0.0297957969088074,0.999164677665335
1,0.029796037046312,0.999177016084105
1,0.0297962736367818,0.999189172253974
1,0.0297965067326098,0.999201148866912
1,0.029796736385415,0.999212948575128
1,0.0297969626460535,0.999224573991654
0,-0.140302814435369,0.999236027690926
0,-0.133325792830488,0.941770522209353
0,-0.113167485405957,0.807759558736585
0,-0.0871921778857774,0.641757005622878
0,-0.0606498785575234,0.475153719649931
0,-0.036864463429753,0.327500306699961
0,-0.0175757724772196,0.208713170831099
0,-0.00333720673196392,0.121570533420265
0,0.00609875486489009,0.0640963471155574
0,0.0114476390148737,0.0315957361696019
0,0.0136316503151838,0.0182360691408843
0,0.0135933385646378,0.018161117682633
0,0.0121776004636323,0.0261851445579657
0,0.010069887832722,0.0381451341296767
0,0.00777652104740045,0.050999692682048
0,0.00563343171536057,0.062759188228963
0,0.00383152259753583,0.0723193492564975
0,0.00244937133651457,0.0792544291101315
0,0.00148666468747161,0.0836094805359669
0,0.000894174280960724,0.085716381541317
0,0.000598079328381296,0.0860461233653248
0,0.000517935941454217,0.0851008808109701
0,0.000578601850940497,0.0833433947688938
0,0.000717015329756432,0.0811577687596708
0,0.000884988069896453,0.078834344346578
0,0.00104919798803926,0.0765712868373877
0,0.00118944545067334,0.0744863540579715
0,0.00129603598287975,0.0726336067118883
0,0.00136692718492926,0.0710212298697792
0,0.00140506314670374,0.0696279588209263
0,0.00141613707117194,0.0684167171444609
0,0.00140688136671718,0.0673449293516938
0,0.00138388508542431,0.0663715635616184
0,0.00135287693263619,0.065461321203097
0,0.00131838104615645,0.0645865662772356
0,0.00128364434911332,0.0637276263093747
0,0.00125074091159727,0.0628720477311848
0,0.00122077393463205,0.0620132896084211
0,0.00119411467620367,0.061149221692635
0,0.00117063634556802,0.0602806767772697
0,0.00114991751014437,0.0594102061155838
0,0.00113140278690815,0.0585411064454641
0,0.00111451822847919,0.0576767293753976
0,0.00109874509759034,0.0568200467689173
0,0.00108365919031339,0.0559734258184405
0,0.00106894418173042,0.0551385605409058
0,0.00105438729122964,0.0543165083421183
0,0.00103986448433202,0.0535077874928518
0,0.00102532091328578,0.0527125009911836
0,0.00101075069168055,0.0519304623011772
0,0.000996178622069688,0.0511613075402575
0,0.000981645273167464,0.0504045861280852
0,0.000967195881286242,0.0496598274609633
0,0.000952872923112635,0.0489265849053069
0,0.000938711835410833,0.0482044605664886
0,0.00092473918807523,0.0474931152269791
0,0.000910972593139991,0.0467922679153965
0,0.000897421701502532,0.0461016890880851
0,0.000884089757876683,0.045421190641166
0,0.000870975320120593,0.0447506151206542
0,0.000858073879325127,0.0440898256935969
0,0.000845379228709031,0.0434386977610518
0,0.000832884516416554,0.0427971125674098
0,0.000820582978937501,0.0421649527925148
0,0.000808468390474937,0.0415420998862449
0,0.000796535283419608,0.0409284327926168
0,0.000784779000933711,0.0403238276818973
0,0.000773195639142243,0.0397281583361128
0,0.000761781927525462,0.0391412968915253
0,0.000750535084893256,0.0385631147124304
0,0.000739452676997654,0.037993483240948
0,0.000728532491757028,0.0374322747292838
0,0.00071777243994614,0.0368793628102295
0,0.000707170483244923,0.0363346228974288
0,0.000696724587622377,0.0357979324301142
0,0.000686432697835471,0.0352691709896822
0,0.000676292727955996,0.0347482203201257
0,0.000666302562892074,0.0342349642834856
0,0.00065646006650022,0.0337292887773018
0,0.000646763092779223,0.0332310816352942
0,0.000637209497614644,0.0327402325264509
0,0.000627797149435061,0.0322566328621686
0,0.0006185239378943,0.0317801757165287
0,0.000609387780260817,0.031310755761368
0,0.000600386625584759,0.0308482692154791
0,0.000591518456947882,0.0303926138059174
0,0.000582781292211565,0.0299436887387784
0,0.000574173183695403,0.0295013946767421
0,0.000565692217180835,0.0290656337209497
0,0.000557336510566164,0.0286363093952354
0,0.000549104212414497,0.0282133266312437
0,0.000540993500558862,0.027796591753455
0,0.000533002580860642,0.0273860124635582
0,0.000525129686163139,0.0269814978239319
0,0.00051737307544425,0.0265829582402274
0,0.000509731033148442,0.0261903054431857
0,0.000502201868664454,0.0258034524698937
0,0.000494783915913011,0.0254223136447071
0,0.000487475533008097,0.0250468045600491
0,0.00048027510196369,0.0246768420572643
0,0.000473181028420866,0.024312344207661
0,0.000466191741381072,0.0239532302938359
0,0.000459305692933898,0.0235994207913343
0,0.000452521357974855,0.0232508373506714
0,0.000445837233912394,0.0229074027797169
0,0.000439251840363142,0.0225690410264306
0,0.000432763718840823,0.0222356771619293
0,0.000426371432438649,0.0219072373638621
0,0.000420073565510604,0.0215836489000715
0,0.000413868723352889,0.0212648401125202
0,0.000407755531888071,0.0209507404014664
0,0.000401732637353519,0.0206412802098759
0,0.000395798705994682,0.0203363910080603
0,0.000389952423764328,0.0200360052785353
0,0.000384192496027058,0.0197400565010947
0,0.000378517647269982,0.0194484791380966
0,0.00037292662081842,0.0191612086199597
0,0.000367418178556789,0.0188781813308694
0,0.000361991100654463,0.01859933459469
0,0.000356644185295879,0.0183246066610828
0,0.000351376248414997,0.0180539366918286
0,0.000346186123433623,0.0177872647473505
0,0.000341072661003639,0.0175245317734375
0,0.000336034728753182,0.0172656795881631
0,0.000331071211036121,0.017010650868999
0,0.000326181008685394,0.0167593891401193
0,0.000321363038769562,0.0165118387598927
0,0.000316616234353417,0.0162679449085609
0,0.00031193954426148,0.0160276535760977
0,0.000307331932845128,0.0157909115502497
0,0.000302792379753614,0.0155576664047519
0,0.000298319879707631,0.0153278664877189
0,0.000293913442276916,0.0151014609102063
0,0.000289572091660667,0.0148783995349427
0,0.000285294866471636,0.014658632965226
0,0.00028108081952305,0.0144421125339853
0,0.000276929017618804,0.0142287902930039
0,0.00027283854134702,0.0140186190023007
0,0.000268808484876149,0.0138115521196694
0,0.000264837955754632,0.0136075437903718
0,0.000260926074713008,0.0134065488369829
0,0.000257071975469564,0.0132085227493868
0,0.000253274804538101,0.0130134216749199
0,0.000249533721039252,0.0128212024086594
0,0.000245847896514023,0.012631822383856
0,0.000242216514740629,0.0124452396625075
0,0.000238638771553418,0.0122614129260712
0,0.000235113874665044,0.0120803014663145
0,0.000231641043490827,0.0119018651762998
0,0.000228219508976141,0.0117260645415032
0,0.000224848513425746,0.0115528606310633
0,0.000221527310336339,0.011382215089161
0,0.000218255164231101,0.0112140901265249
0,0.000215031350496775,0.0110484485120631
0,0.000211855155223317,0.0108852535646186
0,0.000208725875045668,0.0107244691448462
0,0.000205642816988136,0.0105660596472093
0,0.000202605298310815,0.0104099899920954
0,0.000199612646358482,0.0102562256180476
0,0.000196664198411606,0.0101047324741108
0,0.000193759301539517,0.00995547701229171
0,0.000190897312455973,0.00980842618012903
0,0.00018807759737656,0.00966354741337447
0,0.000185299531878416,0.00952080862878125
0,0.000182562500761943,0.00938017821699933
0,0.000179865897914522,0.00924162503557558
0,0.000177209126176373,0.00910511840205726
0,0.000174591597208257,0.00897062808719749
0,0.000172012731361221,0.00883812430826095
0,0.00016947195754817,0.00870757772242861
0,0.000166968713117485,0.0085789594202997
0,0.000164502443728412,0.0084522409194898
0,0.00016207260322823,0.00832739415832347
0,0.000159678653531406,0.00820439148961997
0,0.00015732006450031,0.00808320567457087
0,0.000154996313827996,0.00796380987670803
0,0.000152706886922344,0.00784617765596065
0,0.000150451276792238,0.00773028296280023
0,0.000148228983935253,0.00761610013247183
0,0.000146039516227034,0.00750360387931074
0,0.000143882388812314,0.00739276929114289
0,0.000141757123997541,0.00728357182376819
0,0.000139663251145131,0.00717598729552515
0,0.000137600306569202,0.00706999188193591
0,0.000135567833432867,0.00696556211043038
0,0.000133565381647174,0.00686267485514818
0,0.000131592507771297,0.00676130733181751
0,0.000129648774914462,0.00666143709270954
0,0.000127733752639136,0.00656304202166745
0,0.000125847016865688,0.00646610032920878
0,0.000123988149778528,0.0063705905477002
0,0.000122156739733509,0.00627649152660352
0,0.000120352381166866,0.00618378242779193
0,0.000118574674505351,0.00609244272093539
0,0.000116823226077714,0.00600245217895424
0,0.000115097648027626,0.00591379087353992
0,0.00011339755822766,0.00582643917074191
0,0.000111722580194762,0.00574037772661974
0,0.000110072343006848,0.00565558748295936
0,0.000108446481220686,0.00557204966305266
0,0.000106844634790944,0.00548974576753946
0,0.000105266448990428,0.00540865757031077
0,0.000103711574331616,0.00532876711447272
0,0.000102179666489177,0.00525005670836993
0,0.000100670386223772,0.0051725089216678
0,9.91833993069235e-05,0.00509610658149254
0,9.77183764469536e-05,0.00502083276862823
0,9.62749932161555e-05,0.00494667081377013
0,9.48529299788642e-05,0.00487360429383325
0,9.34518718207003e-05,0.00480161702831548
0,9.20715084788623e-05,0.00473069307571446
0,9.0711534273348e-05,0.00466081672999731
0,8.93716480393422e-05,0.00459197251712256
0,8.80515530604919e-05,0.00452414519161346
0,8.67509570031955e-05,0.00445731973318187
0,8.54695718518414e-05,0.00439148134340202
0,8.42071138450612e-05,0.00432661544243345
0,8.29633034129112e-05,0.00426270766579229
0,8.17378651149017e-05,0.00419974386117025
0,8.05305275790452e-05,0.00413771008530067
0,7.93410234417313e-05,0.00407659260087073
0,7.81690892885725e-05,0.00401637787347935
0,7.70144655959926e-05,0.00395705256864004
0,7.58768966738349e-05,0.00389860354882797
0,7.47561306086858e-05,0.0038410178705707
0,7.36519192080926e-05,0.00378428278158182
0,7.25640179456422e-05,0.00372838571793701
0,7.14921859067755e-05,0.00367331430129176
0,7.0436185735441e-05,0.0036190563361402
0,6.93957835815329e-05,0.00356559980711442
0,6.83707490491195e-05,0.00351293287632367
0,6.73608551454083e-05,0.00346104388073287
0,6.63658782304802e-05,0.00340992132957988
0,6.53855979677667e-05,0.00335955390183082
0,6.44197972752697e-05,0.0033099304436731
0,6.34682622774607e-05,0.00326103996604537
0,6.2530782257951e-05,0.00321287164220406
0,6.16071496127718e-05,0.00316541480532576
0,6.06971598044945e-05,0.00311865894614507
0,5.980061131685e-05,0.00307259371062738
0,5.891730561014e-05,0.0030272088976759
0,5.80470470772643e-05,0.00298249445687272
0,5.7189643000416e-05,0.00293844048625311
0,5.6344903508386e-05,0.00289503723011274
0,5.55126415345206e-05,0.00285227507684732
0,5.46926727753028e-05,0.00281014455682407
0,5.38848156495311e-05,0.00276863634028475
0,5.30888912581226e-05,0.00272774123527953
0,5.23047233444776e-05,0.00268745018563147
0,5.15321382554487e-05,0.00264775426893105
0,5.07709649029096e-05,0.00260864469456029
0,5.00210347258341e-05,0.00257011280174609
0,4.92821816529959e-05,0.00253215005764231
0,4.85542420661858e-05,0.00249474805544017
0,4.78370547639557e-05,0.00245789851250658
0,4.7130460925953e-05,0.00242159326854999
0,4.64343040777367e-05,0.00238582428381323
0,4.57484300561209e-05,0.00235058363729318
0,4.5072686975043e-05,0.00231586352498663
0,4.44069251919234e-05,0.00228165625816215
0,4.37509972745394e-05,0.00224795426165734
0,4.31047579683534e-05,0.0022147500722014
0,4.24680641643686e-05,0.00218203633676236
0,4.18407748674354e-05,0.00214980581091875
0,4.12227511650091e-05,0.00211805135725536
0,4.06138561964003e-05,0.00208676594378264
0,4.00139551224865e-05,0.00205594264237949
0,3.94229150958089e-05,0.00202557462725904
0,3.88406052312072e-05,0.00199565517345704
0,3.82668965767732e-05,0.00196617765534271
0,3.77016620853494e-05,0.00193713554515143
0,3.7144776586371e-05,0.00190852241153917
0,3.65961167581412e-05,0.00188033191815834
0,3.60555611005273e-05,0.00185255782225456
0,3.55229899080718e-05,0.00182519397328422
0,3.49982852434483e-05,0.00179823431155245
0,3.4481330911381e-05,0.00177167286687122
0,3.39720124328848e-05,0.00174550375723721
0,3.34702170199375e-05,0.00171972118752931
0,3.29758335504762e-05,0.00169431944822523
0,3.24887525438265e-05,0.00166929291413717
0,3.20088661364126e-05,0.00164463604316614
0,3.15360680579191e-05,0.00162034337507463
0,3.10702536077054e-05,0.00159640953027745
0,3.06113196316751e-05,0.00157282920865049
0,3.01591644993916e-05,0.00154959718835691
0,2.97136880815889e-05,0.00152670832469085
0,2.92747917279915e-05,0.00150415754893814
0,2.88423782454743e-05,0.00148193986725377
0,2.84163518765417e-05,0.00146005035955608
0,2.79966182781116e-05,0.00143848417843718
0,2.75830845006299e-05,0.00141723654808949
0,2.71756589674821e-05,0.00139630276324818
0,2.6774251454734e-05,0.00137567818814915
0,2.63787730711181e-05,0.00135535825550246
0,2.59891362383736e-05,0.00133533846548094
0,2.56052546718424e-05,0.00131561438472365
0,2.52270433613658e-05,0.00129618164535416
0,2.48544185524561e-05,0.00127703594401328
0,2.44872977277558e-05,0.00125817304090608
0,2.41255995887483e-05,0.00123958875886299
0,2.37692440377708e-05,0.00122127898241478
0,2.3418152160273e-05,0.0012032396568812
0,2.30722462073348e-05,0.00118546678747302
0,2.27314495784576e-05,0.00116795643840749
0,2.23956868045955e-05,0.00115070473203666
0,2.20648835314429e-05,0.00113370784798875
0,2.17389665029717e-05,0.0011169620223221
0,2.14178635452051e-05,0.00110046354669168
1,0.17012110150355,0.00108420876752782
1,0.16314398783746,0.0585449840852272
1,0.142985589711542,0.192551287262652
1,0.117010192829713,0.358549248917525
1,0.0904678054597552,0.525148011251378
1,0.0666823035907326,0.672796967380236
1,0.0473935271781882,0.791579712259011
1,0.0331548772352384,0.878718023538403
1,0.0237188326843616,0.936187947612296
1,0.0183698668056568,0.968684359284198
1,0.0161857749838279,0.982039889065698
1,0.0162240074022258,0.98211076438738
1,0.0176396673428864,0.974082721583469
1,0.0197473029679464,0.962118775401847
1,0.0220405938848592,0.949260318682047
1,0.0241836084691313,0.93749698254694
1,0.025985443943276,0.927933037659955
1,0.0273675226483967,0.920994229837682
1,0.0283301578132514,0.916635505508463
1,0.0289225777914558,0.914524985851625
1,0.0292186033560148,0.914191678826679
1,0.0292986783798411,0.915133408841134
1,0.0292379451170349,0.916887434226502
1,0.0290994652797648,0.919069650695849
1,0.0289314271613412,0.921389715930859
1,0.0287671528306073,0.923649463879874
1,0.028626841906811,0.925731135984122
1,0.0285201888508174,0.927580670817973
1,0.02844923604851,0.929189882599378
1,0.0284110393963658,0.930580035338156
1,0.0283999056779758,0.931788204764628
1,0.0284091024717159,0.932856965687138
1,0.0284320407124554,0.933827349316396
1,0.0284629916819981,0.934734653563142
1,0.0284974312298774,0.935606513775628
1,0.0285321124204887,0.936462601787485
1,0.0285649611714502,0.937315370535477
1,0.0285948742696276,0.938171360331616
1,0.0286214804451035,0.939032700811308
1,0.0286449064768668,0.939898558577121
1,0.0286655737859169,0.940766381780731
1,0.0286840377438682,0.941632873097974
1,0.0287008722868578,0.942494680342747
1,0.028716596141078,0.94334883108243
1,0.0287316334995442,0.944192957563929
1,0.0287463006764239,0.945025365217905
1,0.0287608104417361,0.945844996094318
1,0.0287752868195239,0.946651331386192
1,0.0287897846472578,0.947444267567173
1,0.0288043098012181,0.94822399065272
1,0.0288188374688716,0.948990864012621
1,0.0288333270716705,0.949745337722001
1,0.0288477333636157,0.950487881886805
1,0.0288620138584759,0.95121894265022
1,0.0288761331100833,0.951938917423717
1,0.0288900645392793,0.952648144948806
1,0.0289037905249021,0.953346905727882
1,0.0289173014070605,0.95403542884254
1,0.0289305939321811,0.954713901941425
1,0.0289436695336771,0.955382482030009
1,0.0289565327118566,0.956041305499358
1,0.0289691896650281,0.956690496513058
1,0.0289816472366993,0.957330173397786
1,0.0289939121821554,0.957960453051108
1,0.02900599071909,0.958581453606793
1,0.0290178883071295,0.959193295710625
1,0.0290296095952451,0.959796102788194
1,0.0290411584795629,0.960390000659301
1,0.0290525382229678,0.960975116795393
1,0.0290637515991268,0.961551579445678
1,0.029074801034878,0.962119516787249
1,0.0290856887350004,0.962679056192736
1,0.0290964167815257,0.963230323659725
1,0.0291069872056866,0.963773443410412
1,0.0291174020345315,0.964308537646779
1,0.029127663316423,0.964835726433948
1,0.029137773130512,0.965355127679663
1,0.0291477335852117,0.965866857178764
1,0.0291575468100869,0.966371028695663
1,0.0291672149446558,0.966867754063582
1,0.0291767401266476,0.967357143285395
1,0.0291861244813405,0.967839304626416
1,0.0291953701128822,0.968314344694048
1,0.0292044790978969,0.968782368502644
1,0.0292134534813169,0.969243479524236
1,0.0292222952741314,0.969697779727161
1,0.0292310064526389,0.970145369605213
1,0.0292395889587647,0.970586348200037
1,0.0292480447010575,0.971020813119183
1,0.029256375556034,0.97144886055181
1,0.0292645833696272,0.971870585283507
1,0.0292726699585826,0.972286080711204
1,0.0292806371116954,0.972695438858738
1,0.0292884865908605,0.973098750393308
1,0.029296220131914,0.973496104642839
1,0.0293038394453033,0.973887589614096
1,0.0293113462166057,0.97427329201138
1,0.0293187421069419,0.974653297255542
1,0.0293260287533121,0.975027689503128
1,0.0293332077688888,0.97539655166547
1,0.0293402807432885,0.975759965427591
1,0.0293472492428379,0.976118011266825
1,0.0293541148108432,0.976470768471102
1,0.0293608789678736,0.976818315156878
1,0.029367543212053,0.977160728286693
1,0.0293741090193615,0.977498083686391
1,0.0293805778439487,0.977830456061999
1,0.0293869511184475,0.978157919016305
1,0.0293932302542945,0.978480545065145
1,0.029399416642045,0.978798405653429
1,0.0294055116516894,0.979111571170923
1,0.0294115166329647,0.979420110967785
1,0.0294174329156585,0.979724093369881
1,0.0294232618099091,0.980023585693887
1,0.0294290046065022,0.980318654262164
1,0.0294346625771569,0.980609364417435
1,0.0294402369748097,0.980895780537237
1,0.0294457290338939,0.981177966048181
1,0.0294511399706123,0.98145598343999
1,0.0294564709832059,0.981729894279346
1,0.029461723252219,0.981999759223523
1,0.0294668979407604,0.982265638033827
1,0.0294719961947598,0.982527589588831
1,0.029477019143221,0.982785671897414
1,0.0294819678984721,0.983039942111619
1,0.0294868435564106,0.983290456539301
1,0.0294916471967479,0.983537270656601
1,0.0294963798832455,0.983780439120234
1,0.0295010426639524,0.984020015779589
1,0.0295056365714372,0.984256053688657
1,0.0295101626230159,0.984488605117775
1,0.0295146218209779,0.984717721565208
1,0.0295190151528075,0.984943453768546
1,0.0295233435914035,0.985165851715941
1,0.0295276080952938,0.985384964657182
1,0.0295318096088484,0.985600841114593
1,0.0295359490624869,0.985813528893784
1,0.0295400273728874,0.986023075094236
1,0.0295440454431872,0.986229526119728
1,0.0295480041631839,0.986432927688619
1,0.0295519044095311,0.986633324843966
1,0.0295557470459344,0.986830761963504
1,0.029559532923342,0.98702528276947
1,0.0295632628801314,0.987216930338287
1,0.0295669377422987,0.987405747110103
1,0.029570558323637,0.987591774898188
1,0.0295741254259212,0.987775054898195
1,0.0295776398390812,0.987955627697282
1,0.0295811023413808,0.988133533283102
1,0.0295845136995871,0.988308811052655
1,0.0295878746691418,0.988481499821015
1,0.0295911859943279,0.988651637829921
1,0.0295944484084352,0.988819262756254
1,0.0295976626339212,0.988984411720372
1,0.0296008293825727,0.989147121294337
1,0.029603949355663,0.989307427510007
1,0.029607023244107,0.989465365867021
1,0.0296100517286135,0.989620971340659
1,0.0296130354798374,0.989774278389584
1,0.0296159751585272,0.989925320963477
1,0.0296188714156718,0.990074132510554
1,0.0296217248926436,0.990220745984972
1,0.0296245362213428,0.990365193854126
1,0.0296273060243342,0.990507508105842
1,0.0296300349149887,0.990647720255456
1,0.0296327234976153,0.9907858613528
1,0.0296353723675982,0.990921961989069
1,0.0296379821115265,0.991056052303602
1,0.0296405533073252,0.991188161990557
1,0.0296430865243835,0.99131832030548
1,0.029645582323679,0.99144655607179
1,0.0296480412579037,0.991572897687159
1,0.029650463871586,0.991697373129802
1,0.029652850701211,0.991820009964671
1,0.02965520227534,0.991940835349561
1,0.0296575191147268,0.992059876041124
1,0.0296598017324319,0.992177158400792
1,0.0296620506339391,0.992292708400619
1,0.0296642663172655,0.992406551629026
1,0.0296664492730714,0.992518713296473
1,0.0296685999847701,0.992629218241042
1,0.0296707189286343,0.992738090933934
1,0.0296728065739023,0.992845355484887
1,0.0296748633828803,0.992951035647523
1,0.0296768898110464,0.993055154824598
1,0.0296788863071515,0.993157736073194
1,0.029680853313317,0.993258802109816
1,0.0296827912651347,0.993358375315429
1,0.029684700591762,0.993456477740413
1,0.0296865817160166,0.993553131109444
1,0.0296884350544719,0.993648356826307
1,0.0296902610175476,0.993742175978632
1,0.0296920600096011,0.993834609342572
1,0.0296938324290177,0.993925677387394
1,0.0296955786682975,0.99401540028002
1,0.0296972991141435,0.994103797889486
1,0.0296989941475458,0.994190889791349
1,0.0297006641438686,0.994276695272015
1,0.0297023094729303,0.994361233333018
1,0.0297039304990878,0.994444522695217
1,0.0297055275813152,0.994526581802955
1,0.0297071010732846,0.99460742882813
1,0.0297086513234439,0.994687081674231
1,0.0297101786750948,0.994765557980294
1,0.0297116834664675,0.994842875124812
1,0.0297131660307963,0.994919050229584
1,0.0297146266963937,0.994994100163505
1,0.0297160657867221,0.9950680415463
1,0.0297174836204672,0.995140890752211
1,0.029718880511606,0.995212663913615
1,0.0297202567694792,0.995283376924602
1,0.0297216126988573,0.995353045444491
1,0.0297229486000092,0.9954216849013
1,0.0297242647687694,0.995489310495165
1,0.029725561496601,0.9955559372017
1,0.0297268390706642,0.995621579775317
1,0.0297280977738756,0.995686252752494
1,0.0297293378849737,0.99574997045499
1,0.0297305596785804,0.995812746993024
1,0.0297317634252594,0.995874596268393
1,0.0297329493915806,0.99593553197755
1,0.0297341178401742,0.995995567614643
1,0.0297352690297912,0.9960547164745
1,0.0297364032153626,0.996112991655571
1,0.0297375206480512,0.996170406062833
1,0.029738621575313,0.996226972410645
1,0.0297397062409457,0.996282703225563
1,0.0297407748851477,0.996337610849115
1,0.0297418277445693,0.996391707440537
1,0.029742865052365,0.99644500497946
1,0.0297438870382458,0.996497515268566
1,0.0297448939285287,0.996549249936202
1,0.029745885946189,0.996600220438956
1,0.0297468633109079,0.996650438064189
1,0.0297478262391213,0.996699913932541
1,0.0297487749440688,0.99674865900039
1,0.029749709635841,0.996796684062277
1,0.0297506305214232,0.996843999753302
1,0.029751537804745,0.996890616551473
1,0.0297524316867233,0.996936544780031
1,0.0297533123653073,0.996981794609731
1,0.0297541800355223,0.997026376061099
1,0.0297550348895126,0.997070299006651
1,0.0297558771165853,0.997113573173075
1,0.0297567069032503,0.997156208143389
1,0.0297575244332635,0.99719821335906
1,0.0297583298876654,0.997239598122099
1,0.0297591234448227,0.997280371597116
1,0.0297599052804685,0.997320542813355
1,0.0297606755677395,0.997360120666687
1,0.0297614344772146,0.997399113921585
1,0.0297621821769536,0.997437531213064
1,0.0297629188325337,0.997475381048591
1,0.0297636446070868,0.997512671809972
1,0.0297643596613346,0.997549411755206
1,0.0297650641536253,0.997585609020313
1,0.0297657582399677,0.99762127162114
1,0.0297664420740669,0.997656407455131
1,0.0297671158073565,0.997691024303077
1,0.029767779589035,0.997725129830844
1,0.0297684335660955,0.997758731591063
1,0.0297690778833601,0.997791837024809
1,0.029769712683513,0.997824453463243
1,0.0297703381071299,0.997856588129241
1,0.0297709542927096,0.99788824813899
1,0.0297715613767064,0.997919440503564
1,0.0297721594935578,0.99795017213048
1,0.0297727487757167,0.997980449825224
1,0.0297733293536786,0.998010280292757
1,0.0297739013560121,0.998039670139006
1,0.0297744649093863,0.998068625872319
1,0.0297750201385993,0.998097153904913
1,0.0297755671666069,0.998125260554289
1,0.0297761061145467,0.998152952044635
1,0.0297766371017691,0.998180234508202
1,0.0297771602458603,0.998207113986662
1,0.02977767566267,0.998233596432446
1,0.0297781834663362,0.998259687710064
1,0.0297786837693119,0.998285393597401
1,0.0297791766823892,0.998310719786997
1,0.0297796623147217,0.99833567188731
1,0.029780140773854,0.998360255423957
1,0.0297806121657394,0.998384475840933
1,0.0297810765947666,0.998408338501826
1,0.0297815341637842,0.998431848690995
1,0.0297819849741192,0.998455011614747
1,0.0297824291256032,0.998477832402485
1,0.029782866716594,0.99850031610785
1,0.0297832978439945,0.998522467709832
1,0.0297837226032787,0.998544292113881
1,0.0297841410885076,0.998565794152988
1,0.0297845533923553,0.998586978588754
1,0.0297849596061259,0.998607850112452
1,0.0297853598197746,0.998628413346057
1,0.0297857541219289,0.998648672843276
1,0.0297861425999058,0.998668633090553
1,0.0297865253397342,0.998688298508061
1,0.0297869024261708,0.998707673450688
1,0.029787273942721,0.998726762208994
1,0.029787639971657,0.998745569010163
1,0.0297880005940356,0.99876409801894
1,0.0297883558897161,0.998782353338556
1,0.0297887059373778,0.998800339011631
1,0.0297890508145393,0.998818059021072
1,0.0297893905975728,0.998835517290958
0,-0.140310274638277,0.998852717687402
0,-0.133333142839877,0.941392874019415
0,-0.113174726849478,0.807387488730447
0,-0.0871993123670416,0.641390431406039
0,-0.0606569076564527,0.474792560044924
0,-0.0368713887029348,0.327144481728383
0,-0.0175825954582476,0.208362601695892
0,-0.00334392893178004,0.121225142488272
0,0.00609213195766189,0.063756057900328
0,0.0114411139335977,0.0312604733144568
0,0.0136252216148879,0.0179057584022256
0,0.0135870048216933,0.0178356859135033
0,0.0121713602754385,0.0258645196918506
0,0.0100637398173962,0.037829245164545
0,0.00777046384347113,0.0506884696646288
0,0.0056274639814663,0.0624525622392546
0,0.00382564301212862,0.072017252392505
0,0.00244357859756628,0.0789567944728299
0,0.00148095751218646,0.0833162422144864
0,0.000888551405491267,0.0854274745983472
0,0.000592539507547674,0.0857614838227345
0,0.00051247794846887,0.0848204456356394
0,0.000573224477137035,0.0830671018587554
0,0.000711717384321076,0.0808855569299576
0,0.000879768379604684,0.0785661533162736
0,0.00104405539699659,0.0763070572158775
0,0.00118437882005828,0.0742260273318904
0,0.00129104419069259,0.0723771252321634
0,0.00136200912574291,0.070768536838863
0,0.0014002177314193,0.0693789982802195
0,0.00141136322677748,0.0681714339619199
0,0.00140217803605003,0.0671032692096222
0,0.00137925122693683,0.0661334729446381
0,0.00134831152016557,0.0652267473862974
0,0.00131388306869695,0.0643554573144978
0,0.00127921281059296,0.063499931021868
0,0.00124637483065615,0.0626477156960332
0,0.00121647234440647,0.0617922711475372
0,0.00118987662411085,0.0609314678617189
0,0.00116646089309602,0.06006613935497
0,0.00114580373264406,0.0591988375928195
0,0.00112734977338769,0.0583328600149036
0,0.00111052508140308,0.0574715589210932
0,0.0010948109326806,0.056617906856093
0,0.00107978313635337,0.0557742716834305
0,0.00106512538037207,0.0549423480812416
0,0.00105062489680363,0.0541231941067621
0,0.00103615766365994,0.0533173286725744
0,0.00102166884549637,0.0525248554090846
0,0.0010071525680273,0.0517455884033446
0,0.000992633645751972,0.0509791643865658
0,0.000978152659154241,0.0502251333831293
0,0.000963754856141752,0.0494830253851262
0,0.000949482724825645,0.0487523943459594
0,0.000935371713225441,0.0480328429493191
0,0.00092144840232522,0.0473240325474513
0,0.000907730415084074,0.0466256827303331
0,0.000894227413164139,0.0459375645073764
0,0.000880942651884098,0.0452594903196005
0,0.000867874699550408,0.0445913032498699
0,0.000855019057548367,0.0439328669941517
0,0.000842369529238718,0.0432840574746109
0,0.00082991927275794,0.0426447564490483
0,0.000817661534440628,0.0420148471031345
0,0.00080559009818898,0.0413942113851026
0,0.00079369950594993,0.0407827287299633
0,0.000781985110300365,0.040180275791725
0,0.000770443016641309,0.0395867268290102
0,0.000759069963591597,0.0390019544476376
0,0.000747863178964858,0.0384258304745236
0,0.000736820237384084,0.0378582268075756
0,0.000725938935507431,0.0372990161480543
0,0.000715217192720274,0.0367480725711738
0,0.000704652979185927,0.0362052719264648
0,0.000694244269231703,0.0356704920826089
0,0.00068398901584954,0.0351436130441078
0,0.00067388514122374,0.0346245169718105
0,0.000663930538256141,0.0341130881384564
0,0.000654123078678348,0.0336092128462177
0,0.000644460624248,0.0331127793274696
0,0.000634941038494818,0.0326236776439673
0,0.000625562197378693,0.0321417995940727
0,0.000616321997973901,0.0316670386331172
0,0.000607218364859163,0.0311992898085556
0,0.00059824925428692,0.0307384497092507
0,0.000589412656435306,0.0302844164268617
0,0.000580706596157221,0.0298370895267024
0,0.000572129132660026,0.029396370025365
0,0.000563678358511399,0.0289621603726758
0,0.000555352398295905,0.0285343644360032
0,0.000547149407163938,0.0281128874854518
0,0.00053906756943839,0.0276976361789629
0,0.000531105097374973,0.0272885185467604
0,0.000523260230116451,0.0268854439749057
0,0.000515531232847644,0.0264883231879514
0,0.00050791639612785,0.0260970682308295
0,0.000500414035370489,0.0257115924501771
0,0.000493022490431871,0.0253318104753277
0,0.000485740125274081,0.0249576381991777
0,0.000478565327672542,0.0245889927591062
0,0.000471496508944957,0.0242257925180839
0,0.000464532103685356,0.0238679570460614
0,0.000457670569493307,0.0235154071016936
0,0.000450910386693204,0.0231680646144234
0,0.000444250058041773,0.0228258526669284
0,0.000437688108425205,0.022488695477917
0,0.000431223084548793,0.0221565183852554
0,0.000424853554620686,0.0218292478294022
0,0.000418578108034334,0.0215068113371273
0,0.000412395355050832,0.0211891375054961
0,0.000406303926484414,0.0208761559861016
0,0.000400302473391873,0.020567797469532
0,0.00039438966676672,0.0202639936700637
0,0.000388564197239843,0.0199646773105735
0,0.000382824774784768,0.0196697821076661
0,0.000377170128429527,0.0193792427570123
0,0.000371599005973111,0.0190929949188979
0,0.000366110173707856,0.0188109752039795
0,0.000360702416145608,0.0185331211592475
0,0.000355374535749353,0.0182593712541939
0,0.000350125352668207,0.0179896648671826
0,0.000344953704477041,0.0177239422720213
0,0.000339858445919466,0.017462144624731
0,0.000334838448654812,0.0172042139505125
0,0.000329892601008602,0.0169500931309051
0,0.000325019807726756,0.0166997258911362
0,0.00032021898973314,0.0164530567876583
0,0.000315489083890785,0.0162100311958707
0,0.000310829042766303,0.0159705952980226
0,0.000306237834398149,0.0157346960712953
0,0.000301714442067863,0.015502281276061
0,0.000297257864075029,0.0152732994443144
0,0.000292867113515172,0.0150476998682753
0,0.000288541218061461,0.0148254325891604
0,0.000284279219749106,0.0146064483861193
0,0.000280080174763303,0.0143906987653354
0,0.000275943153230152,0.0141781359492872
0,0.00027186723901082,0.0139687128661673
0,0.000267851529498625,0.0137623831394593
0,0.00026389513541894,0.0135591010776672
0,0.000259997180632715,0.0133588216641973
0,0.000256156801941992,0.0131615005473893
0,0.000252373148899115,0.0129670940306944
0,0.000248645383618129,0.0127755590629992
0,0.000244972680589428,0.0125868532290913
0,0.000241354226496959,0.0124009347402674
0,0.000237789220037837,0.0122177624250784
0,0.000234276871745293,0.0120372957202127
0,0.000230816403813561,0.0118594946615128
0,0.000227407049925687,0.0116843198751262
0,0.00022404805508397,0.0115117325687849
0,0.000220738675442644,0.0113416945232161
0,0.000217478178143077,0.0111741680836779
0,0.000214265841151709,0.0110091161516205
0,0.000211100953100007,0.0108465021764717
0,0.000207982813126867,0.0106862901475417
0,0.000204910730723581,0.0105284445860495
0,0.000201884025580801,0.0103729305372655
0,0.000198902027437928,0.0102197135627713
0,0.00019596407593471,0.0100687597328328
0,0.000193069520464939,0.00992003561888716
0,0.000190217720032387,0.0097735082861396
0,0.000187408043109016,0.00962914528627016
0,0.000184639867494799,0.00948691465024809
0,0.000181912580180299,0.0093467848812523
0,0.000179225577210645,0.00920872494769646
0,0.000176578263551913,0.00907270427635705
0,0.000173970052959382,0.00893869274560297
0,0.000171400367847616,0.00880666067872515
0,0.0001688686391626,0.00867657883736465
0,0.000166374306255768,0.00854841841503789
0,0.000163916816759743,0.00842215103075744
0,0.000161495626466196,0.00829774872274711
0,0.000159110199205101,0.00817518394224986
0,0.000156760006726139,0.00805442954742713
0,0.000154444528581765,0.0079354587973483
0,0.000152163252011783,0.00781824534606898
0,0.000149915671830023,0.00770276323679667
0,0.000147701290312219,0.00758898689614272
0,0.00014551961708599,0.0074768911284591
0,0.000143370169022175,0.00736645111025884
0,0.000141252470127792,0.00725764238471892
0,0.000139166051440709,0.00715044085626433
0,0.000137110450925765,0.00704482278523211
0,0.00013508521337241,0.00694076478261426
0,0.00013308989029398,0.00683824380487822
0,0.000131124039828359,0.00673723714886394
0,0.000129187226640043,0.0066377224467563
0,0.000127279021823856,0.00653967766113174
0,0.000125399002809917,0.00644308108007813
0,0.000123546753270004,0.0063479113123867
0,0.000121721863025476,0.00625414728281495
0,0.000119923927956345,0.00616176822741956
0,0.000118152549911849,0.00607075368895827
0,0.000116407336622201,0.00598108351235962
0,0.000114687901611787,0.00589273784025963
0,0.000112993864113606,0.00580569710860439
0,0.000111324848984892,0.00571994204231769
0,0.000109680486624006,0.0056354536510325
0,0.000108060412888702,0.00555221322488561
0,0.000106464269015394,0.00547020233037436
0,0.000104891701539732,0.00538940280627454
0,0.000103342362218324,0.0053097967596186
0,0.000101815907951698,0.0052313665617333
0,0.000100312000708147,0.00515409484433582
0,9.88303074490743e-05,0.00507796449568762
0,9.73705000550731e-05,0.00500295865680502
0,9.59322552533948e-05,0.00492906071772582
0,9.45152545462555e-05,0.00485625431383106
0,9.31191841404e-05,0.00478452332222104
0,9.17437348775113e-05,0.00471385185814496
0,9.03886021658626e-05,0.00464422427148327
0,8.90534859127601e-05,0.00457562514328192
0,8.77380904581448e-05,0.0045080392823379
0,8.64421245091243e-05,0.00444145172183513
0,8.51653010754197e-05,0.00437584771603009
0,8.39073374058752e-05,0.00431121273698639
0,8.26679549257789e-05,0.00424753247135758
0,8.14468791752038e-05,0.00418479281721746
0,8.02438397482577e-05,0.00412297988093721
0,7.90585702331661e-05,0.00406207997410872
0,7.78908081532567e-05,0.00400207961051322
0,7.67402949088739e-05,0.00394296550313487
0,7.5606775720112e-05,0.00388472456121828
0,7.44899995703471e-05,0.00382734388736964
0,7.33897191507321e-05,0.00377081077470054
0,7.23056908053313e-05,0.0037151127040141
0,7.12376744772467e-05,0.00366023734103261
0,7.01854336554036e-05,0.00360617253366604
0,6.91487353222178e-05,0.00355290630932108
0,6.81273499019558e-05,0.00350042687224974
0,6.71210512099216e-05,0.00344872260093723
0,6.6129616402337e-05,0.00339778204552839
0,6.51528259270479e-05,0.00334759392529212
0,6.41904634748475e-05,0.00329814712612327
0,6.32423159316123e-05,0.00324943069808145
0,6.23081733310965e-05,0.00320143385296615
0,6.13878288084277e-05,0.00315414596192775
0,6.04810785542892e-05,0.00310755655311375
0,5.95877217698312e-05,0.00306165530934975
0,5.87075606221371e-05,0.00301643206585481
0,5.78404002004873e-05,0.00297187680799037
0,5.69860484731302e-05,0.00292797966904259
0,5.61443162448022e-05,0.00288473092803736
0,5.53150171148098e-05,0.00284212100758758
0,5.44979674357363e-05,0.00280014047177229
0,5.36929862728387e-05,0.00275878002404707
0,5.28998953638858e-05,0.00271803050518534
0,5.21185190797586e-05,0.00267788289125005
0,5.13486843855201e-05,0.00263832829159538
0,5.05902208021054e-05,0.00259935794689783
0,4.98429603685742e-05,0.00256096322721659
0,4.91067376049009e-05,0.00252313563008234
0,4.83813894753583e-05,0.00248586677861447
0,4.76667553523727e-05,0.00244914841966597
0,4.69626769809967e-05,0.00241297242199583
0,4.62689984438401e-05,0.00237733077446835
0,4.5585566126518e-05,0.00234221558427907
0,4.49122286837016e-05,0.00230761907520699
0,4.42488370055276e-05,0.00227353358589245
0,4.35952441846243e-05,0.00223995156814056
0,4.29513054835649e-05,0.00220686558524968
0,4.23168783028234e-05,0.00217426831036456
0,4.16918221491855e-05,0.0021421525248538
0,4.10759986046345e-05,0.0021105111167113
0,4.04692712957094e-05,0.00207933707898133
0,3.9871505863303e-05,0.00204862350820683
0,3.92825699329115e-05,0.00201836360290064
0,3.87023330852936e-05,0.00198855066203935
0,3.81306668276356e-05,0.00195917808357932
0,3.75674445650537e-05,0.00193023936299471
0,3.70125415725918e-05,0.00190172809183703
0,3.64658349675737e-05,0.001873637956316
0,3.59272036824163e-05,0.00184596273590138
0,3.5396528437797e-05,0.00181869630194543
0,3.48736917162654e-05,0.00179183261632573
0,3.43585777361766e-05,0.00176536573010806
0,3.38510724261047e-05,0.00173928978222899
0,3.33510633995469e-05,0.00171359899819794
0,3.28584399300336e-05,0.00168828768881849
0,3.23730929266408e-05,0.00166335024892844
0,3.18949149097913e-05,0.00163878115615861
0,3.14237999874747e-05,0.00161457496970987
0,3.09596438318079e-05,0.00159072632914832
0,3.0502343655904e-05,0.00156722995321822
0,3.00517981911344e-05,0.00154408063867242
0,2.96079076646874e-05,0.00152127325912016
0,2.91705737774893e-05,0.00149880276389183
0,2.8739699682423e-05,0.00147666417692047
0,2.83151899628832e-05,0.00145485259563984
0,2.78969506116444e-05,0.00143336318989878
0,2.74848890100543e-05,0.00141219120089156
0,2.70789139075224e-05,0.001391331940104
0,2.66789354012933e-05,0.00137078078827529
0,2.62848649165617e-05,0.001350533194375
0,2.58966151868417e-05,0.00133058467459529
0,2.55141002346478e-05,0.00131093081135794
0,2.51372353524595e-05,0.00129156725233612
0,2.47659370839481e-05,0.00127248970949055
0,2.44001232055195e-05,0.00125369395811992
0,2.40397127080801e-05,0.00123517583592535
0,2.36846257791138e-05,0.00121693124208863
0,2.33347837850072e-05,0.00119895613636412
0,2.29901092536205e-05,0.00118124653818402
0,2.26505258571555e-05,0.0011637985257769
0,2.23159583952366e-05,0.00114660823529921
0,2.19863327782545e-05,0.00112967185997966
0,2.16615760109742e-05,0.00111298564927618
0,2.13416161763593e-05,0.00109654590804538
0,2.10263824196484e-05,0.0010803489957243
0,2.07158049326649e-05,0.00106439132552414
0,2.04098149383623e-05,0.00104866936363605
0,2.01083446755863e-05,0.00103317962844849
0,1.98113273840676e-05,0.00101791868977631
0,1.9518697289651e-05,0.00100288316810108
0,1.92303895897149e-05,0.000988069733822727
0,1.89463404388322e-05,0.000973475106522196
0,1.86664869346233e-05,0.000959096054234996
0,1.83907671038319e-05,0.000944929392735494
0,1.81191198885943e-05,0.000930971984831767
0,1.78514851329331e-05,0.000917220739670875
0,1.75878035694188e-05,0.000903672612054393
0,1.73280168060518e-05,0.000890324601764062
0,1.70720673133336e-05,0.000877173752897385
0,1.6819898411527e-05,0.000864217153213054
0,1.65714542580964e-05,0.000851451933486029
0,1.63266798353552e-05,0.000838875266872158
0,1.60855209382707e-05,0.000826484368282172
0,1.5847924162463e-05,0.00081427649376493
0,1.56138368923846e-05,0.000802248939899776
0,1.53832072896602e-05,0.000790399043197866
0,1.51559842816121e-05,0.000778724179512347
0,1.49321175499529e-05,0.000767221763457234
0,1.47115575196335e-05,0.000755889247834888
0,1.44942553478734e-05,0.000744724123071935
0,1.42801629133427e-05,0.000733723916663529
0,1.40692328055008e-05,0.000722886192625813
0,1.38614183141008e-05,0.000712208550956479
0,1.3656673418851e-05,0.000701688627103285
0,1.34549527792144e-05,0.000691324091440429
0,1.32562117243704e-05,0.000681112648752659
0,1.30604062433294e-05,0.000671052037726994
1,0.170112867492975,0.000661140030451965
1,0.163135875450199,0.0581281644319242
1,0.142977597151116,0.192140624388858
1,0.117002318326177,0.358144651882391
1,0.0904600472693098,0.524749390457325
1,0.0666746599953346,0.672404234553119
1,0.0473859964851719,0.791192780428569
1,0.0331474577769398,0.878336807018999
1,0.0237115228177498,0.935812361983943
1,0.0183626649119695,0.968314321373863
1,0.0161786794682135,0.981675316928885
1,0.0162170166933899,0.981751577289981
1,0.0176327798927443,0.973728839983889
1,0.0197405172512796,0.961770120933388
1,0.0220339083989781,0.948916814135552
1,0.0241770217335421,0.937158551853696
1,0.0259789544993533,0.927599605874851
1,0.0273611290590603,0.920665723122608
1,0.0283238586626476,0.916311851115961
1,0.0289163716846448,0.914206112108779
1,0.0292124889186605,0.913877515119241
1,0.0292926542579084,0.914823885597891
1,0.029232009976488,0.916582482903864
1,0.0290936178062735,0.918769203762675
1,0.0289256660599888,0.921093706853499
1,0.0287614768256045,0.923357827107436
1,0.0286212497412119,0.925443806933959
1,0.0285146792862433,0.927297585861376
1,0.0284438078648738,0.928910979047489
1,0.0284056913916017,0.930305251428083
1,0.0283946366677743,0.931517479645771
1,0.02840391128926,0.932590239407711
1,0.0284269262081636,0.93356456281015
1,0.0284579527232689,0.93447574863629
1,0.0284924667008388,0.935351433093953
1,0.0285272212217513,0.936211288863643
1,0.0285601422198636,0.937067769716493
1,0.0285901264980395,0.937927416786556
1,0.028616802802125,0.938792360519136
1,0.0286402979266396,0.939661768314739
1,0.0286610333078821,0.940533089111191
1,0.0286795643325413,0.941403026358865
1,0.0286964649516073,0.942268228634756
1,0.0287122539059044,0.943125724258071
1,0.028727355402864,0.943973146216435
1,0.0287420857708567,0.944808800670292
1,0.0287566577938958,0.945631630388599
1,0.0287711955098116,0.946441117272762
1,0.028785753769657,0.947237158494342
1,0.0288003384630957,0.948019940756408
1,0.0288149247907783,0.948789828106197
1,0.0288294721871489,0.949547271286281
1,0.0288439354190053,0.950292741060191
1,0.0288582720127255,0.951026684218986
1,0.028872446534566,0.95174949881244
1,0.0288864324176064,0.95246152421094
1,0.0289002120527437,0.953163041536465
1,0.0289137757919686,0.953854280481045
1,0.0289271203934121,0.954535429294741
1,0.0289402473020191,0.955206645575562
1,0.0289531610294604,0.955868066298355
1,0.0289658677852382,0.956519816201863
1,0.0289783744238892,0.95716201417943
1,0.0289906877115638,0.957794777686912
1,0.029002813876662,0.958418225408126
1,0.0290147583893561,0.959032478530779
1,0.0290265259090099,0.959637661014377
1,0.0290381203419865,0.960233899204754
1,0.0290495449612578,0.960821321091617
1,0.0290608025504293,0.96140005543478
1,0.0290718955461284,0.9619702309144
1,0.0290828261627818,0.96253197539874
1,0.0290935964919248,0.963085415373699
1,0.0291042085741533,0.963630675542571
1,0.0291146644457403,0.964167878581335
1,0.0291249661641386,0.9646971450221
1,0.0291351158174522,0.965218593232708
1,0.0291451155229179,0.965732339461296
1,0.0291549674187916,0.966238497918878
1,0.0291646736531563,0.966737180878682
1,0.0291742363721765,0.96722849877709
1,0.0291836577094453,0.967712560306517
1,0.0291929397772985,0.968189472495162
1,0.0292020846604288,0.968659340771958
1,0.0292110944117192,0.969122269017391
1,0.0292199710499912,0.969578359602221
1,0.0292287165592586,0.97002771341672
1,0.0292373328890501,0.970470429893155
1,0.0292458219554048,0.970906607023927
1,0.0292541856422184,0.971336341377363
1,0.0292624258026948,0.97175972811262
1,0.0292705442607417,0.972176860994676
1,0.0292785428122133,0.97258783240998
1,0.0292864232259564,0.97299273338299
1,0.0292941872446584,0.973391653593606
1,0.0293018365855149,0.973784681395377
1,0.0293093729407536,0.97417190383426
1,0.0293167979780466,0.974553406667718
1,0.0293241133408482,0.974929274383937
1,0.0293313206486903,0.975299590220991
1,0.0293384214974548,0.975664436185817
1,0.0293454174596401,0.976023893072908
1,0.0293523100846353,0.97637804048267
1,0.0293591008990015,0.976726956839416
1,0.0293657914067647,0.977070719409001
1,0.0293723830897221,0.9774094043161
1,0.0293788774077526,0.977743086561158
1,0.0293852757991351,0.978071840037031
1,0.0293915796808681,0.978395737545341
1,0.0293977904489866,0.978714850812563
1,0.0294039094788812,0.979029250505864
1,0.0294099381256065,0.979339006248709
1,0.0294158777241917,0.979644186636237
1,0.0294217295899386,0.979944859250415
1,0.029427495018719,0.98024109067498
1,0.0294331752872641,0.980532946510164
1,0.029438771653449,0.980820491387217
1,0.0294442853565715,0.98110378898271
1,0.0294497176176274,0.981382902032637
1,0.0294550696395797,0.981657892346312
1,0.0294603426076261,0.981928820820058
1,0.0294655376894579,0.982195747450697
1,0.0294706560355218,0.982458731348841
1,0.0294756987792706,0.982717830751983
1,0.0294806670374161,0.982973103037397
1,0.029485561910175,0.983224604734847
1,0.0294903844815135,0.983472391539104
1,0.0294951358193851,0.983716518322284
1,0.0294998169759697,0.983957039145994
1,0.0295044289879045,0.984194007273309
1,0.0295089728765152,0.984427475180564
1,0.0295134496480411,0.984657494568974
1,0.0295178602938584,0.984884116376085
1,0.0295222057907001,0.985107390787052
1,0.0295264871008707,0.985327367245755
1,0.0295307051724627,0.985544094465743
1,0.0295348609395629,0.985757620441026
1,0.0295389553224612,0.985967992456704
1,0.0295429892278547,0.986175257099431
1,0.0295469635490464,0.986379460267741
1,0.0295508791661467,0.986580647182205
1,0.0295547369462639,0.986778862395448
1,0.0295585377436993,0.986974149802016
1,0.0295622824001358,0.987166552648095
1,0.0295659717448231,0.987356113541088
1,0.0295696065947628,0.987542874459049
1,0.0295731877548886,0.987726876759983
1,0.0295767160182445,0.987908161191001
1,0.0295801921661607,0.988086767897344
1,0.0295836169684263,0.988262736431276
1,0.0295869911834601,0.988436105760838
1,0.0295903155584785,0.988606914278482
1,0.0295935908296607,0.98877519980957
1,0.0295968177223118,0.988940999620752
1,0.0295999969510241,0.989104350428216
1,0.0296031292198342,0.989265288405824
1,0.0296062152223791,0.989423849193118
1,0.0296092556420513,0.989580067903212
1,0.0296122511521486,0.989733979130571
1,0.029615202416023,0.989885616958672
1,0.0296181100872288,0.990035014967548
1,0.0296209748096672,0.990182206241226
1,0.0296237972177273,0.990327223375056
1,0.0296265779364286,0.990470098482925
1,0.0296293175815583,0.990610863204373
1,0.0296320167598074,0.990749548711595
1,0.0296346760689066,0.990886185716347
1,0.0296372960977567,0.991020804476747
1,0.0296398774265603,0.991153434803975
1,0.0296424206269501,0.991284106068872
1,0.029644926262115,0.991412847208451
1,0.0296473948869251,0.991539686732298
1,0.0296498270480547,0.991664652728888
1,0.0296522232841032,0.991787772871807
1,0.0296545841257145,0.991909074425878
1,0.0296569100956947,0.9920285842532
1,0.0296592017091271,0.992146328819094
1,0.029661459473487,0.992262334197968
1,0.0296636838887543,0.992376626079088
1,0.029665875447523,0.992489229772269
1,0.0296680346351115,0.992600170213476
1,0.0296701619296691,0.99270947197035
1,0.0296722578022839,0.992817159247649
1,0.0296743227170835,0.992923255892603
1,0.0296763571313416,0.993027785400201
1,0.0296783614955776,0.993130770918389
1,0.0296803362536548,0.993232235253199
1,0.0296822818428819,0.993332200873798
1,0.0296841986941077,0.993430689917466
1,0.0296860872318159,0.993527724194495
1,0.0296879478742218,0.993623325193022
1,0.0296897810333629,0.993717514083784
1,0.0296915871151895,0.99381031172481
1,0.0296933665196573,0.993901738666038
1,0.0296951196408133,0.993991815153865
1,0.0296968468668837,0.994080561135632
1,0.0296985485803616,0.994167996264041
1,0.0297002251580891,0.994254139901507
1,0.0297018769713429,0.994339011124447
1,0.0297035043859153,0.994422628727499
1,0.029705107762195,0.994505011227694
1,0.0297066874552487,0.994586176868546
1,0.029708243814897,0.9946661436241
1,0.0297097771857944,0.994744929202907
1,0.0297112879075043,0.994822551051948
1,0.0297127763145744,0.994899026360499
1,0.0297142427366108,0.994974372063935
1,0.0297156874983509,0.995048604847479
1,0.0297171109197356,0.995121741149903
1,0.0297185133159801,0.995193797167161
1,0.0297198949976436,0.995264788855982
1,0.0297212562706985,0.995334731937396
1,0.0297225974365962,0.995403641900226
1,0.0297239187923373,0.995471534004508
1,0.0297252206305345,0.995538423284874
1,0.029726503239478,0.995604324553884
1,0.0297277669032006,0.995669252405304
1,0.0297290119015394,0.995733221217336
1,0.0297302385101972,0.995796245155804
1,0.0297314470008059,0.995858338177292
1,0.0297326376409843,0.995919514032232
1,0.0297338106943978,0.995979786267952
1,0.0297349664208189,0.996039168231674
1,0.0297361050761809,0.996097673073468
1,0.0297372269126384,0.996155313749169
1,0.0297383321786207,0.996212103023243
1,0.0297394211188877,0.996268053471614
1,0.0297404939745842,0.996323177484447
1,0.029741550983293,0.996377487268896
1,0.0297425923790875,0.996430994851804
1,0.0297436183925837,0.996483712082368
1,0.0297446292509906,0.996535650634762
1,0.0297456251781625,0.996586822010723
1,0.0297466063946459,0.996637237542095
1,0.0297475731177304,0.996686908393345
1,0.029748525561496,0.996735845564029
1,0.0297494639368596,0.996784059891231
1,0.0297503884516237,0.99683156205196
1,0.0297512993105218,0.996878362565521
1,0.0297521967152619,0.996924471795836
1,0.0297530808645734,0.996969899953744
1,0.02975395195425,0.997014657099262
1,0.0297548101771945,0.997058753143811
1,0.0297556557234584,0.997102197852414
1,0.0297564887802877,0.997145000845854
1,0.0297573095321615,0.997187171602807
1,0.0297581181608344,0.997228719461943
1,0.029758914845377,0.99726965362399
1,0.0297596997622134,0.997309983153775
1,0.0297604730851633,0.997349716982227
1,0.0297612349854774,0.997388863908361
1,0.0297619856318783,0.997427432601222
1,0.0297627251905959,0.997465431601804
1,0.0297634538254044,0.997502869324945
1,0.0297641716976595,0.99753975406119
1,0.029764878966333,0.997576093978622
1,0.0297655757880488,0.997611897124678
1,0.0297662623171173,0.997647171427925
1,0.0297669387055697,0.997681924699821
1,0.0297676051031912,0.997716164636439
1,0.0297682616575552,0.997749898820177
1,0.0297689085140551,0.997783134721434
1,0.0297695458159362,0.997815879700263
1,0.0297701737043286,0.997848141008006
1,0.0297707923182771,0.997879925788894
1,0.0297714017947732,0.997911241081632
1,0.0297720022687851,0.997942093820959
1,0.0297725938732873,0.99797249083918
1,0.0297731767392895,0.998002438867682
1,0.0297737509958667,0.998031944538424
1,0.0297743167701876,0.998061014385405
1,0.0297748741875421,0.998089654846111
1,0.0297754233713703,0.998117872262941
1,0.0297759644432882,0.998145672884612
1,0.0297764975231147,0.998173062867541
1,0.0297770227289009,0.998200048277211
1,0.0297775401769522,0.998226635089512
0.999999999999645,0.0297780499817972,0.998252829192064
0,-0.140321447743485,0.998278636385503
0,-0.133344150908848,0.940827272384818
0,-0.113185572319939,0.806830241511295
0,-0.0872099976407128,0.640841415200547
0,-0.0606674350995777,0.474251653274053
0,-0.0368817606468048,0.326611564608914
0,-0.0175928141997188,0.207837556213904
0,-0.00335399673378123,0.120707852373009
0,0.00608221286562682,0.0632464085984497
0,0.0114313413549568,0.0307583519646724
0,0.0136155933855141,0.0174110538103012
0,0.0135775188094264,0.0173482885276383
0,0.0121620143796112,0.0253843215784176
0,0.0100545319683703,0.0373561399841881
0,0.00776139200217851,0.0502223526487148
0,0.00561852613895752,0.0619933301666721
0,0.00381683718912795,0.0715648035668063
0,0.00243490284403403,0.0785110286997099
0,0.00147240990688635,0.0828770607795952
0,0.000880130055565198,0.0849947802454295
0,0.000584242548096525,0.0853351807320925
0,0.00050430354214015,0.0844004394029131
0,0.000565170813717097,0.0826532994740173
0,0.000703782680334775,0.0804778667571156
0,0.000871950877920691,0.0781644850727783
0,0.00103635336643726,0.0759113219527292
0,0.0011767905550174,0.0738361374139417
0,0.00128356801075691,0.071992994318712
0,0.00135464337532054,0.0703900798645322
0,0.00139296077937279,0.0690061314361201
0,0.00140421346606245,0.0678040746770911
0,0.00139513388335966,0.0667413361327461
0,0.00137231112235126,0.0657768859260249
0,0.00134147392680606,0.0648754274601361
0,0.00130714647238583,0.0640093266813693
0,0.001272575719518,0.0631589130315164
0,0.00123983577504094,0.0623117348303921
0,0.00121002987618424,0.0614612530040058
0,0.00118352931660426,0.060605339136686
0,0.00116020734070021,0.059744827827581
0,0.00113964255051646,0.058882272108983
0,0.00112127959714137,0.0580209704715344
0,0.00110454456680398,0.057164276250588
0,0.00108891875535022,0.0563151630110355
0,0.00107397799147557,0.0554759996215223
0,0.00105940598240362,0.0546484817504561
0,0.00104498997919,0.053833668430717
0,0.00103060597855487,0.0530320795361208
0,0.00101619916348494,0.0522438196441086
0,0.00100176367785443,0.0514687037747788
0,0.000987324354053687,0.0507063695786077
0,0.000972921790193593,0.0499563679856625
0,0.000958601251548563,0.0492182298803431
0,0.000944405243339719,0.0484915100951808
0,0.000930369230443984,0.0477758121800089
0,0.000916519810453598,0.0470707983404224
0,0.00090287462269123,0.0463761890071434
0,0.000889443344939789,0.0456917560179097
0,0.000876229248401805,0.0450173126298316
0,0.000863230917031887,0.0443527027298105
0,0.000850443867632944,0.0436977908059738
0,0.000837861918755456,0.0430524535609458
0,0.000825478243501598,0.0424165735214589
0,0.000813286102949839,0.0417900346307574
0,0.000801279295529367,0.0411727195834582
0,0.000789452377498723,0.0405645085499306
0,0.000777800715535515,0.0399652789086804
0,0.000766320428933154,0.0393749056321257
0,0.000755008269997526,0.0387932620293374
0,0.000743861480027308,0.0382202206200965
0,0.000732877646930974,0.0376556539849408
0,0.000722054580456377,0.0370994354976786
0,0.000711390212885132,0.0365514398961371
0,0.000700882527086111,0.0360115436826733
0,0.000690529509904725,0.0354796253691516
0,0.000680329126665713,0.0349555655937568
0,0.000670279311704824,0.0344392471416605
0,0.000660377969894987,0.0339305549007032
0,0.000650622984762483,0.0334293757790724
0,0.000641012229685267,0.0329355986062077
0,0.000631543579642124,0.0324491140321089
0,0.000622214921872477,0.031969814434694
0,0.000613024164563436,0.03149759384029
0,0.000603969243242908,0.0310323478589131
0,0.00059504812495037,0.0305739736336781
0,0.000586258810491957,0.0301223698023092
0,0.000577599335191081,0.0296774364681197
0,0.000569067768571574,0.0292390751777543
0,0.000560662213364815,0.0288071889032626
0,0.000552380804169195,0.0283816820265226
0,0.000544221706000658,0.0279624603245487
0,0.000536183112902433,0.0275494309547046
0,0.000528263246706406,0.0271425024392598
0,0.000520460355990626,0.026741584649053
0,0.000512772715235421,0.026346588786254
0,0.000505198624158432,0.0259574273663569
0,0.000497736407196192,0.0255740141996103
0,0.000490384413094846,0.0251962643721115
0,0.000483141014574973,0.0248240942267734
0,0.000476004608041036,0.0244574213443452
0,0.00046897361331244,0.0240961645246181
0,0.000462046473359345,0.0237402437679114
0,0.000455221654033611,0.0233895802568915
0,0.000448497643790235,0.02304409633875
0,0.000441872953396039,0.0227037155077427
0,0.000435346115629565,0.0223683623880766
0,0.00042891568497147,0.0220379627171273
0,0.000422580237290554,0.0217124433289614
0,0.000416338369527647,0.021391732138143
0,0.000410188699379949,0.0210757581238038
0,0.000404129864987834,0.0207644513139594
0,0.000398160524625935,0.0204577427700606
0,0.000392279356399239,0.0201555645717685
0,0.000386485057944835,0.0198578498019475
0,0.000380776346139144,0.0195645325318726
0,0.000375151956810871,0.0192755478066463
0,0.000369610644459589,0.0189908316308243
0,0.000364151181978883,0.0187103209542482
0,0.000358772360384618,0.0184339536580834
0,0.000353472988547571,0.0181616685410606
0,0.000348251892930057,0.0178934053059197
0,0.000343107917326863,0.0176291045460527
0,0.00033803992260964,0.0173687077323445
0,0.000333046786475361,0.0171121572002089
0,0.000328127403197875,0.0168593961368162
0,0.000323280683383609,0.0166103685685104
0,0.000318505553730392,0.0163650193484128
0,0.000313800956789789,0.0161232941442095
0,0.000309165850733234,0.015885139426119
0,0.000304599209120876,0.0156505024550386
0,0.000300100020674571,0.0154193312708657
0,0.000295667289053808,0.0151915746809911
0,0.000291300032634945,0.0149671822489634
0,0.00028699728429385,0.0147461042833197
0,0.000282758091191632,0.014528291826582
0,0.000278581514563669,0.0143136966444158
0,0.000274466629511722,0.0141022712149483
0,0.000270412524799007,0.0138939687182456
0,0.00026641830264848,0.0136887430259437
0,0.000262483078543957,0.013486548691034
0,0.000258605981034388,0.0132873409377987
0,0.000254786151540703,0.0130910756518954
0,0.000251022744165774,0.012897709370588
0,0.000247314925507114,0.012707199273122
0,0.000243661874472223,0.0125195031712415
0,0.000240062782096928,0.0123345794998473
0,0.000236516851366025,0.0121523873077916
0,0.000233023297037005,0.0119728862488098
0,0.000229581345466023,0.011796036572586
0,0.000226190234436596,0.0116217991159498
0,0.000222849212990844,0.0114501352942043
0,0.000219557541263155,0.0112810070925812
0,0.000216314490316366,0.0111143770578225
0,0.0002131193419804,0.0109502082898864
0,0.000209971388693039,0.0107884644337764
0,0.000206869933343429,0.0106291096714897
0,0.000203814289117643,0.0104721087140859
0,0.000200803779346545,0.0103174267938722
0,0.000197837737356016,0.0101650296567041
0,0.000194915506319199,0.0100148835543997
0,0.000192036439111268,0.00986695523726646
0,0.000189199898165807,0.00972121194673799
0,0.000186405255333921,0.00957762140811965
0,0.000183651891744963,0.00943615182344137
0,0.000180939197669525,0.00929677186441608
0,0.000178266572384428,0.00915945066550204
0,0.000175633424039701,0.00902415781706774
0,0.000173039169527489,0.00889086335865767
0,0.000170483234352842,0.00875953777235767
0,0.000167965052506783,0.00863015197625816
0,0.000165484066340579,0.00850267731801402
0,0.000163039726442549,0.00837708556849955
0,0.000160631491516253,0.00825334891555714
0,0.000158258828260663,0.00813143995783836
0,0.000155921211252061,0.00801133169873587
0,0.000153618122827645,0.00789299754040515
0,0.000151349052971012,0.00777641127787433
0,0.000149113499199063,0.0076615470932412
0,0.000146910966450808,0.00754837954995587
0,0.00014474096697778,0.00743688358718781
0,0.000142603020235929,0.00732703451427621
0,0.000140496652779223,0.00721880800526226
0,0.00013842139815487,0.00711218009350215
0,0.000136376796800008,0.00700712716635972
0,0.000134362395939822,0.00690362595997746
0,0.000132377749487433,0.00680165355412476
0,0.000130422417945003,0.00670118736712223
0,0.000128495968306511,0.00660220515084101
0,0.000126597973961709,0.00650468498577596
0,0.000124728014601838,0.00640860527619163
0,0.00012288567612638,0.00631394474533986
0,0.000121070550551494,0.00622068243074809
0,0.00011928223591956,0.00612879767957727
0,0.000117520336210236,0.00603827014404825
0,0.00011578446125271,0.00594907977693585
0,0.000114074226639366,0.00586120682712938
0,0.000112389253640585,0.00577463183525879
0,0.000110729169120929,0.00568933562938542
0,0.00010909360545644,0.0056052993207564
0,0.000107482200453327,0.00552250429962175
0,0.000105894597267689,0.00544093223111324
0,0.000104330444326506,0.00536056505118423
0,0.000102789395249776,0.0052813849626093
0,0.000101271108773865,0.00520337443104319
0,9.9775248675868e-05,0.00512651618113771
0,9.83014836991661e-05,0.00505079319271626
0,9.68494874801079e-05,0.00497618869700465
0,9.5418938475679e-05,0.0049026861729177
0,9.40095198923713e-05,0.00483026934340064
0,9.26209196159267e-05,0.00475892217182463
0,9.12528301423299e-05,0.0046886288584354
0,8.99049485096268e-05,0.00461937383685446
0,8.85769762308947e-05,0.00455114177063189
0,8.72686192280939e-05,0.00448391754985016
0,8.59795877669878e-05,0.00441768628777801
0,8.47095963929373e-05,0.00435243331757383
0,8.34583638677361e-05,0.00428814418903769
0,8.22256131072646e-05,0.00422480466541134
0,8.10110711202197e-05,0.00416240072022555
0,7.98144689475797e-05,0.00410091853419387
0,7.86355416030685e-05,0.00404034449215249
0,7.74740280145292e-05,0.00398066518004505
0,7.63296709659911e-05,0.00392186738195222
0,7.52022170408331e-05,0.00386393807716494
0,7.40914165656137e-05,0.00380686443730111
0,7.29970235547397e-05,0.00375063382346468
0,7.19187956560868e-05,0.0036952337834468
0,7.08564940972226e-05,0.00364065204896832
0,6.98098836326294e-05,0.00358687653296295
0,6.87787324915312e-05,0.00353389532690062
0,6.77628123266355e-05,0.00348169669815033
0,6.67618981635074e-05,0.00343026908738201
0,6.57757683507829e-05,0.00337960110600667
0,6.48042045110764e-05,0.00332968153365442
0,6.38469914926304e-05,0.00328049931568977
0,6.29039173216522e-05,0.00323204356076354
0,6.19747731553794e-05,0.00318430353840102
0,6.10593532358386e-05,0.0031372686766257
0,6.01574548442715e-05,0.00309092855961813
0,5.92688782562675e-05,0.00304527292540933
0,5.83934266974659e-05,0.00300029166360831
0,5.75309063000906e-05,0.00295597481316311
0,5.66811260599293e-05,0.00291231256015495
0,5.58438977940473e-05,0.00286929523562496
0,5.50190360991479e-05,0.00282691331343297
0,5.42063583105143e-05,0.00278515740814799
0,5.34056844615147e-05,0.00274401827296978
0,5.26168372437866e-05,0.00270348679768119
0,5.18396419679663e-05,0.0026635540066307
0,5.10739265249978e-05,0.00262421105674475
0,5.03195213480238e-05,0.00258544923556949
0,4.95762593748367e-05,0.00254725995934139
0,4.88439760108553e-05,0.00250963477108638
0,4.81225090927309e-05,0.00247256533874708
0,4.74116988523829e-05,0.00243604345333762
0,4.67113878816587e-05,0.00240006102712586
0,4.60214210974523e-05,0.00236461009184226
0,4.53416457073461e-05,0.00232968279691542
0,4.46719111758288e-05,0.00229527140773351
0,4.40120691908991e-05,0.00226136830393148
0,4.33619736312611e-05,0.00222796597770353
0,4.27214805339624e-05,0.00219505703214051
0,4.20904480624949e-05,0.00216263417959188
0,4.1468736475387e-05,0.00213069024005188
0,4.08562080952898e-05,0.00209921813956954
0,4.02527272784503e-05,0.0020682109086821
0,3.96581603846861e-05,0.0020376616808717
0,3.9072375747809e-05,0.00200756369104477
0,3.84952436464324e-05,0.00197791027403389
0,3.79266362752796e-05,0.00194869486312181
0,3.73664277168624e-05,0.00191991098858728
0,3.68144939135971e-05,0.00189155227627229
0,3.62707126403405e-05,0.00186361244617056
0,3.57349634773144e-05,0.00183608531103682
0,3.52071277834355e-05,0.00180896477501667
0,3.46870886700698e-05,0.00178224483229662
0,3.41747309751117e-05,0.00175591956577415
0,3.36699412375012e-05,0.00172998314574737
0,3.31726076720912e-05,0.00170442982862399
0,3.26826201449103e-05,0.00167925395564948
0,3.21998701487379e-05,0.00165444995165391
0,3.17242507791166e-05,0.00163001232381731
0,3.12556567106381e-05,0.00160593566045333
0,3.07939841736639e-05,0.00158221462981082
0,3.03391309312943e-05,0.0015588439788931
0,2.98909962567796e-05,0.00153581853229471
0,2.94494809111763e-05,0.00151313319105531
0,2.90144871213822e-05,0.00149078293153054
0,2.85859185585012e-05,0.00146876280427949
0,2.81636803164814e-05,0.00144706793296873
0,2.7747678891115e-05,0.00142569351329238
0,2.73378221593394e-05,0.00140463481190823
0,2.69340193588229e-05,0.00138388716538956
0,2.65361810678714e-05,0.0013634459791924
0,2.61442191856181e-05,0.0013433067266381
0,2.57580469125319e-05,0.00132346494791087
0,2.53775787311793e-05,0.00130391624907021
0,2.50027303872902e-05,0.00128465630107781
0,2.46334188710989e-05,0.00126568083883896
0,2.42695623989767e-05,0.00124698566025798
0,2.39110803952926e-05,0.00122856662530772
0,2.35578934745968e-05,0.00121041965511275
0,2.32099234240245e-05,0.00119254073104607
0,2.28670931859808e-05,0.0011749258938392
0,2.25293268410857e-05,0.00115757124270544
0,2.21965495913398e-05,0.00114047293447598
0,2.18686877435838e-05,0.0011236271827489
0,2.15456686931629e-05,0.00110703025705063
0,2.12274209078558e-05,0.00109067848200986
0,2.09138739120356e-05,0.00107456823654362
0,2.0604958271055e-05,0.00105869595305542
0,2.03006055758802e-05,0.00104305811664519
0,2.00007484279369e-05,0.00102765126433089
0,1.97053204241786e-05,0.0010124719842817
0,1.94142561423943e-05,0.000997516915062389
0,1.91274911267112e-05,0.000982782744889009
0,1.88449618733263e-05,0.000968266210895447
0,1.85666058164415e-05,0.000953964098410893
0,1.82923613144068e-05,0.000939873240247949
0,1.80221676360764e-05,0.000925990516001259
0,1.77559649473472e-05,0.000912312851356499
0,1.74936942979181e-05,0.000898837217409573
0,1.72352976082445e-05,0.000885560629995862
0,1.69807176566526e-05,0.000872480149029392
0,1.67298980666888e-05,0.000859592877851748
0,1.64827832946236e-05,0.000846895962590614
1,0.170116239318617,0.000834386591527791
1,0.163139197471119,0.0582988519944765
1,0.142980870102971,0.192308790751464
1,0.11700554293376,0.35831033428531
1,0.0904632242467063,0.524912625590747
1,0.0666777900460827,0.672565058565288
1,0.0473890803024178,0.791351228933789
1,0.0331504960435917,0.878492915105521
1,0.0237145162066282,0.935966164221734
1,0.0183656140859575,0.968465851822263
1,0.0161815850804025,0.981824609144148
1,0.0162198793872248,0.981898664332708
1,0.0176356003021654,0.973873754426346
1,0.0197432960008634,0.961912894866724
1,0.0220366461040756,0.9490574791769
1,0.0241797190004154,0.937297139153178
1,0.025981611925309,0.927736146122475
1,0.0273637472325827,0.920800246555065
1,0.0283264381635281,0.91644438752332
1,0.0289189130841112,0.914336690841084
1,0.0292149927795031,0.914006165093013
1,0.0292951211346045,0.914950635302526
1,0.0292344404153249,0.916707360407949
1,0.0290960123454693,0.918892236720198
1,0.0289280252298112,0.921214922509976
1,0.0287638011484892,0.923477252305944
1,0.0286235397318781,0.925561468121079
1,0.0285169354518066,0.927413509093051
1,0.0284460307049598,0.929025189994794
1,0.028407881398456,0.930417775382908
1,0.0283967943263714,0.931628341526426
1,0.0284060370774113,0.93269946376444
1,0.0284290205966222,0.93367217383057
1,0.028460016175835,0.934581770150744
1,0.0284944996744618,0.935455888580792
1,0.0285292241666313,0.936314201454422
1,0.0285621155795497,0.937169162201094
1,0.0285920707095308,0.938027311618235
1,0.0286187182959654,0.938890779819496
1,0.0286421851270127,0.939758733878628
1,0.0286628926327062,0.940628622411527
1,0.0286813961935621,0.941497148551396
1,0.0286982697544889,0.94236096056274
1,0.0287140320503174,0.943217086456894
1,0.0287291072825773,0.944063158918157
1,0.0287438117738223,0.944897483808129
1,0.028758358302335,0.945719003601336
1,0.0287728709002999,0.946527199909104
1,0.0287874044132082,0.947321969617195
1,0.0288019647252422,0.948103499147104
1,0.0288165270316552,0.948872152268653
1,0.0288310507615699,0.949628379451092
1,0.0288454906765445,0.950372651188673
1,0.0288598042977932,0.951105414007151
1,0.0288739561864844,0.951827065694915
1,0.0288879197706866,0.952537945364827
1,0.0289016774363586,0.953238333885147
1,0.0289152195306257,0.953928460697931
1,0.0289285428068258,0.95460851380696
1,0.0289416487051812,0.9552786505676
1,0.0289545417327104,0.955939007715641
1,0.0289672280943309,0.956589709754297
1,0.0289797146400637,0.957230875344863
1,0.0289920081316097,0.957862621714576
1,0.0290041147929847,0.958485067322008
1,0.0290160400900423,0.959098333132948
1,0.0290277886778909,0.959702542888264
1,0.0290393644587013,0.96029782271838
1,0.0290507707013141,0.960884300400775
1,0.0290620101852661,0.96146210448617
1,0.0290730853431755,0.962031363448717
1,0.0290839983855187,0.962592204953719
1,0.0290947513999382,0.96314475528711
1,0.0291053464231965,0.963689138955174
1,0.029115785487789,0.964225478439789
1,0.0291260706474461,0.964753894081833
1,0.0291362039866054,0.965274504060737
1,0.0291461876188905,0.965787424439015
1,0.0291560236789981,0.966292769244794
1,0.0291657143115038,0.966790650571123
1,0.0291752616591192,0.967281178676861
1,0.0291846678520302,0.967764462079525
1,0.0291939349992214,0.968240607635
1,0.0292030651820809,0.968709720602446
1,0.0292120604502357,0.969171904695089
1,0.0292209228192999,0.969627262118895
1,0.0292296542701282,0.970075893601781
1,0.0292382567491356,0.970517898416053
1,0.0292467321692937,0.970953374396515
1,0.0292550824114766,0.971382417956226
1,0.0292633093259111,0.971805124101366
1,0.0292714147335713,0.972221586446198
1,0.0292794004274217,0.97263189722868
1,0.0292872681734615,0.973036147326975
1,0.0292950197115724,0.973434426276847
1,0.0293026567561876,0.973826822289839
1,0.0293101809968106,0.974213422272
1,0.0293175940984307,0.974594311842948
1,0.0293248977018592,0.974969575355065
1,0.0293320934240244,0.975339295912623
1,0.0293391828582421,0.975703555390735
1,0.0293461675744842,0.976062434454017
1,0.0293530491196476,0.976416012574918
1,0.0293598290178398,0.976764368051682
1,0.0293665087706709,0.977107578025958
1,0.0293730898575557,0.977445718500049
1,0.0293795737360263,0.977778864353836
1,0.02938596184205,0.978107089361392
1,0.0293922555903476,0.97843046620731
1,0.0293984563747107,0.978749066502763
1,0.0294045655683177,0.979062960801324
1,0.029410584524046,0.979372218614539
1,0.0294165145747785,0.979676908427278
1,0.0294223570337027,0.979977097712873
1,0.0294281131946068,0.980272852948026
1,0.0294337843321704,0.980564239627521
1,0.0294393717022456,0.980851322278712
1,0.0294448765421389,0.98113416447581
1,0.0294503000708828,0.981412828853963
1,0.029455643489507,0.981687377123126
1,0.0294609079813033,0.981957870081732
1,0.0294660947120873,0.982224367630158
1,0.0294712048304548,0.982486928783998
1,0.0294762394680372,0.982745611687126
1,0.0294811997397515,0.983000473624586
1,0.0294860867440456,0.983251571035268
1,0.0294909015631428,0.983498959524415
1,0.0294956452632806,0.983742693875937
1,0.0295003188949472,0.983982828064537
1,0.0295049234931135,0.98421941526767
1,0.0295094600774632,0.984452507877316
1,0.0295139296526186,0.984682157511581
1,0.0295183332083615,0.984908415026129
1,0.0295226717198547,0.985131330525444
1,0.0295269461478571,0.985350953373923
1,0.0295311574389359,0.985567332206811
1,0.0295353065256772,0.985780514940967
1,0.0295393943268909,0.985990548785479
1,0.0295434217478165,0.986197480252116
1,0.0295473896803222,0.986401355165628
1,0.0295512990031022,0.986602218673895
1,0.0295551505818719,0.986800115257925
1,0.0295589452695588,0.986995088741704
1,0.0295626839064929,0.987187182301898
1,0.0295663673205913,0.987376438477421
1,0.029569996327542,0.987562899178847
1,0.0295735717309844,0.9877466056977
1,0.0295770943226878,0.987927598715588
1,0.0295805648827268,0.988105918313222
1,0.0295839841796526,0.988281603979283
1,0.0295873529706656,0.988454694619172
1,0.0295906720017804,0.988625228563625
1,0.0295939420079927,0.988793243577202
1,0.0295971637134425,0.988958776866645
1,0.0296003378315723,0.989121865089122
1,0.0296034650652877,0.989282544360346
1,0.0296065461071107,0.989440850262567
1,0.0296095816393354,0.989596817852458
1,0.0296125723341762,0.989750481668873
1,0.0296155188539202,0.989901875740497
1,0.0296184218510702,0.990051033593387
1,0.0296212819684925,0.990197988258386
1,0.0296240998395565,0.990342772278448
1,0.0296268760882767,0.990485417715838
1,0.0296296113294507,0.990625956159234
1,0.0296323061687946,0.990764418730722
1,0.029634961203078,0.990900836092691
1,0.0296375770202546,0.991035238454617
1,0.0296401541995948,0.991167655579759
1,0.0296426933118124,0.991298116791748
1,0.0296451949191907,0.991426650981076
1,0.0296476595757083,0.991553286611503
1,0.0296500878271602,0.991678051726352
1,0.0296524802112801,0.991800973954724
1,0.0296548372578598,0.991922080517613
1,0.0296571594888633,0.992041398233938
1,0.0296594474185474,0.992158953526478
1,0.029661701553571,0.992274772427725
1,0.0296639223931099,0.992388880585652
1,0.0296661104289673,0.992501303269385
1,0.0296682661456802,0.992612065374808
1,0.029670390020631,0.992721191430069
1,0.029672482524149,0.992828705601016
1,0.0296745441196165,0.992934631696546
1,0.0296765752635717,0.993038993173879
1,0.0296785764058096,0.993141813143752
1,0.0296805479894808,0.993243114375535
1,0.0296824904511901,0.993342919302279
1,0.0296844042210938,0.993441250025675
1,0.0296862897229946,0.993538128320957
1,0.0296881473744341,0.993633575641719
1,0.0296899775867878,0.993727613124668
1,0.0296917807653538,0.993820261594302
1,0.0296935573094446,0.993911541567525
1,0.0296953076124737,0.994001473258189
1,0.0296970320620438,0.99409007658157
1,0.0296987310400321,0.994177371158778
1,0.0297004049226761,0.994263376321104
1,0.0297020540806545,0.994348111114298
1,0.0297036788791722,0.994431594302789
1,0.029705279678039,0.994513844373839
1,0.0297068568317498,0.994594879541637
1,0.0297084106895638,0.994674717751335
1,0.0297099415955806,0.994753376683016
1,0.0297114498888187,0.994830873755618
1,0.0297129359032875,0.994907226130783
1,0.0297143999680631,0.994982450716663
1,0.0297158424073611,0.995056564171661
1,0.0297172635406087,0.995129582908121
1,0.0297186636825137,0.995201523095965
1,0.0297200431431361,0.99527240066627
1,0.0297214022279564,0.995342231314796
1,0.0297227412379419,0.995411030505466
1,0.0297240604696152,0.995478813473787
1,0.0297253602151188,0.995545595230223
1,0.0297266407622798,0.995611390563523
1,0.0297279023946742,0.995676214043992
1,0.0297291453916888,0.995740080026721
1,0.0297303700285843,0.995803002654762
1,0.0297315765765549,0.995864995862263
1,0.0297327653027899,0.995926073377555
1,0.0297339364705305,0.995986248726185
1,0.0297350903391311,0.996045535233922
1,0.0297362271641144,0.996103946029698
1,0.0297373471972298,0.99616149404852
1,0.0297384506865068,0.996218192034335
1,0.0297395378763119,0.996274052542852
1,0.0297406090074024,0.996329087944318
1,0.029741664316979,0.996383310426266
1,0.0297427040387386,0.996436731996206
1,0.0297437284029267,0.996489364484286
1,0.029744737636388,0.996541219545914
1,0.029745731962616,0.996592308664337
1,0.0297467116018024,0.996642643153186
1,0.029747676770888,0.996692234158979
1,0.0297486276836085,0.996741092663591
1,0.0297495645505419,0.996789229486686
1,0.029750487579157,0.99683665528811
1,0.0297513969738572,0.996883380570256
1,0.0297522929360272,0.996929415680388
1,0.0297531756640763,0.996974770812931
1,0.0297540453534844,0.997019456011731
1,0.0297549021968426,0.997063481172277
1,0.0297557463838984,0.997106856043892
1,0.0297565781015963,0.997149590231896
1,0.0297573975341185,0.997191693199728
1,0.0297582048629279,0.997233174271046
1,0.0297590002668071,0.997274042631787
1,0.0297597839218968,0.997314307332207
1,0.0297605560017367,0.997353977288879
1,0.029761316677303,0.997393061286674
1,0.0297620661170463,0.9974315679807
1,0.0297628044869296,0.997469505898223
1,0.0297635319504643,0.997506883440554
1,0.0297642486687462,0.997543708884909
1,0.0297649548004912,0.997579990386243
1,0.029765650502072,0.997615735979057
1,0.0297663359275513,0.997650953579172
1,0.0297670112287152,0.997685650985488
1,0.0297676765551085,0.997719835881709
1,0.0297683320540674,0.997753515838044
1,0.0297689778707508,0.997786698312882
1,0.0297696141481747,0.997819390654445
1,0.0297702410272418,0.99785160010242
1,0.0297708586467742,0.997883333789551
1,0.0297714671435421,0.997914598743232
1,0.0297720666522974,0.997945401887051
1,0.0297726573058004,0.997975750042333
1,0.0297732392348504,0.998005649929642
1,0.0297738125683153,0.998035108170277
1,0.0297743774331594,0.998064131287734
1,0.0297749339544706,0.998092725709151
1,0.0297754822554905,0.998120897766732
1,0.0297760224576396,0.998148653699148
1,0.0297765546805455,0.998175999652921
1,0.0297770790420675,0.998202941683782
1,0.0297775956583259,0.998229485758016
1,0.029778104643724,0.998255637753779
1,0.0297786061109766,0.998281403462401
1,0.0297791001711332,0.998306788589673
1,0.0297795869336024,0.998331798757102
1,0.0297800665061774,0.998356439503164
1,0.0297805389950592,0.998380716284524
1,0.0297810045048794,0.998404634477251
1,0.0297814631387254,0.998428199378002
1,0.0297819149981609,0.998451416205199
1,0.0297823601832496,0.998474290100184
1,0.0297827987925772,0.998496826128355
1,0.0297832309232733,0.998519029280292
1,0.0297836566710328,0.99854090447286
1,0.0297840761301369,0.998562456550295
1,0.0297844893934749,0.998583690285282
1,0.0297848965525627,0.998604610380009
1,0.0297852976975663,0.998625221467208
1,0.0297856929173179,0.998645528111183
1,0.0297860822993392,0.998665534808817
1,0.0297864659298579,0.998685245990573
1,0.0297868438938287,0.99870466602147
1,0.0297872162749511,0.998723799202053
1,0.0297875831556891,0.998742649769345
1,0.0297879446172877,0.998761221897784
1,0.0297883007397917,0.998779519700147
1,0.0297886516020651,0.998797547228462
1,0.0297889972818053,0.998815308474907
1,0.0297893378555625,0.99883280737269
1,0.0297896733987566,0.998850047796924
1,0.0297900039856938,0.998867033565481
1,0.0297903296895816,0.998883768439842
1,0.0297906505825467,0.998900256125928
1,0.0297909667356511,0.998916500274917
1,0.0297912782189063,0.99893250448406
1,0.0297915851012895,0.998948272297471
1,0.0297918874507603,0.998963807206915
1,0.0297921853342729,0.998979112652582
1,0.0297924788177935,0.998994192023847
1,0.0297927679663139,0.999009048660018
1,0.0297930528438657,0.999023685851084
1,0.0297933335135345,0.999038106838433
1,0.0297936100374745,0.999052314815579
1,0.0297938824769215,0.999066312928861
1,0.029794150892207,0.999080104278148
1,0.0297944153427714,0.999093691917518
1,0.0297946758871765,0.99910707885594
1,0.0297949325831206,0.999120268057937
1,0.0297951854874476,0.999133262444243
1,0.0297954346561633,0.999146064892452
0,-0.140304319855554,0.999158678237652
0,-0.133327276014341,0.941694315273053
0,-0.113168946681927,0.807684477441315
0,-0.0871936175774637,0.641683033341966
0,-0.0606512969837427,0.475080840002295
0,-0.0368658609046155,0.327428503546482
0,-0.0175771493101942,0.208642428271045
0,-0.00333856322794834,0.121500835787773
0,0.00609741840550093,0.0640276789761617
0,0.0114463222961223,0.0315280823168172
0,0.013630353045484,0.0181694145928381
0,0.013592060456711,0.0180954476787472
0,0.0121763412344427,0.0261204445556889
0,0.0100686472034146,0.038081389801263
0,0.00777529874323935,0.0509368899113846
0,0.00563222746566761,0.062697313108444
0,0.00383033613563144,0.0722583880839443
0,0.00244820239965804,0.0791943683857579
0,0.001485513016803,0.0835503069593903
0,0.000893039621443825,0.0856580820086126
0,0.0005969614287471,0.085988684966124
0,0.000516834554144863,0.0850442908256011
0,0.000577516732055194,0.0832876406655655
0,0.000715946238996734,0.0811028381916971
0,0.000883934770513295,0.0787802251496437
0,0.00104816024678067,0.0765179670268552
0,0.00118842303773226,0.0744338218262262
0,0.00129502867184428,0.0725818504257241
0,0.00136593475273139,0.0709702380678221
0,0.00140408537357051,0.0695777202110968
0,0.00141517374057643,0.0683672206014728
0,0.00140593226533092,0.067296163914591
0,0.00138295000306987,0.0663235184313474
0,0.00135195566224056,0.0654139857401155
0,0.00131747338370536,0.0645399299991564
0,0.0012827500936059,0.0636816788886442
0,0.00124985986500148,0.0628267789927963
0,0.00121990590184107,0.0619686895276612
0,0.0011932594649926,0.061105280392864
0,0.00116979376655124,0.0602373845277341
0,0.0011490873767338,0.0593675533292615
0,0.00113058491527152,0.0584990836769415
0,0.00111371243749958,0.057635327318778
0,0.0010979512088265,0.0567792562557598
0,0.00108287702795939,0.0559332378157298
0,0.00106817357257716,0.0550989661490522
0,0.00105362806462672,0.0542774987929864
0,0.00103911647214938,0.0534693541478188
0,0.00102458394987692,0.0526746353392268
0,0.00101002461384581,0.0518931559569888
0,0.000995463269019781,0.0511245522423877
0,0.000980940486488446,0.0503683737371129
0,0.000966501504903738,0.0496241499576936
0,0.00095218880325787,0.048891434388995
0,0.000938037820585991,0.0481698292530908
0,0.000924075129020485,0.0474589954474283
0,0.000910318342800087,0.0467586521139043
0,0.000896777114994696,0.0460685698204683
0,0.000883454692457875,0.0453885605731986
0,0.000870349635156087,0.0447184670264427
0,0.000857457436257869,0.0440581524539806
0,0.000844771891028218,0.0434074923620258
0,0.000832286149628103,0.0427663680985721
0,0.000819993450533518,0.042134662445536
0,0.000807887569905075,0.0415122569533603
0,0.000795963042061754,0.0408990306651411
0,0.00078421521206562,0.040294859848761
0,0.000772640177913619,0.0396996183824205
0,0.000761234670929922,0.039113178497135
0,0.000749995911741297,0.038535411650554
0,0.000738921467890008,0.0379661893767723
0,0.000728009129058127,0.037405384018612
0,0.000717256807757916,0.0368528692981426
0,0.000706662467381103,0.0363085207169671
0,0.000696224075583285,0.0357722158009781
0,0.000685939578783379,0.0352438342169518
0,0.000675806892690145,0.034723257793
0,0.000665823903824914,0.0342103704740398
0,0.000655988477632985,0.0337050582392633
0,0.000646298469679341,0.0332072090028366
0,0.000636751737391694,0.0327167125130054
0,0.000627346150718411,0.0322334602592535
0,0.00061807960081095,0.0317573453925961
0,0.000608950006412756,0.0312882626606673
0,0.000599955318027312,0.0308261083569374
0,0.000591093520168562,0.0303707802820363
0,0.000582362632108702,0.0299221777145477
0,0.000573760707556992,0.0294802013885686
0,0.000565285833664553,0.0290447534756026
0,0.000556936129678831,0.0286157375688068
0,0.000548709745492149,0.0281930586681248
0,0.000540604860247262,0.0277766231653274
0,0.000532619681095803,0.0273663388283994
0,0.000524752442152221,0.0269621147850367
0,0.000517001403647077,0.0265638615052427
0,0.000509364851258687,0.02617149078316
0,0.000501841095591593,0.025784915718341
0,0.000494428471764119,0.0254040506966836
0,0.000487125339070582,0.0250288113712447
0,0.000479930080687418,0.0246591146431066
0,0.000472841103401178,0.0242948786424334
0,0.000465856837342016,0.0239360227098078
0,0.000458975735711242,0.0235824673779047
0,0.00045219627450005,0.0232341343535253
0,0.000445516952195968,0.0228909464999935
0,0.000438936289479108,0.0225528278199044
0,0.000432452828910801,0.0222197034382032
0,0.000426065134616294,0.0218914995855723
0,0.000419771791966672,0.0215681435821039
0,0.000413571407259922,0.0212495638212389
0,0.00040746260740579,0.0209356897539531
0,0.000401444039614063,0.0206264518731809
0,0.000395514371088423,0.0203217816984644
0,0.000389672288725579,0.0200216117608228
0,0.000383916498820219,0.0197258755878365
0,0.000378245726775805,0.0194345076889447
0,0.000372658716820351,0.0191474435409518
0,0.000367154231727757,0.0188646195737436
0,0.000361731052543807,0.0185859731562097
0,0.000356387978316247,0.0183114425823719
0,0.00035112382582958,0.018040967057716
0,0.000345937429343662,0.0177744866857248
0,0.000340827640336161,0.0175119424546107
0,0.00033579332724859,0.0172532762242441
0,0.000330833375236345,0.0169984307132762
0,0.000325946685921924,0.0167473494864524
0,0.000321132177151878,0.0164999769421134
0,0.000316388782757471,0.0162562582998824
0,0.000311715452318312,0.0160161395885332
0,0.000307111150929879,0.0157795676340389
0,0.000302574858974364,0.0155464900477969
0,0.000298105571894608,0.0153168552150273
0,0.000293702299971915,0.0150906122833438
0,0.000289364068106479,0.0148677111514925
0,0.000285089915601611,0.0146481024582571
0,0.000280878895951048,0.0144317375715284
0,0.000276730076629123,0.0142185685775346
0,0.000272642538884343,0.0140085482702312
0,0.000268615377535919,0.013801630140847
0,0.000264647700773446,0.0135977683675848
0,0.000260738629959179,0.0133969178054746
0,0.000256887299433545,0.0131990339763757
0,0.000253092856323661,0.0130040730591273
0,0.000249354460354123,0.0128119918798445
0,0.000245671283661153,0.0126227479023571
0,0.000242042510609247,0.0124362992187904
0,0.000238467337610515,0.0122526045402843
0,0.000234944972946738,0.0120716231878503
0,0.000231474636594065,0.0118933150833629
0,0.000228055560050233,0.0117176407406846
0,0.000224686986164402,0.0115445612569216
0,0.00022136816896956,0.0113740383038086
0,0.000218098373517162,0.0112060341192214
0,0.000214876875714559,0.0110405114988145
0,0.000211702962164537,0.0108774337877818
0,0.000208575930007351,0.0107167648727401
0,0.000205495086765095,0.0105584691737311
0,0.000202459750188372,0.010402511636343
0,0.000199469248105155,0.0102488577239471
0,0.000196522918271991,0.0100974734100501
0,0.000193620108227294,0.00994832517075879
0,0.000190760175146937,0.00980137997735633
0,0.000187942485701795,0.00965660528898798
0,0.000185166415917579,0.009513969045455
0,0.000182431351036655,0.00937343966011498
0,0.000179736685381807,0.00923498601288695
0,0.000177081822222272,0.00909857744335993
0,0.000174466173641447,0.0089641837440032
0,0.000171889160406766,0.00883177515347686
0,0.000169350211841446,0.00870132235004122
0,0.00016684876569803,0.00857279644506353
0,0.000164384268033987,0.00844616897662064
0,0.000161956173088951,0.0083214119031961
0,0.000159563943163937,0.00819849759747046
0,0.000157207048502209,0.00807739884020314
0,0.000154884967171934,0.00795808881420485
0,0.000152597184950753,0.00784054109839892
0,0.000150343195211733,0.00772472966197033
0,0.000148122498811284,0.00761062885860128
0,0.000145934603978604,0.00749821342079182
0,0.0001437790262067,0.0073874584542644
0,0.00014165528814522,0.00727833943245102
0,0.000139562919494643,0.00717083219106189
0,0.000137501456902195,0.00706491292273424
0,0.000135470443859226,0.00696055817176025
0,0.000133469430600053,0.00685774482889276
0,0.00013149797400247,0.00675645012622779
0,0.000129555637489509,0.00665665163216259
0,0.000127641990932875,0.00655832724642818
0,0.000125756610557595,0.00646145519519529
0,0.000123899078848216,0.00636601402625257
0,0.000122068984456325,0.00627198260425601
0,0.000120265922109494,0.00617934010604854
0,0.000118489492521523,0.00608806601604876
0,0.000116739302303992,0.0059981401217078
0,0.00011501496387914,0.00590954250903324
0,0.000113316095394111,0.00582225355817924
0,0.000111642320636304,0.00573625393910169
0,0.000109993268950101,0.00565152460727762
0,0.000108368575154769,0.0055680467994878
0,0.000106767879463628,0.00548580202966165
0,0.000105190827404351,0.00540477208478351
0,0.000103637069740432,0.00532493902085943
0,0.000102106262393951,0.0052462851589434
0,0.000100598066369237,0.00516879308122247
0,9.91121476779169e-05,0.00509244562715954
0,9.7648177264896e-05,0.00501722588969317
0,9.62058309355168e-05,0.00494311721149355
0,9.47847892837153e-05,0.00487010318127377
0,9.33847376213687e-05,0.00479816763015549
0,9.20053659085387e-05,0.00472729462808846
0,9.06463686848463e-05,0.00465746848032272
0,8.930744500181e-05,0.00458867372393312
0,8.79882983562397e-05,0.00452089512439497
0,8.66886366245254e-05,0.00445411767221044
0,8.54081719979666e-05,0.00438832657958471
0,8.41466209190733e-05,0.0043235072771512
0,8.29037040186997e-05,0.00425964541074525
0,8.16791460542463e-05,0.00419672683822535
0,8.04726758486668e-05,0.00413473762634143
0,7.92840262304403e-05,0.00407366404764929
0,7.8112933974403e-05,0.00401349257747077
0,7.69591397433989e-05,0.00395420989089862
0,7.58223880309716e-05,0.0038958028598458
0,7.47024271046601e-05,0.00383825855013821
0,7.35990089503341e-05,0.00378156421865048
0,7.25118892172319e-05,0.00372570731048398
0,7.14408271638711e-05,0.00367067545618661
0,7.03855856046889e-05,0.00361645646901352
0,6.93459308575908e-05,0.00356303834222844
0,6.83216326921587e-05,0.00351040924644475
0,6.73124642786571e-05,0.0034585575270059
0,6.63182021378439e-05,0.0034074717014045
0,6.53386260914268e-05,0.00335714045673951
0,6.43735192133454e-05,0.00330755264721104
0,6.34226677817262e-05,0.00325869729165211
0,6.24858612315524e-05,0.00321056357109687
0,6.15628921080066e-05,0.00316314082638478
0,6.06535560205845e-05,0.00311641855580012
0,5.97576515977694e-05,0.00307038641274642
0,5.88749804425193e-05,0.0030250342034552
0,5.800534708824e-05,0.00298035188472859
0,5.71485589555693e-05,0.00293632956171525
0,5.6304426309696e-05,0.00289295748571919
0,5.54727622183587e-05,0.00285022605204092
0,5.46533825104278e-05,0.0028081257978505
0,5.38461057351738e-05,0.00276664740009199
0,5.30507531219977e-05,0.00272578167341893
0,5.22671485409486e-05,0.00268551956816017
0,5.14951184636056e-05,0.00264585216831588
0,5.07344919247685e-05,0.00260677068958313
0,4.99851004844912e-05,0.00256826647741055
0,4.92467781908514e-05,0.00253033100508185
0,4.85193615431777e-05,0.00249295587182757
0,4.78026894558323e-05,0.00245613280096472
0,4.70966032225517e-05,0.00241985363806394
0,4.6400946481305e-05,0.0023841103491437
0,4.57155651796548e-05,0.00234889501889118
0,4.50403075406558e-05,0.00231419984890944
0,4.43750240292189e-05,0.00228001715599048
0,4.37195673190435e-05,0.00224633937041379
0,4.30737922599359e-05,0.00221315903427005
0,4.24375558457091e-05,0.00218046879980956
0,4.18107171824937e-05,0.00214826142781514
0,4.11931374575437e-05,0.00211652978599896
0,4.05846799084938e-05,0.00208526684742314
0,3.99852097930746e-05,0.00205446568894362
0,3.93945943592787e-05,0.00202411948967704
0,3.88127028159539e-05,0.00199422152949028
0,3.82394063038402e-05,0.00196476518751227
0,3.76745778670438e-05,0.00193574394066782
0,3.71180924249176e-05,0.0019071513622331
0,3.65698267443676e-05,0.00187898112041241
0,3.60296594125419e-05,0.00185122697693606
0,3.54974708099628e-05,0.00182388278567889
0,3.49731430840453e-05,0.00179694249129921
0,3.44565601229779e-05,0.00177040012789786
0,3.39476075300188e-05,0.00174424981769706
0,3.34461725981644e-05,0.00171848576973881
0,3.29521442851942e-05,0.00169310227860244
0,3.24654131890652e-05,0.00166809372314119
0,3.19858715237022e-05,0.00164345456523741
0,3.1513413095121e-05,0.00161917934857614
0,3.10479332779091e-05,0.00159526269743679
0,3.05893289920638e-05,0.00157169931550275
0,3.01374986801661e-05,0.00154848398468848
0,2.96923422848719e-05,0.00152561156398399
0,2.92537612267864e-05,0.00150307698831636
1,0.170128821658383,0.00148087526742808
1,0.163151593959064,0.058935791484772
1,0.142993083484283,0.192936322105718
1,0.11701757591308,0.358928596469665
1,0.0904750794887245,0.525521755518698
1,0.0666894701761296,0.673165191128001
1,0.0474005879070456,0.791942497029973
1,0.033161833671147,0.879075449670859
1,0.0237256863678169,0.936540094257877
1,0.0183766192543993,0.9690313044254
1,0.01619242769318,0.982381709533148
1,0.0162305618454232,0.982447535876853
1,0.0176461249714033,0.974414518672647
1,0.0197536652118177,0.96244567156684
1,0.0220468621529968,0.949582386313658
1,0.0241897841496365,0.937814292966698
1,0.0259915284037464,0.928245661135912
1,0.0273735172362299,0.921302235599968
1,0.0283360638559421,0.916938961764623
1,0.0289283965968908,0.914823959801721
1,0.0292243362127624,0.914486236678168
1,0.0293043265574363,0.915423615823536
1,0.0292435098662605,0.91717335460584
1,0.0291049478329286,0.919351347788883
1,0.0289368287325487,0.921667252119107
1,0.0287724746160307,0.923922900623425
1,0.0286320850849539,0.926000533835249
1,0.0285253545827757,0.92784608943454
1,0.0284543254782297,0.929451380758051
1,0.0284160536508956,0.930837670947421
1,0.0284048458677169,0.932042034877614
1,0.028413969690668,0.933107046514249
1,0.0284368360384586,0.934073736237762
1,0.0284677161769722,0.934977401140881
1,0.0285020859400569,0.935845675765931
1,0.0285366983766542,0.936698231152514
1,0.0285694793891569,0.937547519455102
1,0.0285993257494301,0.938400080214965
1,0.028625866172777,0.939258042308152
1,0.0286492274236263,0.940120571589093
1,0.0286698309086311,0.940985115472373
1,0.0286882319852717,0.941848375907626
1,0.0287050045757613,0.942706999993274
1,0.0287206673925728,0.943558014591791
1,0.0287356446152045,0.944399051255585
1,0.0287502525445065,0.945228414731083
1,0.028764703937378,0.946045046394113
1,0.0287791228049359,0.946848426773528
1,0.0287935639719146,0.947638451688611
1,0.0288080333020471,0.948415306510125
1,0.0288225059704375,0.949179353972683
1,0.0288369413863596,0.949931043525618
1,0.0288512942918138,0.950670844658328
1,0.0288655221887466,0.951399202906557
1,0.0288795896193432,0.952116515083308
1,0.0288934699929682,0.952823119340461
1,0.0289071456771535,0.953519295599492
1,0.0289206070008701,0.954205272369656
1,0.0289338506995691,0.954881236735712
1,0.0289468781958508,0.955547345147578
1,0.0289596939793706,0.956203733448969
1,0.0289723042379422,0.956850525264204
1,0.0289847158047321,0.957487838388663
1,0.0289969354248378,0.958115789196458
1,0.0290089693059161,0.958734495305638
1,0.0290208228977038,0.959344076853883
1,0.0290325008394299,0.959944656766188
1,0.029044007017621,0.960536360369149
1,0.0290553446857043,0.961119314648296
1,0.0290665166080308,0.961693647374094
1,0.0290775252022573,0.962259486251967
1,0.0290883726641189,0.962816958189844
1,0.0290990610667368,0.963366188727473
1,0.0291095924325644,0.963907301635971
1,0.0291199687800001,0.96444041867291
1,0.0291301921488858,0.964965659465562
1,0.0291402646099761,0.96548314149029
1,0.0291501882634126,0.965992980116924
1,0.0291599652306107,0.966495288691144
1,0.0291695976430593,0.966990178633627
1,0.029179087630576,0.967477759540793
1,0.0291884373106468,0.967958139277506
1,0.0291976487797401,0.968431424056636
1,0.0292067241069138,0.968897718503828
1,0.029215665329648,0.96935712570815
1,0.0292244744515884,0.96980974726063
1,0.0292331534417978,0.970255683283326
1,0.0292417042350743,0.97069503245164
1,0.0292501287329443,0.971127892012286
1,0.0292584288050033,0.971554357798918
1,0.0292666062903695,0.971974524246873
1,0.0292746629990706,0.972388484407999
1,0.0292826007132869,0.97279632996615
1,0.0292904211883924,0.973198151253565
1,0.0292981261538008,0.973594037268153
1,0.0293057173136317,0.973984075691542
1,0.0293131963472275,0.974368352907696
1,0.0293205649095665,0.974746954021861
1,0.0293278246315971,0.975119962879639
1,0.02933497712053,0.975487462086014
1,0.0293420239601063,0.975849533024183
1,0.0293489667108657,0.976206255874112
1,0.0293558069104127,0.976557709630758
1,0.0293625460736988,0.976903972121927
1,0.0293691856933123,0.977245120025779
1,0.029375727239781,0.977581228887973
1,0.0293821721618808,0.977912373138494
1,0.0293885218869527,0.97823862610816
1,0.0293947778212178,0.978560060044858
1,0.0294009413500933,0.978876746129507
1,0.0294070138385081,0.97918875449178
1,0.0294129966312113,0.979496154225584
1,0.0294188910530766,0.97979901340432
1,0.029424698409402,0.980097399095927
1,0.0294304199862028,0.980391377377705
1,0.0294360570504997,0.98068101335093
1,0.0294416108505995,0.980966371155267
1,0.029447082616374,0.981247513982961
1,0.0294524735595321,0.981524504092836
1,0.0294577848738871,0.981797402824082
1,0.0294630177356217,0.982066270609844
1,0.029468173303546,0.982331166990607
1,0.0294732527193562,0.982592150627386
1,0.0294782571078844,0.982849279314719
1,0.029483187577348,0.983102609993466
1,0.0294880452195965,0.983352198763425
1,0.0294928311103502,0.983598100895752
1,0.0294975463094405,0.983840370845202
1,0.0295021918610439,0.984079062262191
1,0.0295067687939139,0.984314228004671
1,0.0295112781216074,0.984545920149843
1,0.0295157208427095,0.984774190005681
1,0.029520097941057,0.9849990881223
1,0.0295244103859529,0.985220664303144
1,0.0295286591323838,0.985438967616022
1,0.0295328451212291,0.985654046403967
1,0.0295369692794727,0.985865948295946
1,0.029541032520404,0.986074720217405
1,0.0295450357438232,0.986280408400662
1,0.0295489798362396,0.986483058395144
1,0.0295528656710693,0.986682715077472
1,0.0295566941088252,0.986879422661406
1,0.029560465997311,0.987073224707626
1,0.0295641821718076,0.987264164133389
1,0.0295678434552575,0.987452283222022
1,0.0295714506584481,0.987637623632297
1,0.0295750045801906,0.987820226407647
1,0.0295785060074973,0.98800013198526
1,0.0295819557157553,0.988177380205032
1,0.0295853544688989,0.98835201031839
1,0.0295887030195787,0.988524060996986
1,0.0295920021093268,0.988693570341255
1,0.0295952524687235,0.988860575888861
1,0.0295984548175574,0.989025114623
1,0.0296016098649852,0.9891872229806
1,0.0296047183096895,0.98934693686038
1,0.0296077808400306,0.989504291630807
1,0.0296107981342031,0.989659322137926
1,0.0296137708603843,0.989812062713075
1,0.0296166996768803,0.98996254718049
1,0.0296195852322745,0.990110808864795
1,0.0296224281655704,0.99025688059838
1,0.0296252291063324,0.990400794728672
1,0.0296279886748254,0.990542583125301
1,0.0296307074821531,0.990682277187155
1,0.0296333861303928,0.990819907849331
1,0.0296360252127281,0.990955505589994
1,0.029638625313581,0.991089100437116
1,0.0296411870087403,0.991220721975132
1,0.0296437108654917,0.99135039935149
1,0.0296461974427396,0.991478161283105
1,0.0296486472911344,0.991604036062719
1,0.0296510609531926,0.991728051565167
1,0.0296534389634164,0.991850235253548
1,0.029655781848414,0.991970614185307
1,0.0296580901270151,0.99208921501823
1,0.029660364310385,0.992206064016344
1,0.0296626049021391,0.992321187055732
1,0.0296648123984544,0.992434609630269
1,0.0296669872881783,0.992546356857261
1,0.0296691300529379,0.99265645348301
1,0.0296712411672464,0.992764923888298
1,0.0296733210986071,0.992871792093776
1,0.0296753703076191,0.992977081765295
1,0.0296773892480775,0.993080816219139
1,0.0296793783670743,0.99318301842719
1,0.0296813381050982,0.993283711022019
1,0.0296832688961304,0.99338291630189
1,0.0296851711677426,0.993480656235707
1,0.0296870453411913,0.993576952467873
1,0.0296888918315099,0.993671826323084
1,0.0296907110476017,0.993765298811053
1,0.0296925033923303,0.993857390631162
1,0.0296942692626083,0.993948122177046
1,0.0296960090494855,0.994037513541107
1,0.0296977231382363,0.994125584518967
1,0.0296994119084437,0.99421235461385
1,0.0297010757340839,0.994297843040899
1,0.0297027149836098,0.994382068731433
1,0.0297043300200306,0.994465050337141
1,0.0297059212009949,0.994546806234212
1,0.029707488878868,0.994627354527399
1,0.0297090334008103,0.994706713054035
1,0.0297105551088548,0.994784899387982
1,0.0297120543399818,0.994861930843517
1,0.0297135314261947,0.994937824479175
1,0.0297149866945925,0.995012597101518
1,0.0297164204674423,0.995086265268865
1,0.0297178330622523,0.99515884529495
