Setpoint,ControllerOutput,PlantOutput
0,0,0
0,0,0
0,0,0
0,0,0
0,0,0
0,0,0
0,0,0
0,0,0
0,0,0
0,0,0
0,0,0
0,0,0
0,0,0
0,0,0
0,0,0
0,0,0
0,0,0
0,0,0
0,0,0
0,0,0
0,0,0
0,0,0
0,0,0
0,0,0
0,0,0
0,0,0
0,0,0
0,0,0
0,0,0
0,0,0
0,0,0
0,0,0
0,0,0
0,0,0
0,0,0
0,0,0
0,0,0
0,0,0
0,0,0
0,0,0
0,0,0
0,0,0
0,0,0
0,0,0
0,0,0
0,0,0
0,0,0
0,0,0
0,0,0
0,0,0
0,0,0
0,0,0
0,0,0
0,0,0
0,0,0
0,0,0
0,0,0
0,0,0
0,0,0
0,0,0
0,0,0
0,0,0
0,0,0
0,0,0
0,0,0
0,0,0
0,0,0
0,0,0
0,0,0
0,0,0
0,0,0
0,0,0
0,0,0
0,0,0
0,0,0
0,0,0
0,0,0
0,0,0
0,0,0
0,0,0
0,0,0
0,0,0
0,0,0
0,0,0
0,0,0
0,0,0
0,0,0
0,0,0
0,0,0
0,0,0
0,0,0
0,0,0
0,0,0
0,0,0
0,0,0
0,0,0
0,0,0
0,0,0
0,0,0
0,0,0
0,0,0
0,0,0
0,0,0
0,0,0
0,0,0
0,0,0
0,0,0
0,0,0
0,0,0
0,0,0
0,0,0
0,0,0
0,0,0
0,0,0
0,0,0
0,0,0
0,0,0
0,0,0
0,0,0
0,0,0
0,0,0
0,0,0
0,0,0
0,0,0
0,0,0
0,0,0
0,0,0
0,0,0
0,0,0
0,0,0
0,0,0
0,0,0
0,0,0
0,0,0
0,0,0
0,0,0
0,0,0
0,0,0
0,0,0
0,0,0
0,0,0
0,0,0
0,0,0
0,0,0
0,0,0
0,0,0
0,0,0
0,0,0
0,0,0
0,0,0
0,0,0
0,0,0
0,0,0
0,0,0
0,0,0
0,0,0
0,0,0
0,0,0
0,0,0
0,0,0
0,0,0
0,0,0
0,0,0
0,0,0
0,0,0
0,0,0
0,0,0
0,0,0
0,0,0
0,0,0
0,0,0
0,0,0
0,0,0
0,0,0
0,0,0
0,0,0
0,0,0
0,0,0
0,0,0
0,0,0
0,0,0
0,0,0
0,0,0
0,0,0
0,0,0
0,0,0
0,0,0
0,0,0
0,0,0
0,0,0
0,0,0
0,0,0
0,0,0
0,0,0
0,0,0
0,0,0
0,0,0
0,0,0
0,0,0
0,0,0
0,0,0
0,0,0
0,0,0
0,0,0
0,0,0
0,0,0
0,0,0
0,0,0
0,0,0
0,0,0
0,0,0
0,0,0
0,0,0
0,0,0
0,0,0
0,0,0
0,0,0
0,0,0
0,0,0
0,0,0
0,0,0
0,0,0
0,0,0
0,0,0
0,0,0
0,0,0
0,0,0
0,0,0
0,0,0
0,0,0
0,0,0
0,0,0
0,0,0
0,0,0
0,0,0
0,0,0
0,0,0
0,0,0
0,0,0
0,0,0
0,0,0
0,0,0
0,0,0
0,0,0
0,0,0
0,0,0
0,0,0
0,0,0
0,0,0
0,0,0
0,0,0
0,0,0
0,0,0
0,0,0
0,0,0
0,0,0
0,0,0
0,0,0
0,0,0
0,0,0
0,0,0
0,0,0
0,0,0
0,0,0
0,0,0
0,0,0
0,0,0
0,0,0
0,0,0
0,0,0
0,0,0
0,0,0
0,0,0
0,0,0
0,0,0
0,0,0
0,0,0
0,0,0
0,0,0
0,0,0
0,0,0
0,0,0
0,0,0
0,0,0
0,0,0
0,0,0
0,0,0
0,0,0
0,0,0
0,0,0
0,0,0
0,0,0
0,0,0
0,0,0
0,0,0
0,0,0
0,0,0
0,0,0
0,0,0
1,0.1701,0
1,0.163123198021,0.05747679
1,0.142965106978289,0.191498871309296
1,0.116990012643787,0.357512378039662
1,0.0904479233522777,0.524126455835069
1,0.0666627151588314,0.671790501203135
1,0.0473742280840264,0.790588112440268
1,0.0331358632050521,0.877741070489306
1,0.0237000995075146,0.935225424987645
1,0.0183514103337071,0.967736053934395
1,0.0161675911296097,0.981105590989546
1,0.0162060921389443,0.981190266685576
1,0.0176220167032256,0.973175820412789
1,0.0197299130431912,0.961225269930006
1,0.0220234608240295,0.94838001104322
1,0.0241667284781294,0.936629677797948
1,0.025968813284046,0.927078543737096
1,0.027351137638097,0.920152357514198
1,0.0283140148234391,0.915806068352635
1,0.0289066732472834,0.913707800185489
1,0.0292029337354378,0.913386563685349
1,0.0292832402128392,0.91434018593273
1,0.0292227349848425,0.916105927892666
1,0.0290844798141147,0.918299687872844
1,0.0289166630437181,0.920631126111249
1,0.0287526067915135,0.92290207907476
1,0.0286125107250415,0.924994790685945
1,0.0285060693527475,0.92685520196386
1,0.028435325107392,0.928475129535034
1,0.0283973339316368,0.929875839782284
1,0.0283864026545756,0.931094410773882
1,0.0283957988994141,0.932173419621586
1,0.0284189336451903,0.933153899805498
1,0.0284500782172241,0.934071151472229
1,0.0284847085079212,0.934952812172879
1,0.0285195776239175,0.935818555911382
1,0.0285526115244472,0.936680837762755
1,0.0285827070373765,0.937546200145677
1,0.0286094929331839,0.938416774771102
1,0.0286330960306571,0.939291730286491
1,0.0286539377900061,0.940168516858206
1,0.0286725736214777,0.941043839147011
1,0.0286895774992701,0.941914346922411
1,0.0287054681870749,0.942777069678512
1,0.0287206699148521,0.943629641560481
1,0.0287354990331687,0.944470369869206
1,0.0287501683479054,0.945298198497244
1,0.0287648019184379,0.946112610453007
1,0.0287794546170461,0.946913503998706
1,0.0287941323543068,0.947701066911951
1,0.0288088103514756,0.94847566429865
1,0.0288234480632963,0.949237747944408
1,0.0288380002765669,0.94998778964038
1,0.0288524245373709,0.950726237190074
1,0.0288666854313777,0.951453489640756
1,0.0288807564107945,0.952169887345572
1,0.0288946198853628,0.952875712394743
1,0.0289082662256388,0.953571195434241
1,0.0289216922080457,0.954256525653977
1,0.0289348992955512,0.954931861577926
1,0.0289478920175803,0.955597341093228
1,0.0289606766011286,0.95625308983744
1,0.0289732599179677,0.956899227589444
1,0.0289856487512294,0.957535872677557
1,0.0289978493460417,0.958163144645167
1,0.0290098671890602,0.958781165526855
1,0.0290217069558873,0.959390060116494
1,0.0290333725688856,0.95998995558196
1,0.0290448673167889,0.96058098072286
1,0.029056193998733,0.961163265096944
1,0.0290673550666465,0.961736938170519
1,0.0290783527500296,0.962302128586388
1,0.0290891891552703,0.962858963593547
1,0.0290998663375961,0.963407568647117
1,0.0291103863476969,0.963948067163796
1,0.0291207512572285,0.964480580405477
1,0.029130963168289,0.965005227458999
1,0.0291410242119017,0.965522125280881
1,0.0291509365399061,0.966031388780052
1,0.0291607023137677,0.966533130917349
1,0.0291703236928365,0.967027462806606
1,0.0291798028236949,0.967514493807684
1,0.0291891418314774,0.967994331606367
1,0.0291983428134863,0.96846708227946
1,0.0292074078350271,0.968932850345756
1,0.0292163389271605,0.969391738804886
1,0.0292251380859603,0.969843849166713
1,0.0292338072728353,0.970289281473934
1,0.0292423484155291,0.97072813432037
1,0.0292507634094705,0.971160504866884
1,0.0292590541192244,0.971586488856412
1,0.0292672223798933,0.972006180629093
1,0.0292752699983603,0.972419673138038
1,0.0292831987543378,0.972827057965999
1,0.0292910104012181,0.973228425342924
1,0.0292987066667443,0.973623864164284
1,0.0293062892535358,0.974013462009955
1,0.0293137598395021,0.974397305163428
1,0.0293211200781849,0.974775478631152
1,0.0293283715990531,0.975148066161808
1,0.0293355160077795,0.975515150265396
1,0.0293425548865098,0.975876812232043
1,0.0293494897941362,0.976233132150467
1,0.0293563222665829,0.976584188926081
1,0.0293630538171015,0.976930060298734
1,0.0293696859365782,0.977270822860092
1,0.0293762200938463,0.977606552070695
1,0.0293826577360072,0.977937322276698
1,0.0293890002887514,0.978263206726324
1,0.0293952491566771,0.978584277586054
1,0.0294014057236125,0.978900605956564
1,0.0294074713529251,0.979212261888422
1,0.0294134473878331,0.97951931439756
1,0.0294193351517074,0.979821831480526
1,0.0294251359483699,0.98011988012951
1,0.0294308510623833,0.980413526347169
1,0.0294364817593393,0.980702835161231
1,0.0294420292861386,0.980987870638888
1,0.0294474948712664,0.981268695900988
1,0.0294528797250666,0.981545373136011
1,0.0294581850400057,0.981817963613846
1,0.02946341199094,0.982086527699367
1,0.0294685617353723,0.982351124865796
1,0.0294736354137091,0.982611813707882
1,0.0294786341495124,0.982868651954881
1,0.0294835590497486,0.983121696483336
1,0.0294884112050324,0.983371003329678
1,0.02949319168987,0.983616627702631
1,0.0294979015628949,0.983858623995445
1,0.0295025418671042,0.984097045797934
1,0.0295071136300886,0.984331945908349
1,0.0295116178642598,0.984563376345065
1,0.0295160555670759,0.984791388358102
1,0.0295204277212615,0.985016032440477
1,0.0295247352950248,0.98523735833938
1,0.0295289792422733,0.985455415067193
1,0.0295331605028251,0.985670250912345
1,0.029537280002615,0.985881913450002
1,0.0295413386539021,0.986090449552605
1,0.0295453373554702,0.986295905400251
1,0.0295492769928276,0.986498326490916
1,0.0295531584384023,0.986697757650531
1,0.0295569825517366,0.986894243042913
1,0.0295607501796762,0.98708782617954
1,0.0295644621565583,0.987278549929189
1,0.0295681193043964,0.987466456527428
1,0.0295717224330612,0.987651587585971
1,0.0295752723404621,0.987833984101892
1,0.0295787698127226,0.988013686466702
1,0.0295822156243537,0.988190734475297
1,0.0295856105384273,0.988365167334767
1,0.0295889553067428,0.988537023673081
1,0.0295922506699957,0.988706341547639
1,0.0295954973579409,0.988873158453703
1,0.0295986960895536,0.989037511332697
1,0.0296018475731901,0.989199436580388
1,0.0296049525067421,0.989358970054948
1,0.0296080115777946,0.989516147084894
1,0.0296110254637749,0.989671002476909
1,0.0296139948321055,0.989823570523554
1,0.0296169203403491,0.989973885010857
1,0.029619802636357,0.990121979225799
1,0.0296226423584103,0.990267885963686
1,0.0296254401353624,0.990411637535406
1,0.029628196586778,0.990553265774591
1,0.02963091232307,0.990692802044661
1,0.0296335879456358,0.990830277245773
1,0.029636224046989,0.990965721821663
1,0.0296388212108909,0.991099165766385
1,0.0296413800124813,0.991230638630958
1,0.0296439010184038,0.991360169529905
1,0.0296463847869319,0.991487787147706
1,0.0296488318680945,0.991613519745142
1,0.0296512428037945,0.991737395165564
1,0.0296536181279308,0.991859440841048
1,0.0296559583665168,0.991979683798479
1,0.0296582640377958,0.99209815066553
1,0.0296605356523563,0.99221486767656
1,0.0296627737132444,0.992329860678427
1,0.0296649787160765,0.992443155136206
1,0.029667151149148,0.992554776138834
1,0.0296692914935421,0.99266474840466
1,0.0296714002232359,0.992773096286925
1,0.0296734778052052,0.992879843779149
1,0.0296755246995279,0.992985014520452
1,0.0296775413594872,0.993088631800779
1,0.0296795282316695,0.993190718566066
1,0.0296814857560659,0.993291297423318
1,0.0296834143661684,0.993390390645613
1,0.029685314489065,0.993488020177039
1,0.0296871865455361,0.993584207637551
1,0.0296890309501472,0.993678974327757
1,0.0296908481113387,0.99377234123364
1,0.0296926384315195,0.9938643290312
1,0.0296944023071539,0.993954958091036
1,0.0296961401288509,0.994044248482855
1,0.0296978522814486,0.994132219979918
1,0.0296995391441013,0.994218892063419
1,0.0297012010903628,0.994304283926797
1,0.02970283848827,0.994388414479989
1,0.0297044517004226,0.994471302353614
1,0.0297060410840644,0.994552965903103
1,0.0297076069911628,0.994633423212761
1,0.0297091497684863,0.994712692099772
1,0.0297106697576814,0.994790790118146
1,0.0297121672953482,0.994867734562605
1,0.0297136427131148,0.994943542472413
1,0.0297150963377102,0.995018230635151
1,0.0297165284910386,0.995091815590431
1,0.0297179394902487,0.995164313633563
1,0.0297193296478047,0.995235740819159
1,0.0297206992715555,0.995306112964695
1,0.0297220486648029,0.995375445654004
1,0.0297233781263684,0.995443754240736
1,0.0297246879506601,0.995511053851755
1,0.0297259784277371,0.995577359390487
1,0.0297272498433736,0.995642685540221
1,0.0297285024791241,0.995707046767364
1,0.0297297366123828,0.99577045732464
1,0.0297309525164473,0.995832931254248
1,0.0297321504605785,0.995894482390973
1,0.02973333071006,0.995955124365247
1,0.0297344935262562,0.996014870606171
1,0.0297356391666717,0.996073734344484
1,0.0297367678850078,0.996131728615499
1,0.0297378799312171,0.996188866261984
1,0.0297389755515614,0.996245159937011
1,0.0297400549886651,0.996300622106751
1,0.0297411184815679,0.996355265053243
1,0.0297421662657791,0.996409100877109
1,0.0297431985733299,0.996462141500233
1,0.0297442156328234,0.996514398668405
1,0.0297452176694859,0.996565883953918
1,0.029746204905218,0.996616608758134
1,0.0297471775586415,0.996666584314005
1,0.0297481358451497,0.996715821688565
1,0.029749079976954,0.996764331785376
1,0.0297500101631314,0.996812125346949
1,0.0297509266096709,0.996859212957114
1,0.0297518295195185,0.996905605043372
1,0.0297527190926221,0.996951311879202
1,0.0297535955259773,0.996996343586333
1,0.0297544590136694,0.997040710136988
1,0.0297553097469163,0.997084421356091
1,0.0297561479141122,0.997127486923446
1,0.0297569737008685,0.997169916375875
1,0.0297577872900543,0.997211719109335
1,0.0297585888618386,0.997252904380997
1,0.0297593785937282,0.997293481311294
1,0.0297601566606085,0.997333458885945
1,0.0297609232347817,0.997372845957939
1,0.0297616784860046,0.997411651249501
1,0.0297624225815269,0.997449883354023
1,0.029763155686128,0.99748755073796
1,0.0297638779621527,0.997524661742716
1,0.0297645895695486,0.997561224586482
1,0.0297652906659001,0.99759724736606
1,0.0297659814064646,0.997632738058658
1,0.029766661944205,0.997667704523649
1,0.0297673324298267,0.997702154504321
1,0.0297679930118075,0.997736095629583
1,0.0297686438364326,0.997769535415662
1,0.0297692850478262,0.997802481267763
1,0.0297699167879846,0.997834940481708
1,0.0297705391968051,0.997866920245556
1,0.02977115241212,0.997898427641191
1,0.0297717565697253,0.997929469645892
1,0.0297723518034103,0.997960053133876
1,0.0297729382449896,0.997990184877826
1,0.0297735160243302,0.998019871550382
1,0.02977408526938,0.998049119725627
1,0.0297746461061978,0.998077935880538
1,0.0297751986589805,0.998106326396421
1,0.0297757430500905,0.998134297560325
1,0.0297762794000827,0.998161855566433
1,0.0297768078277305,0.998189006517438
1,0.0297773284500547,0.998215756425888
1,0.0297778413823453,0.998242111215521
1,0.0297783467381918,0.998268076722577
1,0.0297788446295038,0.998293658697089
1,0.0297793351665396,0.998318862804159
1,0.0297798184579272,0.998343694625208
1,0.029780294610692,0.998368159659217
1,0.0297807637302765,0.998392263323941
1,0.0297812259205676,0.99841601095711
1,0.0297816812839162,0.998439407817613
1,0.029782129921162,0.998462459086658
1,0.0297825719316556,0.998485169868926
1,0.0297830074132799,0.998507545193692
1,0.0297834364624716,0.99852959001595
1,0.029783859174243,0.998551309217502
1,0.0297842756422033,0.998572707608041
1,0.0297846859585789,0.998593789926218
1,0.029785090214234,0.998614560840689
1,0.0297854884986901,0.998635024951152
0,-0.140314119099852,0.998655186789361
0,-0.133336930515497,0.941198260820134
0,-0.113178458577919,0.807195750133043
0,-0.087202988974691,0.641201524950206
0,-0.0606605299574916,0.474606443897532
0,-0.036874957499518,0.32696111467421
0,-0.0175861115406806,0.208181943128502
0,-0.0033473930786958,0.12104715240102
0,0.00608871897913166,0.0635806968775014
0,0.0114377513676529,0.0310877025225456
0,0.0136219087168915,0.0177355395813241
0,0.0135837408580078,0.0176679813688371
0,0.0121681445232626,0.0256992922854291
0,0.010060571564605,0.037666458306937
0,0.00776734238845866,0.0505280873068601
0,0.00562438863298975,0.0622945488648248
0,0.0038226130891551,0.0718615730095226
0,0.00244059342912273,0.0788034146062633
0,0.00147801643721079,0.0831651278985295
0,0.000885653772685346,0.0852785923688976
0,0.000589684675233793,0.085614800709983
0,0.000509665284447736,0.0846759291567687
0,0.000570453358546885,0.082924720010747
0,0.000708987197500788,0.0807452781825046
0,0.000877078519957664,0.0784279466047986
0,0.00104140526885588,0.0761708919346531
0,0.00118176783655621,0.0740918733272619
0,0.00128847177362945,0.072244952795871
0,0.00135947470545983,0.0706383167014633
0,0.00139772074667155,0.0692507016046033
0,0.00140890312461039,0.0680450323369267
0,0.00139975427167671,0.0669787346437483
0,0.0013768632636173,0.066010777859838
0,0.00134595882908783,0.0651058646118769
0,0.00131156512886044,0.0642363600810965
0,0.00127692910869204,0.063382592955532
0,0.00124412486096748,0.0625321108123742
0,0.00121425560867694,0.0616783738459782
0,0.0011876926314468,0.0608192529198252
0,0.00116430915985444,0.0599555819228638
0,0.00114368378232577,0.0590899131876766
0,0.001125261136532,0.0582255445155318
0,0.00110846729548386,0.0573658285625909
0,0.00109278354200315,0.0565137382245861
0,0.00107778569195438,0.0556716417108878
0,0.00106315743991958,0.0548412340403662
0,0.00104868602449937,0.0540235736059587
0,0.00103424743014269,0.0532191796509904
0,0.00101978682774695,0.052428156131725
0,0.00100529834927499,0.0516503174562586
0,0.000990806815382106,0.0508853006721048
0,0.000976352812616876,0.050132656115275
0,0.000961981594863048,0.0493919140848873
0,0.000947735656118831,0.0486626288368366
0,0.000933650450203993,0.0479444033528372
0,0.000919752563817156,0.0472368992787568
0,0.000906059625547906,0.0465398364938577
0,0.000892581302605278,0.0458529862925635
0,0.000879320855773247,0.0451761613966954
0,0.000866276858742521,0.0445092051657726
0,0.000853444818203319,0.0438519815683299
0,0.000840818542742816,0.0432043667950742
0,0.000828391195646982,0.0425662428683816
0,0.000816156028323467,0.0419374932345899
0,0.000804106829673135,0.0413180000987494
0,0.000792238146567037,0.0407076431488942
0,0.000780545336433958,0.0401062992883189
0,0.000769024509454985,0.0395138430212503
0,0.000757672408958521,0.0389301471954832
0,0.000746486267398039,0.0383550838763361
0,0.000735463663967983,0.0377885251965969
0,0.000724602399830354,0.0372303440889379
0,0.000713900398807754,0.036680414856566
0,0.000703355635435388,0.0361386135736379
0,0.000692966088347791,0.0356048183301423
0,0.000682729714780395,0.0350789093486199
0,0.000672644441098658,0.0345607690047376
0,0.000662708164323345,0.0340502817828799
0,0.000652918760244425,0.0335473341937377
0,0.000643274094617896,0.0330518146751254
0,0.000633772034912827,0.0325636134912022
0,0.000624410460970393,0.0320826226397449
0,0.000615187273688311,0.0316087357725539
0,0.000606100401412846,0.0311418481306511
0,0.000597147804108078,0.0306818564936074
0,0.000588327475609107,0.0302286591409728
0,0.00057963744437145,0.0297821558231772
0,0.000571075773152074,0.029342247739194
0,0.000562640558016081,0.028908837518537
0,0.000554329926993447,0.028481829205608
0,0.000546142038629072,0.02806112824493
0,0.000538075080590505,0.0276466414662866
0,0.000530127268428382,0.0272382770692055
0,0.0005222968445322,0.0268359446065509
0,0.000514582077284831,0.0264395549672152
0,0.000506981260397055,0.0260490203580418
0,0.000499492712386862,0.0256642542851884
0,0.00049211477616945,0.0252851715351523
0,0.000484845818720603,0.0249116881556724
0,0.000477684230784703,0.0245437214366835
0,0.000470628426604836,0.0241811898914582
0,0.000463676843657002,0.0238240132380291
0,0.000456827942380389,0.0234721123809458
0,0.000450080205896874,0.0231254093933908
0,0.000443432139719313,0.0227838274996583
0,0.000436882271449501,0.0224472910579814
0,0.000430429150468092,0.0221157255436901
0,0.000424071347619182,0.0217890575326764
0,0.000417807454893115,0.0214672146851431
0,0.000411636085109607,0.0211501257296175
0,0.00040555587160368,0.020837720447213
0,0.000399565467915614,0.0205299296561247
0,0.000393663547485906,0.0202266851963512
0,0.000387848803356183,0.0199279199146345
0,0.000382119947875015,0.0196335676496148
0,0.000376475712410534,0.0193435632171962
0,0.000370914847067222,0.0190578423961212
0,0.000365436120408791,0.0187763419137539
0,0.000360038319184963,0.0184989994320683
0,0.0003547202480636,0.0182257535338413
0,0.000349480729366053,0.0179565437090487
0,0.000344318602807342,0.0176913103414613
0,0.000339232725239613,0.0174299946954391
0,0.000334221970399645,0.0171725389029214
0,0.000329285228659687,0.0169188859506096
0,0.00032442140678221,0.0166689796673399
0,0.000319629427677687,0.0164227647116432
0,0.000314908230166472,0.0161801865594891
0,0.000310256768743744,0.0159411914922119
0,0.000305674013347856,0.0157057265846146
0,0.000301158949132296,0.0154737396932485
0,0.000296710576240811,0.0152451794448674
0,0.000292327909586082,0.0150199952250502
0,0.000288009978631348,0.0147981371669937
0,0.000283755827175602,0.0145795561404693
0,0.00027956451314165,0.0143642037409433
0,0.000275435108367666,0.0141520322788583
0,0.000271366698401498,0.013942994769072
0,0.000267358382298272,0.0137370449204527
0,0.000263409272420662,0.013534137125628
0,0.000259518494242661,0.0133342264508853
0,0.000255685186155541,0.013137268626221
0,0.000251908499277503,0.012943220035537
0,0.000248187597265193,0.012752037706982
0,0.000244521656128899,0.0125636793034355
0,0.000240909864049899,0.0123781031131321
0,0.00023735142120071,0.0121952680404244
0,0.000233845539567984,0.0120151335966827
0,0.000230391442778005,0.0118376598913285
0,0.000226988365924802,0.0116628076230011
0,0.000223635555400559,0.0114905380708542
0,0.00022033226872914,0.0113208130859809
0,0.000217077774401137,0.0111535950829664
0,0.0002138713517124,0.010988847031564
0,0.000210712290604001,0.0108265324484953
0,0.000207599891505289,0.0106666153893707
0,0.000204533465178847,0.0105090604407299
0,0.000201512332567891,0.0103538327121993
0,0.000198535824645796,0.0102008978287655
0,0.000195603282268142,0.0100502219231636
0,0.000192714056026569,0.00990177162837649
0,0.000189867506105043,0.00975551407024644
0,0.000187063002138124,0.00961141686019479
0,0.000184299923071493,0.00946944808804966
0,0.000181577657024187,0.00932957631497944
0,0.000178895601153375,0.00919177056653072
0,0.000176253161520645,0.00905600032576898
0,0.000173649752960636,0.00892223552652072
0,0.000171084798951282,0.00879044654671528
0,0.000168557731486288,0.00866060420182512
0,0.000166067990949315,0.00853267973840286
0,0.00016361502598998,0.00840664482771393
0,0.000161198293401832,0.00828247155946318
0,0.000158817258002042,0.00816013243561417
0,0.000156471392512902,0.00803960036429974
0,0.000154160177445031,0.00792084865382257
0,0.000151883100982325,0.00780385100674436
0,0.000149639658868675,0.00768858151406223
0,0.000147429354296236,0.00757501464947124
0,0.000145251697795418,0.00746312526371162
0,0.00014310620712657,0.00735288857899945
0,0.000140992407173079,0.0072442801835397
0,0.00013890982983622,0.00713727602612023
0,0.000136858013931485,0.00703185241078569
0,0.000134836505086472,0.00692798599159005
0,0.000132844855640191,0.00682565376742672
0,0.000130882624544054,0.00672483307693493
0,0.000128949377264084,0.0066255015934814
0,0.000127044685684752,0.00652763732021617
0,0.000125168128014164,0.00643121858520138
0,0.000123319288690651,0.00633622403661206
0,0.00012149775829072,0.00624263263800779
0,0.000119703133438426,0.00615042366367422
0,0.000117935016716059,0.00605957669403331
0,0.000116193016576061,0.00597007161112155
0,0.000114476747254372,0.00588188859413479
0,0.000112785828685,0.00579500811503892
0,0.000111119886415864,0.00570941093424549
0,0.000109478551525807,0.00562507809635104
0,0.000107861460543035,0.0055419909259395
0,0.000106268255364458,0.0054601310234465
0,0.000104698583176528,0.00537948026108486
0,0.000103152096377006,0.00530002077883016
0,0.00010162845249808,0.00522173498046568
0,0.000100127314130456,0.00514460552968572
0,9.86483488486373e-05,0.00506861534625654
0,9.71912291373792e-05,0.00499374760223389
0,9.57556323190681e-05,0.00491998571823655
0,9.43412404823471e-05,0.00484731335977478
0,9.29477404116794e-05,0.00477571443363311
0,9.15748235179592e-05,0.0047051730843065
0,9.02221857702265e-05,0.00463567369048915
0,8.88895276283178e-05,0.00456720086161521
0,8.75765539765233e-05,0.00449973943445049
0,8.62829740582161e-05,0.00443327446973466
0,8.50085014115487e-05,0.0043677912488729
0,8.37528538059004e-05,0.00430327527067651
0,8.25157531794962e-05,0.00423971224815164
0,8.12969255776994e-05,0.00417708810533545
0,8.00961010924764e-05,0.00411538897417899
0,7.89130138025285e-05,0.00405460119147616
0,7.77474017144425e-05,0.00399471129583798
0,7.65990067046959e-05,0.00393570602471161
0,7.54675744624456e-05,0.00387757231144332
0,7.43528544332253e-05,0.00382029728238497
0,7.32545997635045e-05,0.00376386825404309
0,7.21725672459539e-05,0.00370827273027016
0,7.11065172656483e-05,0.00365349839949735
0,7.00562137469843e-05,0.00359953313200813
0,6.90214241013468e-05,0.00354636497725216
0,6.80019191756989e-05,0.00349398216119889
0,6.69974732017825e-05,0.00344237308373012
0,6.60078637461092e-05,0.00339152631607128
0,6.50328716607293e-05,0.00334143059826045
0,6.40722810347008e-05,0.00329207483665491
0,6.31258791462669e-05,0.00324344810147444
0,6.21934564157406e-05,0.00319553962438094
0,6.12748063591184e-05,0.00314833879609377
0,6.0369725542346e-05,0.00310183516404037
0,5.94780135362363e-05,0.00305601843004153
0,5.85994728721298e-05,0.0030108784480309
0,5.7733908998138e-05,0.00296640522180809
0,5.68811302360875e-05,0.00292258890282508
0,5.60409477390333e-05,0.00287941978800525
0,5.52131754494659e-05,0.00283688831759463
0,5.43976300581006e-05,0.00279498507304494
0,5.35941309632929e-05,0.00275370077492783
0,5.28025002310382e-05,0.00271302628087996
0,5.20225625555634e-05,0.00267295258357846
0,5.12541452205029e-05,0.00263347080874624
0,5.04970780606691e-05,0.00259457221318681
0,4.97511934243605e-05,0.00255624818284811
0,4.90163261362211e-05,0.00251849023091491
0,4.82923134606898e-05,0.00248128999592944
0,4.75789950659319e-05,0.00244463923993976
0,4.68762129883608e-05,0.00240852984667544
0,4.6183811597638e-05,0.00237295381975027
0,4.55016375622355e-05,0.00233790328089139
0,4.48295398154316e-05,0.00230337046819477
0,4.41673695219177e-05,0.00226934773440625
0,4.35149800447863e-05,0.00223582754522807
0,4.28722269130953e-05,0.00220280247765049
0,4.22389677898587e-05,0.00217026521830786
0,4.16150624405164e-05,0.00213820856185916
0,4.10003727019104e-05,0.00210662540939238
0,4.039476245166e-05,0.00207550876685243
0,3.97980975780227e-05,0.00204485174349234
0,3.92102459502094e-05,0.00201464755034735
0,3.86310773891063e-05,0.0019848894987314
0,3.80604636384639e-05,0.00195557099875606
0,3.74982783364793e-05,0.00192668555787108
0,3.69443969878321e-05,0.00189822677942672
0,3.63986969360817e-05,0.00187018836125714
0,3.58610573365399e-05,0.00184256409428487
0,3.53313591295104e-05,0.00181534786114575
0,3.48094850138835e-05,0.00178853363483428
0,3.42953194212049e-05,0.00176211547736894
0,3.37887484900511e-05,0.00173608753847722
0,3.32896600408437e-05,0.0017104440543001
0,3.27979435509745e-05,0.00168517934611566
0,3.23134901303659e-05,0.00166028781908147
0,3.1836192497324e-05,0.00163576396099571
0,3.13659449548108e-05,0.00161160234107642
0,3.09026433670014e-05,0.00158779760875892
0,3.04461851362674e-05,0.00156434449251088
0,2.99964691804246e-05,0.00154123779866499
0,2.95533959103582e-05,0.00151847241026879
0,2.91168672079678e-05,0.00149604328595155
0,2.86867864044416e-05,0.00147394545880786
0,2.82630582588567e-05,0.00145217403529772
0,2.78455889370643e-05,0.00143072419416284
0,2.74342859909391e-05,0.00140959118535903
0,2.7029058337881e-05,0.00138877032900425
0,2.66298162406673e-05,0.0013682570143423
0,2.62364712875635e-05,0.00134804669872176
0,2.58489363727521e-05,0.00132813490659001
0,2.54671256770481e-05,0.00130851722850213
0,2.5090954648881e-05,0.00128918932014446
0,2.47203399855855e-05,0.00127014690137252
0,2.43551996149376e-05,0.00125138575526319
0,2.39954526770024e-05,0.00123290172718088
0,2.36410195062035e-05,0.00121469072385749
0,2.32918216137006e-05,0.00119674871248596
0,2.29477816699967e-05,0.00117907171982721
0,2.26088234878113e-05,0.00116165583133025
0,2.22748720052242e-05,0.00114449719026536
0,2.19458532690411e-05,0.00112759199686994
0,2.16216944184146e-05,0.00111093650750716
0,2.13023236687176e-05,0.00109452703383682
0,2.09876702956437e-05,0.00107835994199867
0,2.06776646195419e-05,0.00106243165180765
0,2.03722379899865e-05,0.00104673863596105
0,2.00713227705811e-05,0.00103127741925744
0,1.97748523239737e-05,0.00101604457782702
0,1.94827609971051e-05,0.00100103673837349
1,0.170119194984107,0.000986250577426955
1,0.163142109478925,0.058448472820608
1,0.142983739097954,0.192456201551199
1,0.117008369551255,0.35845556770261
1,0.0904660091126657,0.525055713787397
1,0.0666805337772119,0.672706033228014
1,0.0473917835063131,0.791490121281279
1,0.0331531593188744,0.878629755895335
1,0.0237171401430784,0.936100983757119
1,0.0183681992646425,0.968598679958858
1,0.0161841320738074,0.981955475296602
1,0.0162223887593785,0.982027597481189
1,0.0176380726087658,0.974000783122961
1,0.0197457317894003,0.96203804724184
1,0.0220390459139517,0.949180782945376
1,0.0241820833630659,0.937418621620501
1,0.0259839413643195,0.927855834190806
1,0.027366042263805,0.920918166729197
1,0.0283286992951945,0.91656056591655
1,0.0289211408169466,0.914451153180992
1,0.0292171876068368,0.91411893672716
1,0.0292972835424783,0.915061741204069
1,0.0292365708826019,0.916816825181171
1,0.0290981113439389,0.919000084605954
1,0.028930093224295,0.921321177391065
1,0.0287658385969419,0.923581937712395
1,0.0286255470854905,0.925664607235361
1,0.0285189131551051,0.927515124755211
1,0.0284479791959045,0.92912530470751
1,0.0284098011085382,0.930516411316477
1,0.0283986856807088,0.931725520523667
1,0.0284079004948423,0.932795207345538
1,0.028430856489799,0.933766503197837
1,0.0284618249513138,0.934674706193318
1,0.0284962817327941,0.935547451879259
1,0.0285309799024516,0.936404412285375
1,0.0285638453816641,0.937258040541626
1,0.0285937749610023,0.938114877150358
1,0.0286203973741981,0.938977051934503
1,0.0286438394038369,0.939843731681386
1,0.0286645224744597,0.940712364724709
1,0.0286830019611717,0.941579653919646
1,0.0286998518035497,0.942442247256782
1,0.0287155907311731,0.94329717247758
1,0.0287306429403962,0.944142062000449
1,0.0287453247486735,0.944975221425029
1,0.0287598489292658,0.945795592967756
1,0.0287743395094078,0.946602657985676
1,0.0287888513297148,0.94739631311403
1,0.0288033902695661,0.948176744527489
1,0.0288179315194812,0.948944315752698
1,0.0288324345039206,0.949699477019323
1,0.0288468539798479,0.950442698585571
1,0.0288611474639513,0.951174426744635
1,0.0288752795129403,0.951895059055782
1,0.0288892235504894,0.952604934406133
1,0.0289029619582288,0.953304333441543
1,0.0289164850790196,0.953993485384949
1,0.0289297896619969,0.954672578024246
1,0.0289428771432452,0.955341768502107
1,0.0289557520257029,0.956001193344766
1,0.0289684205102705,0.956650976848981
1,0.0289808894430093,0.957291237472639
1,0.0289931655817202,0.957922092242571
1,0.0290052551465763,0.958543659419907
1,0.0290171635996448,0.959156059775907
1,0.0290288955923046,0.959759416859787
1,0.0290404550230505,0.960353856613145
1,0.0290518451571042,0.960939506627429
1,0.0290630687704336,0.961516495270073
1,0.0290741282921432,0.962084950834649
1,0.0290850259292459,0.962645000808548
1,0.0290957637659737,0.963196771302422
1,0.029106343835728,0.96374038664986
1,0.0291167681676923,0.964275969162594
1,0.0291270388123344,0.964803639013875
1,0.0291371578508777,0.965323514217976
1,0.0291471273937791,0.965835710674698
1,0.0291569495726152,0.966340342251856
1,0.0291666265288879,0.966837520884555
1,0.0291761604022789,0.967327356676044
1,0.0291855533199923,0.967809957990527
1,0.0291948073880715,0.968285431532841
1,0.0292039246850082,0.96875388241333
1,0.029212907257576,0.969215414198602
1,0.0292217571185784,0.96967012895017
1,0.0292304762460991,0.970118127253631
1,0.0292390665838249,0.970559508241074
1,0.0292475300420387,0.970994369609158
1,0.029255868498965,0.971422807634838
1,0.0292640838022209,0.971844917190197
1,0.0292721777702101,0.972260791757384
1,0.0292801521933621,0.972670523444197
1,0.0292880088351821,0.973074203000555
1,0.0292957494330919,0.973471919835879
1,0.0293033756991017,0.97386376203723
1,0.0293108893203284,0.974249816388018
1,0.0293182919594099,0.974630168387031
1,0.0293255852548404,0.975004902267604
1,0.0293327708212656,0.975374101016726
1,0.0293398502497524,0.975737846393955
1,0.0293468251080555,0.976096218950061
1,0.0293536969408907,0.976449298045325
1,0.0293604672702148,0.976797161867484
1,0.0293671375955171,0.97713988744931
1,0.0293737093941258,0.977477550685838
1,0.0293801841215162,0.977810226351265
1,0.0293865632116292,0.978137988115541
1,0.0293928480771888,0.978460908560675
1,0.0293990401100188,0.978779059196771
1,0.0294051406813607,0.979092510477824
1,0.0294111511421822,0.979401331817275
1,0.0294170728234844,0.979705591603339
1,0.0294229070366021,0.980005357214115
1,0.0294286550734975,0.980300695032487
1,0.0294343182070504,0.9805916704608
1,0.0294398976913415,0.980878347935336
1,0.02944539476193,0.981160790940583
1,0.0294508106361286,0.981439062023286
1,0.0294561465132714,0.981713222806307
1,0.0294614035749807,0.981983334002269
1,0.0294665829854257,0.982249455427011
1,0.029471685891582,0.982511646012831
1,0.0294767134234843,0.982769963821543
1,0.0294816666944748,0.98302446605734
1,0.029486546801452,0.983275209079458
1,0.0294913548251114,0.983522248414662
1,0.0294960918301859,0.983765638769538
1,0.0295007588656808,0.984005434042616
1,0.0295053569651065,0.984241687336295
1,0.0295098871467074,0.984474450968613
1,0.0295143504136879,0.984703776484824
1,0.0295187477544334,0.984929714668817
1,0.02952308014273,0.985152315554358
1,0.0295273485379806,0.985371628436177
1,0.0295315538854162,0.985587701880874
1,0.029535697116307,0.985800583737682
1,0.0295397791481657,0.98601032114906
1,0.0295438008849553,0.986216960561131
1,0.029547763217284,0.98642054773397
1,0.0295516670226064,0.986621127751739
1,0.0295555131654162,0.986818745032665
1,0.029559302497437,0.987013443338883
1,0.0295630358578125,0.987205265786123
1,0.0295667140732914,0.98739425485326
1,0.0295703379584109,0.987580452391717
1,0.0295739083156759,0.98776389963474
1,0.0295774259357382,0.987944637206522
1,0.0295808915975715,0.988122705131205
1,0.0295843060686423,0.988298142841738
1,0.0295876701050821,0.988470989188613
1,0.0295909844518527,0.988641282448467
1,0.0295942498429129,0.988809060332559
1,0.0295974670013803,0.988974359995122
1,0.0296006366396901,0.989137218041586
1,0.0296037594597562,0.989297670536692
1,0.0296068361531234,0.989455753012471
1,0.0296098674011225,0.989611500476116
1,0.0296128538750198,0.989764947417736
1,0.0296157962361665,0.989916127817992
1,0.0296186951361459,0.990065075155618
1,0.029621551216916,0.990211822414844
1,0.0296243651109525,0.990356402092691
1,0.0296271374413897,0.990498846206174
1,0.029629868822157,0.990639186299387
1,0.0296325598581155,0.990777453450493
1,0.0296352111451925,0.990913678278604
1,0.0296378232705123,0.991047890950562
1,0.0296403968125276,0.991180121187617
1,0.0296429323411465,0.991310398272013
1,0.0296454304178591,0.991438751053471
1,0.0296478915958616,0.991565207955575
1,0.0296503164201791,0.99168979698207
1,0.0296527054277864,0.991812545723062
1,0.0296550591477269,0.991933481361126
1,0.0296573781012295,0.992052630677331
1,0.0296596628018235,0.992170020057162
1,0.0296619137554539,0.992285675496373
1,0.0296641314605914,0.992399622606736
1,0.0296663164083444,0.992511886621715
1,0.0296684690825675,0.992622492402055
1,0.0296705899599685,0.992731464441288
1,0.0296726795102127,0.992838826871154
1,0.0296747381960289,0.992944603466947
1,0.0296767664733111,0.99304881765278
1,0.0296787647912191,0.993151492506774
1,0.0296807335922784,0.993252650766163
1,0.0296826733124773,0.993352314832335
1,0.0296845843813647,0.99345050677579
1,0.029686467222146,0.993547248341028
1,0.0296883222517725,0.993642560951365
1,0.0296901498810396,0.993736465713676
1,0.0296919505146738,0.993828983423068
1,0.0296937245514233,0.993920134567489
1,0.0296954723841463,0.994009939332262
1,0.0296971943998987,0.994098417604554
1,0.0296988909800198,0.994185588977785
1,0.0297005625002142,0.99427147275596
1,0.0297022093306392,0.99435608795795
1,0.0297038318359828,0.994439453321699
1,0.0297054303755482,0.994521587308379
1,0.029707005303329,0.994602508106472
1,0.0297085569680922,0.994682233635802
1,0.0297100857134509,0.994760781551501
1,0.029711591877946,0.994838169247921
1,0.0297130757951152,0.994914413862483
1,0.0297145377935697,0.994989532279474
1,0.0297159781970684,0.995063541133788
1,0.0297173973245868,0.995136456814605
1,0.029718795490389,0.995208295469025
1,0.0297201730040977,0.99527907300564
1,0.0297215301707614,0.995348805098059
1,0.0297228672909231,0.995417507188379
1,0.029724184660687,0.995485194490605
1,0.0297254825717834,0.995551881994015
1,0.029726761311633,0.995617584466486
1,0.029728021163411,0.99568231645776
1,0.029729262406111,0.995746092302666
1,0.0297304853146041,0.995808926124296
1,0.0297316901597027,0.995870831837133
1,0.0297328772082177,0.99593182315013
1,0.0297340467230203,0.995991913569748
1,0.0297351989630983,0.996051116402944
1,0.0297363341836141,0.996109444760124
1,0.0297374526359606,0.996166911558037
1,0.0297385545678177,0.996223529522646
1,0.0297396402232084,0.996279311191936
1,0.0297407098425484,0.9963342689187
1,0.0297417636627044,0.996388414873265
1,0.0297428019170438,0.996441761046197
1,0.0297438248354867,0.996494319250946
1,0.0297448326445566,0.996546101126472
1,0.0297458255674334,0.996597118139814
1,0.0297468038239972,0.996647381588635
1,0.029747767630883,0.996696902603721
1,0.0297487172015243,0.996745692151448
1,0.0297496527462024,0.996793761036209
1,0.0297505744720929,0.996841119902806
1,0.0297514825833107,0.99688777923881
1,0.0297523772809565,0.99693374937688
1,0.0297532587631597,0.996979040497053
1,0.0297541272251238,0.997023662629
1,0.0297549828591688,0.997067625654243
1,0.0297558258547734,0.997110939308348
1,0.0297566563986189,0.997153613183076
1,0.0297574746746281,0.99719565672851
1,0.0297582808640071,0.997237079255148
1,0.0297590751452856,0.997277889935966
1,0.0297598576943565,0.997318097808442
1,0.0297606286845149,0.997357711776568
1,0.0297613882864949,0.997396740612815
1,0.0297621366685101,0.997435192960075
1,0.0297628739962883,0.99747307733358
1,0.0297636004331105,0.997510402122784
1,0.0297643161398458,0.997547175593221
1,0.0297650212749858,0.997583405888336
1,0.0297657159946823,0.997619101031289
1,0.02976640045278,0.997654268926731
1,0.0297670748008512,0.997688917362555
1,0.0297677391882303,0.997723054011619
1,0.0297683937620445,0.997756686433448
1,0.0297690386672491,0.997789822075905
1,0.0297696740466575,0.997822468276842
1,0.029770300040973,0.997854632265725
1,0.029770916788822,0.997886321165236
1,0.0297715244267833,0.997917541992845
1,0.0297721230894163,0.997948301662374
1,0.0297727129092953,0.997978606985516
1,0.0297732940170348,0.998008464673353
1,0.0297738665413205,0.998037881337839
1,0.0297744306089371,0.998066863493261
1,0.0297749863447969,0.998095417557687
1,0.0297755338719674,0.998123549854384
1,0.0297760733116974,0.998151266613218
1,0.0297766047834456,0.998178573972036
1,0.0297771284049055,0.998205477978022
1,0.029777644292033,0.99823198458904
1,0.0297781525590701,0.998258099674951
1,0.0297786533185727,0.998283829018911
1,0.0297791466814328,0.998309178318658
1,0.0297796327569055,0.998334153187765
1,0.0297801116526315,0.99835875915689
1,0.0297805834746618,0.998383001674999
1,0.029781048327481,0.998406886110572
1,0.0297815063140299,0.998430417752791
1,0.0297819575357294,0.998453601812712
1,0.0297824020925022,0.998476443424421
1,0.0297828400827946,0.998498947646169
1,0.0297832716035991,0.99852111946149
1,0.0297836967504757,0.99854296378031
1,0.0297841156175724,0.998564485440029
1,0.0297845282976479,0.998585689206595
1,0.029784934882088,0.998606579775561
1,0.0297853354609321,0.998627161773119
1,0.0297857301228865,0.998647439757131
1,0.0297861189553499,0.998667418218135
1,0.0297865020444281,0.998687101580339
1,0.0297868794749563,0.998706494202603
1,0.0297872513305155,0.998725600379402
1,0.0297876176934528,0.998744424341778
1,0.0297879786448993,0.998762970258278
1,0.0297883342647871,0.998781242235874
1,0.0297886846318678,0.998799244320877
1,0.0297890298237293,0.998816980499828
1,0.029789369916815,0.998834454700386
1,0.0297897049864375,0.998851670792194
1,0.0297900351067979,0.998868632587735
1,0.0297903603510004,0.998885343843183
1,0.0297906807910704,0.998901808259226
1,0.0297909964979695,0.998918029481892
1,0.0297913075416099,0.998934011103351
1,0.0297916139908723,0.998949756662719
1,0.0297919159136188,0.998965269646831
1,0.029792213376711,0.998980553491021
1,0.0297925064460212,0.99899561157988
1,0.0297927951864494,0.999010447248006
1,0.0297930796619366,0.999025063780742
1,0.0297933599354796,0.999039464414903
1,0.0297936360691451,0.999053652339494
1,0.0297939081240823,0.999067630696415
1,0.0297941761605376,0.999081402581158
0,-0.140305559762133,0.999094971043492
0,-0.133328497606449,0.94163154908814
0,-0.113170150230084,0.807622638366143
0,-0.0871948033481944,0.64162210768234
0,-0.0606524652396354,0.475020814266292
0,-0.0368670119043784,0.327369364441468
0,-0.017578283308715,0.20858416270073
0,-0.00333968047635036,0.121443430849308
0,0.00609631765980478,0.0639711219572855
0,0.0114452378093728,0.0314723606930387
0,0.0136292845775229,0.0181145160246636
0,0.013591007770927,0.018041360008948
0,0.0121753040977198,0.0260671558066087
0,0.0100676253860801,0.0380288881721658
0,0.00777429201901292,0.0508851637758411
0,0.00563123561161116,0.0626463510117573
0,0.0038293589320999,0.072208178740613
0,0.00244723963025073,0.0791449006769772
0,0.00148456446831569,0.0835015699305893
0,0.000892105083821648,0.0856100648670287
0,0.000596040695037603,0.085941377078413
0,0.000515927420452478,0.0849976817154823
0,0.000576622997496279,0.0832417200115017
0,0.000715065705654494,0.081057595824609
0,0.000883067243394597,0.0787356510506579
0,0.00104730553377264,0.0764740513250853
0,0.00118758094955995,0.0743905547965874
0,0.00129419902202799,0.0725392224867793
0,0.00136511735754585,0.0709282397796602
0,0.00140328005200463,0.0695363422732422
0,0.00141438031429242,0.0683264538508258
0,0.00140515055862556,0.0672559993233987
0,0.00138217984283484,0.0662839471052042
0,0.00135119687792506,0.0653749989159939
0,0.00131672580727726,0.0645015190434661
0,0.00128201355951496,0.0636438352953206
0,0.00124913421014328,0.0627894943814163
0,0.00121919096552014,0.0619319556415879
0,0.00119255508888694,0.0610690890974178
0,0.0011690997946775,0.0602017278083916
0,0.00114840365541291,0.0593324232898806
0,0.00112991129309381,0.058464472538013
0,0.0011130487652925,0.0576012274157023
0,0.00109729733962027,0.0567456600371502
0,0.00108223281695541,0.05590013784174
0,0.00106753887711575,0.0550663550897286
0,0.00105300274415498,0.054245369426645
0,0.00103850038819087,0.0534376993594461
0,0.00102397696600065,0.052643448118904
0,0.00100942659563585,0.0518624293983394
0,0.000994874084045638,0.0510942795410486
0,0.000980360004275593,0.050338548189227
0,0.000965929596905002,0.0495947649584254
0,0.000951625342824891,0.0488624834310682
0,0.000937482682941138,0.0481413059253467
0,0.000923528191229095,0.0474308934334068
0,0.000909779483743489,0.0467309651904446
0,0.0008962462153429,0.0460412918563312
0,0.000882931634643924,0.0453616855277082
0,0.000869834303349304,0.0446919889481493
0,0.000856949716338651,0.0440320654793422
0,0.000844271670562502,0.04338179071411
0,0.000831793317842389,0.0427410460857768
0,0.000819507898290994,0.0421097144603286
0,0.000807409189680586,0.0414876774710364
0,0.000795491727918651,0.0408748142426008
0,0.000783750859631782,0.0402710011233036
0,0.000772182684358802,0.0396761120705569
0,0.00076078393494261,0.0390900193934179
0,0.000749551833506557,0.0385125946264248
0,0.000738483949067115,0.0379437093794256
0,0.000727578072758972,0.0373832360698766
0,0.000716832118525523,0.0368310484933792
0,0.000706244051168536,0.036287022223982
0,0.000695811839732885,0.0357510348589531
0,0.000685533432005836,0.0352229661353901
0,0.000675406745044682,0.0347026979506875
0,0.000665429666699191,0.0341901143180215
0,0.000655600063723838,0.0336851012838354
0,0.000645915792972684,0.0331875468285527
0,0.000636374713144261,0.0326973407656982
0,0.000626974695438653,0.0322143746490705
0,0.000617713632240502,0.0317385416930494
0,0.000608589443508223,0.031269736707698
0,0.000599600080942453,0.0308078560479931
0,0.000590743530236471,0.0303527975751629
0,0.000582017811824487,0.0299044606274941
0,0.000573420980560624,0.029462745997905
0,0.000564951124723823,0.0290275559158515
0,0.000556606364672751,0.0285987940315872
0,0.000548384851394634,0.0281763654013087
0,0.000540284765110977,0.0277601764722087
0,0.000532304314035892,0.0273501350668757
0,0.000524441733331105,0.0269461503668024
0,0.000516695284258573,0.0265481328949947
0,0.000509063253512965,0.0261559944978145
0,0.000501543952700079,0.0257696483262622
0,0.000494135717924948,0.0253890088169241
0,0.000486836909453725,0.0250139916727964
0,0.000479645911420357,0.0246445138441632
0,0.000472561131555083,0.0242804935096637
0,0.000465581000917314,0.0239218500576397
0,0.000458703973624353,0.0235685040678196
0,0.000451928526569445,0.0232203772933632
0,0.000445253159129133,0.0228773926432683
0,0.000438676392859494,0.0225394741651292
0,0.000432196771184445,0.0222065470282255
0,0.000425812859079583,0.0218785375069192
0,0.000419523242753433,0.0215553729643371
0,0.000413326529329211,0.0212369818363188
0,0.000407221346529651,0.0209232936156128
0,0.000401206342365484,0.0206142388363089
0,0.000395280184829649,0.0203097490584969
0,0.000389441561596315,0.0200097568531445
0,0.000383689179726199,0.019714195787191
0,0.000378021765377407,0.0194230004088526
0,0.00037243806352158,0.0191361062331385
0,0.000366936837665283,0.0188534497275744
0,0.000361516869575834,0.0185749682981342
0,0.000356176959012189,0.0183006002753762
0,0.000350915923459511,0.0180302849007828
0,0.000345732597867743,0.0177639623133021
0,0.000340625834394703,0.0175015735360875
0,0.000335594502151926,0.0172430604634345
0,0.00033063748695486,0.016988365847911
0,0.000325753691076375,0.016737433287678
0,0.000320942033003785,0.0164902072139984
0,0.000316201447199543,0.0162466328789309
0,0.000311530883865291,0.0160066563432061
0,0.000306929308709375,0.0157702244642819
0,0.000302395702717534,0.0155372848845749
0,0.000297929061927521,0.015307786019867
0,0.000293528397206616,0.0150816770478816
0,0.000289192734032384,0.0148589078970302
0,0.000284921112277015,0.0146394292353234
0,0.00028071258599463,0.0144231924594475
0,0.000276566223211649,0.0142101496840006
0,0.000272481105720701,0.0140002537308893
0,0.000268456328876954,0.0137934581188803
0,0.000264491001397915,0.0135897170533079
0,0.000260584245166229,0.0133889854159326
0,0.00025673519503483,0.0131912187549494
0,0.000252942998635791,0.0129963732751444
0,0.000249206816191311,0.0128044058281962
0,0.000245525820327774,0.0126152739031204
0,0.000241899195892542,0.0124289356168562
0,0.00023832613977362,0.0122453497049909
0,0.000234805860721582,0.0120644755126222
0,0.000231337579174345,0.0118862729853552
0,0.000227920527084757,0.0117107026604322
0,0.000224553947750283,0.0115377256579941
0,0.000221237095645532,0.0113673036724701
0,0.000217969236257221,0.011199398964095
0,0.000214749645921386,0.0110339743505522
0,0.000211577611663211,0.0108709931987393
0,0.000208452431039147,0.0107104194166557
0,0.000205373411981319,0.0105522174454106
0,0.000202339872644258,0.0103963522513477
0,0.000199351141253953,0.0102427893182879
0,0.000196406555959067,0.0100914946398851
0,0.000193505464684357,0.00994243471209577
0,0.000190647224986268,0.00979557652575957
0,0.000187831203910749,0.00965088755928938
0,0.000185056777852882,0.00950833577146949
0,0.000182323332419077,0.00936788959436011
0,0.000179630262290759,0.00922951792630664
0,0.000176976971090467,0.0090931901250523
0,0.000174362871249695,0.00895887600095242
0,0.000171787383878894,0.00882654581028894
0,0.000169249938639135,0.00869617024868375
0,0.000166749973615904,0.00856772044460921
0,0.00016428693519463,0.00844116795299464
0,0.000161860277938131,0.00831648474892714
0,0.000159469464465753,0.00819364322144553
0,0.000157113965334438,0.00807261616742591
0,0.00015479325892144,0.00795337678555759
0,0.000152506831308852,0.00783589867040793
0,0.000150254176169692,0.00772015580657496
0,0.000148034794655957,0.00760612256292618
0,0.000145848195287956,0.00749377368692268
0,0.000143693893845623,0.00738308429902694
0,0.000141571413261252,0.00727402988719327
0,0.000139480283513793,0.00716658630143968
0,0.000137420041524824,0.00706072974849989
0,0.000135390231055965,0.00695643678655434
0,0.000133390402607875,0.00685368432003897
0,0.000131420113320707,0.0067524495945308
0,0.000129478926876009,0.00665271019170897
0,0.000127566413400157,0.0065544440243902
0,0.000125682149369075,0.00645762933163763
0,0.000123825717514528,0.00636224467394187
0,0.0001219967067317,0.00626826892847325
0,0.000120194711988139,0.00617568128440421
0,0.000118419334233996,0.00608446123830075
0,0.000116670180313833,0.00599458858958196
0,0.000114946862879356,0.00590604343604662
0,0.000113249000303808,0.0058188061694659
0,0.000111576216597339,0.00573285747124111
0,0.000109928141323795,0.00564817830812565
0,0.000108304409518714,0.0055647499280101
0,0.000106704661608392,0.00548255385576958
0,0.000105128543330404,0.00540157188917248
0,0.00010357570565505,0.00532178609484955
0,0.000102045804708094,0.00524317880432261
0,0.000100538501694641,0.00516573261009189
0,9.90534628240516e-05,0.00508943036178112
0,9.75903592360522e-05,0.00501425516233965
0,9.61488669279573e-05,0.00494019036430057
0,9.47286666828223e-05,0.00486721956609416
0,9.33294439988408e-05,0.00479532660841579
0,9.19508890196707e-05,0.00472449557064745
0,9.05926964658021e-05,0.00465471076733216
0,8.92545655669236e-05,0.00458595674470042
0,8.79361999954198e-05,0.00451821827724802
0,8.66373078006397e-05,0.00445148036436432
0,8.53576013443089e-05,0.00438572822701044
0,8.4096797236817e-05,0.00432094730444641
0,8.28546162744623e-05,0.00425712325100673
0,8.16307833775981e-05,0.00419424193292354
0,8.04250275297444e-05,0.00413228942519673
0,7.92370817175661e-05,0.00407125200851022
0,7.80666828717538e-05,0.00401111616619385
0,7.69135718087371e-05,0.00395186858123014
0,7.57774931733138e-05,0.00389349613330525
0,7.46581953820977e-05,0.00383598589590349
0,7.35554305677996e-05,0.00377932513344474
0,7.24689545243476e-05,0.00372350129846423
0,7.13985266527703e-05,0.00366850202883386
0,7.03439099079828e-05,0.00361431514502463
0,6.93048707462521e-05,0.00356092864740951
0,6.82811790734539e-05,0.00350833071360614
0,6.72726081941827e-05,0.00345650969585875
0,6.62789347615142e-05,0.0034054541184588
0,6.52999387275241e-05,0.0033551526752037
0,6.43354032945978e-05,0.00330559422689304
0,6.33851148673995e-05,0.00325676779886186
0,6.24488630055833e-05,0.00320866257855027
0,6.15264403771992e-05,0.00316126791310907
0,6.06176427127222e-05,0.00311457330704068
0,5.97222687599083e-05,0.0030685684198749
0,5.88401202391564e-05,0.00302324306387903
0,5.79710017996199e-05,0.00297858720180185
0,5.71147209759704e-05,0.00293459094465081
0,5.62710881457304e-05,0.00289124454950216
0,5.54399164873279e-05,0.00284853841734343
0,5.46210219386847e-05,0.00280646309094767
0,5.38142231564925e-05,0.00276500925277917
0,5.30193414760259e-05,0.00272416772293015
0,5.22362008716012e-05,0.00268392945708784
0,5.14646279175662e-05,0.00264428554453163
0,5.07044517499278e-05,0.00260522720615979
0,4.99555040284934e-05,0.00256674579254538
0,4.92176188995885e-05,0.00252883278202084
0,4.84906329593568e-05,0.00249147977879083
0,4.77743852175389e-05,0.00245467851107304
0,4.70687170618482e-05,0.00241842082926638
0,4.63734722228291e-05,0.0023826987041463
0,4.5688496739256e-05,0.00234750422508668
0,4.5013638924056e-05,0.00231282959830805
0,4.43487493306978e-05,0.00227866714515168
0,4.36936807200819e-05,0.00224500930037914
0,4.30482880279734e-05,0.00221184861049696
0,4.24124283328678e-05,0.00217917773210611
0,4.17859608243115e-05,0.00214698943027578
0,4.11687467717532e-05,0.0021152765769412
0,4.0560649493801e-05,0.00208403214932518
0,3.99615343279723e-05,0.0020532492283829
0,3.93712686008567e-05,0.00202292099726969
0,3.87897215987469e-05,0.00199304073983144
0,3.82167645386899e-05,0.00196360183911734
0,3.76522705399542e-05,0.00193459777591455
0,3.70961145959546e-05,0.00190602212730454
0,3.65481735465634e-05,0.0018778685652407
0,3.60083260508154e-05,0.00185013085514707
0,3.54764525600688e-05,0.00182280285453762
0,3.49524352915194e-05,0.00179587851165607
0,3.44361582020926e-05,0.00176935186413571
0,3.39275069627977e-05,0.00174321703767903
0,3.34263689333522e-05,0.00171746824475686
0,3.2932633137292e-05,0.00169209978332677
0,3.24461902373521e-05,0.00166710603557031
0,3.19669325112779e-05,0.00164248146664896
0,3.14947538279584e-05,0.00161822062347848
0,3.10295496239385e-05,0.00159431813352129
0,3.05712168802395e-05,0.00157076870359674
0,3.01196540995821e-05,0.00154756711870897
0,2.96747612838662e-05,0.00152470824089198
0,2.92364399120566e-05,0.00150218700807193
0,2.88045929183675e-05,0.00147999843294607
0,2.83791246707341e-05,0.00145813760187836
0,2.79599409496838e-05,0.00143659967381131
0,2.75469489274226e-05,0.00141537987919396
0,2.71400571473165e-05,0.00139447351892566
0,2.67391755036199e-05,0.00137387596331545
0,2.63442152215274e-05,0.00135358265105684
0,2.59550888375079e-05,0.0013335890882177
0,2.55717101799412e-05,0.00131389084724508
0,2.51939943500361e-05,0.00129448356598475
0,2.48218577030314e-05,0.00127536294671518
0,2.44552178296671e-05,0.00125652475519584
0,2.40939935379405e-05,0.00123796481972952
0,2.37381048351203e-05,0.00121967903023851
0,2.33874729100355e-05,0.00120166333735443
0,2.30420201156219e-05,0.00118391375152151
0,2.27016699517347e-05,0.00116642634211309
0,2.23663470481951e-05,0.00114919723656119
0,2.20359771481073e-05,0.00113222261949897
0,2.17104870914118e-05,0.00111549873191577
0,2.13898047986896e-05,0.0010990218703247
0,2.10738592551895e-05,0.00108278838594251
0,2.07625804951143e-05,0.00106679468388159
0,2.04558995861148e-05,0.00105103722235385
0,2.01537486140355e-05,0.00103551251188641
0,1.98560606678704e-05,0.00102021711454886
0,1.95627698249424e-05,0.00100514764319196
0,1.92738111363111e-05,0.000990300760697505
0,1.89891206123886e-05,0.000975673179239368
0,1.87086352087598e-05,0.000961261659555397
0,1.84322928122403e-05,0.000947063010230088
0,1.81600322271026e-05,0.000933074086987848
0,1.78917931615303e-05,0.000919291791996699
0,1.76275162142737e-05,0.000905713073182268
0,1.7367142861489e-05,0.000892334923551905
0,1.71106154437748e-05,0.000879154380528791
0,1.68578771534145e-05,0.000866168525295877
1.77635683940025e-13,1.66088720519961e-05,0.000853374482149514
1,0.170116363544906,0.000840769417872845
1,0.163139319862478,0.0583051405410811
1,0.142980990686505,0.192314986410912
1,0.117005661736172,0.358316438429618
1,0.0904633412943067,0.524918639571668
1,0.0666779053647916,0.672570983714609
1,0.0473891939177726,0.791357066563628
1,0.0331506079807522,0.878498666508615
1,0.0237146264903828,0.935971830671727
1,0.018365722740728,0.968471434573984
1,0.0161816921302503,0.981830109433893
1,0.016219984855856,0.981904083378511
1,0.0176357042129354,0.97387909342825
1,0.0197433983767834,0.961918155007044
1,0.0220367469678167,0.94906266162049
1,0.0241798183743133,0.937302245047685
1,0.0259817098313703,0.927741176598594
1,0.0273638436924882,0.920805202726789
1,0.0283265331986392,0.916449270488188
1,0.028919006715473,0.914341501680424
1,0.0292150850278503,0.914010904872178
1,0.0292952120203652,0.914955305071137
1,0.029234529958626,0.916711961200121
1,0.0290961005661399,0.91889676955477
1,0.0289281121473878,0.92121938839074
1,0.0287638867822196,0.923481652221865
1,0.0286236241007257,0.925565803046513
1,0.028517018574455,0.927417779987963
1,0.0284461125998161,0.929029397804968
1,0.0284079620836557,0.930421921040161
1,0.0283968738197824,0.931632425948808
1,0.0284061153966375,0.932703487856441
1,0.0284290977590071,0.933676138483321
1,0.0284600921984659,0.934585676242214
1,0.028494574574174,0.935459736975981
1,0.0285292979600111,0.936317993005552
1,0.0285621882829392,0.937172897747801
1,0.0285921423390298,0.938030991987751
1,0.0286187888674359,0.938894405826835
1,0.0286422546560825,0.939762306326766
1,0.0286629611347726,0.94063214209158
1,0.0286814636837951,0.941500616242793
1,0.0286983362478337,0.942364377033396
1,0.0287140975614992,0.943220452463383
1,0.0287291718261036,0.944066475205878
1,0.0287438753639857,0.94490075111147
1,0.0287584209532179,0.945722222643838
1,0.0287729326257762,0.94653037140362
1,0.0287874652269469,0.947325094266049
1,0.0288020246407108,0.948106577642247
1,0.0288165860621212,0.948875185291812
1,0.0288311089201061,0.949631367673929
1,0.0288455479760299,0.950375595272926
1,0.0288598607509165,0.951108314604785
1,0.0288740118057473,0.951829923448263
1,0.0288879745684059,0.952540760906737
1,0.0289017314246693,0.953241107839117
1,0.028915272721483,0.95393119367825
1,0.0289285952120091,0.954611206418844
1,0.0289417003362957,0.955281303407324
1,0.0289545926011894,0.955941621370674
1,0.0289672782114396,0.956592284803431
1,0.0289797640169001,0.957233412358339
1,0.0289920567791087,0.957865121254213
1,0.0290041627219186,0.958487529941327
1,0.0290160873110252,0.959100759377293
1,0.0290278352013797,0.959704933294924
1,0.0290394102949987,0.960300177816707
1,0.0290508158605707,0.960886620712304
1,0.0290620546774825,0.961464390524732
1,0.0290731291782043,0.962033615720552
1,0.0290840415730664,0.962594423957591
1,0.0290947939495692,0.963146941514414
1,0.0291053883443335,0.963691292890048
1,0.0291158267897156,0.96422760055922
1,0.029126111339308,0.964755984855761
1,0.0291362440774139,0.965276563952162
1,0.0291462271175238,0.965789453904097
1,0.0291560625942033,0.966294768732957
1,0.0291657526518987,0.966792620525151
1,0.0291752994331935,0.967283119532998
1,0.02918470506815,0.967766374267573
1,0.0291939716656273,0.96824249157841
1,0.0292031013068932,0.968711576718415
1,0.0292120960414537,0.969173733394652
1,0.0292209578848055,0.969629063807016
1,0.0292296888176864,0.970077668677442
1,0.0292382907863971,0.970519647272342
1,0.029246765703796,0.970955097420715
1,0.029255115450646,0.971384115529898
1,0.0292633418770638,0.971806796600437
1,0.0292714468039159,0.97222323424104
1,0.0292794320240601,0.972633520684197
1,0.0292872993033908,0.973037746802678
1,0.0292950503816864,0.973436002126938
1,0.0293026869732775,0.973828374863289
1,0.0293102107675687,0.974214951912624
1,0.0293176234294492,0.974595818889484
1,0.029324926599634,0.974971060141246
1,0.0293321218949549,0.975340758767253
1,0.0293392109086328,0.975704996637763
1,0.0293461952105463,0.976063854412605
1,0.0293530763475018,0.976417411559514
1,0.0293598558435162,0.97676574637209
1,0.0293665352001091,0.977108935987406
1,0.0293731158966082,0.977447056403256
1,0.0293795993904598,0.97778018249508
1,0.0293859871175459,0.978108388032573
1,0.0293922804925031,0.978431745696017
1,0.0293984809090402,0.978750327092338
1,0.0294045897402544,0.979064202770922
1,0.0294106083389427,0.979373442239193
1,0.029416538037909,0.979678113977959
1,0.0294223801502627,0.979978285456548
1,0.0294281359697157,0.980274023147721
1,0.0294338067708717,0.980565392542375
1,0.0294393938095086,0.980852458164035
1,0.0294448983228588,0.981135283583144
1,0.0294503215298831,0.981413931431133
1,0.0294556646315396,0.981688463414297
1,0.0294609288110503,0.981958940327462
1,0.0294661152341611,0.982225422067452
1,0.0294712250494003,0.982487967646359
1,0.0294762593883318,0.982746635204611
1,0.0294812193658063,0.98300148202385
1,0.0294861060802072,0.98325256453962
1,0.0294909206136929,0.983499938353866
1,0.0294956640324378,0.983743658247247
1,0.0295003373868683,0.983983778191265
1,0.0295049417118931,0.984220351360222
1,0.0295094780271361,0.984453430142987
1,0.0295139473371591,0.984683066154607
1,0.0295183506316863,0.984909310247728
1,0.0295226888858227,0.98513221252386
1,0.0295269630602693,0.985351822344476
1,0.0295311741015374,0.985568188341932
1,0.0295353229421575,0.985781358430247
1,0.0295394105008862,0.985991379815707
1,0.029543437682908,0.986198299007323
1,0.0295474053800389,0.986402161827127
1,0.0295513144709207,0.986603013420321
1,0.0295551658212176,0.986800898265273
1,0.0295589602838064,0.98699586018337
1,0.0295626986989674,0.987187942348717
1,0.0295663818945682,0.987377187297704
1,0.0295700106862489,0.987563636938421
1,0.0295735858776009,0.987747332559939
1,0.0295771082603471,0.987928314841455
1,0.0295805786145151,0.988106623861302
1,0.0295839977086114,0.98828229910582
1,0.0295873662997901,0.988455379478101
1,0.0295906851340224,0.988625903306608
1,0.0295939549462603,0.988793908353659
1,0.0295971764606007,0.98895943182379
1,0.0296003503904445,0.989122510371996
1,0.0296034774386542,0.989283180111846
1,0.0296065582977121,0.989441476623479
1,0.0296095936498713,0.989597434961489
1,0.0296125841673063,0.98975108966268
1,0.0296155305122645,0.989902474753722
1,0.0296184333372111,0.990051623758678
1,0.0296212932849731,0.990198569706436
1,0.0296241109888831,0.990343345138017
1,0.0296268870729186,0.990485982113785
1,0.0296296221518404,0.990626512220544
1,0.0296323168313286,0.990764966578535
1,0.029634971708117,0.990901375848326
1,0.0296375873701253,0.991035770237605
1,0.0296401643965896,0.991168179507862
1,0.0296427033581885,0.991298632980988
1,0.0296452048171736,0.991427159545764
1,0.0296476693274896,0.99155378766426
1,0.029650097434899,0.991678545378135
1,0.0296524896771049,0.991801460314852
1,0.0296548465838657,0.99192255969379
1,0.029657168677117,0.992041870332276
1,0.0296594564710826,0.992159418651523
1,0.0296617104723924,0.99227523068248
1,0.0296639311801932,0.992389332071595
1,0.0296661190862575,0.992501748086498
1,0.0296682746750954,0.992612503621595
1,0.0296703984240594,0.992721623203581
1,0.0296724908034511,0.992829130996868
1,0.0296745522766264,0.992935050808941
1,0.0296765833000954,0.993039406095629
1,0.0296785843236271,0.993142219966297
1,0.0296805557903452,0.993243515188968
1,0.0296824981368291,0.993343314195357
1,0.0296844117932098,0.993441639085847
1,0.0296862971832641,0.993538511634381
1,0.0296881547245091,0.993633953293279
1,0.0296899848282959,0.993727985197993
1,0.0296917878998988,0.993820628171789
1,0.0296935643386065,0.993911902730352
1,0.0296953145378087,0.994001829086335
1,0.0296970388850857,0.994090427153833
1,0.0296987377622917,0.994177716552792
1,0.0297004115456423,0.994263716613356
1,0.0297020606057938,0.994348446380145
1,0.0297036853079296,0.994431924616475
1,0.0297052860118383,0.994514169808512
1,0.0297068630719934,0.994595200169364
1,0.0297084168376338,0.994675033643118
1,0.0297099476528389,0.99475368790881
1,0.0297114558566058,0.994831180384343
1,0.0297129417829252,0.994907528230342
1,0.0297144057608538,0.994982748353955
1,0.0297158481145876,0.995056857412598
1,0.0297172691635343,0.995129871817642
1,0.0297186692223839,0.995201807738047
1,0.0297200486011779,0.995272681103947
1,0.029721407605378,0.995342507610171
1,0.0297227465359347,0.995411302719724
1,0.0297240656893523,0.99547908166721
1,0.0297253653577556,0.995545859462202
1,0.0297266458289558,0.995611650892572
1,0.0297279073865109,0.995676470527761
1,0.0297291503097918,0.995740332722006
1,0.0297303748740427,0.995803251617524
1,0.029731581350442,0.995865241147635
1,0.0297327700061623,0.995926315039853
1,0.0297339411044302,0.995986486818927
1,0.029735094904584,0.996045769809832
1,0.0297362316621321,0.996104177140723
1,0.0297373516288078,0.996161721745839
1,0.0297384550526267,0.996218416368372
1,0.0297395421779403,0.996274273563285
1,0.0297406132454925,0.996329305700092
1,0.0297416684924685,0.996383524965603
1,0.0297427081525532,0.996436943366614
1,0.0297437324559766,0.996489572732574
1,0.0297447416295711,0.996541424718198
1,0.0297457358968156,0.996592510806053
1,0.0297467154778912,0.996642842309097
1,0.0297476805897234,0.996692430373189
1,0.0297486314460365,0.996741285979551
1,0.0297495682573956,0.996789419947205
1,0.0297504912312574,0.996836842935366
1,0.0297514005720132,0.996883565445803
1,0.0297522964810348,0.996929597825167
1,0.0297531791567214,0.996974950267278
1,0.0297540487945398,0.997019632815385
1,0.0297549055870709,0.997063655364391
1,0.0297557497240506,0.99710702766304
1,0.0297565813924112,0.997149759316084
1,0.0297574007763257,0.997191859786399
1,0.0297582080572454,0.99723333839709
1,0.0297590034139414,0.997274204333551
1,0.029759787022545,0.997314466645498
1,0.0297605590565857,0.997354134248979
1,0.029761319687029,0.99739321592834
1,0.0297620690823166,0.997431720338177
1,0.0297628074084004,0.997469656005251
1,0.0297635348287824,0.997507031330374
1,0.0297642515045486,0.997543854590271
1,0.029764957594407,0.997580133939414
1,0.029765653254719,0.997615877411826
1,0.029766338639539,0.997651092922859
1,0.0297670139006447,0.997685788270952
1,0.0297676791875714,0.99771997113935
1,0.0297683346476463,0.997753649097814
1,0.0297689804260206,0.997786829604292
1,0.0297696166657013,0.99781952000657
1,0.0297702435075824,0.997851727543903
1,0.0297708610904779,0.997883459348616
1,0.0297714695511506,0.997914722447683
1,0.0297720690243437,0.997945523764282
1,0.0297726596428092,0.997975870119334
1,0.0297732415373395,0.998005768233005
1,0.0297738148367948,0.9980352247262
1,0.0297743796681311,0.998064246122027
1,0.0297749361564303,0.998092838847245
1,0.0297754844249252,0.99812100923368
1,0.0297760245950296,0.998148763519635
1,0.0297765567863642,0.998176107851266
1,0.0297770811167819,0.998203048283946
1,0.0297775977023953,0.998229590783605
0,-0.140321893342399,0.99825574122805
0,-0.133344589925893,0.940804715408271
0,-0.113186004852333,0.806808017720419
0,-0.0872104237842366,0.640819519673897
0,-0.0606678549485999,0.474230081162881
0,-0.0368821742942995,0.326590311136095
0,-0.0175932217372876,0.20781661667288
0,-0.0033543982516735,0.12068722212674
0,0.00608181727849555,0.063226083078393
0,0.0114309516109838,0.0307383266697649
0,0.0136152093983907,0.017391324305965
0,0.0135771404941185,0.0173288504447978
0,0.0121616416523416,0.0253651706125317
0,0.0100541647465981,0.0373372718942972
0,0.0077610302045833,0.0502037632565015
0,0.00561816968541928,0.0619750153555359
0,0.0038164860007105,0.0715467592809522
0,0.0024345568429669,0.0784932509432504
0,0.00147206901654806,0.0828595456156651
0,0.000879794200465911,0.0849775237953145
0,0.000583911653861624,0.08531817917437
0,0.000503977535493472,0.0843836889726063
0,0.000564849622464725,0.0826367964617614
0,0.000703466233349492,0.0804616075083361
0,0.000871639105125555,0.078148465986882
0,0.0010360461987905,0.0758955394823068
0,0.00117648792449698,0.0738205880639821
0,0.00128326985034577,0.0719776746458284
0,0.00135434961899139,0.0703749864761994
0,0.00139267136207355,0.0689912609899236
0,0.00140392832370206,0.0677894238799866
0,0.00139485295279351,0.0667269017403305
0,0.00137203434136779,0.0657626647418175
0,0.00134120123411219,0.0648614163348711
0,0.00130687780759431,0.063995522512298
0,0.00127231102313297,0.0631453127617206
0,0.00123957498844596,0.0622983354481067
0,0.00120977294162805,0.061448051541952
0,0.00118327617718916,0.0605923326714143
0,0.00115995794036883,0.0597320134788236
0,0.00113939683403952,0.0588696470390161
0,0.00112103751010495,0.0580085318845499
0,0.0011043060555983,0.0571520213920742
0,0.00108868376715709,0.0563030891671672
0,0.00107374647425729,0.0554641041185599
0,0.00105917788489085,0.0546367619541532
0,0.00104476525087072,0.0538221217457374
0,0.0010303845696632,0.0530207034054636
0,0.00101598102499034,0.0522326115485418
0,0.0010015487614502,0.0514576612322818
0,0.000987112612147012,0.0506954901438212
0,0.000972713175894202,0.0499456492493476
0,0.000958395718659188,0.0492076694688471
0,0.000944202746345324,0.0484811056699119
0,0.000930169724501773,0.0477655614369183
0,0.000916323251383244,0.0470606990094943
0,0.000902680966964886,0.0463662388518917
0,0.000889252549672648,0.0456819528348832
0,0.000876041271342443,0.0450076542481261
0,0.000863045716552824,0.0443431870105877
0,0.000850261402722097,0.0436884156419878
0,0.000837682149006036,0.0430432168760768
0,0.000825301129103617,0.042407473270253
0,0.000813111604681616,0.0417810687979738
0,0.000801107374748422,0.0411638861836227
0,0.000789282996133345,0.0405558056268965
0,0.000777633836076541,0.0399567045351947
0,0.000766156014425257,0.0393664579094026
0,0.000754846284031219,0.0387849390866379
0,0.000743701886730896,0.0382120206143139
0,0.000732720410962895,0.0376475751001926
0,0.000721899666996817,0.0370914759449046
0,0.000711237587628588,0.0365435979127028
0,0.000700732156234007,0.0360038175319799
0,0.000690381360157477,0.0354720133402515
0,0.000680183165215786,0.0349480660009743
0,0.00067013550622913,0.0344318583242189
0,0.000660236288548166,0.0339232752223568
0,0.000650483396169077,0.0334222036277443
0,0.00064087470293378,0.0329285323936326
0,0.000631408084277363,0.0324421521934816
0,0.000622081427889054,0.0319629554283231
0,0.000612892642399332,0.0314908361472558
0,0.000603839663772476,0.0310256899827318
0,0.000594920459478565,0.0305674140999702
0,0.000586133030747338,0.030115907158473
0,0.000577475413319928,0.0296710692830097
0,0.000568945677131394,0.0292328020413642
0,0.000560541925318792,0.0288010084264131
0,0.000552262292879524,0.0283755928405536
0,0.000544104945223167,0.0279564610810168
0,0.000536068076780527,0.0275435203250837
0,0.000528149909765574,0.0271366791146473
0,0.000520348693132444,0.02673584733988
0,0.00051266270173228,0.0263409362219996
0,0.000505090235647931,0.0259518582952667
0,0.000497629619675866,0.0255685273884197
0,0.000490279202916666,0.0251908586057719
0,0.000483037358440241,0.0248187683081838
0,0.000475902482995227,0.0244521740940865
0,0.000468872996740144,0.0240909947806925
0,0.000461947342979108,0.0237351503854845
0,0.000455123987893158,0.0233845621080393
0,0.000448401420261368,0.023039152312209
0,0.000441778151170247,0.0226988445086635
0,0.00043525271371303,0.0223635633377817
0,0.000428823662680378,0.0220332345528721
0,0.000422489574246648,0.0217077850036991
0,0.000416249045653738,0.0213871426202925
0,0.000410100694895388,0.0210712363970212
0,0.000404043160404044,0.0207599963769133
0,0.000398075100742357,0.02045335363621
0,0.000392195194298839,0.0201512402691443
0,0.000386402138989994,0.0198535893729377
0,0.000380694651967467,0.0195603350330098
0,0.000375071469331412,0.0192714123083988
0,0.000369531345848384,0.0189867572173905
0,0.000364073054675368,0.0187063067233537
0,0.000358695387087576,0.0184299987207811
0,0.000353397152211332,0.0181577720215339
0,0.000348177176760778,0.0178895663412885
0,0.000343034304778694,0.0176253222861823
0,0.000337967397381261,0.0173649813396576
0,0.000332975332506036,0.0171084858494999
0,0.000328057004664234,0.0168557790150684
0,0.000323211324695982,0.0166068048747161
0,0.000318437219529344,0.016361508293396
0,0.000313733631942842,0.0161198349504506
0,0.000309099520331285,0.0158817313275835
0,0.00030453385847512,0.0156471446970067
0,0.000300035635313306,0.0154160231097654
0,0.000295603854718857,0.0151883153842337
0,0.000291237535278877,0.0149639710947812
0,0.000286935710076708,0.014742940560606
0,0.000282697426477879,0.0145251748347339
0,0.000278521745919136,0.0143106256931786
0,0.000274407743700716,0.0140992456242634
0,0.000270354508781323,0.0138909878180991
0,0.000266361143576505,0.0136858061562186
0,0.000262426763759954,0.0134836552013635
0,0.0002585504980675,0.0132844901874227
0,0.000254731488104232,0.0130882670095182
0,0.000250968888154596,0.0128949422142389
0,0.000247261864994852,0.0127044729900172
0,0.000243609597708694,0.0125168171576486
0,0.000240011277505475,0.0123319331609514
0,0.00023646610754105,0.0121497800575638
0,0.000232973302741302,0.0119703175098774
0,0.000229532089628476,0.0117935057761044
0,0.000226141706149485,0.011619305701477
0,0.000222801401507655,0.0114476787095763
0,0.000219510435996106,0.01127858679379
0,0.000216268080834081,0.0111119925088954
0,0.000213073618005447,0.0109478589627678
0,0.000209926340099947,0.0107861498082103
0,0.000206825550156234,0.0106268292349047
0,0.000203770561507721,0.0104698619614818
0,0.000200760697630489,0.0103152132277081
0,0.000197795291993402,0.0101628487867881
0,0.000194873687910574,0.0100127348977805
0,0.000191995238395942,0.00986483831812642
0,0.000189159306019981,0.0097191262962876
0,0.000186365262768495,0.00957556656449385
0,0.000183612489903617,0.00943412733159727
0,0.000180900377826781,0.00929477727603214
0,0.00017822832594365,0.00915748553887883
0,0.000175595742531287,0.00902222171703008
0,0.000173002044606838,0.00888895585645831
0,0.000170446657798778,0.00875765844558229
0,0.000167929016219412,0.00862830040873187
0,0.000165448562339715,0.0085008530997092
0,0.000163004746865869,0.00837528829544502
0,0.000160597028617551,0.00825157818974873
0,0.000158224874408183,0.00812969538715074
0,0.000155887758926734,0.00800961289683575
0,0.000153585164621522,0.00789130412666568
0,0.000151316581585514,0.00777474287729085
0,0.000149081507443444,0.00765990333634821
0,0.000146879447240553,0.00754676007274517
0,0.000144709913332972,0.00743528803102791
0,0.000142572425279749,0.00732546252583293
0,0.000140466509736495,0.00721725923642045
0,0.000138391700350446,0.00711065420128862
0,0.000136347537657289,0.0070056238128673
0,0.000134333568979433,0.00690214481229014
0,0.000132349348325692,0.00680019428424396
0,0.00013039443629248,0.00669974965189421
0,0.000128468399966705,0.00660078867188529
0,0.000126570812829657,0.00650328942941479
0,0.000124701254662712,0.00640723033338057
0,0.00012285931145424,0.00631259011159929
0,0.000121044575307913,0.00621934780609584
0,0.000119256644352334,0.00612748276846214
0,0.000117495122652134,0.00603697465528461
0,0.00011575962012024,0.0059478034236391
0,0.000114049752431483,0.00585994932665245
0,0.000112365140937487,0.00577339290912957
0,0.000110705412582887,0.00568811500324505
0,0.000109070199822606,0.00560409672429855
0,0.000107459140540528,0.00552131946653272
0,0.000105871877969337,0.00543976489901302
0,0.000104308060611444,0.00535941496156837
0,0.000102767342161157,0.00528025186079171
0,0.000101249381428067,0.00520225806609967
0,9.97538422613728e-05,0.00512541630585046
0,9.82803934755569e-05,0.00504970956351909
0,9.68287087769679e-05,0.00497512107392904
0,9.53984666916055e-05,0.00490163431953966
0,9.39893504938866e-05,0.00482923302678839
0,9.26010481365411e-05,0.00475790116248697
0,9.12332521815357e-05,0.0046876229302709
0,8.98856597319059e-05,0.0046183827671014
0,8.8557972364775e-05,0.00455016533981895
0,8.72498960651849e-05,0.00448295554174779
0,8.59611411610575e-05,0.00441673848935056
0,8.46914222590103e-05,0.00435149951893236
0,8.34404581811568e-05,0.0042872241833935
0,8.22079719028576e-05,0.00422389824903017
0,8.099369049136e-05,0.00416150769238245
0,7.97973450453252e-05,0.00410003869712881
0,7.86186706353761e-05,0.00403947765102648
0,7.74574062453043e-05,0.00397981114289708
0,7.63132947143932e-05,0.00392102595965666
0,7.51860826803535e-05,0.00386310908338974
0,7.40755205233118e-05,0.00380604768846649
0,7.29813623104592e-05,0.00374982913870249
0,7.19033657416504e-05,0.00369444098456048
0,7.08412920957038e-05,0.0036398709603934
0,6.97949061775546e-05,0.00358610698172821
0,6.87639762661577e-05,0.00353313714258977
0,6.7748274063209e-05,0.00348094971286428
0,6.67475746425547e-05,0.00342953313570166
0,6.5761656400376e-05,0.00337887602495631
0,6.47903010061388e-05,0.00332896716266564
0,6.38332933542429e-05,0.00327979549656588
0,6.28904215163803e-05,0.00323135013764456
0,6.19614766945858e-05,0.00318362035772914
0,6.10462531750317e-05,0.00313659558711131
0,6.01445482824661e-05,0.00309026541220628
0,5.92561623353124e-05,0.00304461957324673
0,5.8380898601447e-05,0.00299964796201082
0,5.75185632546646e-05,0.00295534061958371
0,5.66689653317479e-05,0.00291168773415216
0,5.58319166901258e-05,0.00286867963883173
0,5.50072319662892e-05,0.00282630680952607
0,5.41947285346914e-05,0.00278455986281777
0,5.33942264673362e-05,0.00274342955389047
0,5.26055484938934e-05,0.00270290677448159
0,5.18285199624831e-05,0.00266298255086529
0,5.10629688009606e-05,0.00262364804186527
0,5.03087254788599e-05,0.00258489453689691
0,4.95656229697952e-05,0.00254671345403828
0,4.88334967145322e-05,0.00250909633812973
0,4.81121845844965e-05,0.00247203485890149
0,4.74015268458888e-05,0.0024355208091289
0,4.67013661243215e-05,0.002399546102815
0,4.6011547369957e-05,0.00236410277339984
0,4.53319178231743e-05,0.00232918297199632
0,4.46623269807524e-05,0.00229477896565204
0,4.40026265625081e-05,0.00226088313563687
0,4.33526704784956e-05,0.00222748797575578
0,4.27123147966439e-05,0.0021945860906866
0,4.20814177108826e-05,0.00216217019434234
0,4.14598395097228e-05,0.00213023310825768
0,4.08474425453512e-05,0.00209876775999933
0,4.02440912031059e-05,0.00206776718159981
0,3.9649651871497e-05,0.00203722450801446
0,3.90639929125705e-05,0.0020071329756011
0,3.84869846327754e-05,0.00197748592062233
0,3.79184992542539e-05,0.00194827677776976
0,3.73584108865309e-05,0.00191949907871018
0,3.68065954986473e-05,0.00189114645065315
0,3.6262930891668e-05,0.00186321261493973
0,3.57272966716622e-05,0.00183569138565211
0,3.51995742230056e-05,0.00180857666824372
0,3.46796466821273e-05,0.00178186245818961
0,3.41673989116345e-05,0.00175554283965674
0,3.36627174748159e-05,0.00172961198419396
0,3.31654906105053e-05,0.00170406414944127
0,3.26756082083511e-05,0.00167889367785818
0,3.21929617844302e-05,0.0016540949954709
0,3.17174444571973e-05,0.00162966261063793
0,3.1248950923865e-05,0.00160559111283397
0,3.07873774370374e-05,0.00158187517145178
0,3.03326217817729e-05,0.00155850953462169
0,2.98845832529121e-05,0.00153548902804861
0,2.94431626328105e-05,0.00151280855386617
0,2.90082621693458e-05,0.00149046308950778
0,2.85797855542821e-05,0.00146844768659446
0,2.81576379019266e-05,0.00144675746983896
0,2.7741725728149e-05,0.00142538763596613
0,2.73319569296313e-05,0.00140433345264931
0,2.69282407635296e-05,0.00138359025746228
0,2.65304878273257e-05,0.00136315345684681
0,2.61386100390594e-05,0.00134301852509545
0,2.57525206178236e-05,0.00132318100334925
0,2.53721340645243e-05,0.00130363649861038
0,2.49973661429759e-05,0.00128438068276935
0,2.46281338612212e-05,0.00126540929164648
0,2.42643554531716e-05,0.00124671812404765
0,2.39059503604894e-05,0.00122830304083395
0,2.35528392147563e-05,0.00121015996400502
0,2.32049438198857e-05,0.00119228487579607
0,2.28621871348148e-05,0.00117467381778807
0,2.25244932564525e-05,0.0011573228900312
0,2.21917874028508e-05,0.0011402282501812
0,2.1863995896652e-05,0.00112338611264851
0,2.15410461487878e-05,0.00110679274775992
0,2.12228666423772e-05,0.00109044448093265
0,2.09093869169182e-05,0.00107433769186062
0,2.06005375526577e-05,0.00105846881371277
0,2.02962501552433e-05,0.00104283433234311
0,1.99964573405504e-05,0.0010274307855126
0,1.97010927197889e-05,0.0010122547621224
0,1.94100908847798e-05,0.000997302901458469
0,1.9123387393483e-05,0.000982571892447383
0,1.88409187557165e-05,0.000968058472923069
0,1.85626224191056e-05,0.000953759428904413
1,0.170118288436755,0.000939671593883526
1,0.163141216322046,0.0584025818481245
1,0.142982859133759,0.192410988427269
1,0.117007502584877,0.358411022414836
1,0.0904651549521158,0.525011826471273
1,0.0666796922333374,0.672662794164741
1,0.0473909543927548,0.791447520895613
1,0.033152342452026,0.878587784753467
1,0.0237163353420452,0.936059632564584
1,0.0183674063512028,0.96855793955848
1,0.0161833508723713,0.981915336666462
1,0.0162216190969499,0.981988051732631
1,0.0176373143149033,0.973961821498622
1,0.0197449846961808,0.96199966111371
1,0.0220383098559321,0.949142963812889
1,0.0241813581772471,0.93738136110865
1,0.0259832268901096,0.927819124048292
1,0.0273653383429846,0.920881998826598
1,0.0283280057718812,0.916524932244522
1,0.0289204575375603,0.914416045848497
1,0.0292165144200661,0.914084347959717
1,0.0292966202992468,0.915027663342034
1,0.029235917436035,0.916783250678037
1,0.0290974675493316,0.918967006026684
1,0.0289294589390795,0.921288587410443
1,0.0287652136806564,0.923549829113405
1,0.0286249313997483,0.925632972907589
1,0.0285183065635629,0.927483957693268
1,0.0284473815642335,0.929094598009484
1,0.0284092123043935,0.930486158182402
1,0.0283981055737004,0.931695714254021
1,0.0284073289565061,0.932765841339753
1,0.0284302933935681,0.933737570952844
1,0.0284612701724913,0.934646201302102
1,0.0284957351485249,0.935519368029442
1,0.0285304413916954,0.93637674325782
1,0.0285633148251683,0.937230780209055
1,0.0285932522412757,0.938088019476001
1,0.0286198823754846,0.938950590970757
1,0.0286433320120907,0.939817661568499
1,0.0286640225773198,0.940686679689482
1,0.0286825094479364,0.941554348274156
1,0.028699366565152,0.942417315397121
1,0.0287151126601579,0.943272608882613
1,0.0287301719308948,0.944117861230597
1,0.0287448606963816,0.944951378121057
1,0.0287593917314195,0.945772101849589
1,0.0287738890647611,0.946579513851233
1,0.0287884075385172,0.947373510838066
1,0.0288029530335405,0.948154279060465
1,0.0288175007418021,0.94892218211966
1,0.0288320100891928,0.949677670318803
1,0.0288464358340854,0.950421213988496
1,0.028860735494556,0.951153259493266
1,0.0288748736286821,0.951874204462654
1,0.0288888236614859,0.952584387853018
1,0.0289025679759252,0.95328409037843
1,0.0289160969161679,0.953973541329032
1,0.0289294072326398,0.954652928558937
1,0.0289425003626935,0.955322409276052
1,0.0289553808105192,0.955982120070886
1,0.0289680547782498,0.95663218530352
1,0.0289805291131602,0.957272723494229
1,0.0289928105742487,0.957903851731312
1,0.0290049053828658,0.958525688336456
1,0.0290168190022411,0.959138354140589
1,0.0290285560848962,0.959741972751706
1,0.0290401205304545,0.960336670169325
1,0.0290515156052471,0.960922574041948
1,0.0290627440863369,0.961499812793229
1,0.0290738084039055,0.962068514772125
1,0.0290847107660288,0.962628807520596
1,0.0290954532579848,0.963180817203056
1,0.029106037914205,0.963724668206061
1,0.0291164667648893,0.964260482893532
1,0.0291267418615062,0.96478838149013
1,0.0291368652862645,0.965308482060787
1,0.0291468391505931,0.965820900555209
1,0.0291566655870255,0.966325750890384
1,0.0291663467380061,0.966823145049856
1,0.0291758847441459,0.967313193184606
1,0.0291852817335634,0.967796003705861
1,0.0291945398132039,0.968271683364785
1,0.0292036610624482,0.968740337317367
1,0.0292126475289451,0.969202069175185
1,0.0292215012263592,0.969656981044057
1,0.0292302241336251,0.970105173553233
1,0.0292388181952656,0.970546745877809
1,0.0292472853223891,0.970981795756814
1,0.0292556273940321,0.971410419508948
1,0.0292638462586119,0.971832712047425
1,0.029271943735321,0.972248766894915
1,0.0292799216153672,0.972658676199136
1,0.0292877816630195,0.973062530749344
1,0.0292955256164544,0.973460419993709
1,0.0293031551884257,0.973852432057475
1,0.0293106720667822,0.974238653761664
1,0.0293180779148827,0.974619170642128
1,0.0293253743719326,0.974994066968714
1,0.0293325630532766,0.975363425764383
1,0.0293396455506727,0.975727328824136
1,0.0293466234325546,0.976085856733661
1,0.0293534982443082,0.976439088887642
1,0.0293602715085488,0.976787103507712
1,0.029366944725417,0.977129977660035
1,0.0293735193728806,0.977467787272549
1,0.0293799969070461,0.977800607151864
1,0.0293863787624751,0.978128510999868
1,0.0293926663525048,0.978451571430032
1,0.0293988610695624,0.97876985998346
1,0.0294049642854834,0.97908344714469
1,0.0294109773518214,0.979392402357252
1,0.0294169016001546,0.979696794039007
1,0.029422738342386,0.979996689597264
1,0.0294284888710381,0.980292155443682
1,0.0294341544595422,0.980583257008958
1,0.029439736362523,0.980870058757308
1,0.0294452358160746,0.981152624200738
1,0.0294506540380384,0.98143101591311
1,0.0294559922282678,0.981705295543997
1,0.0294612515688972,0.981975523832342
1,0.0294664332246009,0.982241760619912
1,0.0294715383428517,0.982504064864553
1,0.0294765680541735,0.98276249465325
1,0.0294815234723922,0.983017107214992
1,0.0294864056948807,0.983267958933448
1,0.029491215802804,0.983515105359452
1,0.0294959548613556,0.983758601223308
1,0.029500623919996,0.983998500446908
1,0.0295052240126839,0.984234856155672
1,0.0295097561581048,0.984467720690317
1,0.029514221359898,0.984697145618441
1,0.0295186206068772,0.984923181745949
1,0.029522954873251,0.985145879128298
1,0.0295272251188381,0.985365287081584
1,0.029531432289279,0.985581454193462
1,0.0295355773162476,0.985794428333908
1,0.029539661117655,0.986004256665815
1,0.0295436845978549,0.986210985655443
1,0.029547648647843,0.986414661082703
1,0.0295515541454534,0.986615328051299
1,0.029555401955554,0.986813030998716
1,0.0295591929302388,0.987007813706058
1,0.0295629279090144,0.987199719307746
1,0.0295666077189889,0.987388790301067
1,0.0295702331750514,0.987575068555592
1,0.0295738050800554,0.987758595322436
1,0.0295773242249955,0.987939411243407
1,0.0295807913891826,0.988117556359993
1,0.0295842073404164,0.988293070122241
1,0.0295875728351558,0.988465991397482
1,0.0295908886186853,0.988636358478947
1,0.0295941554252825,0.988804209094242
1,0.0295973739783781,0.988969580413705
1,0.0296005449907168,0.989132509058637
1,0.0296036691645163,0.989293031109411
1,0.0296067471916204,0.989451182113462
1,0.0296097797536565,0.989606997093159
1,0.0296127675221809,0.989760510553562
1,0.0296157111588324,0.989911756490061
1,0.0296186113154759,0.990060768395906
1,0.0296214686343486,0.990207579269623
1,0.0296242837481993,0.990352221622321
1,0.0296270572804334,0.990494727484894
1,0.0296297898452458,0.990635128415111
1,0.02963248204776,0.990773455504607
1,0.0296351344841619,0.990909739385767
1,0.0296377477418304,0.991044010238509
1,0.0296403223994683,0.99117629779697
1,0.0296428590272313,0.991306631356086
1,0.0296453581868521,0.991435039778084
1,0.0296478204317678,0.991561551498871
1,0.0296502463072394,0.99168619453433
1,0.0296526363504743,0.991808996486528
1,0.0296549910907453,0.991929984549823
1,0.0296573110495073,0.992049185516894
1,0.0296595967405122,0.992166625784665
1,0.0296618486699241,0.992282331360157
1,0.0296640673364299,0.992396327866245
1,0.0296662532313514,0.992508640547333
1,0.0296684068387523,0.992619294274943
1,0.029670528635547,0.992728313553224
1,0.029672619091605,0.992835722524376
1,0.0296746786698554,0.992941544974003
1,0.0296767078263895,0.993045804336369
1,0.0296787070105617,0.9931485236996
1,0.0296806766650903,0.993249725810787
1,0.029682617226152,0.993349433081028
1,0.0296845291234824,0.993447667590392
1,0.029686412780469,0.993544451092804
1,0.0296882686142457,0.993639805020868
1,0.0296900970357843,0.993733750490608
1,0.0296918984499877,0.993826308306145
1,0.0296936732557767,0.99391749896431
1,0.0296954218461798,0.994007342659175
1,0.0296971446084213,0.99409585928653
1,0.0296988419240043,0.994183068448286
1,0.029700514168798,0.994268989456818
1,0.0297021617131186,0.994353641339241
1,0.0297037849218136,0.994437042841623
1,0.0297053841543404,0.994519212433137
1,0.0297069597648476,0.99460016831015
1,0.0297085121022524,0.994679928400255
1,0.0297100415103184,0.994758510366236
1,0.0297115483277308,0.994835931609986
1,0.0297130328881736,0.994912209276356
1,0.0297144955204001,0.994987360256952
1,0.0297159365483095,0.995061401193879
1,0.0297173562910154,0.995134348483423
1,0.0297187550629183,0.995206218279681
1,0.0297201331737749,0.995277026498143
1,0.0297214909287662,0.995346788819212
1,0.0297228286285656,0.99541552069168
1,0.0297241465694051,0.995483237336145
1,0.0297254450431419,0.995549953748385
1,0.0297267243373212,0.995615684702679
1,0.0297279847352414,0.995680444755074
1,0.0297292265160161,0.995744248246614
1,0.0297304499546363,0.995807109306516
1,0.0297316553220315,0.995869041855291
1,0.0297328428851285,0.995930059607836
1,0.0297340129069124,0.995990176076468
1,0.0297351656464833,0.996049404573912
1,0.0297363013591132,0.996107758216257
1,0.0297374202963054,0.996165249925852
1,0.0297385227058471,0.996221892434176
1,0.029739608831866,0.996277698284651
1,0.0297406789148826,0.996332679835422
1,0.0297417331918666,0.996386849262095
1,0.0297427718962857,0.99644021856043
1,0.0297437952581605,0.996492799549002
1,0.029744803504113,0.996544603871812
1,0.0297457968574186,0.996595643000874
1,0.029746775538054,0.996645928238747
1,0.0297477397627472,0.996695470721042
1,0.0297486897450245,0.99674428141889
1,0.0297496256952583,0.996792371141366
1,0.0297505478207143,0.996839750537888
1,0.0297514563255954,0.996886430100572
1,0.0297523514110898,0.996932420166557
1,0.0297532332754127,0.996977730920294
1,0.0297541021138523,0.9970223723958
1,0.0297549581188119,0.997066354478881
1,0.0297558014798531,0.997109686909323
1,0.0297566323837368,0.997152379283045
1,0.029757451014466,0.997194441054229
1,0.0297582575533255,0.997235881537407
1,0.0297590521789226,0.99727670990953
1,0.0297598350672261,0.997316935211998
1,0.029760606391606,0.997356566352659
1,0.0297613663228711,0.997395612107787
1,0.0297621150293077,0.997434081124023
1,0.0297628526767157,0.997471981920289
1,0.0297635794284463,0.997509322889675
1,0.029764295445438,0.997546112301299
1,0.029765000886252,0.997582358302137
1,0.0297656959071073,0.997618068918826
1,0.0297663806619153,0.997653252059444
1,0.0297670553023146,0.997687915515259
1,0.0297677199777036,0.997722066962457
1,0.0297683748352739,0.997755713963838
1,0.0297690200200427,0.997788863970495
1,0.0297696556748857,0.99782152432346
1,0.0297702819405683,0.997853702255335
1,0.0297708989557759,0.997885404891887
1,0.0297715068571458,0.997916639253631
1,0.0297721057792977,0.997947412257383
1,0.0297726958548614,0.99797773071779
1,0.0297732772145092,0.998007601348845
1,0.0297738499869824,0.998037030765365
1,0.0297744142991208,0.998066025484463
1,0.0297749702758907,0.998094591926989
1,0.0297755180404125,0.998122736418951
1,0.0297760577139881,0.998150465192916
1,0.0297765894161275,0.99817778438939
1,0.0297771132645759,0.998204700058181
1,0.0297776293753389,0.998231218159735
1,0.0297781378627082,0.998257344566456
1,0.0297786388392884,0.998283085064009
1,0.0297791324160199,0.9983084453526
1,0.0297796187022048,0.998333431048237
1,0.0297800978055305,0.998358047683975
1,0.0297805698320943,0.998382300711142
1,0.0297810348864258,0.998406195500545
1,0.0297814930715103,0.998429737343659
1,0.0297819444888132,0.9984529314538
1,0.0297823892382998,0.998475782967279
1,0.0297828274184597,0.998498296944538
1,0.0297832591263276,0.998520478371273
1,0.0297836844575039,0.998542332159539
1,0.0297841035061785,0.998563863148831
1,0.0297845163651489,0.998585076107166
1,0.0297849231258427,0.99860597573213
1,0.0297853238783359,0.998626566651921
1,0.0297857187113755,0.998646853426378
1,0.0297861077123966,0.998666840547983
1,0.0297864909675432,0.998686532442865
1,0.0297868685616858,0.998705933471771
1,0.0297872405784436,0.99872504793104
1,0.0297876071001981,0.998743880053546
1,0.0297879682081157,0.998762434009645
1,0.0297883239821637,0.998780713908088
1,0.0297886745011273,0.99879872379694
1,0.0297890198426285,0.998816467664472
1,0.0297893600831438,0.998833949440043
1,0.0297896952980174,0.998851172994974
1,0.029790025561484,0.998868142143403
1,0.029790350946679,0.998884860643129
1,0.0297906715256588,0.998901332196446
1,0.0297909873694155,0.998917560450962
1,0.0297912985478925,0.998933549000406
1,0.0297916051299996,0.998949301385426
1,0.0297919071836292,0.998964821094369
1,0.0297922047756707,0.998980111564059
1,0.0297924979720257,0.998995176180554
1,0.0297927868376218,0.999010018279898
0,-0.140306928563572,0.999024641148856
0,-0.133329846189531,0.941562258025648
0,-0.113171478893451,0.807554370791364
0,-0.0871961123860776,0.641554848477494
0,-0.0606537549419195,0.4749545485369
0,-0.0368682825566669,0.327304077513055
0,-0.0175795351923924,0.208519840115577
0,-0.00334091386864488,0.121380058363247
0,0.00609510248575962,0.0639086855365482
0,0.011444040584478,0.0314108465111469
0,0.0136281050366545,0.0180539104593681
0,0.0135898456528768,0.0179816496392116
0,0.0121741591451382,0.0260083274096345
0,0.0100664973454182,0.0379709287204686
0,0.00777318064046773,0.0508280604343628
0,0.00563014064906864,0.0625900911350246
0,0.00382828014308212,0.0721527498699367
0,0.0024461767758609,0.0790902905376936
0,0.00148351731318608,0.0834477664293418
0,0.000891073396060538,0.08555705608909
0,0.000595024246178966,0.0858891512850463
0,0.000514925985405146,0.0849462273413419
0,0.000575636354493092,0.083191025662072
0,0.000714093636204671,0.0810076502736809
0,0.000882109532234332,0.0786864432378431
0,0.0010463619688178,0.0764255703533667
0,0.00118665132185902,0.0743427899299059
0,0.00129328312571597,0.0724921631476567
0,0.00136421498979866,0.0708818755468565
0,0.00140239101299355,0.0694906628794481
0,0.00141350440714116,0.0682814491803887
0,0.00140428758936517,0.0672116594100827
0,0.00138132962036175,0.0662402621299835
0,0.00135035921395832,0.0653319592048777
0,0.00131590051631714,0.0644591150653567
0,0.00128120045880187,0.0636020576599028
0,0.00124833311961658,0.0627483338370778
0,0.00121840170777943,0.0618914030733703
0,0.001191777489152,0.0610291355249987
0,0.00116833368074976,0.0601623643840954
0,0.00114764885763685,0.0592936412967195
0,0.00112916764432069,0.0584262633877563
0,0.00111231610084184,0.057563582646975
0,0.00109657549724451,0.0567085713135587
0,0.00108152163680342,0.0558635969500264
0,0.00106683820169717,0.0550303539379519
0,0.00105231241830617,0.054209900042389
0,0.00103782025903976,0.0534027538880539
0,0.00102330688293351,0.0526090188217385
0,0.00100876641026337,0.05182850865107
0,0.000994223650170656,0.0510608598319621
0,0.000979719177860106,0.0503056221175649
0,0.000965298236038858,0.0495623252327447
0,0.000951003307693821,0.0488305228676266
0,0.000936869835795884,0.0481098174465119
0,0.000922924396355773,0.0473998700660891
0,0.000909184607431945,0.0467004000645527
0,0.000895660125858622,0.0460111782032509
0,0.000882354202198066,0.0453320166788035
0,0.00086926540006993,0.0446627583332856
0,0.00085638921624287,0.0440032666254312
0,0.000843719449528046,0.0433534172436767
0,0.00083124925358069,0.0427130917155466
0,0.000818971870319485,0.0420821729998364
0,0.000806881079296551,0.0414605428212555
0,0.000794971418172419,0.0408480803945921
0,0.000783238235301464,0.0402446621568855
0,0.000771677631924261,0.0396501621529936
0,0.000760286342560479,0.039064452778128
0,0.000749061590985645,0.038487405651709
0,0.000738000947843653,0.0379188924672126
0,0.000727102205872965,0.0373587857244878
0,0.00071636328059671,0.0368069593003121
0,0.00070578213837319,0.0362632888487107
0,0.000695356749780884,0.0357276520457472
0,0.00068508506411824,0.0351999287061508
0,0.000674964999930694,0.0346800008038009
0,0.000664994446534894,0.0341677524272291
0,0.000655171272130162,0.0336630696971203
0,0.000645493334994252,0.0331658406670439
0,0.000635958495228128,0.0326759552225897
0,0.000626564625413939,0.0321933049885566
0,0.000617309619297512,0.0317177832492767
0,0.000608191398178692,0.0312492848837314
0,0.000599207915079836,0.0307877063147982
0,0.000590357156995958,0.030332945470603
0,0.000581637145644243,0.029884901755342
0,0.000573045937142413,0.0294434760268695
0,0.000564581621014693,0.0290085705786184
0,0.0005562423188466,0.028580089123874
0,0.000548026182833949,0.0281579367809337
0,0.000539931394388737,0.0277420200581739
0,0.00053195616289875,0.0273322468384628
0,0.000524098724681232,0.0269285263626824
0,0.000516357342137119,0.0265307692123509
0,0.000508730303083016,0.0261388872914781
0,0.000501215920230169,0.0257527938078607
0,0.000493812530772686,0.0253724032540426
0,0.000486518496049471,0.0249976313881509
0,0.000479332201252014,0.0246283952147864
0,0.000472252055151723,0.0242646129661024
0,0.000465276489834354,0.0239062040831645
0,0.000458403960428122,0.0235530891976465
0,0.000451632944822422,0.0232051901138858
0,0.000444961943375011,0.022862429791302
0,0.000438389478608803,0.0225247323271666
0,0.000431914094900454,0.0221920229397024
0,0.000425534358163837,0.0218642279514919
0,0.000419248855532239,0.0215412747731701
0,0.000413056195039785,0.0212230918873828
0,0.000406955005306714,0.0209096088329935
0,0.000400943935228132,0.020600756189526
0,0.000395021653668087,0.0202964655618327
0,0.000389186849159118,0.019996669564983
0,0.000383438229607541,0.0197013018093663
0,0.000377774522004687,0.0194102968860074
0,0.000372194472143011,0.0191235903520911
0,0.000366696844337766,0.0188411187166966
0,0.00036128042115316,0.0185628194267369
0,0.00035594400313313,0.0182886308531048
0,0.000350686408536138,0.0180184922770218
0,0.000345506473074353,0.0177523438765876
0,0.000340403049656129,0.0174901267135292
0,0.000335375008132716,0.017231782720146
0,0.000330421235048312,0.0169772546864481
0,0.000325540633393767,0.016726486247486
0,0.000320732122363693,0.0164794218708669
0,0.000315994637117539,0.0162360068444574
0,0.000311327128543454,0.0159961872642668
0,0.000306728563026271,0.0157599100225104
0,0.000302197922218278,0.0155271227958494
0,0.000297734202813899,0.0152977740338037
0,0.0002933364163272,0.0150718129473371
0,0.000289003588873238,0.0148491894976099
0,0.000284734760952143,0.0146298543848984
0,0.000280528987236739,0.0144137590376774
0,0.000276385336363039,0.0142008556018644
0,0.000272302890724135,0.0139910969302223
0,0.000268280746266919,0.013784436571919
0,0.000264318012291848,0.0135808287622405
0,0.000260413811255827,0.0133802284124565
0,0.000256567278577757,0.0131825910998358
0,0.000252777562447071,0.0129878730578083
0,0.000249043823635275,0.0127960311662735
0,0.00024536523530988,0.0126070229420514
0,0.000241740982851485,0.0124208065294744
0,0.000238170263673287,0.0122373406911186
0,0.000234652287043335,0.012056584798672
0,0.000231186273909473,0.011878498823937
0,0.000227771456726839,0.0117030433299664
0,0.000224407079287892,0.0115301794623301
0,0.000221092396554767,0.011359868940511
0,0.000217826674494659,0.0111920740494274
0,0.000214609189916878,0.0110267576310817
0,0.000211439230312915,0.0108638830763311
0,0.000208316093698688,0.0107034143167809
0,0.000205239088458917,0.0105453158167973
0,0.00020220753319411,0.0103895525656378
0,0.00019922075656964,0.0102360900696982
0,0.000196278097167032,0.0100848943448743
0,0.000193378903337524,0.00993593190903571
0,0.000190522533057805,0.00978916977461147
0,0.000187708353787702,0.00964457544128509
0,0.000184935742330278,0.00950211688879729
0,0.000182204084693716,0.00936176256985511
0,0.000179512775955362,0.00922348140314587
0,0.000176861220127791,0.00908724276645423
0,0.000174248830026855,0.00895301648988088
0,0.000171675027141563,0.00882077284916153
0,0.000169139241506008,0.00869048255908444
0,0.000166640911573243,0.00856211676700529
0,0.000164179484090754,0.00843564704645772
0,0.000161754413978116,0.00831104539085842
0,0.000159365164206157,0.00818828420730501
0,0.000157011205678056,0.0080673363104657
0,0.000154692017112282,0.00794817491655904
0,0.000152407084926989,0.00783077363742278
0,0.000150155903126448,0.00771510647467016
0,0.000147937973188808,0.00760114781393263
0,0.000145752803955942,0.00748887241918758
0,0.000143599911524434,0.00737825542716982
0,0.000141478819138591,0.00726927234186567
0,0.000139389057084799,0.00716189902908832
0,0.000137330162587476,0.00705611171113337
0,0.000135301679706698,0.00695188696151324
0,0.000133303159237069,0.00684920169976944
0,0.000131334158608429,0.00674803318636143
0,0.000129394241787678,0.00664835901763091
0,0.000127482979182331,0.00655015712084064
0,0.000125599947545352,0.0064534057492864
0,0.000123744729881428,0.0063580834774812
0,0.000121916915354556,0.00626416919641068
0,0.000120116099197237,0.0061716421088585
0,0.000118341882620651,0.00608048172480082
0,0.000116593872726445,0.00599066785686882
0,0.000114871682419707,0.00590218061587824
0,0.000113174930323257,0.00581500040642492
0,0.000111503240693173,0.00572910792254541
0,0.000109856243335579,0.00564448414344171
0,0.000108233573524699,0.00556111032926913
0,0.000106634871922043,0.00547896801698636
0,0.000105059784496875,0.00539803901626687
0,0.000103507962447756,0.00531830540547065
0,0.000101979062125397,0.00523974952767552
0,0.000100472744956441,0.00516235398676699
0,9.8988677368593e-05,0.00508610164358593
0,9.75265307166864e-05,0.0050109756121331
0,9.60859812098938e-05,0.0049369592558298
0,9.46667098401174e-05,0.00486403618383368
0,9.32684023112126e-05,0.00479219024740904
0,9.18907489695017e-05,0.00472140553635066
0,9.05334447351275e-05,0.00465166637546056
0,8.91961890345239e-05,0.00458295732107672
0,8.7878685733872e-05,0.00451526315765308
0,8.65806430734792e-05,0.00444856889439009
0,8.53017736031914e-05,0.00438285976191503
0,8.40417941187499e-05,0.00431812120901131
0,8.280042559905e-05,0.00425433889939617
0,8.15773931443844e-05,0.00419149870854585
0,8.03724259155134e-05,0.00412958672056782
0,7.91852570737675e-05,0.00406858922511905
0,7.80156237218596e-05,0.00400849271436992
0,7.68632668457572e-05,0.00394928388001287
0,7.57279312572703e-05,0.00389094961031534
0,7.46093655375618e-05,0.00383347698721617
0,7.35073219814419e-05,0.0037768532834649
0,7.2421556542572e-05,0.00372106595980334
0,7.13518287793619e-05,0.0036661026621888
0,7.02979018017413e-05,0.00361195121905824
0,6.92595422187164e-05,0.00355859963863294
0,6.82365200866883e-05,0.0035060361062629
0,6.72286088585078e-05,0.00345424898181052
0,6.62355853333074e-05,0.00340322679707289
0,6.52572296071033e-05,0.00335295825324219
0,6.42933250240771e-05,0.00330343221840356
0,6.33436581285937e-05,0.00325463772506994
0,6.24080186179474e-05,0.00320656396775337
0,6.14861992957738e-05,0.00315920030057209
0,6.05779960261774e-05,0.00311253623489305
0,5.9683207688524e-05,0.00306656143700918
0,5.88016361328936e-05,0.00302126572585105
0,5.79330861362193e-05,0.00297663907073222
0,5.70773653590512e-05,0.002932671589128
0,5.62342843029306e-05,0.00288935354448697
0,5.54036562684726e-05,0.00284667534407483
0,5.45852973140026e-05,0.00280462753685008
0,5.37790262147841e-05,0.00276320081137113
0,5.29846644229774e-05,0.00272238599373427
0,5.22020360280047e-05,0.0026821740455421
0,5.14309677176646e-05,0.00264255606190202
0,5.06712887397044e-05,0.00260352326945426
0,4.99228308640312e-05,0.00256506702442898
0,4.918542834546e-05,0.00252717881073218
0,4.84589178869933e-05,0.00248985023805974
0,4.77431386036627e-05,0.00245307304003949
0,4.70379319869457e-05,0.00241683907240054
0,4.63431418695655e-05,0.00238114031116981
0,4.56586143910177e-05,0.0023459688508951
0,4.49841979634318e-05,0.00231131690289442
0,4.43197432380034e-05,0.00227717679353123
0,4.3665103071959e-05,0.00224354096251511
0,4.30201324959356e-05,0.00221040196122752
0,4.23846886818992e-05,0.00217775245107233
0,4.17586309114891e-05,0.00214558520185071
0,4.11418205449043e-05,0.00211389309015998
0,4.05341209901398e-05,0.00208266909781615
1,0.170139935397673,0.00205190631029977
1,0.163162543539006,0.0594983879152247
1,0.143003871329651,0.193490608510125
1,0.117028204412829,0.359474695594154
1,0.0904855509965256,0.52605978829633
1,0.0666997870108866,0.673695276705556
1,0.0474107523534105,0.79246475279433
1,0.0331718479800253,0.879589991274994
1,0.0237355527568663,0.937047035646476
1,0.0183863399085212,0.969530757860085
1,0.016202004765003,0.982873785617346
1,0.0162399974557793,0.982932343580281
1,0.0176554212097982,0.97489216535545
1,0.0197628241368935,0.96291626300336
1,0.0220558857929876,0.950046026715861
1,0.0241986745028175,0.938271085007252
1,0.0260002874388772,0.928695705970921
1,0.0273821468929888,0.921745632891378
1,0.0283445660453576,0.917375809702285
1,0.0289367732017637,0.91525435512514
1,0.0292325890880825,0.914910274697925
1,0.0293124575307941,0.915841390442394
1,0.0292515207382513,0.917584958339538
1,0.0291128403775511,0.919756871786624
1,0.0289446046975987,0.922066786183743
1,0.0287801357234873,0.924316533231345
1,0.0286396330313609,0.926388352155969
1,0.0285327910396178,0.928228179350009
1,0.0284616520923023,0.92982782688167
1,0.0284232720446695,0.931208556642777
1,0.0284119576396977,0.932407442276945
1,0.0284209764157497,0.933467056536631
1,0.0284437392682733,0.934428428607024
1,0.0284745174402323,0.935326854403268
1,0.028508786742895,0.93618996730749
1,0.0285433002029563,0.937037437216237
1,0.0285759837008899,0.937881715157806
1,0.0286057339869665,0.938729339563929
1,0.0286321797552143,0.939582438217505
1,0.0286554477491003,0.940440175895958
1,0.0286759593546266,0.941299998952779
1,0.0286942699089263,0.942158608292181
1,0.0287109533141672,0.943012649982605
1,0.0287265282630709,0.943859149871758
1,0.0287414189156787,0.944695738512272
1,0.0287559415536691,0.945520719665564
1,0.0287703089150542,0.946333033737001
1,0.0287846449923419,0.94713216029931
1,0.0287990045919326,0.947917994229769
1,0.0288133935594967,0.948690719971053
1,0.0288277870523426,0.949450699343396
1,0.0288421444622096,0.950198380895256
1,0.0288564205138242,0.950934233228463
1,0.0288705726921141,0.951658701004304
1,0.0288845655224956,0.952372180174242
1,0.0288983723978142,0.953075008041341
1,0.0289119756693255,0.9537674636908
1,0.0289253656499644,0.954449774807948
1,0.0289385390593835,0.955122127665789
1,0.0289514973046174,0.955784677914476
1,0.0289642448599867,0.956437560609774
1,0.0289767878981948,0.957080898599689
1,0.0289891332375229,0.957714808914755
1,0.0290012876084031,0.958339407175535
1,0.029013257204042,0.95895481025766
1,0.0290250474599405,0.959561137567361
1,0.0290366630013024,0.960158511308981
1,0.0290481077008353,0.960747056099116
1,0.0290593847983527,0.961326898223779
1,0.0290704970447915,0.961898164764252
1,0.0290814468445935,0.962460982746956
1,0.0290922363804746,0.963015478410845
1,0.0291028677127274,0.963561776636575
1,0.0291133428511678,0.964100000545906
1,0.0291236638017425,0.964630271256645
1,0.0291338325920261,0.965152707765745
1,0.0291438512806863,0.965667426928566
1,0.0291537219559568,0.966174543503106
1,0.0291634467275215,0.966674170232247
1,0.0291730277153099,0.967166417942775
1,0.0291824670377534,0.967651395645992
1,0.0291917668011161,0.968129210630285
1,0.0292009290908133,0.968599968540562
1,0.0292099559650127,0.969063773442895
1,0.0292188494504642,0.969520727875045
1,0.0292276115402414,0.969970932884876
1,0.0292362441929934,0.970414488059307
1,0.0292447493332555,0.970851491546502
1,0.0292531288524442,0.971282040073726
1,0.0292613846101963,0.97170622896286
1,0.0292695184358149,0.972124152145022
1,0.0292775321296597,0.972535902175291
1,0.0292854274643857,0.972941570248091
1,0.0292932061859816,0.973341246213459
1,0.029300870014616,0.973735018594225
1,0.0293084206452972,0.974122974603955
1,0.0293158597483933,0.974505200165463
1,0.0293231889700403,0.974881779929661
1,0.029330409932474,0.975252797294524
1,0.0293375242343215,0.975618334424021
1,0.0293445334508691,0.975978472266851
1,0.0293514391343233,0.976333290574897
1,0.0293582428140804,0.976682867921358
1,0.0293649459970053,0.97702728171851
1,0.0293715501677176,0.977366608235123
1,0.0293780567888953,0.977700922613511
1,0.0293844673015808,0.978030298886272
1,0.0293907831254947,0.978354809992708
1,0.0293970056593498,0.978674527794972
1,0.0294031362811682,0.978989523093948
1,0.0294091763485906,0.979299865644884
1,0.0294151271991874,0.979605624172796
1,0.0294209901507581,0.979906866387642
1,0.0294267665016319,0.980203658999286
1,0.0294324575309584,0.980496067732242
1,0.0294380644989924,0.980784157340212
1,0.029443588647377,0.981067991620418
1,0.0294490311994169,0.981347633427724
1,0.0294543933603519,0.981623144688554
1,0.029459676317622,0.981894586414609
1,0.0294648812411298,0.982162018716382
1,0.0294700092834983,0.982425500816471
1,0.0294750615803288,0.9826850910627
1,0.0294800392504475,0.982940846941041
1,0.0294849433961555,0.983192825088349
1,0.0294897751034719,0.983441081304905
1,0.0294945354423748,0.983685670566772
1,0.0294992254670368,0.983926647037971
1,0.0295038462160599,0.984164064082478
1,0.0295083987127041,0.98439797427604
1,0.0295128839651153,0.984628429417813
1,0.0295173029665483,0.984855480541842
1,0.0295216566955858,0.985079177928352
1,0.0295259461163566,0.985299571114889
1,0.029530172178748,0.985516708907288
1,0.0295343358186164,0.985730639390479
1,0.0295384379579962,0.985941409939139
1,0.0295424795053005,0.986149067228179
1,0.0295464613555267,0.986353657243082
1,0.0295503843904508,0.986555225290086
1,0.0295542494788243,0.986753816006219
1,0.029558057476567,0.986949473369181
1,0.0295618092269563,0.987142240707084
1,0.0295655055608126,0.987332160708047
1,0.0295691472966852,0.987519275429651
1,0.0295727352410327,0.987703626308247
1,0.0295762701884019,0.98788525416814
1,0.0295797529216024,0.988064199230624
1,0.0295831842118828,0.988240501122888
1,0.0295865648190974,0.988414198886798
1,0.029589895491879,0.988585330987537
1,0.0295931769678008,0.988753935322123
1,0.0295964099735424,0.988920049227805
1,0.0295995952250494,0.989083709490328
1,0.029602733427692,0.989244952352081
1,0.0296058252764226,0.989403813520122
1,0.0296088714559273,0.989560328174085
1,0.029611872640779,0.989714530973972
1,0.0296148294955871,0.989866456067827
1,0.0296177426751438,0.990016137099298
1,0.02962061282457,0.990163607215088
1,0.0296234405794569,0.990308899072295
1,0.0296262265660074,0.990452044845645
1,0.0296289714011762,0.990593076234615
1,0.029631675692803,0.990732024470453
1,0.0296343400397507,0.990868920323098
1,0.0296369650320365,0.991003794107988
1,0.0296395512509613,0.991136675692778
1,0.029642099269241,0.99126759450395
1,0.0296446096511314,0.991396579533336
1,0.0296470829525541,0.99152365934453
1,0.0296495197212185,0.99164886207922
1,0.0296519204967451,0.991772215463416
1,0.0296542858107824,0.991893746813593
1,0.029656616187127,0.992013483042737
1,0.0296589121418382,0.992131450666307
1,0.0296611741833521,0.992247675808107
1,0.0296634028125966,0.992362184206068
1,0.029665598523098,0.992475001217951
1,0.0296677618010943,0.992586151826964
1,0.0296698931256421,0.992695660647287
1,0.0296719929687199,0.992803551929532
1,0.0296740617953362,0.992909849566106
1,0.0296761000636294,0.993014577096507
1,0.0296781082249733,0.993117757712534
1,0.0296800867240721,0.993219414263422
1,0.0296820359990628,0.993319569260905
1,0.0296839564816096,0.9934182448842
1,0.0296858485970017,0.993515462984918
1,0.0296877127642461,0.993611245091901
1,0.0296895493961606,0.993705612415994
1,0.0296913588994652,0.993798585854739
1,0.0296931416748727,0.993890185997005
1,0.0296948981171765,0.993980433127543
1,0.0296966286153391,0.994069347231484
1,0.0296983335525771,0.994156947998761
1,0.0297000133064473,0.994243254828468
1,0.0297016682489297,0.99432828683316
1,0.0297032987465089,0.994412062843083
1,0.0297049051602569,0.994494601410345
1,0.0297064878459126,0.994575920813021
1,0.0297080471539601,0.994656039059206
1,0.0297095834297063,0.994734973891
1,0.0297110970133576,0.994812742788435
1,0.0297125882400961,0.99488936297335
1,0.0297140574401518,0.994964851413203
1,0.0297155049388775,0.995039224824827
1,0.0297169310568204,0.995112499678135
1,0.0297183361097928,0.995184692199762
1,0.0297197204089421,0.995255818376666
1,0.0297210842608195,0.995325893959663
1,0.0297224279674493,0.995394934466913
1,0.0297237518263933,0.995462955187363
1,0.0297250561308191,0.995529971184129
1,0.0297263411695627,0.99559599729783
1,0.0297276072271955,0.995661048149879
1,0.0297288545840839,0.995725138145716
1,0.0297300835164538,0.995788281478002
1,0.0297312942964514,0.99585049212976
1,0.0297324871922025,0.995911783877472
1,0.0297336624678723,0.995972170294128
1,0.0297348203837247,0.996031664752237
1,0.0297359611961781,0.996090280426781
1,0.0297370851578651,0.996148030298139
1,0.0297381925176856,0.996204927154957
1,0.0297392835208632,0.996260983596983
1,0.0297403584089992,0.996316212037856
1,0.0297414174201265,0.996370624707854
1,0.029742460788762,0.996424233656605
1,0.0297434887459584,0.996477050755752
1,0.0297445015193563,0.996529087701585
1,0.0297454993332322,0.99658035601763
1,0.0297464824085523,0.9966308670572
1,0.0297474509630167,0.996680632005911
1,0.0297484052111106,0.996729661884156
1,0.0297493453641513,0.996777967549549
1,0.0297502716303353,0.996825559699329
1,0.0297511842147826,0.996872448872724
1,0.0297520833195839,0.996918645453293
1,0.0297529691438461,0.996964159671217
1,0.0297538418837326,0.997009001605573
1,0.0297547017325117,0.997053181186556
1,0.0297555488805956,0.997096708197689
1,0.0297563835155843,0.997139592277982
1,0.0297572058223072,0.997181842924066
1,0.0297580159828625,0.997223469492303
1,0.0297588141766605,0.99726448120085
1,0.029759600580459,0.997304887131708
1,0.0297603753684073,0.997344696232725
1,0.0297611387120811,0.997383917319583
1,0.0297618907805217,0.997422559077752
1,0.0297626317402742,0.997460630064406
1,0.0297633617554234,0.997498138710324
1,0.0297640809876298,0.997535093321755
1,0.0297647895961672,0.997571502082259
1,0.0297654877379561,0.997607373054516
1,0.0297661755675989,0.997642714182114
1,0.0297668532374151,0.997677533291308
1,0.0297675208974739,0.997711838092751
1,0.0297681786956279,0.997745636183206
1,0.0297688267775456,0.997778935047223
1,0.029769465286744,0.9978117420588
0,-0.140329905635379,0.997844064483013
0,-0.133352483870516,0.940399119477629
0,-0.113193782196704,0.806408412785393
0,-0.0872180862506404,0.640425817242403
0,-0.0606754042338813,0.47384219404994
0,-0.0368896120702398,0.326208153444525
